<core:FragmentDefinition xmlns="sap.m" xmlns:l="sap.ui.layout" xmlns:core="sap.ui.core" xmlns:f="sap.ui.layout.form" xmlns:ui="sap.ui.table" class="sapUiSizeCompact" >
<Table noDataText="{i18n>NoTermsFound}" mode="{path:'AmendmentViewMod>/isEditable',formatter:'.formatter.showButton'}" delete="handleDeleteTerms" class="sapUiSizeCompact" items="{jsonAmendModel>/Ocgs/results}" id="TermId">
		<headerToolbar>
			<Toolbar>
				<ToolbarSpacer/>
				<Button type="Emphasized" text="{i18n>BtnAddTerms}" enabled="{AmendmentViewMod>/isEditable}" icon="sap-icon://add" press="onTermReviewPress" />
				</Toolbar>
		</headerToolbar>
		<columns>
			<!--<Column>-->
			<!--	<header>-->
			<!--		<Label text=""/>-->
			<!--	</header>-->
			<!--</Column>-->
			<Column>
				<header>
					<!--<Label text="{i18n>TblHdrLblDocumentTitle}"/>-->
					<Label text="{i18n>TblHdrLblFileName}"/>
				</header>
			</Column>
			<Column>
				<header>
					<Label text="{i18n>TblHdrLblStatus}"/>
				</header>
			</Column>
			<Column>
				<header>
					<Label text="{i18n>TblHdrLblFileName}"/>
				</header>
			</Column>
			<Column>
				<header>
					<Label text="{i18n>TblHdrLblDate}"/>
				</header>
			</Column>
			<Column>
				<header>
					<Label text=""/>
				</header>
			</Column>
		</columns>
		<items>
			<ColumnListItem>
				<cells>
				<!--<Button  type="Reject" text="Review" icon="sap-icon://sys-minus" press="onTermReviewPress"/>-->
				<!--<Text width="100%" text="{jsonAmendModel>Filename}"/>-->
				<Link text="{jsonAmendModel>Filename}" press="handleLinkTrem" />
				<Text width="100%" text="{jsonAmendModel>Ostatus}"/>
				<Text width="100%" text="{jsonAmendModel>Filename}"/>
				<Text width="100%" text="{path:'jsonAmendModel>Uploadeddate',formatter:'.formatter.showValueDate'}"/>
				<!--<Text width="100%" text="{jsonAmendModel>Filesize}"/>-->
				<Button type="Emphasized" text="{i18n>Submit}"  enabled="{parts:[{path:'jsonAmendModel>Ostatus'},{path:'AmendmentViewMod>/isEditable'}],formatter:'.formatter.checkStatus'}"  press="onSubmitTerms"/>
				</cells>
			</ColumnListItem>
		</items>
	</Table>
</core:FragmentDefinition>