<core:FragmentDefinition xmlns="sap.m" xmlns:l="sap.ui.layout" xmlns:core="sap.ui.core" xmlns:f="sap.ui.layout.form"  xmlns:smartField="sap.ui.comp.smartfield" xmlns:app="http://schemas.sap.com/sapui5/extension/sap.ui.core.CustomData/1">
	<Dialog title="{i18n>PopupHdrTitle}" class="sapUiSizeCompact">
		<content>
			<l:Grid defaultSpan="L12 M12 S12">
				<l:content class="sapUiNoContentPadding">
					<VBox class="sapUiLargeMarginTop">
						<core:Icon src="sap-icon://request" size="5rem" color="#072B8A">
							<core:layoutData>
								<FlexItemData growFactor="1"/>
							</core:layoutData>
						</core:Icon>
						<layoutData>
							<l:GridData span="L2 M12 S12"/>
						</layoutData>
					</VBox>
					<VBox class="sapUiNoContentPadding">
						<f:SimpleForm id="SimpleFormDisplay354" editable="false" layout="ResponsiveGridLayout" labelSpanXL="3" labelSpanL="3" labelSpanM="3"
							labelSpanS="12" adjustLabelSpan="false" emptySpanXL="4" emptySpanL="4" emptySpanM="4" emptySpanS="0" columnsXL="1" columnsL="1" columnsM="1"
							singleContainerFullSize="false">
							<f:content>
								<HBox>
									<RadioButton groupName="GroupA" text="{i18n>LblClientDetail}" select="onSelect" id="radioBtnGrpId" app:selection="CA" selected="{AmendmentViewMod>/RadioCA}" />
									<RadioButton groupName="GroupA" text="{i18n>LblMatterDetail}" select="onSelect" class="sapUiMediumMarginBegin" app:selection="MA" selected="{AmendmentViewMod>/RadioMA}" />
								</HBox>
								<smartField:SmartLabel labelFor="idClientList" visible="{AmendmentViewMod>/clientVisiable}" />
								<smartField:SmartField value="{Client}" id="idClientList"  change="onChangeClient" visible="{AmendmentViewMod>/clientVisiable}" >
									<smartField:configuration>
      <smartField:Configuration preventInitialDataFetchInValueHelpDialog="false"/>
     </smartField:configuration>
								</smartField:SmartField>
								
								<smartField:SmartLabel labelFor="idMatterList" visible="{AmendmentViewMod>/matterVisiable}"/>
								<smartField:SmartField value="{Mattername}" id="idMatterList"  change="onChangeMatter" visible="{AmendmentViewMod>/matterVisiable}" >
									<smartField:configuration>
      <smartField:Configuration preventInitialDataFetchInValueHelpDialog="false"/>
     </smartField:configuration>
								</smartField:SmartField>
								</f:content>
						</f:SimpleForm>
						<layoutData>
							<l:GridData span="L10 M12 S12"/>
						</layoutData>
					</VBox>
				</l:content>
			</l:Grid>
		</content>
		<beginButton>
			<Button text="{i18n>BtnSubmit}" press="onSubmitDialog" type="Emphasized" enabled="{AmendmentViewMod>/btnEnabled}"/>
		</beginButton>
		<endButton>
			<Button text="{i18n>BtnCancel}" press="onCloseDialog" type="Emphasized"/>
		</endButton>
	</Dialog>
</core:FragmentDefinition>