<core:FragmentDefinition xmlns="sap.m" xmlns:mvc="sap.ui.core.mvc" xmlns:core="sap.ui.core" xmlns:ux="sap.uxap" xmlns:l="sap.ui.layout"
	xmlns:f="sap.ui.layout.form">
	<!--<VBox>-->
	<List items="{
				path: 'jsonConsiModel>/ConsiData',
				factory: '.BusinessListFactory'
			}" visible="false" >

	</List>
	
	<List headerText="Risk Considerations"  items="{
    path: 'riskConsiModel>/RiskData',
    factory: '.riskListFactory'
   }" visible="false" />
   
   <List headerText="Business Considerations" items="{path: 'viewModel>/Questions'}" id="listID">
		<CustomListItem class="sapUiSmallMarginTop sapUiTinyMarginBegin">
			<HBox justifyContent="SpaceBetween">
				<Label text="{viewModel>QuestionText}" required="true" design="Bold"/>
				<Switch state="{viewModel>state}" customTextOn="Yes" customTextOff="No" change="onChangeConsi"/>
			</HBox>
			<f:SimpleForm editable="true" layout="ResponsiveGridLayout" labelSpanXL="3" labelSpanL="3" labelSpanM="3" labelSpanS="12"
     adjustLabelSpan="false" emptySpanXL="6" emptySpanL="6" emptySpanM="6" emptySpanS="0" singleContainerFullSize="true"
     class="sapUiSizeCompact" visible="{viewModel>state}">
     <f:content>
     
     </f:content>
    </f:SimpleForm>
		</CustomListItem>
	</List>
   <!--</VBox>-->
</core:FragmentDefinition>