<core:FragmentDefinition xmlns="sap.m" xmlns:core="sap.ui.core" xmlns:l="sap.ui.layout">
	<Dialog class="sapUiSizeCompact" contentWidth="30%" title="Pick Terms Category">
		<content>
			<VBox>
				<HBox class="sapUiSmallMargin">
					<ObjectIdentifier title="Categories" class="sapUiTinyMarginEnd"/>
				</HBox>
				<List id="idCategoriesList" class="clHeader"
					items="{ path: 'jsonAmendOcgModel>/modelData', sorter: { path: 'CategoryidDesc', descending: false, group: true }, groupHeaderFactory: '.getGroupHeader' }"
					itemPress="onListItemPress">
					<StandardListItem title="{jsonAmendOcgModel>SubcategoryidDesc}" type="Active"/>
				</List>
			</VBox>
		</content>
		<endButton>
			<Button text="Cancel" press="onCListDialogClose" type="Emphasized"/>
		</endButton>
	</Dialog>
</core:FragmentDefinition>