<core:FragmentDefinition xmlns:m="sap.m" xmlns:l="sap.ui.layout" xmlns:core="sap.ui.core" xmlns:f="sap.ui.layout.form"
	class="sapUiNoContentPadding" xmlns:smartField="sap.ui.comp.smartfield">
	<f:SimpleForm id="SimpFormClient" editable="false" layout="ResponsiveGridLayout" labelSpanXL="4" labelSpanL="4" labelSpanM="12"
		labelSpanS="12" adjustLabelSpan="false" emptySpanXL="0" emptySpanL="0" emptySpanM="0" emptySpanS="0" columnsXL="2" columnsL="2" columnsM="2"
		singleContainerFullSize="false" visible="{AmendmentViewMod>/headerTrueFalse}">
		<f:content >
			<core:Title text=""/>
			<smartField:SmartLabel labelFor="idClient"/>
			<smartField:SmartField value="{Client}" id="idClient" editable="false" change="handelClntFieldChange" />
			<smartField:SmartLabel labelFor="idClassification"/>
			<!--<smartField:SmartField value="{Classification}" id="idClassification" editable="{AmendmentViewMod>/isEditable}" change="handelClntFieldChange"/>-->
			<smartField:SmartField id="idClassification" value="{Classification}"  change="handelClntFieldChangeDD" editable="{AmendmentViewMod>/isEditable}" >
							<smartField:configuration>
						<smartField:Configuration controlType="dropDownList" displayBehaviour="idOnly"/>
					</smartField:configuration>
				</smartField:SmartField>
			<smartField:SmartLabel labelFor="idAddress1"/>
			<smartField:SmartField value="{Addr1}" id="idAddress1" editable="{AmendmentViewMod>/isEditable}" change="handelClntFieldChange"/>
			<smartField:SmartLabel labelFor="idAddress2"/>
			<smartField:SmartField value="{Addr2}" id="idAddress2" editable="{AmendmentViewMod>/isEditable}" change="handelClntFieldChange"/>
			<smartField:SmartLabel labelFor="idCity"/>
			<smartField:SmartField value="{City}" id="idCity" editable="{AmendmentViewMod>/isEditable}" change="handelClntFieldChange"/>
			<core:Title text=""/>
			<smartField:SmartLabel labelFor="idState"/>
			<smartField:SmartField value="{State}" id="idState" editable="{AmendmentViewMod>/isEditable}" change="handelClntFieldChange">
				<smartField:configuration>
      <smartField:Configuration preventInitialDataFetchInValueHelpDialog="false"/>
     </smartField:configuration>
			</smartField:SmartField>
			<smartField:SmartLabel labelFor="idZipcode"/>
			<smartField:SmartField value="{Zipcode}" id="idZipcode" editable="{AmendmentViewMod>/isEditable}"  change="handelClntFieldChange" />
			<smartField:SmartLabel labelFor="idCountry"/>
			<smartField:SmartField value="{Country}" id="idCountry" editable="{AmendmentViewMod>/isEditable}" change="handelClntFieldChange" >
				<smartField:configuration>
      <smartField:Configuration preventInitialDataFetchInValueHelpDialog="false"/>
     </smartField:configuration>
			</smartField:SmartField>
			<smartField:SmartLabel labelFor="idBillOfc"/>
			<smartField:SmartField value="{Boffice}" id="idBillOfc" editable="{AmendmentViewMod>/isEditable}" change="handelClntFieldChange" >
				<smartField:configuration>
      <smartField:Configuration preventInitialDataFetchInValueHelpDialog="false"/>
     </smartField:configuration>
			</smartField:SmartField>
			<smartField:SmartLabel labelFor="idEmail"/>
			<smartField:SmartField value="{Email}" id="idEmail" editable="{AmendmentViewMod>/isEditable}" change="handelClntFieldChange"/>
		</f:content>
	</f:SimpleForm>
</core:FragmentDefinition>