<core:FragmentDefinition xmlns="sap.m" xmlns:l="sap.ui.layout" xmlns:f="sap.ui.layout.form" xmlns:core="sap.ui.core">
	<IconTabBar expanded="{device>/isNoPhone}" id="ClientDetailStep" select="onTabSelect" class="sapUiSizeCompact sapUiNoContentPadding">
<items id="detailsItems">
<IconTabFilter id="BC" text="{i18n>CdetailIconTabFilterText4}">
<content>
<core:Fragment fragmentName="cmiamendmentnew.fragments.ClientContact" type="XML"/>
</content>
</IconTabFilter>
<IconTabFilter id="GD" key="MYCLIENTSToClientGData" text="{i18n>CdetailIconTabFilterText1}">
<content>
<core:Fragment fragmentName="cmiamendmentnew.fragments.Clients.GD" type="XML"/>
</content>
</IconTabFilter>
<IconTabFilter id="CA" key="MYCLIENTSToClientAddr" text="{i18n>CdetailIconTabFilterText2}">
<content>
<core:Fragment fragmentName="cmiamendmentnew.fragments.Clients.CA" type="XML"/>
</content>
</IconTabFilter>

<IconTabFilter id="BD" key="MYCLIENTSToClientBilling" text="{i18n>CdetailIconTabFilterText7}">
<content>
<core:Fragment fragmentName="cmiamendmentnew.fragments.Clients.BD" type="XML"/>
</content>
</IconTabFilter>
<IconTabFilter id="OD" key="MYCLIENTSToClientOutput" text="{i18n>CdetailIconTabFilterText8}">
<content>
<core:Fragment fragmentName="cmiamendmentnew.fragments.Clients.OD" type="XML"/>
</content>
</IconTabFilter>
<!--<IconTabFilter id="LE" text="{i18n>CdetailIconTabFilterText5}">-->
<!--<content>-->
<!--<core:Fragment fragmentName="cmiamendmentnew.fragments.Clients.LE" type="XML"/>-->
<!--</content>-->
<!--</IconTabFilter>-->
<IconTabFilter id="CS" key="MYCLIENTSToClientStatus" text="{i18n>CdetailIconTabFilterText6}" visible="false">
<content>
<core:Fragment fragmentName="cmiamendmentnew.fragments.Clients.CS" type="XML"/>
</content>
</IconTabFilter>
<core:ExtensionPoint name="extIconTabFilter"/>
</items>
</IconTabBar>
</core:FragmentDefinition>