<core:FragmentDefinition xmlns="sap.m" xmlns:l="sap.ui.layout" xmlns:core="sap.ui.core" xmlns:f="sap.ui.layout.form"
	class="sapUiSizeCompact sapUiNoContentPadding">
	<VBox>
		
		<Table id="ClientContactTable" noDataText="{i18n>NoClntContacts}" mode="{path:'AmendmentViewMod>/isEditable',formatter:'.formatter.showButton'}" delete="handleDeleteContacts" class="sapUiMediumMarginTop"
		updateFinished="handleClientFinish"	>
				<columns>
                 <Column width="15%">
					<Label text="{i18n>LBLCType}" design="Bold" required="true"/>
				</Column>
				<Column hAlign="Center">
					<Label text="{i18n>LBLPc}" design="Bold" required="true"/>
				</Column>
				<Column width="16%" >
					<Label text="{i18n>LBLJobTitle}" design="Bold" required="true"/>
				</Column>
				<Column width="12%">
					<Label text="{i18n>LBLPhone}" design="Bold" required="true"/>
				</Column>
				<Column width="16%">
					<Label text="{i18n>LBLEM}" design="Bold" required="true"/>
				</Column>
				<Column width="10%" hAlign="Left" visible="false">
					<Label text="Preferred" design="Bold"/>
				</Column>
					<Column visible="false">
					<Label text="{i18n>Comments}" design="Bold"/>
				</Column>
				<Column width="7rem" hAlign="Right">
					<Label text="" design="Bold"/>
				</Column>
			</columns>
			<!--<items>-->
			<!--	<ColumnListItem>-->
			<!--		<cells>-->
			<!--			<Input value="" enabled="{AmendmentViewMod>/isEditable}" width="75%"/>-->
			<!--			<HBox>-->
			<!--			<Input value="{jsonAmendModel>Firstname}" enabled="{AmendmentViewMod>/isEditable}" />-->
			<!--			<Input value="{jsonAmendModel>Lastname}" enabled="{AmendmentViewMod>/isEditable}" />-->
			<!--			</HBox>-->
			<!--			<Input value="{jsonAmendModel>Function}" enabled="{AmendmentViewMod>/isEditable}" width="75%"/>-->
			<!--			<Input value="{jsonAmendModel>Phone}" enabled="{AmendmentViewMod>/isEditable}" width="75%"/>-->
			<!--			<Input value="{jsonAmendModel>Email}" enabled="{AmendmentViewMod>/isEditable}" width="75%"/>-->
						
					<!--<core:Icon color="{=${jsonAmendModel>Contacttype} === 'P' ? 'green' : 'black'}" -->
					<!--		src="{=${jsonAmendModel>Contacttype} === 'P' ? 'sap-icon://accept' : 'sap-icon://circle-task'}"-->
					<!--		size="{=${jsonAmendModel>Contacttype} === 'P' ? '20px' : '1rem'}" press="handlePrimaryContact" />-->
						<!--<Button icon="sap-icon://message-popup" type="{path:'jsonAmendModel>Comments',formatter:'.formatter.ComButton'}" enabled="{AmendmentViewMod>/isEditable}" press="onPressContactComments"/>-->
						
						<!--<Button icon="sap-icon://edit" type="Transparent" press="handleContactEdit"/>-->
			<!--		<Button type="Emphasized"  icon="sap-icon://add" press="onPressAddContact" enabled="{AmendmentViewMod>/isEditable}"/>-->
			<!--		</cells>-->
			<!--	</ColumnListItem>-->
			<!--</items>-->
		</Table>
	
	</VBox>
</core:FragmentDefinition>