<core:FragmentDefinition xmlns="sap.m" xmlns:mvc="sap.ui.core.mvc" xmlns:ux="sap.uxap" xmlns:l="sap.ui.layout" xmlns:f="sap.ui.layout.form"
	xmlns:core="sap.ui.core">
	<!--	<UploadCollection id="AttachmentID" maximumFilenameLength="55" multiple="false" showSeparators="All" uploadEnabled="{objectView>/editMatter}"-->
	<!--	items="{}" change="onChange" fileDeleted="onFileDeleted"-->
	<!--	uploadComplete="onUploadComplete" filenameLengthExceed="onFilenameLengthExceed" beforeUploadStarts="onBeforeUploadStarts"-->
	<!--	uploadTerminated="onUploadTerminated">-->
	<!--	<items>-->
	<!--		<UploadCollectionItem enableEdit="true" enableDelete="true" visibleDelete="true" visibleEdit="true" contributor=""-->
	<!--			fileName="" url="{url}" thumbnailUrl="">-->
	<!--			<attributes>-->
	<!--				<ObjectAttribute text="" active="true" press="onLinkPdfPress"/>-->
	<!--			</attributes>-->
	<!--		</UploadCollectionItem>-->
	<!--	</items>-->
	<!--</UploadCollection>-->
	<!--<UploadCollection class="attachName" maximumFilenameLength="55" multiple="false" showSeparators="All" change="onChange"-->
	<!--	fileDeleted="onFileDeleted" selectionChange="onSelectionChange" typeMissmatch="onTypeMissmatch" uploadComplete="onUploadComplete"-->
	<!--	beforeUploadStarts="onBeforeUploadStarts" uploadTerminated="onUploadTerminated" items="{AttachmentModel>/FileDataSet}"-->
	<!--	numberOfAttachmentsText="" mode="SingleSelectMaster" uploadUrl="" noDataText="No Documents">-->
	<!--	<items>-->
	<!--		<UploadCollectionItem documentId="{AttachmentModel>AttachmentNo}" fileName="{AttachmentModel>FileName}"-->
	<!--			mimeType="{AttachmentModel>MimeType}" url="{AttachmentModel>url}" enableEdit="" enableDelete="true" -->
	<!--			visibleDelete="{AttachmentModel>visibleDelete}" visibleEdit="false"></UploadCollectionItem>-->
	<!--	</items>-->
	<!--</UploadCollection>-->
</core:FragmentDefinition>