<core:FragmentDefinition xmlns="sap.m" xmlns:l="sap.ui.layout" xmlns:f="sap.ui.layout.form" xmlns:core="sap.ui.core">
	<Dialog title="Attachments">
		<content>
			<UploadCollection class="attachName" maximumFilenameLength="55" multiple="false" showSeparators="All" change="onAttachmentChange"
				fileDeleted="onFileDeleted" selectionChange="onSelectionChange" typeMissmatch="onTypeMissmatch" uploadComplete="onUploadComplete"
				beforeUploadStarts="onBeforeUploadStarts" uploadTerminated="onUploadTerminated" items="{upLoadData>/results}" numberOfAttachmentsText=" "
				mode="SingleSelectMaster" noDataText="" >
				<items>
					<UploadCollectionItem documentId="{upLoadData>Cmiocgseq}" fileName="{upLoadData>Filename}" url="{upLoadData>url}" enableEdit="false"
						enableDelete="false" visibleDelete="false" visibleEdit="false">
					</UploadCollectionItem>
				</items>
			</UploadCollection>
		</content>
		<endButton>
			<Button press="handleCloseAttachment" text="Close" tooltip="Close"/>
		</endButton>
	</Dialog>
</core:FragmentDefinition>