<core:FragmentDefinition xmlns="sap.m" xmlns:mvc="sap.ui.core.mvc" xmlns:ux="sap.uxap" xmlns:l="sap.ui.layout" xmlns:f="sap.ui.layout.form"
	xmlns:core="sap.ui.core" xmlns:smartField="sap.ui.comp.smartfield" class="sapUiSizeCompact">
	<VBox class="sapUiNoContentPadding sapUiNoMargin ">
		<l:Grid defaultSpan="L2 M6 S6" vSpacing="0" class="sapUiSizeCompact" id="idKnownParies">
			<l:content>
				<VBox>
					<!--<smartField:SmartLabel labelFor="idKPName"/>-->
					<!--<smartField:SmartField id="idKPName" value="{Name}" change="changeLeadPartner"/>-->
					<Label text="Name" />
					<Input id="idKPName" value="{AmendmentViewMod>/KPName}"  valueState="{ErrorShow>/KPName}"/>
				</VBox>
				<VBox>
					<smartField:SmartLabel labelFor="idKPClassi"/>
					<smartField:SmartField id="idKPClassi" value="{Classification}" change="changeKnownParty" valueState="{ErrorShow>/KPClassification}"/>
				</VBox>
				<VBox>
					<smartField:SmartLabel labelFor="idKPRole"/>
					<smartField:SmartField id="idKPRole" value="{Role}" change="changeKnownParty" valueState="{ErrorShow>/KPRole}"/>
				</VBox>
				<VBox>
					<smartField:SmartLabel labelFor="idKPDesignation"/>
					<smartField:SmartField id="idKPDesignation" value="{Designation}" change="changeKnownParty"  valueState="{ErrorShow>/KPDesignation}"/>
				</VBox>
				<VBox>
					<Label text="" textAlign="Left"></Label>
					<Button type="Emphasized" text="" icon="sap-icon://add" press="onAddKnownParies"/>
				</VBox>
			</l:content>
		</l:Grid>
		<Table items="{jsonAmendModel>/Knownparties/results}" mode="Delete" id="idKPTable" delete="handleDeleteKnownParties" >
			<!--<headerToolbar>-->
			<!--	<Toolbar>-->
			<!--		<ToolbarSpacer/>-->
			<!--		<Button icon="sap-icon://add-activity" text="Add Party" type="Accept" press="onPressAddParty" enabled="false"/>-->
			<!--		<Button type="Emphasized" icon="sap-icon://attachment" text="{i18n>TBLHTImportPartyes}" press="onImportParty" enabled="false"/>-->
			<!--	</Toolbar>-->
			<!--</headerToolbar>-->
			<columns>
				<Column>
					<Label text="{i18n>TBLCTName}" design="Bold"/>
				</Column>
				<Column>
					<Label text="{i18n>TBLCTClassification}" design="Bold"/>
				</Column>
				<Column>
					<Label text="{i18n>TBLCTRole}" design="Bold"/>
				</Column>
				<Column>
					<Label text="{i18n>TBLCTDesgnation}" design="Bold"/>
				</Column>
				<!--<Column width="4rem">-->
				<!--	<Label text="{i18n>TBLCTConflicts}" design="Bold"/>-->
				<!--</Column>-->
				<Column width="4rem">
					<Label text="{i18n>TBLCTNotes}" design="Bold"/>
				</Column>
			</columns>
			<items>
				<ColumnListItem vAlign="Middle">
					<cells>
						<Input value="{jsonAmendModel>Name}" />
						<Input value="{jsonAmendModel>Classification}" />
						<Input value="{jsonAmendModel>Role}" />
						<Input value="{jsonAmendModel>Designation}" />
						<!--<Button icon="sap-icon://bell" type="Reject" press="onPressViewConfilt"/>-->
						<Button icon="sap-icon://message-popup" type="Emphasized" press="onPressComments"/>
					</cells>
				</ColumnListItem>
			</items>
		</Table>
		<!--<Toolbar>-->
		<!--	<ToolbarSpacer/>-->
		<!--	<Button type="Emphasized" icon="sap-icon://bell" text="{i18n>TBLHTviewConflicts}" press="onPressViewConfilt"/>-->
		<!--</Toolbar>-->
	</VBox>
</core:FragmentDefinition>