<core:FragmentDefinition xmlns="sap.m" xmlns:mvc="sap.ui.core.mvc" xmlns:ux="sap.uxap" xmlns:layout="sap.ui.layout" xmlns:u="sap.ui.unified"
	xmlns:f="sap.ui.layout.form" xmlns:core="sap.ui.core">
	<VBox class="sapUiNoContentPadding sapUiNoMargin">
		<Table  updateFinished="updateFinishedTableResult" id="idKnownPartyNew" mode="{path:'AmendmentViewMod>/isEditable',formatter:'.formatter.showButton'}" delete="handleDeleteKnownParties">
			<headerToolbar>
				<Toolbar>
					<ToolbarSpacer/>
					<!--<Button icon="sap-icon://add-activity" text="Add Party" type="Accept" press="onPressAddParty" enabled="false"/>-->
					<!--<Button type="Emphasized" icon="sap-icon://attachment" text="{i18n>TBLHTImportPartyes}" press="onImportParty"/>-->
					<u:FileUploader id="fileUploader" icon="sap-icon://attachment" name="myFileUpload" uploadUrl="upload/" tooltip="{i18n>TBLHTImportPartyesTT}"
						buttonOnly="true" buttonText="{i18n>TBLHTImportPartyes}" change="handleUpload" style="Emphasized" enabled="{AmendmentViewMod>/isEditable}"/>
				</Toolbar>
			</headerToolbar>
			<columns>
				<Column>
					<Label text="{i18n>TBLCTName}" design="Bold" required="true"/>
				</Column>
				<Column>
					<Label text="{i18n>TBLCTClassification}" design="Bold" required="true"/>
				</Column>
				<Column>
					<Label text="{i18n>TBLCTRole}" design="Bold" required="true"/>
				</Column>
				<Column>
					<Label text="{i18n>TBLCTDesgnation}" design="Bold" required="true"/>
				</Column>
				<Column width="4rem">
					<Label text="{i18n>TBLCTConflicts}"  design="Bold"/>
				</Column>
				<Column width="3rem">
					<Label text="{i18n>TBLCTNotes}" design="Bold"/>
				</Column>
				<Column width="5rem">
					<Label text="{i18n>Documents}" design="Bold"/>
				</Column>
				<Column width="7rem">
					<Label text="" design="Bold"/>
				</Column>
			</columns>

		</Table>
		<Toolbar>
			<ToolbarSpacer/>
			<!--<Button type="Emphasized" icon="sap-icon://bell" text="{i18n>TBLHTviewConflicts}" visible="{path:'AmendmentViewMod>/EditCon',formatter:'.formatter.myBooleanBDOD'}" press="onPressViewConfilt"/>-->
		</Toolbar>
	</VBox>
</core:FragmentDefinition>