<core:FragmentDefinition xmlns="sap.m" xmlns:l="sap.ui.layout" xmlns:core="sap.ui.core" xmlns:smartField="sap.ui.comp.smartfield">
	<Dialog title="Documents" class="sapUiContentPadding" contentWidth="40%">
		<content>
			<UploadCollection class="attachName" multiple="false" showSeparators="All" change="onChangeKPDocuments" fileDeleted="onFileKPDeleted"
				uploadComplete="onUploadCompleteKPDocuments" items="{KPModel>/KPDataSet}" numberOfAttachmentsText="" mode="SingleSelectMaster"
				uploadUrl="/sap/opu/odata/sap/ZPRS_CMI_SRV/Cmidocuments">
				<items>
					<UploadCollectionItem documentId="{KPModel>Docseq}" fileName="{KPModel>Filename}"  url="{KPModel>url}" uploadedDate="{path : 'KPModel>Uploadeddate',formatter:'.formatter.utcDate'}"
						enableEdit="" enableDelete="true" visibleDelete="{KPModel>visibleDelete}" visibleEdit="false"  contributor="{KPModel>Uploadedbyk}"></UploadCollectionItem>
				</items>
			</UploadCollection>
		</content>
		<endButton>
			<Button text="Cancel" press="onCloseKPDialog"/>
		</endButton>
	</Dialog>
</core:FragmentDefinition>