<core:FragmentDefinition xmlns="sap.m" xmlns:l="sap.ui.layout" xmlns:core="sap.ui.core" 
xmlns:f="sap.ui.layout.form" xmlns:ui="sap.ui.table" xmlns:smartField="sap.ui.comp.smartfield">
	<Table noDataText="{i18n>TblNTxtDataLP}" mode="{path:'AmendmentViewMod>/isEditable',formatter:'.formatter.showButton'}" 
		delete="handleDeleteLPartner" id="LeadPartnerTbl">
		<columns>
			<!--<Column>-->
			<!--	<header>-->
			<!--		<Label text="" design="Bold"></Label>-->
			<!--	</header>-->
			<!--</Column>-->
				<Column width="3rem">
				<header>
					<Label text="{i18n>TblHdrLblrank}" design="Bold"></Label>
				</header>
			</Column>
				<Column>
				<header>
					<Label text="{i18n>INTPartnerType}" design="Bold" required="true"></Label>
				</header>
			</Column>
			<Column>
				<header>
					<Label text="{i18n>TblHdrLblOfc}" design="Bold" required="true"></Label>
				</header>
			</Column>
		
			<Column width="20%" hAlign="Center">
				<header>
					<Label text="{i18n>TblHdrLeadPartner}" design="Bold" required="true"></Label>
				</header>
			</Column>
			<Column>
				<header>
					<Label text="{i18n>TblHdrLblPhone}" design="Bold" required="true"></Label>
				</header>
			</Column>
			<Column>
				<header>
					<Label text="{i18n>TblHdrLblemail}" design="Bold" required="true"></Label>
				</header>
			</Column>
			<Column>
				<header>
					<Label text="{i18n>allocPert}" design="Bold"></Label>
				</header>
			</Column>
			<Column width="4rem" hAlign="Right">
				<header>
					<Label text="" design="Bold"></Label>
				</header>
			</Column>
		</columns>
	</Table>
</core:FragmentDefinition>