<core:FragmentDefinition xmlns="sap.m" xmlns:l="sap.ui.layout" xmlns:core="sap.ui.core" xmlns:f="sap.ui.layout.form" xmlns:ui="sap.ui.table"
	xmlns:smartField="sap.ui.comp.smartfield">
	<VBox>
		<l:Grid defaultSpan="L2 M6 S6" vSpacing="0" class="sapUiSizeCompact" id="idLeadPartner">
	  <l:content>
	   <VBox>
	       <smartField:SmartLabel labelFor="idOfficek"/>
	    <smartField:SmartField id="idOfficek" value="{Office}" valueState="{ErrorShow>/vLeadOffice}" change="handelOfcFieldChange" />
	   </VBox>
	   <VBox>
	   	 <Label text="{i18n>TblHdrLeadPartner}" required="true" textAlign="Left" />
	    <Input type="Text" value="{AmendmentViewMod>/LPName}" valueState="{ErrorShow>/vLeadPartner}" />
	<!-- <smartField:SmartLabel labelFor="idLeadpartnerk"/>-->
	<!--<smartField:SmartField id="idLeadpartnerk" value="{Leadpartner}"  valueState="{ErrorShow>/vLeadPartner}" change="handelLeadPartnerFieldChange" />-->
	   </VBox>
	   <VBox>
	    <Label text="{i18n>TblHdrLblPhone}" required="true" textAlign="Left" />
	    <Input type="Text" value="{AmendmentViewMod>/LPPhone}" valueState="{ErrorShow>/vLeadPhone}" />
	   </VBox>
	   <VBox>
	    <Label text="{i18n>TblHdrLblemail}" required="true" textAlign="Left"></Label>
	    <Input type="Text" value="{AmendmentViewMod>/LPEmail}" valueState="{ErrorShow>/vLeadEmail}" />
	    </VBox>
	   <VBox>
	    <Label text="" textAlign="Left"></Label>
	    <Button type="Emphasized" text="" icon="sap-icon://add" press="onAddLeadPartner"/>
	   </VBox>
	  </l:content>
	</l:Grid>
	<Table noDataText="Click on + icon to add Lead Partners by filling the respective fields" mode="Delete"
		updateFinished="updateFinishedLeadPartnerTableResult" class="sapUiMediumMarginTop" items="{jsonAmendModel>/Leadpartners/results}"
		delete="handleDeleteLeadPartner" id="LeadPartnerTbl">
		<!--<headerToolbar>-->
		<!--	<Toolbar height="1.85rem">-->
		<!--		<ToolbarSpacer/>-->
		<!--		<Button text="Add Lead Partners" type="Emphasized" press="onAddRowLeadPartners"/>-->
		<!--	</Toolbar>-->
		<!--</headerToolbar>-->
		<columns>
			<Column>
				<header>
					<Label text="" design="Bold"></Label>
				</header>
			</Column>
			<Column>
				<header>
					<Label text="{i18n>TblHdrLblrank}" design="Bold"></Label>
				</header>
			</Column>
			<Column>
				<header>
					<Label text="{i18n>TblHdrLblOfc}" design="Bold"></Label>
				</header>
			</Column>
			<Column>
				<header>
					<Label text="{i18n>TblHdrLeadPartner}" design="Bold"></Label>
				</header>
			</Column>
			<Column>
				<header>
					<Label text="{i18n>TblHdrLblPhone}" design="Bold"></Label>
				</header>
			</Column>
			<Column>
				<header>
					<Label text="{i18n>TblHdrLblemail}" design="Bold"></Label>
				</header>
			</Column>
		</columns>
		<items>
			<ColumnListItem>
				<cells>
					<core:Icon src="sap-icon://unfavorite" class="size2" color="#64E4CE">
						<core:layoutData>
							<FlexItemData growFactor="1"/>
						</core:layoutData>
					</core:Icon>
					<Text text="{jsonAmendModel>Rank}"/>
					<Input value="{jsonAmendModel>Office}" enabled="false" change="handelLeadPartnerFieldChange"/>
					<Input value="{jsonAmendModel>Leadpartner}" enabled="false" change="handelLeadPartnerFieldChange"/>
					<Input value="{jsonAmendModel>Phone}" enabled="false" change="handelLeadPartnerFieldChange"/>
					<Input value="{jsonAmendModel>Email}" enabled="false" change="handelLeadPartnerFieldChange"/>
				</cells>
			</ColumnListItem>
		</items>
	</Table>
	</VBox>
</core:FragmentDefinition>