<core:FragmentDefinition xmlns="sap.m" xmlns:mvc="sap.ui.core.mvc" xmlns:ux="sap.uxap" xmlns:l="sap.ui.layout" xmlns:f="sap.ui.layout.form"
	xmlns:core="sap.ui.core" xmlns:smartField="sap.ui.comp.smartfield">
	<IconTabBar expanded="{device>/isNoPhone}" id="MatterInDetailsStep" select="onTabSelect" class="sapUiSizeCompact sapUiNoContentPadding">
		<items id="detailsItems">
				
				<IconTabFilter id="General" text="General">
				<content>
				<core:Fragment fragmentName="cmiamendmentnew.fragments.MatterDetails" type="XML"/>
				</content>
			</IconTabFilter>
			<IconTabFilter id="WO" text="{i18n>detailIconTabFilterText10}">
				<content>
					<core:Fragment fragmentName="cmiamendmentnew.fragments.Matters.WO" type="XML"/>
				</content>
			</IconTabFilter>
				<IconTabFilter id="INTP" text="{i18n>detailINP}">
				<content>
					<core:Fragment fragmentName="cmiamendmentnew.fragments.Matters.IntPartner" type="XML"/>
				</content>
			</IconTabFilter>
			<IconTabFilter id="BP" text="{i18n>MatterPartner}">
				<content>
					<core:Fragment fragmentName="cmiamendmentnew.fragments.Matters.BP" type="XML"/>
				</content>
			</IconTabFilter>
			<IconTabFilter id="MI" key="MatterToMDetail" text="{i18n>detailIconTabFilterText4}">
				<content>
					<core:Fragment fragmentName="cmiamendmentnew.fragments.Matters.MI" type="XML"/>
				</content>
			</IconTabFilter>
			<IconTabFilter id="BD" key="MatterToMDetail" text="{i18n>detailIconTabFilterText5}">
				<content>
					<core:Fragment fragmentName="cmiamendmentnew.fragments.Matters.BD" type="XML"/>
				</content>
			</IconTabFilter>
			<IconTabFilter id="BF" key="MatterToMDetail" text="{i18n>detailIconTabFilterText6}">
				<content>
					<core:Fragment fragmentName="cmiamendmentnew.fragments.Matters.BF" type="XML"/>
				</content>
			</IconTabFilter>
			<IconTabFilter id="OD" key="MatterToMDetail" text="{i18n>detailIconTabFilterText7}">
				<content>
					<core:Fragment fragmentName="cmiamendmentnew.fragments.Matters.OD" type="XML"/>
				</content>
			</IconTabFilter>
			<IconTabFilter visible="false" id="AL" text="{i18n>detailIconTabFilterText8}">
				<content>
					<Text text=""/>
					<core:Fragment fragmentName="cmiamendmentnew.fragments.Matters.ALH" type="XML"/>
				</content>
			</IconTabFilter>
			<IconTabFilter id="BI" key="MatterToMDetail" text="{i18n>detailIconTabFilterText9}">
				<content>
					<core:Fragment fragmentName="cmiamendmentnew.fragments.Matters.BI" type="XML"/>
				</content>
			</IconTabFilter>
			<IconTabFilter id="TD" key="MatterToMDetail" text="{i18n>detailIconTabFilterText12}">
				<content>
					<core:Fragment fragmentName="cmiamendmentnew.fragments.Matters.TD" type="XML"/>
				</content>
			</IconTabFilter>
			<IconTabFilter id="ID" visible="false" key="MatterToMDetail" text="{i18n>detailIconTabFilterText13}">
				<content>
					<core:Fragment fragmentName="cmiamendmentnew.fragments.Matters.ID" type="XML"/>
				</content>
			</IconTabFilter>
			<IconTabFilter id="ClD" key="MatterToMDetail" text="{i18n>detailIconTabFilterText14}">
				<content>
					<core:Fragment fragmentName="cmiamendmentnew.fragments.Matters.CD" type="XML"/>
				</content>
			</IconTabFilter>
			<core:ExtensionPoint name="extIconTabFilter"/>
		</items>
	</IconTabBar>
</core:FragmentDefinition>