<core:FragmentDefinition xmlns="sap.m" xmlns:mvc="sap.ui.core.mvc" xmlns:ux="sap.uxap" xmlns:l="sap.ui.layout" xmlns:f="sap.ui.layout.form"
	xmlns:core="sap.ui.core" xmlns:smartField="sap.ui.comp.smartfield">
	<l:BlockLayout class="sapUiNoContentPadding" id="idMatterDetails">
		<l:BlockLayoutRow>
			<l:BlockLayoutCell class="sapUiNoContentPadding">
				<f:SimpleForm editable="false" layout="ResponsiveLayout" labelSpanXL="4" labelSpanL="4" labelSpanM="12" labelSpanS="12"
					adjustLabelSpan="false" emptySpanXL="0" emptySpanL="0" emptySpanM="0" emptySpanS="0" singleContainerFullSize="false">
					<f:content >
						<Label text="{i18n>generalQuote}" />
						<smartField:SmartField id="idQuoteName" value="{Quote}" change="changeMatterDetails" editable="{AmendmentViewMod>/isEditable}">
								<smartField:configuration>
      <smartField:Configuration preventInitialDataFetchInValueHelpDialog="false"/>
     </smartField:configuration>
						</smartField:SmartField>
					
						<Label text="{i18n>generalOpenDate}" />
						<smartField:SmartField value="{Zzplfaz}" id="ChgBDDATE1"  editable="{AmendmentViewMod>/isEditable}" change="ondatechange"	>
					<smartField:configuration>
      <smartField:Configuration controlType="datePicker" />
     </smartField:configuration>
				</smartField:SmartField>
						<Label text="{i18n>generalCloseDate}" />
						<smartField:SmartField value="{Zzplsez}" id="ChgBDDATE2"  editable="{AmendmentViewMod>/isEditable}" change="ondatechange"	>
					<smartField:configuration>
      <smartField:Configuration controlType="datePicker" />
     </smartField:configuration>
				</smartField:SmartField>
						<Label text="{i18n>LBLMName}" />
						<smartField:SmartField id="idMatterName" value="{Mattername}" change="changeMatterDetails" editable="{AmendmentViewMod>/isEditable}">
								<smartField:configuration>
      <smartField:Configuration preventInitialDataFetchInValueHelpDialog="false"/>
     </smartField:configuration>
						</smartField:SmartField>
					<!--	<Label text="{i18n>LBLSArea}" />-->
					<!--	<smartField:SmartField id="idService" value="{Servicearea}" change="changeMatterDetails" editable="{AmendmentViewMod>/isEditable}">-->
					<!--			<smartField:configuration>-->
     <!-- <smartField:Configuration preventInitialDataFetchInValueHelpDialog="false"/>-->
     <!--</smartField:configuration>-->
					<!--	</smartField:SmartField>-->
						
					
					</f:content>
				</f:SimpleForm>
			</l:BlockLayoutCell>
			<l:BlockLayoutCell class="sapUiNoContentPadding">
				<f:SimpleForm editable="false" layout="ResponsiveLayout" labelSpanXL="4" labelSpanL="4" labelSpanM="12" labelSpanS="12"
					adjustLabelSpan="false" emptySpanXL="0" emptySpanL="0" emptySpanM="0" emptySpanS="0" singleContainerFullSize="false">
					<f:content >
						<Label text="{i18n>LBLpName}" />
						<smartField:SmartField id="idMma" value="{Mma}" change="changeMatterDetails" editable="{AmendmentViewMod>/isEditable}" >
								<smartField:configuration>
      <smartField:Configuration preventInitialDataFetchInValueHelpDialog="false"/>
     </smartField:configuration>
						</smartField:SmartField>
						<!--<smartField:SmartLabel labelFor="idPracticegroup"/>-->
						<Label text="{i18n>LBLPGroup}" />
						<smartField:SmartField id="idPracticegroup" value="{Practicegroup}" change="changeMatterDetails" editable="{AmendmentViewMod>/isEditable}"/>
						<!--<smartField:SmartLabel labelFor="idMmoffice"/>-->
							<Label text="{i18n>LblBoffice}" />
						<smartField:SmartField id="idMmoffice" value="{Mmoffice}" change="changeMatterDetails" editable="{AmendmentViewMod>/isEditable}"/>
						<smartField:SmartLabel labelFor="idEstimatedfees"/>
							<Label text="{i18n>matterDesp}"/>
						<smartField:SmartField id="Matterdesc" value="{Matterlongtext}" change="changeMatterDetails" editable="{AmendmentViewMod>/isEditable}" width="100%"/>
						<!--<smartField:SmartField id="idEstimatedfees" value="{Estimatedfees}" change="changeMatterDetails" editable="{AmendmentViewMod>/isEditable}"/>-->
						<!--<Label text="{i18n>LBLATPayor}" required="true"></Label>-->
						<!--<Switch state="false" customTextOn="Yes" customTextOff="No" change="onAlterChange"></Switch>-->
					</f:content>
				</f:SimpleForm>
			</l:BlockLayoutCell>
		</l:BlockLayoutRow>
	</l:BlockLayout>

</core:FragmentDefinition>