<core:FragmentDefinition xmlns="sap.m" xmlns:mvc="sap.ui.core.mvc" xmlns:ux="sap.uxap" xmlns:l="sap.ui.layout" xmlns:f="sap.ui.layout.form"
	xmlns:core="sap.ui.core">
	<!--	<UploadCollection id="AttachmentID" maximumFilenameLength="55" multiple="false" showSeparators="All" uploadEnabled="{objectView>/editMatter}"-->
	<!--	items="{}" change="onChange" fileDeleted="onFileDeleted"-->
	<!--	uploadComplete="onUploadComplete" filenameLengthExceed="onFilenameLengthExceed" beforeUploadStarts="onBeforeUploadStarts"-->
	<!--	uploadTerminated="onUploadTerminated">-->
	<!--	<items>-->
	<!--		<UploadCollectionItem enableEdit="true" enableDelete="true" visibleDelete="true" visibleEdit="true" contributor=""-->
	<!--			fileName="" url="{url}" thumbnailUrl="">-->
	<!--			<attributes>-->
	<!--				<ObjectAttribute text="" active="true" press="onLinkPdfPress"/>-->
	<!--			</attributes>-->
	<!--		</UploadCollectionItem>-->
	<!--	</items>-->
	<!--</UploadCollection>-->
	<UploadCollection class="attachName" maximumFilenameLength="55" multiple="false" showSeparators="All" change="onChangeDocuments"
		fileDeleted="onFileDeleted" selectionChange="onSelectionChange" typeMissmatch="onTypeMissmatch" uploadComplete="onUploadCompleteDocuments"
		beforeUploadStarts="onBeforeUploadStarts" uploadTerminated="onUploadTerminated" items="{AttachmentModel>/FileDataSet}"
		numberOfAttachmentsText="" mode="SingleSelectMaster" uploadUrl="" uploadEnabled="{AmendmentViewMod>/isEditable}" noDataText="No Documents">
		<items>
			<UploadCollectionItem  fileName="{AttachmentModel>Filename}" documentId="{AttachmentModel>Docseq}" uploadedDate="{path : 'AttachmentModel>Uploadeddate',formatter:'.formatter.utcDate'}"
				mimeType="{AttachmentModel>MimeType}" url="{AttachmentModel>url}" enableEdit="false" enableDelete="true"
				visibleDelete="{AmendmentViewMod>/isEditable}" visibleEdit="false" contributor="{AttachmentModel>Uploadedbyk}"></UploadCollectionItem>
		</items>
	</UploadCollection>
</core:FragmentDefinition>