<core:FragmentDefinition xmlns="sap.m" xmlns:core="sap.ui.core" xmlns:l="sap.ui.layout">
	<Page showNavButton="true" navButtonPress="onReviewPdfBack">
	<l:Grid defaultSpan="L12 M12 S12" class="sapUiTinyMarginTop">
		<l:content>
			<VBox>
				<layoutData>
					<l:GridData span="L5 M5 S12"/>
				</layoutData>
				<PDFViewer id="idPDFViewer"
					source="http://ec2-54-186-144-219.us-west-2.compute.amazonaws.com:8000/sap/opu/odata/SAP/ZPRS_MM_QUOTE_WF02_SRV/QuoteCommentsDownloadCollection(Quote='1000000336')/$value"
					title="SAP - Native Mobile App Development with SAP Fiori for iOS" height="590px" showDownloadButton="false"/>
			</VBox>
			<VBox>
				<layoutData>
					<l:GridData span="L2 M2 S12"/>
				</layoutData>
				<List
					items="{ path: 'jsonAmendModel>/CategoriesCollection', sorter: { path: 'jsonAmendModel>CategoryName', descending: false, group: true }, groupHeaderFactory: '.getGroupHeader' }"
					headerText="Categories" itemPress="onListItemPress">
					<StandardListItem title="{jsonAmendModel>Name}" type="Active"/>
				</List>
			</VBox>
			<VBox>
				<layoutData>
					<l:GridData span="L5 M5 S12"/>
				</layoutData>
				<List id="idListImportedTerms" headerText="Imported Terms"/>
			</VBox>
		</l:content>
	</l:Grid>
	</Page>
</core:FragmentDefinition>