<core:FragmentDefinition xmlns="sap.m" xmlns:core="sap.ui.core" xmlns:l="sap.ui.layout"  xmlns:u="sap.ui.unified">
	<Dialog class="sapUiSizeCompact" contentWidth="100%">
		<customHeader>
					<Bar>
				<contentLeft>
					<Button icon="sap-icon://attachment" enabled="{AmendmentViewMod>/isEditable}" text="Import Terms Document" press="onAttachmentDeleteConfirm"/>
				</contentLeft>
				<contentMiddle>
					<Title text="Terms"/>
				</contentMiddle>
			</Bar>
		</customHeader>
		<content>
			<l:Grid defaultSpan="L12 M12 S12" class="sapUiTinyMarginTop" hSpacing="0" vSpacing="0">
				<l:content>
					<VBox id="idPdf">
						<HBox class="sapUiSmallMargin" justifyContent="SpaceBetween">
							<HBox>
								<ObjectIdentifier title="Terms Document" class="sapUiTinyMarginEnd"/>
								<core:Icon src="sap-icon://pdf-attachment"/>
							</HBox>
							<HBox>
								<Button icon="sap-icon://zoom-in" id="idZoomin" type="Transparent" press="handleZoomIn"/>
								<Button icon="sap-icon://zoom-out" id="idZoomOut" type="Transparent" press="handleZoomOut"/>
								<Button text="Select Categories" enabled="{AmendmentViewMod>/isEditable}" press="onSelectCategories"/>
								<Button icon="sap-icon://full-screen" id="idFullOut" type="Transparent" press="handleZoom"/>
							</HBox>
						</HBox>
						<layoutData>
							<l:GridData span="L8 M8 S12"/>
						</layoutData>
						<Panel id="ID_FRAME" height="28rem" visible="true" class="clPdf sapUiNoContentPadding">
							<core:HTML id="idFrame" class="sapUiTinyMarginBegin"/>
						</Panel>
					</VBox>
					<VBox id="idImport">
						<HBox class="sapUiSmallMargin">
							<ObjectIdentifier title="Capture Terms" class="sapUiTinyMarginEnd"/>
						</HBox>
						<layoutData>
							<l:GridData span="L4 M4 S12"/>
						</layoutData>
						<List id="idListImportedTerms" class="clHeader"/>
					</VBox>
				</l:content>
			</l:Grid>
		</content>
			<beginButton>
			<Button text="{i18n>BtnSave}" id="submitTerm" enabled="{parts:[{path:'AmendmentViewMod>/editTerm'},{path:'AmendmentViewMod>/isEditable'}],formatter:'.formatter.SubmitTerm'}" press="onSubmitAddTermsDialog" type="Emphasized"/>
		</beginButton>
		<endButton>
			<Button text="{i18n>BtnDone}"   press="onCloseUploadDialog" type="Emphasized"/>
		</endButton>
	</Dialog>
</core:FragmentDefinition>