<core:FragmentDefinition xmlns="sap.m" xmlns:l="sap.ui.layout" xmlns:u="sap.ui.unified" xmlns:core="sap.ui.core"
	xmlns:f="sap.ui.layout.form" xmlns:ui="sap.ui.table" class="sapUiSizeCompact" contentWidth="50%" contentHeight="50%">
	<Dialog title="{i18n>SecHDTitleAddTerms}" class="sapUiContentPadding">
		<content>
				<UploadCollection class="attachName" maximumFilenameLength="55" multiple="false" showSeparators="All" change="onChange"
  fileDeleted="onFileDeleted" selectionChange="onSelectionChange" typeMissmatch="onTypeMissmatch" uploadComplete="onUploadComplete"
  beforeUploadStarts="onBeforeUploadStarts" uploadTerminated="onUploadTerminated" items="{jsonAmendModel>/AddTerms}"
  numberOfAttachmentsText="" mode="SingleSelectMaster" uploadUrl="">
  <items>
   <UploadCollectionItem documentId="{jsonAmendModel>DocumentId}" fileName="{jsonAmendModel>DocumentTitle}"
    mimeType="{jsonAmendModel>MimeType}" url="{jsonAmendModel>url}" enableEdit="" enableDelete="false" 
     visibleEdit="false"></UploadCollectionItem>
  </items>
 </UploadCollection>
		</content>
		
		<endButton>
			<Button text="{i18n>BtnClose}" press="onCloseUploadDialog" type="Emphasized"/>
		</endButton>
	</Dialog>
</core:FragmentDefinition>