<core:FragmentDefinition xmlns="sap.m" xmlns:l="sap.ui.layout" xmlns:core="sap.ui.core" xmlns:smartField="sap.ui.comp.smartfield" xmlns:app="http://schemas.sap.com/sapui5/extension/sap.ui.core.CustomData/1" xmlns:smartTable="sap.ui.comp.smarttable">
	<Dialog title="Known Partie Conflicts" class="sapUiSizeCompact sapUiNoContentPadding" contentWidth="99%" contentHeight="65%">
		<content>
		<smartTable:SmartTable id="idViewConflictsTable" entitySet="Cmigetconflicts"  tableType="ResponsiveTable"
		useExportToExcel="true" useVariantManagement="true" useTablePersonalisation="true"  showRowCount="true"
		persistencyKey="SmartTableAnalytical_Explored" enableAutoBinding="false" app:useSmartField="true" beforeRebindTable="handlebeforeRebindTable" >
		<Table  mode="MultiSelect">
				<columns>
					<Column >
						<customData>
								<core:CustomData key="p13nData" value='\{"columnKey": "Client", "columnIndex":"1", "leadingProperty": "Client"}'/>
							</customData>
						<Label text="Client"/>
						</Column>
					<Column >
						<customData>
								<core:CustomData key="p13nData" value='\{"columnKey": "Matter", "columnIndex":"2", "leadingProperty": "Matter"}'/>
							</customData>
						<Label text="Matter Name"/>
						</Column>
					<Column >
						<customData>
								<core:CustomData key="p13nData" value='\{"columnKey": "Matterstatus", "columnIndex":"3", "leadingProperty": "Matterstatus"}'/>
							</customData>
						<Label text="Matter Status"/>
						</Column>
					<Column >
							<customData>
								<core:CustomData key="p13nData" value='\{"columnKey": "Name", "columnIndex":"4", "leadingProperty": "Name"}'/>
							</customData>
						<Label text="Party Name"/>
						</Column>
						<Column >
						<customData>
								<core:CustomData key="p13nData" value='\{"columnKey": "Leadpartner", "columnIndex":"5", "leadingProperty": "Leadpartner"}'/>
							</customData>
						<Label text="Lead Partner Name" /></Column>
					<Column >
							<customData>
								<core:CustomData key="p13nData" value='\{"columnKey": "Role", "columnIndex":"6", "leadingProperty": "Role"}'/>
							</customData>
						<Label text="Role"/></Column>
					<Column >
						<customData>
								<core:CustomData key="p13nData" value='\{"columnKey": "Practicegroup", "columnIndex":"7", "leadingProperty": "Practicegroup"}'/>
							</customData>
						<Label text="Practice Group"/></Column>
					
				</columns>
				<ColumnListItem id="columnListItemTemplate">
					<cells>
						<Text text="{Client}"/>
						<Text text="{Matter}"/>
						<Text text="{Matterstatus}"/>
						<Text text="{Name}"/>
						<Text text="{Leadpartner}"/>
						<Text text="{Role}"/>
						<Text text="{Practicegroup}"/>
						
					</cells>
				</ColumnListItem>
			</Table>
		</smartTable:SmartTable>
		</content>
		<beginButton>
			<Button text="Submit" press="onSubmitView" type="Emphasized"/>
		</beginButton>
		<endButton>
			<Button text="Cancel" press="onClosevConflicts" type="Emphasized"/>
		</endButton>
	</Dialog>
</core:FragmentDefinition>