<edmx:Edmx xmlns:edmx="http://docs.oasis-open.org/odata/ns/edmx" Version="4.0">
	<edmx:Reference xmlns:edmx="http://docs.oasis-open.org/odata/ns/edmx"
		Uri="http://localhost:8080/webidedispatcher/destinations/FS7/sap/opu/odata/sap/ZPRS_PARTNER_OVP_SRV/$metadata">
		<edmx:Include xmlns:edmx="http://docs.oasis-open.org/odata/ns/edmx" Namespace="ZPRS_PARTNER_OVP_SRV"/>
	</edmx:Reference>
	<edmx:Reference Uri="http://docs.oasis-open.org/odata/odata-data-aggregation-ext/v4.0/cs02/vocabularies/Org.OData.Aggregation.V1.xml">
		<edmx:Include Alias="Aggregation" Namespace="Org.OData.Aggregation.V1"/>
	</edmx:Reference>
	<edmx:Reference Uri="http://docs.oasis-open.org/odata/odata/v4.0/errata03/os/complete/vocabularies/Org.OData.Capabilities.V1.xml">
		<edmx:Include Alias="Capabilities" Namespace="Org.OData.Capabilities.V1"/>
	</edmx:Reference>
	<edmx:Reference Uri="https://wiki.scn.sap.com/wiki/download/attachments/448470974/Common.xml?api=v2">
		<edmx:Include Alias="Common" Namespace="com.sap.vocabularies.Common.v1"/>
	</edmx:Reference>
	<edmx:Reference Uri="https://wiki.scn.sap.com/wiki/download/attachments/448470971/Communication.xml?api=v2">
		<edmx:Include Alias="vCard" Namespace="com.sap.vocabularies.Communication.v1"/>
	</edmx:Reference>
	<edmx:Reference Uri="http://docs.oasis-open.org/odata/odata/v4.0/errata03/os/complete/vocabularies/Org.OData.Core.V1.xml">
		<edmx:Include Alias="Core" Namespace="Org.OData.Core.V1"/>
	</edmx:Reference>
	<edmx:Reference Uri="http://docs.oasis-open.org/odata/odata/v4.0/errata03/os/complete/vocabularies/Org.OData.Measures.V1.xml">
		<edmx:Include Alias="CQP" Namespace="Org.OData.Measures.V1"/>
	</edmx:Reference>
	<edmx:Reference Uri="https://wiki.scn.sap.com/wiki/download/attachments/448470968/UI.xml?api=v2">
		<edmx:Include Alias="UI" Namespace="com.sap.vocabularies.UI.v1"/>
	</edmx:Reference>
	<edmx:DataServices>
		<Schema xmlns="http://docs.oasis-open.org/odata/ns/edm">
			<Annotations Target="ZPRS_PARTNER_OVP_SRV.Feedetail01/Ovptype">
				<Annotation Term="UI.HiddenFilter"/>
			</Annotations>
			<Annotations Target="ZPRS_PARTNER_OVP_SRV.Feedetail01">
				<Annotation Term="UI.LineItem">
					<Collection>
						<Record Type="UI.DataField">
							<PropertyValue Property="Label" String="{@i18n&gt;LblClient}"/>
							<PropertyValue Property="Value" Path="Clientd"/>
						</Record>
						<Record Type="UI.DataField">
							<PropertyValue Property="Label" String="{@i18n&gt;LblFeeWorked}"/>
							<PropertyValue Property="Value" Path="Fees"/>
						</Record>
						<Record Type="UI.DataField">
							<PropertyValue Property="Label" String="{@i18n&gt;LblFeeBilled}"/>
							<PropertyValue Property="Value" Path="Billed"/>
						</Record>
						<Record Type="UI.DataField">
							<PropertyValue Property="Label" String="{@i18n&gt;LblFeeCollected}"/>
							<PropertyValue Property="Value" Path="Collected"/>
						</Record>
						<Record Type="UI.DataField">
							<PropertyValue Property="Label" String="{@i18n&gt;CLIENT_NUMBER}"/>
							<PropertyValue Property="Value" Path="Clientk"/>
						</Record>
						<Record Type="UI.DataField">
							<PropertyValue Property="Value" Path="Ovptype"/>
						</Record>
						<Record Type="UI.DataField">
							<PropertyValue Property="Value" Path="Timeperiod"/>
						</Record>
						<Record Type="UI.DataField">
							<PropertyValue Property="Value" Path="Parvw"/>
						</Record>
						<Record Type="UI.DataField">
							<PropertyValue Property="Value" Path="Currency"/>
						</Record>
						<Record Type="UI.DataField">
							<PropertyValue Property="Value" Path="Pernrk"/>
						</Record>
					</Collection>
				</Annotation>
			</Annotations>
			<Annotations Target="ZPRS_PARTNER_OVP_SRV.Feedetail03">
				<Annotation Term="UI.LineItem">
					<Collection>
						<Record Type="UI.DataField">
							<PropertyValue Property="Value" Path="Matterk"/>
							<PropertyValue Property="Label" String="{@i18n&gt;LblMatter}"/>
						</Record>
						<Record Type="UI.DataField">
							<PropertyValue Property="Label" String="{@i18n&gt;LblMatterName}"/>
							<PropertyValue Property="Value" Path="Matterd"/>
						</Record>
						<Record Type="UI.DataField">
							<PropertyValue Property="Value" Path="Leadpartnerk"/>
							<PropertyValue Property="Label" String="{@i18n&gt;LblLeadPartner}"/>
						</Record>
						<Record Type="UI.DataField">
							<PropertyValue Property="Value" Path="Feesworked"/>
							<PropertyValue Property="Label" String="{@i18n&gt;LblFeeWorked}"/>
						</Record>
						<Record Type="UI.DataField">
							<PropertyValue Property="Value" Path="Hoursworked"/>
							<PropertyValue Property="Label" String="{@i18n&gt;LblHoursWorked}"/>
						</Record>
						<Record Type="UI.DataField">
							<PropertyValue Property="Label" String="{@i18n&gt;LblFeeBilled}"/>
							<PropertyValue Property="Value" Path="Feesbilled"/>
						</Record>
						<Record Type="UI.DataField">
							<PropertyValue Property="Label" String="{@i18n&gt;LblWip}"/>
							<PropertyValue Property="Value" Path="Wip"/>
						</Record>
						<Record Type="UI.DataField">
							<PropertyValue Property="Label" String="{@i18n&gt;LblFeeBilledWip}"/>
							<PropertyValue Property="Value" Path="Feesbilledwip"/>
						</Record>
						<Record Type="UI.DataField">
							<PropertyValue Property="Value" Path="Wipadjustments"/>
							<PropertyValue Property="Label" String="{@i18n&gt;LblWipAdjustment}"/>
						</Record>
						<Record Type="UI.DataField">
							<PropertyValue Property="Value" Path="Hoursbilled"/>
							<PropertyValue Property="Label" String="{@i18n&gt;LblHoursBilled}"/>
						</Record>
						<Record Type="UI.DataField">
							<PropertyValue Property="Value" Path="Wiphours"/>
							<PropertyValue Property="Label" String="{@i18n&gt;LblWipHours}"/>
						</Record>
						<Record Type="UI.DataField">
							<PropertyValue Property="Value" Path="Feescollected"/>
							<PropertyValue Property="Label" String="{@i18n&gt;LblFeeCollected}"/>
						</Record>
						<Record Type="UI.DataField">
							<PropertyValue Property="Value" Path="Hourscollected"/>
							<PropertyValue Property="Label" String="{@i18n&gt;LblHoursCollected}"/>
						</Record>
						<Record Type="UI.DataField">
							<PropertyValue Property="Value" Path="Arwriteoffs"/>
							<PropertyValue Property="Label" String="{@i18n&gt;LblWriteOffs}"/>
						</Record>
					</Collection>
				</Annotation>
			</Annotations>
			<Annotations Target="ZPRS_PARTNER_OVP_SRV.Feedetail01/Fees">
				<Annotation Term="CQP.ISOCurrency" String="None"/>
			</Annotations>
			<Annotations Target="ZPRS_PARTNER_OVP_SRV.Feedetail01/Billed">
				<Annotation Term="CQP.ISOCurrency" String="None"/>
			</Annotations>
			<Annotations Target="ZPRS_PARTNER_OVP_SRV.Feedetail01/Collected">
				<Annotation Term="CQP.ISOCurrency" String="None"/>
			</Annotations>
			<Annotations Target="ZPRS_PARTNER_OVP_SRV.Feedetail03/Feescollected">
				<Annotation Term="CQP.ISOCurrency" String="None"/>
			</Annotations>
		</Schema>
	</edmx:DataServices>
</edmx:Edmx>