<core:FragmentDefinition xmlns:core="sap.ui.core" xmlns:f="sap.ui.layout.form" xmlns:l="sap.ui.layout" xmlns="sap.m">
<l:Grid defaultSpan="L12 M12 S12" width="auto">
<l:content>
<Table xmlns="sap.ui.table" cellClick="handleCellClickChgBC" id="FormChange354BC" noDataText="{i18n>CdetailBCLabelText6}" selectionMode="MultiSelect" visible="true" visibleRowCount="5">
<toolbar>
<Toolbar xmlns="sap.m">
<content>
<ToolbarSpacer xmlns="sap.m"/>
<Button xmlns="sap.m" icon="sap-icon://add" press="handleAddRowChgBC" tooltip="{i18n>CdetailBCLabelTooltip1}" type="Accept"/>
<Button xmlns="sap.m" icon="sap-icon://less" press="handleDelRowChgBC" tooltip="{i18n>CdetailBCLabelTooltip2}" type="Reject"/>
</content>
</Toolbar>
</toolbar>
<columns>
<Column xmlns="sap.ui.table">
<label>
<Label xmlns="sap.m" text="{i18n>CdetailBCLabelText1}" required="true"/>
</label>
<template>
<Input xmlns="sap.m" change="updateTableBC" value="{Name1}"/>
</template>
</Column>
<Column xmlns="sap.ui.table">
<label>
<Label xmlns="sap.m" text="{i18n>CdetailBCLabelText7}"/>
</label>
<template>
<Input xmlns="sap.m" change="updateTableBC" value="{Namev}"/>
</template>
</Column>
<Column xmlns="sap.ui.table">
<label>
<Label xmlns="sap.m" text="{i18n>CdetailBCLabelText5}"/>
</label>
<template>
<!--
<Input change="updateTableBC" value="{Department}" showValueHelp="true" valueHelpRequest="handleValueHelpChgBCDP" xmlns="sap.m"/>
-->
<Input xmlns="sap.m" change="updateTableBC" value="{Department}"/>
</template>
</Column>
<Column xmlns="sap.ui.table">
<label>
<Label xmlns="sap.m" text="{i18n>CdetailBCLabelText8}"/>
</label>
<template>
<Input xmlns="sap.m" change="updateTableBC" value="{Function}"/>
</template>
</Column>
<Column xmlns="sap.ui.table">
<label>
<Label xmlns="sap.m" text="{i18n>CdetailBCLabelText2}"/>
</label>
<template>
<Input xmlns="sap.m" change="updateTableP" value="{Phone}"/>
</template>
</Column>
<Column xmlns="sap.ui.table">
<label>
<Label xmlns="sap.m" text="{i18n>CdetailBCLabelText3}"/>
</label>
<template>
<Input xmlns="sap.m" change="updateTableP" value="{Fax}"/>
</template>
</Column>
<Column xmlns="sap.ui.table">
<label>
<Label xmlns="sap.m" text="{i18n>CdetailBCLabelText4}"/>
</label>
<template>
<Input xmlns="sap.m" change="updateTableE" value="{Email}"/>
</template>
</Column>
</columns>
</Table>
</l:content>
</l:Grid>
</core:FragmentDefinition>