<core:FragmentDefinition xmlns="sap.m" xmlns:l="sap.ui.layout" xmlns:smartField="sap.ui.comp.smartfield" xmlns:f="sap.ui.layout.form"
	xmlns:core="sap.ui.core">
	<l:Grid defaultSpan="L12 M12 S12" width="auto">
		<l:content>
			<f:SimpleForm id="FormChange354BD1" visible="true" minWidth="1024" maxContainerCols="2" editable="true" layout="ResponsiveGridLayout"
				labelSpanL="5" labelSpanM="5" emptySpanL="0" emptySpanM="0" columnsL="2" columnsM="2" class="editableForm">
				<f:content>
					<core:Title text=""/>
					<Label text="{i18n>CdetailBDLabelText10}"/>
					<!--					<Input id="ChgBDTCS" description="{Zzphasesetdesc}" fieldWidth="40%" value="{Zzphaseset}" showValueHelp="true"
						valueHelpRequest="handleValueHelpChgBDTCS"/>-->
					<smartField:SmartField editable="{worklistView>/editScreen}" change="changeInClientDetails" value="{Zzphasesetdesc}">
						<smartField:configuration>
							<smartField:Configuration preventInitialDataFetchInValueHelpDialog="false"/>
						</smartField:configuration>
					</smartField:SmartField>
					<Label text="{i18n>CdetailBDLabelText11}" tooltip="{i18n>CdetailBDLabelText10}"/>
					<DatePicker id="ChgBDTCSVF1" change="changeInClientDetails" valueStateText="{i18n>CdetailBDValueStateText3}" valueFormat="yyyy-MM-dd"
						displayFormat="yyyy-MM-dd" value="{path:'Zzphbegda',formatter:'.formatter.myDate1'}" enabled="{worklistView>/editScreen}"/>
					<Label text="{i18n>CdetailBDLabelText12}"/>
					<!--<Input id="ChgBDACS" description="{Zzactsetdesc}" fieldWidth="40%" value="{Zzactset}" showValueHelp="true"
						valueHelpRequest="handleValueHelpChgBDACS"/>-->
					<smartField:SmartField editable="{worklistView>/editScreen}" change="changeInClientDetails" value="{Zzactsetdesc}">
						<smartField:configuration>
							<smartField:Configuration preventInitialDataFetchInValueHelpDialog="false"/>
						</smartField:configuration>
					</smartField:SmartField>
					<Label text="{i18n>CdetailBDLabelText11}" tooltip="{i18n>CdetailBDLabelText10}"/>
					<DatePicker id="ChgBDACSVF1" change="changeInClientDetails" valueStateText="{i18n>CdetailBDValueStateText3}" valueFormat="yyyy-MM-dd"
						displayFormat="yyyy-MM-dd" value="{path:'Zzactbegda',formatter:'.formatter.myDate1'}" enabled="{worklistView>/editScreen}"/>
					<Label text="{i18n>CdetailGDLabelText9}"/>
					<!--<Input id="ChgGDECS" value="{Zzexpcodeset}" showValueHelp="true" fieldWidth="35%" description="{ZzexpcodeDesc}"
						valueHelpRequest="handleValueHelpChgGDECS"/>-->
					<smartField:SmartField editable="{worklistView>/editScreen}" change="changeInClientDetails" value="{Zzexpcodedesc}">
						<smartField:configuration>
							<smartField:Configuration preventInitialDataFetchInValueHelpDialog="false"/>
						</smartField:configuration>
					</smartField:SmartField>
					<!--
showSuggestion="true" suggestionItemSelected="handleSuggestChgGDECSSel" suggestionItems="{oF4>/ExpenseCodeSet}">
            <suggestionItems>
              <core:ListItem text="{oF4>Zzsetname}" additionalText="{oF4>Zzexpcodeset}" key="{oF4>Zzexpcodeset}"/>
            </suggestionItems>
          </Input>
-->
					<core:Title text=""/>
					<Label text="{i18n>CdetailBDLabelText1}"/>
					<!--	<Input id="ChgBDVID" value="{Zzebillvendor}"/>-->
					<smartField:SmartField editable="{worklistView>/editScreen}" change="changeInClientDetails" value="{Zzebillvendor}"/>
					<Label text="{i18n>CdetailGDLabelText4}"/>
					<!--			<Input id="ChgGDCG" value="{Zzclntgrp}" showValueHelp="true" fieldWidth="35%" description="{Zzclntgrpdesc}"
						valueHelpRequest="handleValueHelpChgGDCG"/>-->
					<smartField:SmartField editable="{worklistView>/editScreen}" change="changeInClientDetails" value="{Zzclntgrpdesc}"/>
					<!--
<Label text="{i18n>CdetailBDLabelText4}"/>
          <DatePicker id="ChgBDVVD" valueStateText="{i18n>CdetailBDValueStateText3}" valueFormat="yyyy-MM-dd" displayFormat="yyyy-MM-dd"
            value="{ path: 'Zzvatvaldt', formatter: '.formatter.myDate1'}"/>
-->
					<Label text="{i18n>CdetailBDLabelText2}"/>
					<Switch id="ChgBDPO" change="handleSwitchClientChange" state="{ path:'Zzporqrd', formatter:'.formatter.myBooleanV' }"
						customTextOn="{i18n>CdetailODLabelText18}" customTextOff="{i18n>CdetailODLabelText19}" enabled="{worklistView>/editScreen}"/>
					<Label text="{i18n>CdetailBDLabelText3}"/>
					<Switch id="ChgBDSA" change="handleSwitchClientChange" state="{ path:'Zzsanction', formatter:'.formatter.myBooleanV' }"
						customTextOn="{i18n>CdetailODLabelText18}" customTextOff="{i18n>CdetailODLabelText19}" enabled="{worklistView>/editScreen}"/>
				</f:content>
			</f:SimpleForm>
		</l:content>
	</l:Grid>
</core:FragmentDefinition>