<core:FragmentDefinition xmlns:core="sap.ui.core" xmlns:smartField="sap.ui.comp.smartfield" xmlns:f="sap.ui.layout.form"
	xmlns:l="sap.ui.layout" xmlns="sap.m">
	<l:Grid defaultSpan="L12 M12 S12" width="auto">
		<l:content>
			<f:SimpleForm class="editableForm" columnsL="2" columnsM="2" editable="true" emptySpanL="0" emptySpanM="0" id="FormDisplay354CA"
				labelSpanL="4" labelSpanM="4" layout="ResponsiveGridLayout" maxContainerCols="2" minWidth="1024">
				<f:content>
					<core:Title text=""/>
					<Label text="{i18n>CdetailGDLabelText2}" tooltip="{i18n>CdetailGDLabelText2}" required="true"/>
					<!--<Text text="{Sptxt}"/>-->
					<smartField:SmartField editable="{worklistView>/editScreen}"  change="changeInClientDetails" value="{Sptxt}">
							<smartField:configuration>
					<smartField:Configuration preventInitialDataFetchInValueHelpDialog="false"/>
				</smartField:configuration>
			</smartField:SmartField>
					<!--	<Label text="{i18n>CdetailCALabelText1}" tooltip="{i18n>CdetailCALabelText1}"/>
					<Text text="{Name1} {Line1} {Line2} {Line3} {Line4}"/>-->
					<Label text="{i18n>CdetailIALabelText1}" tooltip="{i18n>CdetailIALabelText1}"/>
					<l:Grid defaultSpan="L12 M12 S12" hSpacing="0" vSpacing="0">
						<VBox id="displayAddress" >
							<HBox justifyContent="SpaceBetween">
								<Text text="{Iname1}"></Text>
								<Button icon="sap-icon://edit" press="addressEdit" enabled="{worklistView>/editScreen}"/>
							</HBox>
							<Text text="{Iline1}"></Text>
							<Text text="{Iline2}"></Text>
							<Text text="{Iline3}"></Text>
							<Text text="{Iline4}"></Text>
						</VBox>
						<VBox id="editAddress" visible="false">
							<HBox justifyContent="End">
								<Button icon="sap-icon://display" press="addressDisplay"></Button>
							</HBox>
							<Input value="{Iname1}" placeholder="Name" change="changeInClientDetails"></Input>
							<Input value="{Iline1}" change="changeInClientDetails" placeholder="line 1"></Input>
							<Input value="{Iline2}" change="changeInClientDetails" placeholder="line 2"></Input>
							<Input value="{Iline3}" change="changeInClientDetails" placeholder="City"></Input>
							<Input value="{Iline4}" change="changeInClientDetails" placeholder="State"></Input>
						</VBox>
					</l:Grid>
					<!--<TextArea rows="4"  change="changeInClientDetails" value="{Iname1} &#xA; {Iline1}  {Iline2} &#xA; {Iline3} &#xA; {Iline4}"/>-->
					<core:Title text=""/>
					<Label text="{i18n>CdetailCALabelText7}" tooltip="{i18n>CdetailCALabelText7}"/>
					<Input enabled="{worklistView>/editScreen}" liveChange="changeInClientAdd" value="{Fax}"/>
					<!--<Button icon="sap-icon://fax-machine" visible="false" enabled="false" text="{Fax}" tooltip="{i18n>CdetailCALabelText7}" type="Accept"/>-->
					<Label text="{i18n>CdetailCALabelText6}" tooltip="{i18n>CdetailCALabelText6}"/>
					<Input enabled="{worklistView>/editScreen}" liveChange="changeInClientAdd" value="{Phone}" />
					<!--<Button icon="sap-icon://call" enabled="{ path:'Phone', formatter:'.formatter.myVisiblePhEm' }" text="{Phone}" press="handlePhonePress" tooltip="{i18n>CdetailCALabelText6}" type="Accept"/>-->
					<Label text="{i18n>CdetailCALabelText8}" tooltip="{i18n>CdetailCALabelText8}"/>
					<smartField:SmartField editable="{worklistView>/editScreen}"  change="changeInClientDetails" value="{Email}"/>
					<!--<Button icon="sap-icon://email" enabled="{ path:'Email', formatter:'.formatter.myVisiblePhEm' }" text="{Email}" press="handleEmailPress" tooltip="{i18n>CdetailCALabelText8}" type="Accept"/>-->
				</f:content>
			</f:SimpleForm>
		</l:content>
	</l:Grid>
</core:FragmentDefinition>