<core:FragmentDefinition xmlns:core="sap.ui.core"  xmlns:smartField="sap.ui.comp.smartfield"  xmlns:f="sap.ui.layout.form" xmlns:l="sap.ui.layout" xmlns="sap.m">
<l:Grid defaultSpan="L12 M12 S12" width="auto">
<l:content>
<f:SimpleForm class="editableForm" columnsL="2" columnsM="2" editable="true" emptySpanL="0" emptySpanM="0" id="FormChange354ST" labelSpanL="4" labelSpanM="4" title="{i18n>CdetailCSLabelTitle1}" layout="ResponsiveGridLayout" maxContainerCols="2" minWidth="1024" visible="true">
<f:content>
<Label text="{i18n>CdetailGDLabelText10}"/>
<Switch customTextOff="{i18n>CdetailSwitchLabelN}" customTextOn="{i18n>CdetailSwitchLabelY}" id="ChgGDAC" state="{ path:'Zzcolco', formatter:'.formatter.myBooleanAC' }"/>
<Label text="{i18n>CdetailCSLabelText3}"/>
<Input id="ChgCSCC" value="{Zzcoleccatcd}" showValueHelp="true" fieldWidth="35%" description="{Zzcoleccatdesc}" valueHelpRequest="handleValueHelpChgCSCC"/>
<core:Title text=""/>
<Label text="" tooltip=""/>
<CheckBox id="ChgCPCB" selected="{ path:'Xblck', formatter:'.formatter.myBoolean' }" text="{i18n>CdetailCSLabelText1}"/>
<Label text="" tooltip=""/>
<CheckBox id="ChgCPNR" selected="{ path:'NotReleased', formatter:'.formatter.myBoolean' }" text="{i18n>CdetailCSLabelText2}"/>
</f:content>
</f:SimpleForm>
</l:content>
</l:Grid>
</core:FragmentDefinition>