<core:FragmentDefinition xmlns:core="sap.ui.core" xmlns:smartField="sap.ui.comp.smartfield" xmlns:f="sap.ui.layout.form"
	xmlns:l="sap.ui.layout" xmlns="sap.m">
	<l:Grid defaultSpan="L12 M12 S12" width="auto">
		<l:content>
			<f:SimpleForm class="editableForm" columnsL="2" columnsM="2" editable="true" emptySpanL="0" emptySpanM="0" id="FormChange354GD"
				labelSpanL="5" labelSpanM="5" layout="ResponsiveGridLayout" maxContainerCols="2" minWidth="1024" visible="true">
				<f:content>
					<core:Title text=""/>
					<Label text="{i18n>CdetailGDLabelText26}"/>
					<!--	<Input id="ChgGDCY" value="{Kukla}" showValueHelp="true" fieldWidth="35%" description="{Kukladesc}"
						enabled="{ path:'Auth', formatter:'.formatter.myBoolean' }" valueHelpRequest="handleValueHelpChgGDCY"/>-->
					<smartField:SmartField editable="{worklistView>/editScreen}" change="changeInClientDetails" value="{Kukladesc}">
						<smartField:configuration>
							<smartField:Configuration preventInitialDataFetchInValueHelpDialog="false"/>
						</smartField:configuration>
					</smartField:SmartField>
					<Label text="{i18n>CdetailGDLabelText7}" tooltip="{i18n>CdetailGDLabelText7}" required="true"/>
					<!--<Text text="{ path: 'Zzopendate', formatter: '.formatter.myDate' }"/>-->
					<DatePicker id="ChgGDVD2" change="changeInClientDetails" valueFormat="yyyy-MM-dd" displayFormat="yyyy-MM-dd"
						valueStateText="{i18n>CdetailBDValueStateText3}" value="{path:'Zzopendate',formatter:'.formatter.myDate1'}"
						enabled="{worklistView>/editScreen}"/>
					<Label text="{i18n>CdetailGDLabelText21}" tooltip="{i18n>CdetailGDLabelText21}"/>
					<!--<Text text="{ path: 'Zzclosedate', formatter: '.formatter.myDate' }"/>-->
					<DatePicker id="ChgGDVD3" change="changeInClientDetails" valueFormat="yyyy-MM-dd" displayFormat="yyyy-MM-dd"
						valueStateText="{i18n>CdetailBDValueStateText3}" value="{path:'Zzclosedate',formatter:'.formatter.myDate1'}"
						enabled="{worklistView>/editScreen}"/>
					<Label id="LblGDGU" text="{i18n>CdetailGDLabelText5}"/>
					<!--	<Input id="ChgGDGU" value="{Zzglobalultimate}" valueStateText="{i18n>CdetailGDValueStateText1}" liveChange="handleLiveChgGD"
						enabled="{ path:'Auth', formatter:'.formatter.myBoolean' }"/>-->
					<smartField:SmartField editable="{worklistView>/editScreen}" change="changeInClientDetails" value="{Zzglobalultimate}"/>
					<Label id="LblGDDN" text="{i18n>CdetailGDLabelText6}"/>
					<!--	<Input id="ChgGDDN" value="{Zzdunsnumber}" valueStateText="{i18n>CdetailGDValueStateText2}" liveChange="handleLiveChgGD"
						enabled="{ path:'Auth', formatter:'.formatter.myBoolean' }"/>-->
					<smartField:SmartField editable="{worklistView>/editScreen}" change="changeInClientDetails" value="{Zzdunsnumber}"/>
					<Label text="{i18n>CdetailGDLabelGroup}"/>
					<smartField:SmartField editable="{worklistView>/editScreen}" change="changeInClientDetails" value="{Zzclntgrp}"/>
					<Label text="{i18n>CdetailGDLabelText22}"/>
					<!--<Input id="ChgGDCP" value="{Zzclntprg}" showValueHelp="true" fieldWidth="35%" description="{Zzclntprgdesc}"
						enabled="{ path:'Auth', formatter:'.formatter.myBoolean' }" valueHelpRequest="handleValueHelpChgGDCP"/>-->
					<smartField:SmartField editable="{worklistView>/editScreen}" change="changeInClientDetails" value="{Zzclntprgdesc}">
						<smartField:configuration>
							<smartField:Configuration preventInitialDataFetchInValueHelpDialog="false"/>
						</smartField:configuration>
					</smartField:SmartField>
					<Label text="{i18n>CdetailGDLabelText23}"/>
					<!--	<Input id="ChgGDCT" value="{Zzclnttradeas}" enabled="{ path:'Auth', formatter:'.formatter.myBoolean' }"/>-->
					<smartField:SmartField editable="{worklistView>/editScreen}" change="changeInClientDetails" value="{Zzclnttradeas}"/>
					<Label text="{i18n>CdetailGDLabelText24}"/>
					<!--	<Input id="ChgGDSC" value="{Zzsiccd}" showValueHelp="true" fieldWidth="35%" description="{Zzsiccddesc}"
						enabled="{ path:'Auth', formatter:'.formatter.myBoolean' }" valueHelpRequest="handleValueHelpChgGDSC"/>-->
					<smartField:SmartField editable="{worklistView>/editScreen}" change="changeInClientDetails" value="{Zzsiccddesc}">
						<smartField:configuration>
							<smartField:Configuration preventInitialDataFetchInValueHelpDialog="false"/>
						</smartField:configuration>
					</smartField:SmartField>
					<core:Title text=""/>
					<Label text="{i18n>CdetailGDLabelText14}" visible="{ path:'Stcd1v', formatter:'.formatter.myVisibleGD' }"/>
					<!--	<Input id="ChgGDT1" value="{Stcd1}" visible="{ path:'Stcd1v', formatter:'.formatter.myVisibleGD' }"/>-->
					<smartField:SmartField editable="{worklistView>/editScreen}" change="changeInClientDetails" value="{Stcd1}"/>
					<Label text="{i18n>CdetailGDLabelText15}" visible="{ path:'Stcd2v', formatter:'.formatter.myVisibleGD' }"/>
					<!--	<Input id="ChgGDT2" value="{Stcd2}" visible="{ path:'Stcd2v', formatter:'.formatter.myVisibleGD' }"/>-->
					<smartField:SmartField editable="{worklistView>/editScreen}" change="changeInClientDetails" value="{Stcd2}"/>
					<Label text="{i18n>CdetailGDLabelText16}" visible="{ path:'Stcd3v', formatter:'.formatter.myVisibleGD' }"/>
					<!--	<Input id="ChgGDT3" value="{Stcd3}" visible="{ path:'Stcd3v', formatter:'.formatter.myVisibleGD' }"/>-->
					<smartField:SmartField editable="{worklistView>/editScreen}" change="changeInClientDetails" value="{Stcd3}"/>
					<Label text="{i18n>CdetailGDLabelText17}" visible="{ path:'Stcd4v', formatter:'.formatter.myVisibleGD' }"/>
					<!--	<Input id="ChgGDT4" value="{Stcd4}" visible="{ path:'Stcd4v', formatter:'.formatter.myVisibleGD' }"/>-->
					<smartField:SmartField editable="{worklistView>/editScreen}" change="changeInClientDetails" value="{Stcd4}"/>
					<Label text="{i18n>CdetailGDLabelText18}" visible="{ path:'Stcd5v', formatter:'.formatter.myVisibleGD' }"/>
					<!--	<Input id="ChgGDT5" value="{Stcd5}" visible="{ path:'Stcd5v', formatter:'.formatter.myVisibleGD' }"/>-->
					<smartField:SmartField editable="{worklistView>/editScreen}" change="changeInClientDetails" value="{Stcd5}"/>
					<Label text="{i18n>CdetailGDLabelText19}" visible="{ path:'Stcegv', formatter:'.formatter.myVisibleGD' }"/>
					<!--	<Input id="ChgGDVA" value="{Stceg}" visible="{ path:'Stcegv', formatter:'.formatter.myVisibleGD' }"/>-->
					<smartField:SmartField editable="{worklistView>/editScreen}" change="changeInClientDetails" value="{Stceg}"/>
					<Label text="{i18n>CdetailGDLabelText25}" tooltip="{i18n>CdetailGDLabelText25}"/>
					<DatePicker change="changeInClientDetails" id="ChgGDVD" valueFormat="yyyy-MM-dd" displayFormat="yyyy-MM-dd"
						valueStateText="{i18n>CdetailBDValueStateText3}" value="{path:'Zzvatvaldt',formatter:'.formatter.myDate1'}"
						enabled="{worklistView>/editScreen}"/>
					<Label text="{i18n>CdetailGDLabelText20}"/>
					<smartField:SmartField editable="{worklistView>/editScreen}" change="changeInClientDetails" value="{Txjcddesc}"/>
					<Label text="{i18n>CdetailGDLabelText12}"/>
					<Switch customTextOff="{i18n>CdetailSwitchLabelN}" change="handleSwitchClientChange" customTextOn="{i18n>CdetailSwitchLabelY}" id="ChgGDP"
						state="{ path:'Zzpriconf', formatter:'.formatter.myBooleanV' }" enabled="{worklistView>/editScreen}"/>
					<!--<Input id="ChgGDTJ" name="{Land1}" value="{Txjcd}" showValueHelp="true" fieldWidth="35%" description="{TxjcdDesc}"
						valueHelpRequest="handleValueHelpChgGDTJ"/>-->
					<!--
showSuggestion="true" suggestionItemSelected="handleSuggestChgGDTJSel" suggestionItems="{oF4>/TaxJurSet}">
            <suggestionItems>
              <core:ListItem text="{oF4>Text1}" additionalText="{oF4>Txjcd}" key="{oF4>Txjcd}"/>
            </suggestionItems>
          </Input>
-->
					<core:InvisibleText id="ChgGDUD" text="{Udmbp}"/>
					<core:InvisibleText id="ChgGDAU" text="{Auth}"/>
				</f:content>
			</f:SimpleForm>
		</l:content>
	</l:Grid>
</core:FragmentDefinition>