<core:FragmentDefinition xmlns:core="sap.ui.core" xmlns:smartField="sap.ui.comp.smartfield"  xmlns:f="sap.ui.layout.form" xmlns:l="sap.ui.layout" xmlns="sap.m">
	<l:Grid defaultSpan="L12 M12 S12" width="auto">
		<l:content>
			<f:SimpleForm class="editableForm" columnsL="2" columnsM="2" editable="true" emptySpanL="5" emptySpanM="5" id="FormDisplay354SelectLE"
				labelSpanL="4" labelSpanM="4" layout="ResponsiveGridLayout" maxContainerCols="2" minWidth="1024">
				<f:content>
					<core:Title text=""/>
					<Label text="{i18n>CdetailLETableTitle1}" tooltip="{i18n>CdetailLETableTitle1}" required="true"/>
			<!--		<Select xmlns="sap.m" change="handleSelectLE" id="ChgLELE"/>-->
					<smartField:SmartField editable="{worklistView>/editScreen}"  change="changeInClientDetails" value="{Vkorgdesc}">
							<smartField:configuration>
					<smartField:Configuration preventInitialDataFetchInValueHelpDialog="false"/>
				</smartField:configuration>
			</smartField:SmartField>
				</f:content>
			</f:SimpleForm>
		</l:content>
	</l:Grid>
	<IconTabBar expanded="{device>/isNoPhone}" id="idIconTabBarLE" select="onTabSelect">
		<items id="detailsItems">
			<IconTabFilter id="PD" key="ClientLEntityToClientBP" text="{i18n>CdetailLETableTitle2}">
				<content>
					<core:Fragment fragmentName="cminewrequest.fragments.Clients.LE.PD" type="XML"/>
					<!--<core:Fragment fragmentName="cminewrequest.fragments.change.LE.PD" type="XML"/>-->
				</content>
			</IconTabFilter>
			<IconTabFilter id="WD" text="{i18n>CdetailLETableTitle3}">
				<content>
					<core:Fragment fragmentName="cminewrequest.fragments.Clients.LE.WD" type="XML"/>
					<!--<core:Fragment fragmentName="cminewrequest.fragments.change.LE.WD" type="XML"/>-->
				</content>
			</IconTabFilter>
			<IconTabFilter id="idCorresStep" key="ClientLEntityToClientCdata" text="{i18n>CdetailLETableTitle4}">
				<content>
					<core:Fragment fragmentName="cminewrequest.fragments.Clients.LE.CD" type="XML"/>
					<!--<core:Fragment fragmentName="cminewrequest.fragments.change.LE.CD" type="XML"/>-->
				</content>
			</IconTabFilter>
			<IconTabFilter id="CP" text="{i18n>CdetailLETableTitle5}" visible="false">
				<content>
					<core:Fragment fragmentName="cminewrequest.fragments.Clients.LE.CP" type="XML"/>
					<!--<core:Fragment fragmentName="cminewrequest.fragments.change.LE.CP" type="XML"/>-->
				</content>
			</IconTabFilter>
			<core:ExtensionPoint name="extIconTabFilter"/>
		</items>
	</IconTabBar>
</core:FragmentDefinition>