<core:FragmentDefinition xmlns:smartField="sap.ui.comp.smartfield" xmlns="sap.m" xmlns:l="sap.ui.layout" xmlns:f="sap.ui.layout.form"
	xmlns:core="sap.ui.core">
	<l:Grid defaultSpan="L12 M12 S12" width="auto">
		<l:content>
			<f:SimpleForm id="FormChange354OD1" visible="true" minWidth="1024" maxContainerCols="2" editable="true" layout="ResponsiveGridLayout"
				labelSpanL="5" labelSpanM="5" emptySpanL="0" emptySpanM="0" columnsL="2" columnsM="2" class="editableForm">
				<f:content>
					<core:Title text=""/>
					<Label id="LblODDBF" text="{i18n>CdetailODLabelText3}" required="false"/>
					<!--	<Input id="ChgODDBF" description="{Dbvtext}" fieldWidth="40%" value="{Zzdrftformat}" valueStateText="{i18n>CdetailODValueStateText2}"
						liveChange="handleLiveChgOD" showValueHelp="true" valueHelpRequest="handleValueHelpChgODDBF"/>-->
					<smartField:SmartField editable="{worklistView>/editScreen}"  change="changeInClientDetails" value="{Dbvtext}">
							<smartField:configuration>
					<smartField:Configuration preventInitialDataFetchInValueHelpDialog="false"/>
				</smartField:configuration>
			</smartField:SmartField>
					<Label id="LblODFBF" text="{i18n>CdetailODLabelText4}" required="false"/>
					<!--			<Input id="ChgODFBF" description="{Fbvtext}" fieldWidth="40%" value="{Zzfnalformat}" valueStateText="{i18n>CdetailODValueStateText3}"
						liveChange="handleLiveChgOD" showValueHelp="true" valueHelpRequest="handleValueHelpChgODFBF"/>-->
					<smartField:SmartField editable="{worklistView>/editScreen}"  change="changeInClientDetails" value="{Fbvtext}">
							<smartField:configuration>
					<smartField:Configuration preventInitialDataFetchInValueHelpDialog="false"/>
				</smartField:configuration>
			</smartField:SmartField>
					<Label id="LblODTD" text="{i18n>CdetailODLabelText5}" required="false"/>
					<!--					<Input id="ChgODTD" description="{Tdtext}" fieldWidth="40%" value="{Zztmdtl}" valueStateText="{i18n>CdetailODValueStateText4}"
						liveChange="handleLiveChgOD" showValueHelp="true" valueHelpRequest="handleValueHelpChgODTD"/>-->
					<smartField:SmartField editable="{worklistView>/editScreen}"  change="changeInClientDetails" value="{Tdtext}">
							<smartField:configuration>
					<smartField:Configuration preventInitialDataFetchInValueHelpDialog="false"/>
				</smartField:configuration>
			</smartField:SmartField>
					<Label id="LblODTK" text="{i18n>CdetailODLabelText6}" required="false"/>
					<!--			<Input id="ChgODTK" description="{Tstext}" fieldWidth="40%" value="{Zztksumry}" valueStateText="{i18n>CdetailODValueStateText5}"
						liveChange="handleLiveChgOD" showValueHelp="true" valueHelpRequest="handleValueHelpChgODTK"/>-->
					<smartField:SmartField editable="{worklistView>/editScreen}"  change="changeInClientDetails" value="{Tstext}">
							<smartField:configuration>
					<smartField:Configuration preventInitialDataFetchInValueHelpDialog="false"/>
				</smartField:configuration>
			</smartField:SmartField>
					<core:Title text=""/>
					<Label id="LblODCD" text="{i18n>CdetailODLabelText7}" required="false"/>
					<!--<Input id="ChgODCD" description="{Cstext}" fieldWidth="40%" value="{Zzcstdtsumry}" valueStateText="{i18n>CdetailODValueStateText6}"
						liveChange="handleLiveChgOD" showValueHelp="true" valueHelpRequest="handleValueHelpChgODCD"/>-->
					<smartField:SmartField editable="{worklistView>/editScreen}"  change="changeInClientDetails" value="{Zzcstdtsumry}"/>
					<Label text="{i18n>CdetailODLabelText15}"/>
					<Switch id="ChgODPN1" change="handleSwitchClientChange" state="{ path:'Zzpageno', formatter:'.formatter.myBooleanV' }" customTextOn="{i18n>CdetailODLabelText18}"
						customTextOff="{i18n>CdetailODLabelText19}" enabled="{worklistView>/editScreen}"/>
					<Label text="{i18n>CdetailODLabelText16}"/>
					<Switch id="ChgODRP1" change="handleSwitchClientChange" state="{ path:'Zzremit', formatter:'.formatter.myBooleanV' }" customTextOn="{i18n>CdetailODLabelText18}"
						customTextOff="{i18n>CdetailODLabelText19}" enabled="{worklistView>/editScreen}"/>
					<!--

          <Label text="{i18n>CdetailODLabelText17}"/>
          <Switch id="ChgODWO" state="{ path:'Zzsumwo', formatter:'.formatter.myBooleanBDOD' }"
            customTextOn="{i18n>CdetailODLabelText18}" customTextOff="{i18n>CdetailODLabelText19}"/>
            
-->
				</f:content>
			</f:SimpleForm>
		</l:content>
	</l:Grid>
</core:FragmentDefinition>