<edmx:Edmx
    xmlns:edmx="http://schemas.microsoft.com/ado/2007/06/edmx"
    xmlns:m="http://schemas.microsoft.com/ado/2007/08/dataservices/metadata"
    xmlns:sap="http://www.sap.com/Protocols/SAPData" Version="1.0">
    <edmx:DataServices m:DataServiceVersion="2.0">
        <Schema
            xmlns="http://schemas.microsoft.com/ado/2008/09/edm" Namespace="ZPRS_EB_RECORDS_SRV" xml:lang="en" sap:schema-version="1">
            <EntityType Name="Generatebarcode" sap:content-version="1">
                <Key>
                    <PropertyRef Name="Workingofficek"/>
                    <PropertyRef Name="Barcode"/>
                </Key>
                <Property Name="Workingofficek" Type="Edm.String" Nullable="false" MaxLength="4" sap:unicode="false" sap:label="Working office"/>
                <Property Name="Workingoffice" Type="Edm.String" Nullable="false" MaxLength="30" sap:unicode="false" sap:label="Working Office Name"/>
                <Property Name="Numberofbarcodes" Type="Edm.Int16" Nullable="false" sap:unicode="false" sap:label="No. of Barcodes"/>
                <Property Name="Barcode" Type="Edm.String" Nullable="false" MaxLength="15" sap:unicode="false" sap:label="Barcode"/>
            </EntityType>
            <EntityType Name="VL_SH_ZPRS_SH_WORKING_OFFICE_F" sap:content-version="1">
                <Key>
                    <PropertyRef Name="WERKS"/>
                    <PropertyRef Name="NAME1"/>
                </Key>
                <Property Name="WERKS" Type="Edm.String" Nullable="false" MaxLength="4" sap:display-format="UpperCase" sap:label="Working Office"/>
                <Property Name="NAME1" Type="Edm.String" Nullable="false" MaxLength="40" sap:display-format="UpperCase" sap:label="Working Office Name"/>
            </EntityType>
            <EntityContainer Name="ZPRS_EB_RECORDS_SRV_Entities" m:IsDefaultEntityContainer="true" sap:supported-formats="atom json xlsx">
                <EntitySet Name="Generatebarcodes" EntityType="ZPRS_EB_RECORDS_SRV.Generatebarcode" sap:creatable="false" sap:updatable="false" sap:deletable="false" sap:pageable="false" sap:addressable="false" sap:content-version="1"/>
                <EntitySet Name="VL_SH_ZPRS_SH_WORKING_OFFICE_F" EntityType="ZPRS_EB_RECORDS_SRV.VL_SH_ZPRS_SH_WORKING_OFFICE_F" sap:creatable="false" sap:updatable="false" sap:deletable="false" sap:content-version="1" sap:countable="false"/>
            </EntityContainer>
            <Annotations
                xmlns="http://docs.oasis-open.org/odata/ns/edm" Target="ZPRS_EB_RECORDS_SRV.Generatebarcode/Workingofficek">
                <Annotation Term="com.sap.vocabularies.Common.v1.ValueList">
                    <Record>
                        <PropertyValue Property="Label" String="Search Help for Office"/>
                        <PropertyValue Property="CollectionPath" String="VL_SH_ZPRS_SH_WORKING_OFFICE_F"/>
                        <PropertyValue Property="SearchSupported" Bool="true"/>
                        <PropertyValue Property="Parameters">
                            <Collection>
                                <Record Type="com.sap.vocabularies.Common.v1.ValueListParameterInOut">
                                    <PropertyValue Property="LocalDataProperty" PropertyPath="Workingofficek"/>
                                    <PropertyValue Property="ValueListProperty" String="WERKS"/>
                                </Record>
                                <Record Type="com.sap.vocabularies.Common.v1.ValueListParameterInOut">
                                    <PropertyValue Property="LocalDataProperty" PropertyPath="Workingoffice"/>
                                    <PropertyValue Property="ValueListProperty" String="NAME1"/>
                                </Record>
                            </Collection>
                        </PropertyValue>
                    </Record>
                </Annotation>
            </Annotations>
            <atom:link
                xmlns:atom="http://www.w3.org/2005/Atom" rel="self" href="./sap/ZPRS_RECORDS_SRV/$metadata"/>
                <atom:link
                    xmlns:atom="http://www.w3.org/2005/Atom" rel="latest-version" href="./sap/ZPRS_RECORDS_SRV/$metadata"/>
                </Schema>
            </edmx:DataServices>
        </edmx:Edmx>