<core:FragmentDefinition xmlns="sap.m" xmlns:l="sap.ui.layout" xmlns:core="sap.ui.core"
	xmlns:app="http://schemas.sap.com/sapui5/extension/sap.ui.core.CustomData/1" xmlns:smartField="sap.ui.comp.smartfield"
	xmlns:smartform="sap.ui.comp.smartform" xmlns:smartFilterBar="sap.ui.comp.smartfilterbar">
	<Dialog beforeClose="beforeCloseAddEditDialog" contentWidth="auto" showHeader="true" title="{i18n>Filter}"
		class="sapUiSizeCompact sapUiNoContentPadding">
		<content>
			<VBox fitContainer="true">
				<!--<Button id="toggleUpdateMode" text="Change to 'LiveMode'" press="toggleUpdateMode"></Button>-->
				<smartFilterBar:SmartFilterBar id="smartFilterBar" persistencyKey="UniqueAndStablePersistencyKey" considerSelectionVariants="true"
					entitySet="Dbheaders" beforeVariantSave="onBeforeVariantSave" beforeVariantFetch="onBeforeVariantFetch"
					afterVariantLoad="onAfterVariantLoad" search=".leftColumn.onSmartSearch">
					<smartFilterBar:controlConfiguration>
						<smartFilterBar:ControlConfiguration key="Parent" index="1" label="{i18n>filterBarLblPNode}" visibleInAdvancedArea="true"/>
						<smartFilterBar:ControlConfiguration key="Parentk" index="2" label="{i18n>filterBarLblPNodeDes}" visibleInAdvancedArea="true"/>
						<smartFilterBar:ControlConfiguration key="Draftbill" index="3" label="{i18n>LblDraftBill}" visibleInAdvancedArea="true"/>
						<smartFilterBar:ControlConfiguration key="Matterk" index="4" label="{i18n>LblMatter}" visibleInAdvancedArea="true"/>
						<smartFilterBar:ControlConfiguration key="Matter" index="5" label="{i18n>LblMatterName}" visibleInAdvancedArea="true"/>
						<smartFilterBar:ControlConfiguration key="Mattergroup" index="6" label="{i18n>LblMatterGrpName}" visibleInAdvancedArea="true"/>
						<smartFilterBar:ControlConfiguration key="Mattergroupk" index="7" label="{i18n>LblMatterGroup}" visibleInAdvancedArea="true"/>
						<smartFilterBar:ControlConfiguration key="Draftbillstatus" index="8" label="{i18n>LblDBStatus}" visibleInAdvancedArea="true"/>
					</smartFilterBar:controlConfiguration>
				</smartFilterBar:SmartFilterBar>
			</VBox>
		</content>
		<beginButton>
			<Button text="{i18n>Cancel}" press=".leftColumn.onCloseFilterDialog"/>
		</beginButton>
		<!--	<endButton>
			<Button text="{i18n>Go}"  press="onFilterDraftBill" />
		</endButton>-->
	</Dialog>
</core:FragmentDefinition>