<core:FragmentDefinition xmlns="sap.m" xmlns:mvc="sap.ui.core.mvc" xmlns:semantic="sap.m.semantic" xmlns:u="sap.ui.unified"
	xmlns:l="sap.ui.layout" xmlns:core="sap.ui.core" xmlns:forms="sap.ui.layout.form" xmlns:footerbar="sap.ushell.ui.footerbar"
	xmlns:html="http://www.w3.org/1999/xhtml" xmlns:smartFilterBar="sap.ui.comp.smartfilterbar"
	xmlns:app="http://schemas.sap.com/sapui5/extension/sap.ui.core.CustomData/1" xmlns:t="sap.ui.table">

	<List id="Tree" items="{path: '/Dbheaders', filters : [ { path : 'Filterby', operator : 'EQ', value1 : ' '} ]}"
		updateFinished=".leftColumn.masterListUpdateFinished">
		<CustomListItem>
			<Panel expandable="true" expandAnimation="{appSettings>/panelAnimation}" expanded="false" class="sapUiResponsiveMargin" expand=".leftColumn.onMasterExpand">
				<headerToolbar>
					<Toolbar height="2.5rem" style="Clear">
						<CheckBox select=".leftColumn.selectAllClientGroup"/>
						<Title wrapping="true" design="Normal" text="{Parentkmap} {Parent}({Count})"/>
						<ToolbarSpacer/>
					</Toolbar>
				</headerToolbar>
				<content>
					<List id="oListItem" mode="MultiSelect" updateFinished=".leftColumn.innerListUpdateFinished" selectionChange=".leftColumn.onMasterChange">
						<CustomListItem >
							<l:VerticalLayout>
								<ObjectHeader
		
		title="{ parts: [ 'Draftbill', 'Level' ], formatter: '.leftColumn.onRowRender' }"
		condensed="true"
		number="{ path: 'Total',type: 'sap.ui.model.type.Float'}"
		numberUnit="{Currency}" class="cusMstrObjHeader" />
								
								<!--<ObjectNumber  number="{ parts: [ 'Draftbill', 'Level' ], formatter: '.leftColumn.onRowRender' }"/>-->
								<ObjectAttribute text="{Parent}"/>
								<!--<ObjectNumber number="{ path: 'Total',type: 'sap.ui.model.type.Float'}"	unit="{Currency}" visible="{ parts: [ 'Level' ], formatter: '.leftColumn.setVisibility' }"/>-->
							
							
							
								<ObjectAttribute text="{Matterk} {Matter}" />
								<ObjectAttribute title="MRG" text="{= ${Mattergroup} === '' ? ${Mattergroupk} : ${Mattergroup}}" visible="{= ${Mattergroupk} === '' ? false : true }"/>
								<ObjectStatus state="{path:'Draftbillstatusk',formatter:'.leftColumn.stateCheck'}" text="{Draftbillstatus}" tooltip="{Draftbillstatus}"/>
								<ObjectStatus title="Reviewed" state="{ parts: [ 'Prevreviewedk' ], formatter: '.leftColumn.statusPrevreviewed'}" text="{ parts: [ 'Prevreviewedk' ], formatter: '.leftColumn.dispPrevreviewed' }" visible="{ parts: [ 'Level' ], formatter: '.leftColumn.setVisibility' }"/>
							</l:VerticalLayout>
						</CustomListItem>
					</List>
				</content>
			</Panel>
		</CustomListItem>
	</List>
</core:FragmentDefinition>