<core:FragmentDefinition xmlns="sap.m" xmlns:mvc="sap.ui.core.mvc" xmlns:semantic="sap.m.semantic" xmlns:u="sap.ui.unified"
	xmlns:l="sap.ui.layout" xmlns:core="sap.ui.core" xmlns:forms="sap.ui.layout.form" xmlns:footerbar="sap.ushell.ui.footerbar"
	xmlns:html="http://www.w3.org/1999/xhtml" xmlns:smartFilterBar="sap.ui.comp.smartfilterbar"
	xmlns:app="http://schemas.sap.com/sapui5/extension/sap.ui.core.CustomData/1" xmlns:t="sap.ui.table">
	<Bar id="headerBar">
		<contentMiddle>
			<SearchField id="searchField" showRefreshButton="{= !${device>/support/touch} }" tooltip="{i18n>masterSearchTooltip}" width="100%"
				search="onSearch"></SearchField>
		</contentMiddle>
		<contentRight>
			<Button icon="sap-icon://expand-group" press=".leftColumn.onPressMaster"/>
			<Button icon="sap-icon://filter" press=".leftColumn.onfilter"/>
		</contentRight>
	</Bar>
	<SegmentedButton selectedKey="R" selectionChange=".leftColumn.onMasterFilterChange">
		<items>
			<SegmentedButtonItem key="A" tooltip="Approved" icon="sap-icon://BusinessSuiteInAppSymbols/icon-completed" text="Approved"/>
			<SegmentedButtonItem key="R" tooltip="Reviewed" icon="sap-icon://BusinessSuiteInAppSymbols/icon-review-supplies" text="Reviewed"/>
			<SegmentedButtonItem key="AL" tooltip="All" icon="sap-icon://BusinessSuiteInAppSymbols/icon-union" text="All"/>
		</items>
	</SegmentedButton>


<!--	<List id="Tree" items="{path: '/Dbheaders'}">
		<CustomListItem>
			<HBox>
				<Panel expandable="true" expanded="false"  width="275px" class="sapUiResponsiveMargin" expand=".leftColumn.onMasterExpand">
						<headerToolbar>
			<Toolbar height="3rem" style="Clear">
				<Title text="headerText" />
				<ToolbarSpacer />
				<Button icon="sap-icon://settings" />
			</Toolbar>
		</headerToolbar>
					<content>
						<List items="{path: '/Dbheaders'}">
							<CustomListItem>
								<HBox>
								
											<Text text="ashik"></Text>
									
								</HBox>
							</CustomListItem>
						</List>
					</content>
				</Panel>
			</HBox>
		</CustomListItem>
	</List>-->
	<!--	<ScrollContainer class="listTreeScroll" vertical="true" focusable="true">-->
	<!--<Tree id="Tree" items="{path: 'masterDataModel>/'}" -->
	
		 <t:TreeTable
        id="Tree"
        class="masterList"
        columnHeaderVisible="false"
        selectionBehavior="Row"
        expandFirstLevel="false"
        rowSelectionChange=".leftColumn.onMasterChange"
        selectionMode="MultiToggle"
        toggleOpenState=".leftColumn.toggleOpenState"
        visibleRowCount="15"
       
        
          rows="{path: '/Dbheaders',
          filters : [
            { path : 'Filterby', operator : 'EQ', value1 : ' '}
              ],
         
          parameters : { 
		treeAnnotationProperties: {
						hierarchyLevelFor: 'Level',
						hierarchyNodeFor: 'Id',
						hierarchyParentNodeFor: 'Parentk',
						hierarchyDrillStateFor: 'Drilldownstate'
					}
		
		}}">

        <t:columns>

            <t:Column label="Description">
                <t:template>
                   	<l:VerticalLayout>
                   								<ObjectAttribute text="{
								parts: [
									'Draftbill',
									'Level'
								],
								formatter: '.leftColumn.onRowRender'
							}" />
							
							<ObjectAttribute text="{Parent}"/>
						   <ObjectAttribute text="{Total} {Currency}" visible="{
								parts: [
									'Level'
								],
								formatter: '.leftColumn.setVisibility'
							}"/>
							<ObjectAttribute text="{Matterk} {Matter}"/>
						    <ObjectAttribute text="{Mattergroup}"/>
							<ObjectStatus 
							state="{path:'Draftbillstatusk',formatter:'.leftColumn.stateCheck'}"
							text="{Draftbillstatus}" tooltip="{Draftbillstatus}"/>
							<ObjectAttribute text="{
								parts: [
									'Prevreviewed'
								],
								formatter: '.leftColumn.dispPrevreviewed'
							}" visible="{
								parts: [
									'Level'
								],
								formatter: '.leftColumn.setVisibility'
							}"/>
						</l:VerticalLayout>
                </t:template>
            </t:Column>
        </t:columns>

    </t:TreeTable>
	
	<!--	<Tree id="Tree" items="{path: '/Dbheaders', parameters : { 
		treeAnnotationProperties: {
						hierarchyLevelFor: 'Level',
						hierarchyNodeFor: 'Id',
						hierarchyParentNodeFor: 'Parentk',
						hierarchyDrillStateFor: 'Drilldownstate'
					}
		
		}}" mode="MultiSelect" selectionChange=".leftColumn.onMasterChange"
			includeItemInSelection="true" updateFinished=".leftColumn.onMasterLoaded"
			toggleOpenState=".leftColumn.toggleOpenState" 
			growingThreshold="1000">
			<CustomTreeItem >
				<FlexBox alignItems="Start">
					<items>
						<l:VerticalLayout>
						<ObjectAttribute text="{Parent}" />
							<ObjectAttribute text="{Matterk}"/>
							<ObjectAttribute text="{Draftbill}"/>
							<ObjectStatus 
							state="{path:'Draftbillstatusk',formatter:'.leftColumn.stateCheck'}"
							text="{Draftbillstatus}" tooltip="{Draftbillstatus}"/>
						</l:VerticalLayout>
					</items>
				</FlexBox>
			</CustomTreeItem>
		</Tree>-->
	<!--	</ScrollContainer>-->
</core:FragmentDefinition>