{
    "resources": [
        {
            "name": ".project.json"
        },
        {
            "name": "view/NotFound.view.xml"
        },
        {
            "name": "view/App.view.xml"
        },
        {
            "name": "view/ViewSettingsDialog.fragment.xml"
        },
        {
            "name": "view/Detail.view.xml"
        },
        {
            "name": "view/Master.view.xml"
        },
        {
            "name": "view/DetailNoObjectsAvailable.view.xml"
        },
        {
            "name": "view/DetailObjectNotFound.view.xml"
        },
        {
            "name": "model/AttachDataCreate.json"
        },
        {
            "name": "model/DemandOfferCreate.json"
        },
        {
            "name": "model/GroupSortState.js"
        },
        {
            "name": "model/models.js"
        },
        {
            "name": "model/generalCreate.json"
        },
        {
            "name": "model/editfragData.json"
        },
        {
            "name": "model/grouper.js"
        },
        {
            "name": "model/lawSuitCreate.json"
        },
        {
            "name": "model/finalResCreate.json"
        },
        {
            "name": "model/legalTeamCreate.json"
        },
        {
            "name": "model/formatter.js"
        },
        {
            "name": "resources.json",
            "merged": true
        },
        {
            "name": "controller/ErrorHandler.js"
        },
        {
            "name": "controller/ListSelector.js"
        },
        {
            "name": "controller/Master.controller.js"
        },
        {
            "name": "controller/BaseController.js"
        },
        {
            "name": "controller/App.controller.js"
        },
        {
            "name": "controller/Detail.controller.js"
        },
        {
            "name": "i18n/i18n.properties",
            "raw": "i18n/i18n.properties"
        },
        {
            "name": "index.html"
        },
        {
            "name": "fragments/DisplayView/Invoice.fragment.xml"
        },
        {
            "name": "fragments/DisplayView/LegalTeam.fragment.xml"
        },
        {
            "name": "fragments/DisplayView/Header.fragment.xml"
        },
        {
            "name": "fragments/DisplayView/FinalResolution.fragment.xml"
        },
        {
            "name": "fragments/DisplayView/Attachment.fragment.xml"
        },
        {
            "name": "fragments/DisplayView/Accruals.fragment.xml"
        },
        {
            "name": "fragments/DisplayView/DemandOffer.fragment.xml"
        },
        {
            "name": "fragments/DisplayView/SuccessCriteria.fragment.xml"
        },
        {
            "name": "fragments/DisplayView/GeneralSection.fragment.xml"
        },
        {
            "name": "fragments/DisplayView/LawSuite.fragment.xml"
        },
        {
            "name": "fragments/dailogSearch/County.fragment.xml"
        },
        {
            "name": "fragments/dailogSearch/MatterType.fragment.xml"
        },
        {
            "name": "fragments/dailogSearch/Outcome.fragment.xml"
        },
        {
            "name": "fragments/dailogSearch/MatterSubtype.fragment.xml"
        },
        {
            "name": "fragments/dailogSearch/MatterCuky.fragment.xml"
        },
        {
            "name": "fragments/dailogSearch/SecondaryIssues.fragment.xml"
        },
        {
            "name": "fragments/dailogSearch/Payer.fragment.xml"
        },
        {
            "name": "fragments/dailogSearch/State.fragment.xml"
        },
        {
            "name": "fragments/dailogSearch/CaseType.fragment.xml"
        },
        {
            "name": "fragments/dailogSearch/CaseTypeSec.fragment.xml"
        },
        {
            "name": "fragments/dailogSearch/OutcomeSType.fragment.xml"
        },
        {
            "name": "fragments/dailogSearch/Facility.fragment.xml"
        },
        {
            "name": "fragments/dailogSearch/AttorneyId.fragment.xml"
        },
        {
            "name": "fragments/dailogSearch/Status.fragment.xml"
        },
        {
            "name": "fragments/dailogSearch/StoreNo.fragment.xml"
        },
        {
            "name": "fragments/dailogSearch/PrimaryIssues.fragment.xml"
        },
        {
            "name": "fragments/dailogSearch/PracticeArea.fragment.xml"
        },
        {
            "name": "neo-app.json"
        },
        {
            "name": "Component.js"
        },
        {
            "name": "Component-preload.js",
            "merged": true
        },
        {
            "name": "localService/mockserver.js"
        },
        {
            "name": "localService/metadata.xml"
        },
        {
            "name": "manifest.json"
        },
        {
            "name": ".user.project.json"
        }
    ]
}