{
  "routes": [
    {
      "path": "/webapp/resources",
      "target": {
        "type": "service",
        "name": "sapui5",
        "entryPath": "/resources",
        "version": "1.44.12"
      },
      "description": "SAPUI5 Resources"
    },
     {
			"path": "/resources/fgt/cmi/lib",
			"target": {
				"type": "destination",
				"name": "G4B",
				"entryPath": "/sap/bc/ui5_ui5/sap/zprs_cmi_lib_cl",
				"preferLocal": true
			},
			"description": "Component Library"
		},
    {
      "path": "/webapp/test-resources",
      "target": {
        "type": "service",
        "name": "sapui5",
        "entryPath": "/test-resources",
        "version": "1.44.12"
      },
      "description": "SAPUI5 Test Resources"
    },
    {
      "path": "/resources",
      "target": {
        "type": "service",
        "name": "sapui5",
        "entryPath": "/resources",
        "version": "1.44.12"
      },
      "description": "SAPUI5 Resources"
    },
    {
      "path": "/test-resources",
      "target": {
        "type": "service",
        "name": "sapui5",
        "entryPath": "/test-resources",
        "version": "1.44.12"
      },
      "description": "SAPUI5 Test Resources"
    },
    {
      "path": "/resources/fgt/cmi/lib",
      "target": {
        "type": "destination",
        "name": "G4B",
        "entryPath": "/sap/bc/ui5_ui5/sap/zprs_cmi_lib_cl",
        "preferLocal": true
      },
      "description": "fgt/cmi/lib Reuse Library"
    },
    {
      "path": "/sap/opu/odata",
      "target": {
        "type": "destination",
        "name": "G4B",
        "entryPath": "/sap/opu/odata"
      },
      "description": "G4B"
    }
  ]
}