{
  "run": [
    {
      "filePath": "/webapp/index.html",
      "previewMode": 1,
      "dataMode": 1,
      "workspace": "withoutWorkspace",
      "ui5ActiveVersion": "1.44.6",
      "isDefaultVersion": 1,
      "urlParameters": [
        {
          "paramName": "",
          "paramValue": ""
        }
      ],
      "hashParameter": "",
      "backendSystem": [
        {
          "source": "BCDFrontendServer",
          "destinations": "BCDFrontendServer"
        }
      ],
      "urlParametersNotNeeded": false,
      "_metadata": {
        "id": 1522258,
        "runnerId": "webapprunner",
        "displayName": "Run index.html",
        "lastRunTimeStamp": 1531379281105
      }
    },
    {
      "filePath": "/webapp/test/mockServer.html",
      "previewMode": 1,
      "dataMode": 1,
      "workspace": "withoutWorkspace",
      "ui5ActiveVersion": "1.44.6",
      "isDefaultVersion": 1,
      "urlParameters": [],
      "hashParameter": "",
      "backendSystem": [
        {
          "source": "BCDFrontendServer",
          "destinations": "BCDFrontendServer"
        }
      ],
      "_metadata": {
        "id": 5281212,
        "runnerId": "webapprunner",
        "displayName": "Run mockServer.html",
        "lastRunTimeStamp": 1530602629875
      }
    },
    {
      "filePath": "/documentation/index.html",
      "previewMode": 1,
      "dataMode": 1,
      "workspace": "withoutWorkspace",
      "ui5ActiveVersion": "1.44.6",
      "isDefaultVersion": 1,
      "urlParameters": [],
      "hashParameter": "",
      "backendSystem": [
        {
          "source": "BCDFrontendServer",
          "destinations": "BCDFrontendServer"
        }
      ],
      "_metadata": {
        "id": 6478019,
        "runnerId": "webapprunner",
        "displayName": "Run index.html 1",
        "lastRunTimeStamp": 1519374145773
      }
    }
  ]
}