{
  "welcomeFile": "/webapp/index.html",
  "routes": [
    {
      "path": "/resources",
      "target": {
        "type": "service",
        "name": "sapui5",
        "entryPath": "/resources",
        "version": "1.44.49"
      },
      "description": "SAPUI5 Resources"
    },
    {
      "path": "/sap/public/bc/ui5_ui5/1/resources/sap-ui-cachebuster",
      "target": {
        "type": "service",
        "name": "sapui5",
        "entryPath": "/resources",
        "version": "1.44.49"
      },
      "description": "SAPUI5 Resources"
    },
    {
      "path": "/test-resources",
      "target": {
        "type": "service",
        "name": "sapui5",
        "entryPath": "/test-resources",
        "version": "1.44.49"
      },
      "description": "SAPUI5 Test Resources"
    },
    {
      "path": "/services/userapi",
      "target": {
        "type": "service",
        "name": "userapi"
      }
    },
    {
      "path": "/sap/opu/odata/sap/ZLSZ_SRV/",
      "target": {
        "type": "destination",
        "name": "BCDFrontendServer",
        "entryPath": "/sap/opu/odata/sap/ZLSZ_SRV/"
      },
      "description": "BCD Frontend Server"
    }
  ],
  "sendWelcomeFileRedirect": true
}