<core:FragmentDefinition xmlns:m="sap.m" xmlns:layout="sap.ui.layout" xmlns:f="sap.ui.layout.form" xmlns:core="sap.ui.core"
	xmlns:micro="sap.suite.ui.microchart">
	<m:Table items="{oAllMatter>/results}">
		<m:columns>
			<m:Column width="5rem">
				<m:Text text="Matter"></m:Text>
			</m:Column>
			<m:Column minScreenWidth="Tablet" demandPopin="true">
				<m:Text text="Status"></m:Text>
			</m:Column>
			<m:Column minScreenWidth="Tablet" demandPopin="true">
				<m:Text text="Actual"></m:Text>
			</m:Column>
			<m:Column minScreenWidth="Tablet" demandPopin="true">
				<m:Text text="Budget"></m:Text>
			</m:Column>
			<m:Column minScreenWidth="Tablet" demandPopin="true">
				<m:Text text="Actual:Budget"></m:Text>
			</m:Column >
			<m:Column minScreenWidth="Tablet" demandPopin="true">
				<m:Text text="Remaining Budget($)"></m:Text>
			</m:Column>
			<m:Column minScreenWidth="Tablet" demandPopin="true">
				<m:Text text="Invoiced"></m:Text>
			</m:Column>
			<m:Column minScreenWidth="Tablet" demandPopin="true">
				<m:Text text="Paid"></m:Text>
			</m:Column>
			<m:Column minScreenWidth="Tablet" demandPopin="true">
				<m:Text text="A/P"></m:Text>
			</m:Column>
		</m:columns>
		<m:items>
			<m:ColumnListItem >
				<m:cells>
					<m:Text text="{oAllMatter>Matter} "/>
					<m:Text text="{oAllMatter>Statustext}"/>
					<m:Text text="{oAllMatter>Actual}"/>
					<m:Text text="{oAllMatter>Budget}"/>
					<m:FlexBox >
						<micro:BulletMicroChart width="80px" scale="" isResponsive="false"
							targetValue="{path:'oAllMatter>Budget',formatter:'.formatter.convertingToFloat'}" app:name="bullet" press="press">
							<micro:actual>
								<micro:BulletMicroChartData value="{path:'oAllMatter>Actual',formatter:'.formatter.convertingToFloat'}" color="Good"/>
							</micro:actual>
							<micro:thresholds>
								<micro:BulletMicroChartData value="12" color="Error"/>
								<micro:BulletMicroChartData value="25" color="Critical"/>
								<micro:BulletMicroChartData value="50" color="Critical"/>
								<micro:BulletMicroChartData value="100" color="Good"/>
							</micro:thresholds>
						</micro:BulletMicroChart>
					</m:FlexBox>
					<m:Text text="{oAllMatter>Remainingbudget}"/>
					<m:Text text="{oAllMatter>Invoiced}"/>
					<m:Text text="{oAllMatter>Paid}"/>
					<m:Text text="{oAllMatter>Amountpayable}"/>
				</m:cells>
			</m:ColumnListItem>
		</m:items>
	</m:Table>
</core:FragmentDefinition>