<core:FragmentDefinition xmlns="sap.m" xmlns:l="sap.ui.layout" xmlns:core="sap.ui.core"
	xmlns:app="http://schemas.sap.com/sapui5/extension/sap.ui.core.CustomData/1" xmlns:smartField="sap.ui.comp.smartfield"
	xmlns:smartform="sap.ui.comp.smartform">
	<Dialog beforeClose="beforeCloseAddEditDialog"  contentWidth="1020px" showHeader="true" title="{i18n>MATTERPARTNERFORM_DIALOG_TITLE}" class="sapUiSizeCompact sapUiNoContentPadding">
		<content>
			<smartform:SmartForm editable="true" expandable="false" expanded="true" entityType="Cmialtpayer" id="cmiamendmentnew.matter.matterPartner.form_"
				flexEnabled="true">
				<smartform:customData>
					<core:CustomData key="dateFormatSettings" value='\{"UTC":true,"style":"short"\}'/>
				</smartform:customData>
				<smartform:Group id="cmiamendmentnew.matter.matterPartner.header1_">
					<smartform:GroupElement label="{i18n>MATTERPARTNER_SMTFIELD_LBL_PARTNERTYPE}" id="cmiamendmentnew.matter.matterPartner.parvwDesc.input_">
						<!--<smartField:SmartField showLabel="true" value="{Parvwdesc}"  valueListChanged="changeMPPTDetails">-->
						<!--		<smartField:configuration>-->
						<!--				<smartField:Configuration preventInitialDataFetchInValueHelpDialog="false"/>-->
						<!--			</smartField:configuration>-->
						<!--</smartField:SmartField>-->
						<smartField:SmartField showLabel="true" change="smartDpDwnCahnge" value="{Parvwdesc}" app:cFilterVal="MP"
							app:inOutParams='"vList":["PARVW","PARVWDESC"],"local":["Parvw","Parvwdesc"]' innerControlsCreated="samrtDpDwnMatterPartnerCreated">
							<smartField:configuration>
								<smartField:Configuration controlType="dropDownList"/>
							</smartField:configuration>
						</smartField:SmartField>
					</smartform:GroupElement >
					<smartform:GroupElement label="{i18n>MATTERPARTNER_SMTFIELD_LBL_BILLOFFICE}" id="cmiamendmentnew.matter.matterPartner.officeName.input_">
						<smartField:SmartField showLabel="true" value="{OfficeName}"  valueListChanged="changeMPOfficeDetails">
								<smartField:configuration>
										<smartField:Configuration preventInitialDataFetchInValueHelpDialog="false"/>
									</smartField:configuration>
						</smartField:SmartField>
					</smartform:GroupElement >
					<smartform:GroupElement label="{i18n>MATTERPARTNER_SMTFIELD_LBL_TEAM}" id="cmiamendmentnew.matter.matterPartner.teamsDesc.input_">
						<smartField:SmartField showLabel="true"  visible="{path:'Parvw', formatter:'.formatter.checkTeamButton' }" value="{Teamsdesc}" valueListChanged="changeMPTeamsDetails">
								<smartField:configuration>
										<smartField:Configuration preventInitialDataFetchInValueHelpDialog="false"/>
									</smartField:configuration>
						</smartField:SmartField>
					</smartform:GroupElement >
				</smartform:Group>
				<smartform:Group id="cmiamendmentnew.matter.matterPartner.header2_">
					<smartform:GroupElement label="{i18n>MATTERPARTNER_SMTFIELD_LBL_FIRSTNAME}" id="cmiamendmentnew.matter.matterPartner.firstName.input_">
						<smartField:SmartField  showLabel="true" value="{Firstname}">
								<smartField:configuration>
										<smartField:Configuration preventInitialDataFetchInValueHelpDialog="false"/>
									</smartField:configuration>
						</smartField:SmartField>
					</smartform:GroupElement>
					<smartform:GroupElement label="{i18n>MATTERPARTNER_SMTFIELD_LBL_LASTNAME}" id="cmiamendmentnew.matter.matterPartner.lastName.input_">
						<smartField:SmartField  showLabel="true" value="{Lastname}"></smartField:SmartField>
					</smartform:GroupElement>
					<smartform:GroupElement label="{i18n>MATTERPARTNER_SMTFIELD_LBL_ALLOCPERCENTAGE}" id="cmiamendmentnew.matter.matterPartner.allocation.input_">
						<!--<smartField:SmartField id="cmiamendmentnew.matter.matterPartner.allocation.smartField_" showLabel="true" value="{path:'Allocation',type :'sap.ui.model.type.String',constraints :  {search: '\\d'}}"></smartField:SmartField>-->
					<smartField:SmartField showLabel="true" id="cmiamendmentnew.matter.matterPartner.allocation.smartField_" app:evtSrc="matterPartner" app:dataTblId="cmiamendmentnew.matter.matterPartner.table_"  innerControlsCreated="handleAllocationMatterPartPercentage"
							value="{path:'Allocation',type :'sap.ui.model.type.String',constraints : {search: '\\d'}}" editable="{= ${Parvw} === 'ZL' ? false: true}"></smartField:SmartField>
					</smartform:GroupElement >
				</smartform:Group>
			</smartform:SmartForm>
		</content>
		<beginButton>
			<Button text="{i18n>BUTTON_TEXT_SUBMIT}" app:btnType="SUB" app:buttonName="matterPartner" app:conId="cmiamendmentnew.matter.matterPartner.form_" press="onPressSubmitMatterPartner" type="Emphasized" visible="{generalSettings>/bClientSubmitButton}"/>
		</beginButton>
		<endButton>
			<Button text="{i18n>BUTTON_TXT_CANCEL}" app:btnType="CNL" press="closeMatterPartner" type="Emphasized"/>
		</endButton>
	</Dialog>
</core:FragmentDefinition>