<edmx:Edmx
    xmlns:edmx="http://schemas.microsoft.com/ado/2007/06/edmx"
    xmlns:m="http://schemas.microsoft.com/ado/2007/08/dataservices/metadata"
    xmlns:sap="http://www.sap.com/Protocols/SAPData" Version="1.0">
    <edmx:DataServices m:DataServiceVersion="2.0">
        <Schema
            xmlns="http://schemas.microsoft.com/ado/2008/09/edm" Namespace="ZTT_T_TRACKINGTL" xml:lang="en" sap:schema-version="1">
            <EntityType Name="Trackingtool" sap:semantics="aggregate" sap:content-version="1">
                <Key>
                    <PropertyRef Name="Project"/>
                    <PropertyRef Name="Ticketnum"/>
                    <PropertyRef Name="Team"/>
                </Key>
                <Property Name="Client" Type="Edm.String" Nullable="false" MaxLength="15" sap:unicode="false" sap:label="Client name" sap:updatable="false"/>
                <Property Name="Cr" Type="Edm.String" Nullable="false" MaxLength="5" sap:unicode="false" sap:label="CR Details" sap:updatable="false"/>
                <Property Name="Sr" Type="Edm.String" Nullable="false" MaxLength="5" sap:unicode="false" sap:label="SR Details" sap:updatable="false"/>
                <Property Name="Status" Type="Edm.String" Nullable="false" MaxLength="10" sap:unicode="false" sap:label="Status" sap:updatable="false"/>
                <Property Name="Project" Type="Edm.String" Nullable="false" MaxLength="20" sap:unicode="false" sap:label="Project" sap:updatable="false"/>
                <Property Name="Priority" Type="Edm.String" Nullable="false" MaxLength="3" sap:unicode="false" sap:label="Priority" sap:updatable="false"/>
                <Property Name="Comments" Type="Edm.String" Nullable="false" sap:unicode="false" sap:label="Comments" sap:updatable="false"/>
                <Property Name="Ticketnum" Type="Edm.String" Nullable="false" MaxLength="10" sap:unicode="false" sap:label="Ticket Number" sap:updatable="false"/>
                <Property Name="Team" Type="Edm.String" Nullable="false" MaxLength="6" sap:unicode="false" sap:label="Team" sap:updatable="false"/>
                <Property Name="Offtl" Type="Edm.String" Nullable="false" MaxLength="12" sap:unicode="false" sap:label="Off-shore team lead" sap:updatable="false"/>
                <Property Name="Offtlt" Type="Edm.String" Nullable="false" MaxLength="20" sap:unicode="false" sap:label="Off-shore TL descrip" sap:updatable="false"/>
                <Property Name="Offdev" Type="Edm.String" Nullable="false" MaxLength="12" sap:unicode="false" sap:label="Off-shore developer/" sap:updatable="false"/>
                <Property Name="Offdevt" Type="Edm.String" Nullable="false" MaxLength="20" sap:unicode="false" sap:label="ZZOFF_DEV_DES" sap:updatable="false"/>
                <Property Name="Ontl" Type="Edm.String" Nullable="false" MaxLength="12" sap:unicode="false" sap:label="On-site team lead" sap:updatable="false"/>
                <Property Name="Ontlt" Type="Edm.String" Nullable="false" MaxLength="20" sap:unicode="false" sap:label="onsite team lead des" sap:updatable="false"/>
                <Property Name="Ondev" Type="Edm.String" Nullable="false" MaxLength="12" sap:unicode="false" sap:label="On-site developer/as" sap:updatable="false"/>
                <Property Name="Ondevt" Type="Edm.String" Nullable="false" MaxLength="20" sap:unicode="false" sap:label="on-site developer de" sap:updatable="false"/>
                <Property Name="Assigneddate" Type="Edm.DateTime" Precision="7" sap:display-format="Date" sap:unicode="false" sap:label="Date on which the issue was assigned" sap:updatable="false"/>
                <Property Name="Intexpddate" Type="Edm.DateTime" Precision="7" sap:display-format="Date" sap:unicode="false" sap:label="Date on which the issue is expected to be resolved" sap:updatable="false"/>
                <Property Name="Issuedesc" Type="Edm.String" Nullable="false" MaxLength="30" sap:unicode="false" sap:label="DESCRIPTION" sap:updatable="false"/>
                <Property Name="Estimateddays" Type="Edm.String" Nullable="false" MaxLength="2" sap:unicode="false" sap:label="ESTIMATE" sap:updatable="false"/>
                <Property Name="Estimatedd" Type="Edm.DateTime" Precision="7" sap:display-format="Date" sap:unicode="false" sap:label="DELIVERYDATE" sap:updatable="false"/>
                <NavigationProperty Name="tooltoattachments" Relationship="ZTT_T_TRACKINGTL.tooltoattachment" FromRole="FromRole_tooltoattachment" ToRole="ToRole_tooltoattachment"/>
                <NavigationProperty Name="tooltocomment" Relationship="ZTT_T_TRACKINGTL.tooltocomment" FromRole="FromRole_tooltocomment" ToRole="ToRole_tooltocomment"/>
            </EntityType>
            <EntityType Name="attachment" sap:content-version="1">
                <Key>
                    <PropertyRef Name="GeneratedId"/>
                    <PropertyRef Name="Ticketnum"/>
                </Key>
                <Property Name="GeneratedId" Type="Edm.String" Nullable="false" MaxLength="36" sap:unicode="false" sap:label="GENERATED_ID" sap:creatable="false" sap:updatable="false" sap:sortable="false"/>
                <Property Name="Project" Type="Edm.String" Nullable="false" MaxLength="20" sap:unicode="false" sap:label="Project" sap:creatable="false" sap:updatable="false" sap:sortable="false" sap:filterable="false"/>
                <Property Name="Ticketnum" Type="Edm.String" Nullable="false" MaxLength="10" sap:unicode="false" sap:label="Ticket Number" sap:updatable="false" sap:sortable="false"/>
                <Property Name="Team" Type="Edm.String" Nullable="false" MaxLength="6" sap:unicode="false" sap:label="Team" sap:creatable="false" sap:updatable="false" sap:sortable="false" sap:filterable="false"/>
                <Property Name="Filename" Type="Edm.String" Nullable="false" MaxLength="30" sap:unicode="false" sap:label="File name" sap:updatable="false" sap:sortable="false"/>
                <Property Name="Extensions" Type="Edm.String" Nullable="false" MaxLength="3" sap:unicode="false" sap:label="Extensions" sap:updatable="false" sap:sortable="false"/>
                <Property Name="Xstring" Type="Edm.Binary" Nullable="false" sap:unicode="false" sap:label="File Data" sap:updatable="false" sap:sortable="false"/>
            </EntityType>
            <EntityType Name="comments" sap:content-version="1">
                <Key>
                    <PropertyRef Name="Ticketnum"/>
                    <PropertyRef Name="Zdate"/>
                    <PropertyRef Name="Ztime"/>
                </Key>
                <Property Name="Ticketnum" Type="Edm.String" Nullable="false" MaxLength="10" sap:unicode="false" sap:label="Ticket Number" sap:updatable="false" sap:sortable="false"/>
                <Property Name="Project" Type="Edm.String" Nullable="false" MaxLength="20" sap:unicode="false" sap:label="Project" sap:creatable="false" sap:updatable="false" sap:sortable="false" sap:filterable="false"/>
                <Property Name="Zdate" Type="Edm.DateTime" Nullable="false" Precision="7" sap:unicode="false" sap:label="Date" sap:updatable="false" sap:sortable="false"/>
                <Property Name="Team" Type="Edm.String" Nullable="false" MaxLength="6" sap:unicode="false" sap:label="Team" sap:creatable="false" sap:updatable="false" sap:sortable="false" sap:filterable="false"/>
                <Property Name="Ztime" Type="Edm.String" Nullable="false" MaxLength="6" sap:unicode="false" sap:label="Quantity" sap:updatable="false" sap:sortable="false"/>
                <Property Name="Comments" Type="Edm.String" Nullable="false" sap:unicode="false" sap:label="Comments" sap:updatable="false" sap:sortable="false"/>
                <Property Name="Usrid" Type="Edm.String" Nullable="false" MaxLength="12" sap:unicode="false" sap:label="User ID" sap:updatable="false" sap:sortable="false"/>
            </EntityType>
            <EntityType Name="VL_SH_ZTT_SH_TEAM" sap:content-version="1">
                <Key>
                    <PropertyRef Name="TEAM"/>
                    <PropertyRef Name="USRID"/>
                </Key>
                <Property Name="TEAM" Type="Edm.String" Nullable="false" MaxLength="6" sap:display-format="UpperCase" sap:label="Team"/>
                <Property Name="USRID" Type="Edm.String" Nullable="false" MaxLength="12" sap:display-format="UpperCase" sap:label="User ID"/>
            </EntityType>
            <EntityType Name="VL_SH_ZTT_SH_OFFSHORE_TL" sap:content-version="1">
                <Key>
                    <PropertyRef Name="USRID"/>
                </Key>
                <Property Name="USRID" Type="Edm.String" Nullable="false" MaxLength="12" sap:display-format="UpperCase" sap:label="Off-shore team lead"/>
            </EntityType>
            <EntityType Name="VL_SH_ZTT_SH_OFFSHORE_DEV" sap:content-version="1">
                <Key>
                    <PropertyRef Name="USRID"/>
                </Key>
                <Property Name="USRID" Type="Edm.String" Nullable="false" MaxLength="12" sap:display-format="UpperCase" sap:label="Off-shore developer/"/>
            </EntityType>
            <EntityType Name="VL_SH_ZTT_SH_ONSITE_TL" sap:content-version="1">
                <Key>
                    <PropertyRef Name="USRID"/>
                </Key>
                <Property Name="USRID" Type="Edm.String" Nullable="false" MaxLength="12" sap:display-format="UpperCase" sap:label="User ID"/>
            </EntityType>
            <EntityType Name="VL_SH_ZTT_SH_ONSITE_DEV" sap:content-version="1">
                <Key>
                    <PropertyRef Name="USRID"/>
                </Key>
                <Property Name="USRID" Type="Edm.String" Nullable="false" MaxLength="12" sap:display-format="UpperCase" sap:label="On-site developer/as"/>
            </EntityType>
            <EntityType Name="VL_FV_ZZSTATE" sap:content-version="1">
                <Key>
                    <PropertyRef Name="Code"/>
                </Key>
                <Property Name="Code" Type="Edm.String" Nullable="false" MaxLength="10" sap:text="Text" sap:label="Value"/>
                <Property Name="Text" Type="Edm.String" MaxLength="60" sap:label="Short Descript."/>
            </EntityType>
            <EntityType Name="VL_FV_ZZPROJECT" sap:content-version="1">
                <Key>
                    <PropertyRef Name="Code"/>
                </Key>
                <Property Name="Code" Type="Edm.String" Nullable="false" MaxLength="20" sap:text="Text" sap:label="Value"/>
                <Property Name="Text" Type="Edm.String" MaxLength="60" sap:label="Short Descript."/>
            </EntityType>
            <EntityType Name="VL_FV_ZZPRIORITY" sap:content-version="1">
                <Key>
                    <PropertyRef Name="Code"/>
                </Key>
                <Property Name="Code" Type="Edm.String" Nullable="false" MaxLength="3" sap:text="Text" sap:label="Value"/>
                <Property Name="Text" Type="Edm.String" MaxLength="60" sap:label="Short Descript."/>
            </EntityType>
            <EntityType Name="VL_FV_ZZTEAM" sap:content-version="1">
                <Key>
                    <PropertyRef Name="Code"/>
                </Key>
                <Property Name="Code" Type="Edm.String" Nullable="false" MaxLength="6" sap:text="Text" sap:label="Value"/>
                <Property Name="Text" Type="Edm.String" MaxLength="60" sap:label="Short Descript."/>
            </EntityType>
            <Association Name="tooltocomment" sap:content-version="1">
                <End Type="ZTT_T_TRACKINGTL.Trackingtool" Multiplicity="1" Role="FromRole_tooltocomment"/>
                <End Type="ZTT_T_TRACKINGTL.comments" Multiplicity="*" Role="ToRole_tooltocomment"/>
                <ReferentialConstraint>
                    <Principal Role="FromRole_tooltocomment">
                        <PropertyRef Name="Team"/>
                        <PropertyRef Name="Ticketnum"/>
                        <PropertyRef Name="Project"/>
                    </Principal>
                    <Dependent Role="ToRole_tooltocomment">
                        <PropertyRef Name="Team"/>
                        <PropertyRef Name="Ticketnum"/>
                        <PropertyRef Name="Project"/>
                    </Dependent>
                </ReferentialConstraint>
            </Association>
            <Association Name="tooltoattachment" sap:content-version="1">
                <End Type="ZTT_T_TRACKINGTL.Trackingtool" Multiplicity="1" Role="FromRole_tooltoattachment"/>
                <End Type="ZTT_T_TRACKINGTL.attachment" Multiplicity="*" Role="ToRole_tooltoattachment"/>
                <ReferentialConstraint>
                    <Principal Role="FromRole_tooltoattachment">
                        <PropertyRef Name="Team"/>
                        <PropertyRef Name="Ticketnum"/>
                        <PropertyRef Name="Project"/>
                    </Principal>
                    <Dependent Role="ToRole_tooltoattachment">
                        <PropertyRef Name="Team"/>
                        <PropertyRef Name="Ticketnum"/>
                        <PropertyRef Name="Project"/>
                    </Dependent>
                </ReferentialConstraint>
            </Association>
            <EntityContainer Name="ZTT_T_TRACKINGTL_Entities" m:IsDefaultEntityContainer="true" sap:supported-formats="atom json xlsx">
                <EntitySet Name="VL_SH_ZTT_SH_TEAM" EntityType="ZTT_T_TRACKINGTL.VL_SH_ZTT_SH_TEAM" sap:creatable="false" sap:updatable="false" sap:deletable="false" sap:content-version="1" sap:countable="false"/>
                <EntitySet Name="VL_SH_ZTT_SH_OFFSHORE_TL" EntityType="ZTT_T_TRACKINGTL.VL_SH_ZTT_SH_OFFSHORE_TL" sap:creatable="false" sap:updatable="false" sap:deletable="false" sap:content-version="1" sap:countable="false"/>
                <EntitySet Name="VL_SH_ZTT_SH_OFFSHORE_DEV" EntityType="ZTT_T_TRACKINGTL.VL_SH_ZTT_SH_OFFSHORE_DEV" sap:creatable="false" sap:updatable="false" sap:deletable="false" sap:content-version="1" sap:countable="false"/>
                <EntitySet Name="VL_SH_ZTT_SH_ONSITE_TL" EntityType="ZTT_T_TRACKINGTL.VL_SH_ZTT_SH_ONSITE_TL" sap:creatable="false" sap:updatable="false" sap:deletable="false" sap:content-version="1" sap:countable="false"/>
                <EntitySet Name="VL_SH_ZTT_SH_ONSITE_DEV" EntityType="ZTT_T_TRACKINGTL.VL_SH_ZTT_SH_ONSITE_DEV" sap:creatable="false" sap:updatable="false" sap:deletable="false" sap:content-version="1" sap:countable="false"/>
                <EntitySet Name="VL_FV_ZZSTATE" EntityType="ZTT_T_TRACKINGTL.VL_FV_ZZSTATE" sap:content-version="1" sap:semantics="fixed-values"/>
                <EntitySet Name="VL_FV_ZZPROJECT" EntityType="ZTT_T_TRACKINGTL.VL_FV_ZZPROJECT" sap:content-version="1" sap:semantics="fixed-values"/>
                <EntitySet Name="VL_FV_ZZPRIORITY" EntityType="ZTT_T_TRACKINGTL.VL_FV_ZZPRIORITY" sap:content-version="1" sap:semantics="fixed-values"/>
                <EntitySet Name="VL_FV_ZZTEAM" EntityType="ZTT_T_TRACKINGTL.VL_FV_ZZTEAM" sap:content-version="1" sap:semantics="fixed-values"/>
                <EntitySet Name="TrackingtoolSet" EntityType="ZTT_T_TRACKINGTL.Trackingtool" sap:creatable="false" sap:updatable="false" sap:deletable="false" sap:pageable="false" sap:content-version="1"/>
                <EntitySet Name="attachmentSet" EntityType="ZTT_T_TRACKINGTL.attachment" sap:creatable="false" sap:updatable="false" sap:deletable="false" sap:pageable="false" sap:content-version="1"/>
                <EntitySet Name="commentsSet" EntityType="ZTT_T_TRACKINGTL.comments" sap:creatable="false" sap:updatable="false" sap:deletable="false" sap:pageable="false" sap:content-version="1"/>
                <AssociationSet Name="tooltoattachmentSet" Association="ZTT_T_TRACKINGTL.tooltoattachment" sap:creatable="false" sap:updatable="false" sap:deletable="false" sap:content-version="1">
                    <End EntitySet="TrackingtoolSet" Role="FromRole_tooltoattachment"/>
                    <End EntitySet="attachmentSet" Role="ToRole_tooltoattachment"/>
                </AssociationSet>
                <AssociationSet Name="tooltocommentSet" Association="ZTT_T_TRACKINGTL.tooltocomment" sap:creatable="false" sap:updatable="false" sap:deletable="false" sap:content-version="1">
                    <End EntitySet="TrackingtoolSet" Role="FromRole_tooltocomment"/>
                    <End EntitySet="commentsSet" Role="ToRole_tooltocomment"/>
                </AssociationSet>
            </EntityContainer>
            <Annotations
                xmlns="http://docs.oasis-open.org/odata/ns/edm" Target="ZTT_T_TRACKINGTL.Trackingtool/Status">
                <Annotation Term="com.sap.vocabularies.Common.v1.ValueList">
                    <Record>
                        <PropertyValue Property="Label" String="State"/>
                        <PropertyValue Property="CollectionPath" String="VL_FV_ZZSTATE"/>
                        <PropertyValue Property="Parameters">
                            <Collection>
                                <Record Type="com.sap.vocabularies.Common.v1.ValueListParameterInOut">
                                    <PropertyValue Property="LocalDataProperty" PropertyPath="Status"/>
                                    <PropertyValue Property="ValueListProperty" String="Code"/>
                                </Record>
                                <Record Type="com.sap.vocabularies.Common.v1.ValueListParameterDisplayOnly">
                                    <PropertyValue Property="ValueListProperty" String="Text"/>
                                </Record>
                            </Collection>
                        </PropertyValue>
                    </Record>
                </Annotation>
            </Annotations>
            <Annotations
                xmlns="http://docs.oasis-open.org/odata/ns/edm" Target="ZTT_T_TRACKINGTL.Trackingtool/Project">
                <Annotation Term="com.sap.vocabularies.Common.v1.ValueList">
                    <Record>
                        <PropertyValue Property="Label" String="Project"/>
                        <PropertyValue Property="CollectionPath" String="VL_FV_ZZPROJECT"/>
                        <PropertyValue Property="Parameters">
                            <Collection>
                                <Record Type="com.sap.vocabularies.Common.v1.ValueListParameterInOut">
                                    <PropertyValue Property="LocalDataProperty" PropertyPath="Project"/>
                                    <PropertyValue Property="ValueListProperty" String="Code"/>
                                </Record>
                                <Record Type="com.sap.vocabularies.Common.v1.ValueListParameterDisplayOnly">
                                    <PropertyValue Property="ValueListProperty" String="Text"/>
                                </Record>
                            </Collection>
                        </PropertyValue>
                    </Record>
                </Annotation>
            </Annotations>
            <Annotations
                xmlns="http://docs.oasis-open.org/odata/ns/edm" Target="ZTT_T_TRACKINGTL.Trackingtool/Priority">
                <Annotation Term="com.sap.vocabularies.Common.v1.ValueList">
                    <Record>
                        <PropertyValue Property="Label" String="Priority"/>
                        <PropertyValue Property="CollectionPath" String="VL_FV_ZZPRIORITY"/>
                        <PropertyValue Property="Parameters">
                            <Collection>
                                <Record Type="com.sap.vocabularies.Common.v1.ValueListParameterInOut">
                                    <PropertyValue Property="LocalDataProperty" PropertyPath="Priority"/>
                                    <PropertyValue Property="ValueListProperty" String="Code"/>
                                </Record>
                                <Record Type="com.sap.vocabularies.Common.v1.ValueListParameterDisplayOnly">
                                    <PropertyValue Property="ValueListProperty" String="Text"/>
                                </Record>
                            </Collection>
                        </PropertyValue>
                    </Record>
                </Annotation>
            </Annotations>
            <Annotations
                xmlns="http://docs.oasis-open.org/odata/ns/edm" Target="ZTT_T_TRACKINGTL.Trackingtool/Team">
                <Annotation Term="com.sap.vocabularies.Common.v1.ValueList">
                    <Record>
                        <PropertyValue Property="Label" String="Search Help for team"/>
                        <PropertyValue Property="CollectionPath" String="VL_SH_ZTT_SH_TEAM"/>
                        <PropertyValue Property="SearchSupported" Bool="true"/>
                        <PropertyValue Property="Parameters">
                            <Collection>
                                <Record Type="com.sap.vocabularies.Common.v1.ValueListParameterInOut">
                                    <PropertyValue Property="LocalDataProperty" PropertyPath="Team"/>
                                    <PropertyValue Property="ValueListProperty" String="TEAM"/>
                                </Record>
                                <Record Type="com.sap.vocabularies.Common.v1.ValueListParameterDisplayOnly">
                                    <PropertyValue Property="ValueListProperty" String="USRID"/>
                                </Record>
                            </Collection>
                        </PropertyValue>
                    </Record>
                </Annotation>
            </Annotations>
            <Annotations
                xmlns="http://docs.oasis-open.org/odata/ns/edm" Target="ZTT_T_TRACKINGTL.Trackingtool/Offtl">
                <Annotation Term="com.sap.vocabularies.Common.v1.ValueList">
                    <Record>
                        <PropertyValue Property="Label" String="Off-shore team lead search help"/>
                        <PropertyValue Property="CollectionPath" String="VL_SH_ZTT_SH_OFFSHORE_TL"/>
                        <PropertyValue Property="SearchSupported" Bool="true"/>
                        <PropertyValue Property="Parameters">
                            <Collection>
                                <Record Type="com.sap.vocabularies.Common.v1.ValueListParameterInOut">
                                    <PropertyValue Property="LocalDataProperty" PropertyPath="OffshoreTeamlead"/>
                                    <PropertyValue Property="ValueListProperty" String="USRID"/>
                                </Record>
                            </Collection>
                        </PropertyValue>
                    </Record>
                </Annotation>
            </Annotations>
            <Annotations
                xmlns="http://docs.oasis-open.org/odata/ns/edm" Target="ZTT_T_TRACKINGTL.Trackingtool/Offdev">
                <Annotation Term="com.sap.vocabularies.Common.v1.ValueList">
                    <Record>
                        <PropertyValue Property="Label" String="Offshore developer search help"/>
                        <PropertyValue Property="CollectionPath" String="VL_SH_ZTT_SH_OFFSHORE_DEV"/>
                        <PropertyValue Property="SearchSupported" Bool="true"/>
                        <PropertyValue Property="Parameters">
                            <Collection>
                                <Record Type="com.sap.vocabularies.Common.v1.ValueListParameterInOut">
                                    <PropertyValue Property="LocalDataProperty" PropertyPath="Offdev"/>
                                    <PropertyValue Property="ValueListProperty" String="USRID"/>
                                </Record>
                            </Collection>
                        </PropertyValue>
                    </Record>
                </Annotation>
            </Annotations>
            <Annotations
                xmlns="http://docs.oasis-open.org/odata/ns/edm" Target="ZTT_T_TRACKINGTL.Trackingtool/Ontl">
                <Annotation Term="com.sap.vocabularies.Common.v1.ValueList">
                    <Record>
                        <PropertyValue Property="Label" String="Onsite team lead search help"/>
                        <PropertyValue Property="CollectionPath" String="VL_SH_ZTT_SH_ONSITE_TL"/>
                        <PropertyValue Property="SearchSupported" Bool="true"/>
                        <PropertyValue Property="Parameters">
                            <Collection>
                                <Record Type="com.sap.vocabularies.Common.v1.ValueListParameterInOut">
                                    <PropertyValue Property="LocalDataProperty" PropertyPath="Ontl"/>
                                    <PropertyValue Property="ValueListProperty" String="USRID"/>
                                </Record>
                            </Collection>
                        </PropertyValue>
                    </Record>
                </Annotation>
            </Annotations>
            <Annotations
                xmlns="http://docs.oasis-open.org/odata/ns/edm" Target="ZTT_T_TRACKINGTL.Trackingtool/Ondev">
                <Annotation Term="com.sap.vocabularies.Common.v1.ValueList">
                    <Record>
                        <PropertyValue Property="Label" String="Onsite team developer search help"/>
                        <PropertyValue Property="CollectionPath" String="VL_SH_ZTT_SH_ONSITE_DEV"/>
                        <PropertyValue Property="SearchSupported" Bool="true"/>
                        <PropertyValue Property="Parameters">
                            <Collection>
                                <Record Type="com.sap.vocabularies.Common.v1.ValueListParameterInOut">
                                    <PropertyValue Property="LocalDataProperty" PropertyPath="Ondev"/>
                                    <PropertyValue Property="ValueListProperty" String="USRID"/>
                                </Record>
                            </Collection>
                        </PropertyValue>
                    </Record>
                </Annotation>
            </Annotations>
            <Annotations
                xmlns="http://docs.oasis-open.org/odata/ns/edm" Target="ZTT_T_TRACKINGTL.attachment/Project">
                <Annotation Term="com.sap.vocabularies.Common.v1.ValueList">
                    <Record>
                        <PropertyValue Property="Label" String="Project"/>
                        <PropertyValue Property="CollectionPath" String="VL_FV_ZZPROJECT"/>
                        <PropertyValue Property="Parameters">
                            <Collection>
                                <Record Type="com.sap.vocabularies.Common.v1.ValueListParameterInOut">
                                    <PropertyValue Property="LocalDataProperty" PropertyPath="Project"/>
                                    <PropertyValue Property="ValueListProperty" String="Code"/>
                                </Record>
                                <Record Type="com.sap.vocabularies.Common.v1.ValueListParameterDisplayOnly">
                                    <PropertyValue Property="ValueListProperty" String="Text"/>
                                </Record>
                            </Collection>
                        </PropertyValue>
                    </Record>
                </Annotation>
            </Annotations>
            <Annotations
                xmlns="http://docs.oasis-open.org/odata/ns/edm" Target="ZTT_T_TRACKINGTL.attachment/Team">
                <Annotation Term="com.sap.vocabularies.Common.v1.ValueList">
                    <Record>
                        <PropertyValue Property="Label" String="Team"/>
                        <PropertyValue Property="CollectionPath" String="VL_FV_ZZTEAM"/>
                        <PropertyValue Property="Parameters">
                            <Collection>
                                <Record Type="com.sap.vocabularies.Common.v1.ValueListParameterInOut">
                                    <PropertyValue Property="LocalDataProperty" PropertyPath="Team"/>
                                    <PropertyValue Property="ValueListProperty" String="Code"/>
                                </Record>
                                <Record Type="com.sap.vocabularies.Common.v1.ValueListParameterDisplayOnly">
                                    <PropertyValue Property="ValueListProperty" String="Text"/>
                                </Record>
                            </Collection>
                        </PropertyValue>
                    </Record>
                </Annotation>
            </Annotations>
            <Annotations
                xmlns="http://docs.oasis-open.org/odata/ns/edm" Target="ZTT_T_TRACKINGTL.comments/Project">
                <Annotation Term="com.sap.vocabularies.Common.v1.ValueList">
                    <Record>
                        <PropertyValue Property="Label" String="Project"/>
                        <PropertyValue Property="CollectionPath" String="VL_FV_ZZPROJECT"/>
                        <PropertyValue Property="Parameters">
                            <Collection>
                                <Record Type="com.sap.vocabularies.Common.v1.ValueListParameterInOut">
                                    <PropertyValue Property="LocalDataProperty" PropertyPath="Project"/>
                                    <PropertyValue Property="ValueListProperty" String="Code"/>
                                </Record>
                                <Record Type="com.sap.vocabularies.Common.v1.ValueListParameterDisplayOnly">
                                    <PropertyValue Property="ValueListProperty" String="Text"/>
                                </Record>
                            </Collection>
                        </PropertyValue>
                    </Record>
                </Annotation>
            </Annotations>
            <Annotations
                xmlns="http://docs.oasis-open.org/odata/ns/edm" Target="ZTT_T_TRACKINGTL.comments/Team">
                <Annotation Term="com.sap.vocabularies.Common.v1.ValueList">
                    <Record>
                        <PropertyValue Property="Label" String="Team"/>
                        <PropertyValue Property="CollectionPath" String="VL_FV_ZZTEAM"/>
                        <PropertyValue Property="Parameters">
                            <Collection>
                                <Record Type="com.sap.vocabularies.Common.v1.ValueListParameterInOut">
                                    <PropertyValue Property="LocalDataProperty" PropertyPath="Team"/>
                                    <PropertyValue Property="ValueListProperty" String="Code"/>
                                </Record>
                                <Record Type="com.sap.vocabularies.Common.v1.ValueListParameterDisplayOnly">
                                    <PropertyValue Property="ValueListProperty" String="Text"/>
                                </Record>
                            </Collection>
                        </PropertyValue>
                    </Record>
                </Annotation>
            </Annotations>
            <atom:link
                xmlns:atom="http://www.w3.org/2005/Atom" rel="self" href="./sap/ZTT_TRACKING_TOOL_SRV/$metadata"/>
                <atom:link
                    xmlns:atom="http://www.w3.org/2005/Atom" rel="latest-version" href="./sap/ZTT_TRACKING_TOOL_SRV/$metadata"/>
                </Schema>
            </edmx:DataServices>
        </edmx:Edmx>