<core:FragmentDefinition xmlns="sap.m" xmlns:ux="sap.uxap" xmlns:mvc="sap.ui.core.mvc" xmlns:semantic="sap.m.semantic"
	xmlns:u="sap.ui.unified" xmlns:l="sap.ui.layout" xmlns:core="sap.ui.core" xmlns:forms="sap.ui.layout.form"
	xmlns:footerbar="sap.ushell.ui.footerbar" xmlns:html="http://www.w3.org/1999/xhtml"
	xmlns:app="http://schemas.sap.com/sapui5/extension/sap.ui.core.CustomData/1">
	<!--navigate=".middleColumn.changeSections"-->
	<ux:ObjectPageLayout id="topInfoBar" enableLazyLoading="true" useIconTabBar="true" class="midlePanelPadding"
		preserveHeaderStateOnScroll="true" navigate="onDetailTabChnage" showFooter="true" upperCaseAnchorBar="false">
		<!--<ux:footer design="Footer">-->
		<!--	<Toolbar id="dbMBtnPanel">-->
		<!--		<Button icon="sap-icon://payment-approval" tooltip="Approve" press=".middleColumn.approveDb" type="Emphasized"/>-->
		<!--		<ToolbarSpacer/>-->
		<!--		<Button icon="sap-icon://BusinessSuiteInAppSymbols/icon-next-open-item" tooltip="Next" press=".middleColumn.nextQ" type="Emphasized"/>-->
		<!--	</Toolbar>-->
		<!--</ux:footer>-->
		<ux:headerContent >
			<core:Fragment fragmentName="fgtdbworklist.fragments.middlePanel.topInfo" type="XML"/>
		</ux:headerContent>
		<ux:sections>
			<ux:ObjectPageSection app:key="details" id="detailsTab" title="{i18n>SecTitleDetails}" >
				<ux:subSections>
					<ux:ObjectPageSubSection id="goalsSS1" title="" hSpacing="0">
						<ux:blocks class="sapUiNoContentPadding" hSpacing="0">
							<core:Fragment fragmentName="fgtdbworklist.fragments.middlePanel.tabs.main2" type="XML"/>
						</ux:blocks>
					</ux:ObjectPageSubSection>
				</ux:subSections>
			</ux:ObjectPageSection>
			<ux:ObjectPageSection app:key="attachment" id="AttachmentsTab" title="{i18n>SecTitleAttachments}({AttachCt})">
				<ux:subSections>
					<ux:ObjectPageSubSection id="AttachmentsTabSub" title="">
						<ux:blocks>
							<core:Fragment fragmentName="fgtdbworklist.fragments.middlePanel.tabs.attachments" type="XML"/>
						</ux:blocks>
					</ux:ObjectPageSubSection>
				</ux:subSections>
			</ux:ObjectPageSection>
			<ux:ObjectPageSection id="BillingTab" app:key="billingInst" title="{i18n>SecTitleBillInst}">
				<ux:subSections>
					<ux:ObjectPageSubSection id="BillingTabSub" title="">
						<ux:blocks>
							<!--<core:Fragment fragmentName="fgtdbworklist.fragments.middlePanel.tabs.billingInstructions" type="XML"/>{path:'BillInst>BillingInst',formatter: '.formatter.checkBillingInst'}-->
							<MessageStrip id="billingInstHolder" class="sapUiSmallMargin" type="Information" showIcon="true"
								text="{path:'BillingInst',formatter: '.formatter.checkBillingInst'}"/>
						</ux:blocks>
					</ux:ObjectPageSubSection>
				</ux:subSections>
			</ux:ObjectPageSection>
			<ux:ObjectPageSection id="AuditTab" app:key="auditTrial" title="{i18n>SecTitleAuditTrail}">
				<ux:subSections>
					<ux:ObjectPageSubSection id="AuditTabSub" title="">
						<ux:blocks>
							<core:Fragment fragmentName="fgtdbworklist.fragments.middlePanel.tabs.auditTrial" type="XML"/>
						</ux:blocks>
					</ux:ObjectPageSubSection>
				</ux:subSections>
			</ux:ObjectPageSection>
			<ux:ObjectPageSection id="commentTab" app:key="headerComments" title="{i18n>SecTitleComments}({HdrcmtCt})">
				<ux:subSections>
					<ux:ObjectPageSubSection id="commentTabSub" title="">
						<ux:blocks>
							<core:Fragment fragmentName="fgtdbworklist.fragments.middlePanel.tabs.comments" type="XML"/>
						</ux:blocks>
					</ux:ObjectPageSubSection>
				</ux:subSections>
			</ux:ObjectPageSection>
			<ux:ObjectPageSection id="NarrativeTab" app:key="headerNarrative" title="{i18n>SecTitleNarrative}">
				<ux:subSections>
					<ux:ObjectPageSubSection id="NarrativeTabSub" title="">
						<ux:blocks id="narrativeFrame">
							<Text text=""></Text>
							<!--	<html:iframe  src="http://fgtappg4b.fulcrum-gt.com:8000/sap/bc/ui5_ui5/sap/ZPRS_wrkflw/index.html#/narrative/{Draftbill}" height="500px"
								width="100%"/>-->
						</ux:blocks>
					</ux:ObjectPageSubSection>
				</ux:subSections>
			</ux:ObjectPageSection>
		</ux:sections>
	</ux:ObjectPageLayout>
</core:FragmentDefinition>