<core:FragmentDefinition xmlns="sap.m" xmlns:ux="sap.uxap" xmlns:mvc="sap.ui.core.mvc" xmlns:semantic="sap.m.semantic"
	xmlns:u="sap.ui.unified" xmlns:l="sap.ui.layout" xmlns:core="sap.ui.core" xmlns:forms="sap.ui.layout.form"
	xmlns:footerbar="sap.ushell.ui.footerbar" xmlns:html="http://www.w3.org/1999/xhtml"
	xmlns:app="http://schemas.sap.com/sapui5/extension/sap.ui.core.CustomData/1">
	<HeaderContainer >
		<l:VerticalLayout >
			<ObjectStatus title="{i18n>infoLblClient}" text="{Clientk}/{Client}"/>
			<ObjectStatus title="{i18n>infoLblMatter}" text="{Matterk}/{Matter}"/>
		</l:VerticalLayout>
		<l:VerticalLayout>
			<ObjectStatus title="{i18n>LblMatterCat}" text="{Mattercategory}"/>
			<ObjectStatus title="{i18n>LblDBStatus}" text="{Draftbillstatus}" state="Success"/>
		</l:VerticalLayout>
		<l:VerticalLayout>
			<ObjectStatus title="{i18n>infoLblPRev}" text="{Prevreviewer}"/>
			<ObjectStatus title="{i18n>LblBillOffice}" text="{Billingoffice}"/>
		</l:VerticalLayout>
		<l:VerticalLayout orientation="Vertical">
			<ObjectStatus title="{i18n>Billingpartner}" text="{Billingpartner}" orientation="Vertical" />
		</l:VerticalLayout>
		
	</HeaderContainer>
</core:FragmentDefinition>