<core:FragmentDefinition xmlns="sap.m" xmlns:mvc="sap.ui.core.mvc" xmlns:semantic="sap.m.semantic" xmlns:u="sap.ui.unified"
	xmlns:l="sap.ui.layout" xmlns:core="sap.ui.core" xmlns:f="sap.ui.layout.form" xmlns:footerbar="sap.ushell.ui.footerbar"
	xmlns:html="http://www.w3.org/1999/xhtml" xmlns:app="http://schemas.sap.com/sapui5/extension/sap.ui.core.CustomData/1">
	<f:Form editable="false">
		<f:layout>
			<f:ResponsiveGridLayout labelSpanXL="1" labelSpanL="1" labelSpanM="1" labelSpanS="7" adjustLabelSpan="false" emptySpanXL="1" emptySpanL="1"
				emptySpanM="1" emptySpanS="1" columnsXL="1" columnsL="1" columnsM="1" singleContainerFullSize="false"/>
		</f:layout>
		<f:formContainers >
			<f:FormContainer expandable="true" expanded="false" title="{i18n>TitleBudgetDetails}">
				<f:formElements>
					<f:FormElement label="{i18n>LblBudgetType}">
						<f:fields>
							<Text text="{BudTypeText}"/>
						</f:fields>
					</f:FormElement>
					<f:FormElement label="{i18n>LblBCurrency}">
						<f:fields>
							<Text text="{BudCurrency}"/>
						</f:fields>
					</f:FormElement>
					<f:FormElement label="{i18n>LblBudgetFees}">
						<f:fields>
							<ObjectNumber number="{ path: 'BudFees',type: 'sap.ui.model.type.Float'}"/>
							<!--<Text text="{BudFees}" />-->
						</f:fields>
					</f:FormElement>
					<f:FormElement label="{i18n>LblBudgetCost}">
						<f:fields>
							<ObjectNumber number="{ path: 'BudCost',type: 'sap.ui.model.type.Float'}"/>
							<!--	<Text text="{BudCost}"  />-->
						</f:fields>
					</f:FormElement>
					<f:FormElement label="{i18n>LblBudgetTotal}">
						<f:fields>
							<ObjectNumber number="{ path: 'BudTotal',type: 'sap.ui.model.type.Float'}"/>
							<!--	<Text text="{BudTotal}"  />-->
						</f:fields>
					</f:FormElement>
				</f:formElements>
			</f:FormContainer>
		</f:formContainers>
	</f:Form>
</core:FragmentDefinition>