<core:FragmentDefinition xmlns="sap.m" xmlns:mvc="sap.ui.core.mvc" xmlns:semantic="sap.m.semantic" xmlns:u="sap.ui.unified"
	xmlns:l="sap.ui.layout" xmlns:core="sap.ui.core" xmlns:f="sap.ui.layout.form" xmlns:footerbar="sap.ushell.ui.footerbar"
	xmlns:html="http://www.w3.org/1999/xhtml" xmlns:app="http://schemas.sap.com/sapui5/extension/sap.ui.core.CustomData/1">
	<f:Form editable="false" class="sapThemeBarHeading">
		<f:layout>
			<f:ResponsiveGridLayout labelSpanXL="1" labelSpanL="1" labelSpanM="1" labelSpanS="7" adjustLabelSpan="false" emptySpanXL="1" emptySpanL="1"
				emptySpanM="1" emptySpanS="1" columnsXL="1" columnsL="1" columnsM="1" singleContainerFullSize="false"/>
		</f:layout>
		<f:formContainers >
			<f:FormContainer expandable="true" expanded="true" title="{i18n>TitleInvDetails}">
				<f:formElements>
					<f:FormElement label="{i18n>LblFees}">
						<f:fields>
							<ObjectNumber number="{ path: 'InvFees',type: 'sap.ui.model.type.Float'}"/>
							<!--<Text text="{InvFees}" />-->
						</f:fields>
					</f:FormElement>
					<f:FormElement label="{i18n>LblSoftCosts}">
						<f:fields>
							<ObjectNumber number="{ path: 'InvSc',type: 'sap.ui.model.type.Float'}"/>
							<!--<Text text="{InvSc}" />-->
						</f:fields>
					</f:FormElement>
					<f:FormElement label="{i18n>LblHardCosts}">
						<f:fields>
							<ObjectNumber number="{ path: 'InvHc',type: 'sap.ui.model.type.Float'}"/>
							<!--<Text text="{InvHc}" />-->
						</f:fields>
					</f:FormElement>
					<f:FormElement label="{i18n>LblWUpDown}">
						<f:fields>
							<ObjectNumber number="{ path: 'InvWrtup',type: 'sap.ui.model.type.Float'}"/>
							<!--<Text text="{InvWrtup}"  />-->
						</f:fields>
					</f:FormElement>
					
					<f:FormElement label="{i18n>LblDiscount}">
						<f:fields>
							<ObjectNumber number="{ path: 'InvDiscount',type: 'sap.ui.model.type.Float'}"/>
						</f:fields>
					</f:FormElement>
					
					
					
					<f:FormElement label="{i18n>LblTax}">
						<f:fields>
							<ObjectNumber number="{ path: 'InvTax',type: 'sap.ui.model.type.Float'}"/>
							<!--<Text text="{InvTax}"  />-->
						</f:fields>
					</f:FormElement>
					<f:FormElement label="{i18n>LblNetValue}">
						<f:fields>
							<ObjectNumber number="{ path: 'InvNetvalue',type: 'sap.ui.model.type.Float'}"/>
							<!--<Text text="{InvNetvalue}"  />-->
						</f:fields>
					</f:FormElement>
					<f:FormElement label="{i18n>LblInvCurrency}">
						<f:fields>
							<Text text="{InvCurrency}"/>
						</f:fields>
					</f:FormElement>
					<f:FormElement label="{i18n>LblAddWip}">
						<f:fields>
							<ObjectStatus state="Success" icon="sap-icon://documents" visible="{= ${Additionalwip} === 'X' ? true : false}"/>
						</f:fields>
					</f:FormElement>
				</f:formElements>
			</f:FormContainer>
		</f:formContainers>
	</f:Form>
</core:FragmentDefinition>