<core:FragmentDefinition 
	xmlns="sap.m"
	xmlns:mvc="sap.ui.core.mvc"
	xmlns:semantic="sap.m.semantic"
	xmlns:u="sap.ui.unified"
	xmlns:l="sap.ui.layout"
		xmlns:core="sap.ui.core"
	xmlns:f="sap.ui.layout.form"		
	xmlns:footerbar="sap.ushell.ui.footerbar"
	xmlns:html="http://www.w3.org/1999/xhtml"
	xmlns:app="http://schemas.sap.com/sapui5/extension/sap.ui.core.CustomData/1">
	
	<core:Fragment fragmentName="fgtdbworklist.fragments.rightPanel.invoice" type="XML"/>
	<core:Fragment fragmentName="fgtdbworklist.fragments.rightPanel.budgetDetails" type="XML"/>
	<core:Fragment fragmentName="fgtdbworklist.fragments.rightPanel.matterBilling" type="XML"/>
	
	
	<!--
		<Bar >
		<contentRight>
		
		<Button icon="sap-icon://full-screen" press=".rightColumn.onRightPanelFscreen"/>
	
		</contentRight>
		</Bar>-->
	
		
<!--	<Panel expandable="true" expanded="true" headerText="Invoice Details ">
	<core:Fragment fragmentName="fgtdbworklist.fragments.rightPanel.invoice" type="XML"/>						
	</Panel>-->
	
	<!--
	
										<Panel expandable="true" expanded="true" headerText="Budget Details">
											<Table xmlns="sap.ui.table" id="bd" selectionMode="None" visibleRowCount="7">
												<columns>
													<Column xmlns="sap.ui.table">
														<label>
															<Label xmlns="sap.m" text=""/>
														</label>
														<template>
															<Text xmlns="sap.m" text="{Label}"/>
														</template>
													</Column>
													<Column xmlns="sap.ui.table">
														<label>
															<Label xmlns="sap.m" text=""/>
														</label>
														<template>
															<Text xmlns="sap.m" text="{Value}"/>
														</template>
													</Column>
												</columns>
											</Table>
										</Panel>
										<Panel expandable="true" expanded="true" headerText="Billing Details">
											<Table xmlns="sap.ui.table" id="bd1" selectionMode="None" visibleRowCount="8">
												<columns>
													<Column xmlns="sap.ui.table">
														<label>
															<Label xmlns="sap.m" text=""/>
														</label>
														<template>
															<Text xmlns="sap.m" text="{Label}"/>
														</template>
													</Column>
													<Column xmlns="sap.ui.table">
														<label>
															<Label xmlns="sap.m" text=""/>
														</label>
														<template>
															<Text xmlns="sap.m" text="{Value}"/>
														</template>
													</Column>
												</columns>
											</Table>
										</Panel>
			-->
			
		

</core:FragmentDefinition>