<core:FragmentDefinition xmlns="sap.m" xmlns:mvc="sap.ui.core.mvc" xmlns:semantic="sap.m.semantic" xmlns:u="sap.ui.unified"
	xmlns:l="sap.ui.layout" xmlns:core="sap.ui.core" xmlns:f="sap.ui.layout.form" xmlns:footerbar="sap.ushell.ui.footerbar"
	xmlns:html="http://www.w3.org/1999/xhtml" xmlns:app="http://schemas.sap.com/sapui5/extension/sap.ui.core.CustomData/1">
	<f:Form editable="false">
		<f:layout>
			<f:ResponsiveGridLayout labelSpanXL="1" labelSpanL="1" labelSpanM="1" labelSpanS="7" adjustLabelSpan="false" emptySpanXL="1" emptySpanL="1"
				emptySpanM="1" emptySpanS="1" columnsXL="1" columnsL="1" columnsM="1" singleContainerFullSize="false"/>
		</f:layout>
		<f:formContainers >
			<f:FormContainer expandable="true" expanded="false" title="{i18n>TitleMBillDet}">
				<f:formElements>
					<f:FormElement label="{i18n>LblBillCurrency}">
						<f:fields>
							<Text text="{MbillCurrency}"/>
						</f:fields>
					</f:FormElement>
					<f:FormElement label="{i18n>LblInterimAmount}">
						<f:fields>
							<ObjectNumber number="{ path: 'MbillUnallocated',type: 'sap.ui.model.type.Float'}"/>
							<!--	<Text text="{MbillUnallocated}"   />-->
						</f:fields>
					</f:FormElement>
					<f:FormElement label="{i18n>LblCFeeAmount}">
						<f:fields>
							<ObjectNumber number="{ path: 'MbillCappedFee',type: 'sap.ui.model.type.Float'}"/>
							<!--	<Text text="{MbillCappedFee}" />-->
						</f:fields>
					</f:FormElement>
					<f:FormElement label="{i18n>LblFeeBilled}">
						<f:fields>
							<ObjectNumber number="{ path: 'MbillFeesbilled',type: 'sap.ui.model.type.Float'}"/>
							<!--<Text text="{MbillFeesbilled}" />-->
						</f:fields>
					</f:FormElement>
					<f:FormElement label="{i18n>LblCostBilled}">
						<f:fields>
							<ObjectNumber number="{ path: 'MbillCostbilled',type: 'sap.ui.model.type.Float'}"/>
							<!--<Text text="{MbillCostbilled}"  />-->
						</f:fields>
					</f:FormElement>
					<f:FormElement label="{i18n>LblTrust}">
						<f:fields>
							<ObjectNumber number="{ path: 'MbillTrust',type: 'sap.ui.model.type.Float'}"/>
							<!--<Text text="{MbillTrust}"  />-->
						</f:fields>
					</f:FormElement>
					<f:FormElement label="{i18n>LblRetainer}">
						<f:fields>
							<ObjectNumber number="{ path: 'MbillRetainer',type: 'sap.ui.model.type.Float'}"/>
							<!--	<Text text="{MbillRetainer}"  />-->
						</f:fields>
					</f:FormElement>
					<f:FormElement label="{i18n>LblUnappliedCash}">
						<f:fields>
							<ObjectNumber number="{ path: 'MbillUnappliedcash',type: 'sap.ui.model.type.Float'}"/>
							<!--<Text text="{MbillUnappliedcash}"  />-->
						</f:fields>
					</f:FormElement>
				</f:formElements>
			</f:FormContainer>
		</f:formContainers>
	</f:Form>
</core:FragmentDefinition>