<core:FragmentDefinition xmlns="sap.m" xmlns:l="sap.ui.layout" xmlns:core="sap.ui.core"
	xmlns:app="http://schemas.sap.com/sapui5/extension/sap.ui.core.CustomData/1" xmlns:smartField="sap.ui.comp.smartfield"
	xmlns:smartform="sap.ui.comp.smartform">
	<Dialog beforeClose="beforeCloseAddEditDialog" contentWidth="1020px" showHeader="true"
		title="{i18n>CLIENTPARTNER_DIALOG_TITLE}" class="sapUiSizeCompact sapUiNoContentPadding">
		<content>
			<smartform:SmartForm editable="true" expandable="false" expanded="true" entityType="Cmileadpartner" id="cminewrequest.clientPartner.form_"
				flexEnabled="true">
				<smartform:customData>
					<core:CustomData key="dateFormatSettings" value='\{"UTC":true,"style":"short"\}'/>
				</smartform:customData>
				<smartform:Group id="cminewrequest.clientPartner.header1_">
					<smartform:GroupElement label="{i18n>CLIENTPARTNER_SMTFIELD_LBL_PARTNERTYPE}" id="cminewrequest.clientPartner.parvwDesc.input_">
						<!--		<smartField:SmartField showLabel="true" value="{Parvwdesc}" valueListChanged="valueChangePartnerType">
							<smartField:configuration>
								<smartField:Configuration preventInitialDataFetchInValueHelpDialog="false"/>
							</smartField:configuration>
						</smartField:SmartField>-->
						<smartField:SmartField  showLabel="true" change="smartDpDwnCahnge" value="{Parvwdesc}" app:cFilterVal="CIC"
							app:inOutParams='"vList":["PARVW","PARVWDESC"],"local":["Parvw","Parvwdesc"]' innerControlsCreated="samrtDpDwnCreated" 
							valueListChanged="valueChangePartnerType">
							<smartField:configuration>
								<smartField:Configuration controlType="dropDownList"/>
							</smartField:configuration>
						</smartField:SmartField>
					</smartform:GroupElement >
					<smartform:GroupElement label="{i18n>CLIENTPARTNER_SMTFIELD_LBL_BILLOFFICE}" id="cminewrequest.clientPartner.officeName.input_">
						<smartField:SmartField showLabel="true" value="{Office}">
							<smartField:configuration>
								<smartField:Configuration preventInitialDataFetchInValueHelpDialog="false"/>
							</smartField:configuration>
						</smartField:SmartField>
					</smartform:GroupElement >
					<smartform:GroupElement label="{i18n>CLIENTPARTNER_SMTFIELD_LBL_FIRSTNAME}" id="cminewrequest.clientPartner.firstName.input_">
						<smartField:SmartField showLabel="true" value="{Firstname}">
							<smartField:configuration>
								<smartField:Configuration preventInitialDataFetchInValueHelpDialog="false"/>
							</smartField:configuration>
						</smartField:SmartField>
					</smartform:GroupElement>
					<smartform:GroupElement label="{i18n>CLIENTPARTNER_SMTFIELD_LBL_LASTNAME}" id="cminewrequest.clientPartner.lastName.input_">
						<smartField:SmartField showLabel="true" value="{Lastname}"></smartField:SmartField>
					</smartform:GroupElement>
				</smartform:Group>
				<smartform:Group id="cminewrequest.clientPartner.header2_">
					<smartform:GroupElement label="{i18n>CLIENTPARTNER_SMTFIELD_LBL_PHONE}" id="cminewrequest.clientPartner.phone.input_">
						<smartField:SmartField showLabel="true" change="handlePhoneValidation" value="{Phone}"></smartField:SmartField>
					</smartform:GroupElement >
					<smartform:GroupElement label="{i18n>CLIENTPARTNER_SMTFIELD_LBL_EMAIL}" id="cminewrequest.clientPartner.email.input_">
						<smartField:SmartField showLabel="true" change="handleEmailValidation" value="{Email}"></smartField:SmartField>
					</smartform:GroupElement >
					<smartform:GroupElement label="{i18n>CLIENTPARTNER_SMTFIELD_LBL_ALLOCPERCENTAGE}" id="cminewrequest.clientPartner.allocation.input_">
						<smartField:SmartField id="cminewrequest.clientPartner.allocation.smartField_" visible="{= ${Parvw} === 'CS' ? false: true}" app:evtSrc="clientPartner" app:dataTblId="cminewrequest.clientPartner.table_" innerControlsCreated="handleAllocationPercentage"
							showLabel="true" value="{path:'Percentage',type :'sap.ui.model.type.String',constraints : {search: '\\d'}}"></smartField:SmartField>
					</smartform:GroupElement >
				</smartform:Group>
			</smartform:SmartForm>
		</content>
		<beginButton>
			<Button text="{i18n>BUTTON_TEXT_SUBMIT}" app:btnType="SUB" press="onPressSubmitClientPartner" type="Emphasized"
				visible="{generalSettings>/bClientSubmitButton}"/>
		</beginButton>
		<endButton>
			<Button text="{i18n>BUTTON_TXT_CANCEL}" app:btnType="CNL" press="closeClientPartner" type="Emphasized"/>
		</endButton>
	</Dialog>
</core:FragmentDefinition>