<edmx:Edmx
    xmlns:edmx="http://schemas.microsoft.com/ado/2007/06/edmx"
    xmlns:m="http://schemas.microsoft.com/ado/2007/08/dataservices/metadata"
    xmlns:sap="http://www.sap.com/Protocols/SAPData" Version="1.0">
    <edmx:DataServices m:DataServiceVersion="2.0">
        <Schema
            xmlns="http://schemas.microsoft.com/ado/2008/09/edm" Namespace="ZPRS_RW_INBOX_SRV" xml:lang="en" sap:schema-version="1">
            <EntityType Name="RecordSummary" sap:content-version="1">
                <Key>
                    <PropertyRef Name="Matterk"/>
                </Key>
                <Property Name="Action" Type="Edm.String" Nullable="false" MaxLength="10" sap:unicode="false" sap:label="Action" sap:creatable="false" sap:updatable="false" sap:sortable="false" sap:filterable="false"/>
                <Property Name="Matter" Type="Edm.String" Nullable="false" MaxLength="40" sap:unicode="false" sap:label="Matter Name" sap:creatable="false" sap:updatable="false" sap:sortable="false" sap:filterable="false"/>
                <Property Name="WiId" Type="Edm.String" Nullable="false" MaxLength="12" sap:unicode="false" sap:label="Work Item ID" sap:creatable="false" sap:updatable="false" sap:sortable="false" sap:filterable="false"/>
                <Property Name="Matterk" Type="Edm.String" Nullable="false" MaxLength="24" sap:unicode="false" sap:label="Matter Number" sap:creatable="false" sap:updatable="false" sap:sortable="false" sap:filterable="false"/>
                <Property Name="Workingofficek" Type="Edm.String" Nullable="false" MaxLength="4" sap:unicode="false" sap:label="Working Office" sap:creatable="false" sap:updatable="false" sap:sortable="false" sap:filterable="false"/>
                <Property Name="Barcode" Type="Edm.String" Nullable="false" MaxLength="15" sap:unicode="false" sap:label="Barcode" sap:creatable="false" sap:updatable="false" sap:sortable="false" sap:filterable="false"/>
                <Property Name="Destructiondue" Type="Edm.DateTime" Precision="7" sap:unicode="false" sap:label="Destruction Due Date" sap:creatable="false" sap:updatable="false" sap:sortable="false" sap:filterable="false"/>
                <NavigationProperty Name="RecordSummaryToRecordDetails" Relationship="ZPRS_RW_INBOX_SRV.RecordSummaryToRecordDetails" FromRole="FromRole_RecordSummaryToRecordDetails" ToRole="ToRole_RecordSummaryToRecordDetails"/>
                <NavigationProperty Name="RecordSummaryToRecordHeader" Relationship="ZPRS_RW_INBOX_SRV.RecordSummaryToRecordHeader" FromRole="FromRole_RecordSummaryToRecordHeader" ToRole="ToRole_RecordSummaryToRecordHeader"/>
            </EntityType>
            <EntityType Name="RecordHeader" sap:content-version="1">
                <Key>
                    <PropertyRef Name="Matterk"/>
                </Key>
                <Property Name="Matter" Type="Edm.String" Nullable="false" MaxLength="40" sap:unicode="false" sap:label="Matter Name" sap:creatable="false" sap:updatable="false" sap:sortable="false" sap:filterable="false"/>
                <Property Name="Matterk" Type="Edm.String" Nullable="false" MaxLength="24" sap:unicode="false" sap:label="Matter Number" sap:creatable="false" sap:updatable="false" sap:sortable="false" sap:filterable="false"/>
                <Property Name="Clientk" Type="Edm.String" Nullable="false" MaxLength="10" sap:unicode="false" sap:label="Client Number" sap:creatable="false" sap:updatable="false" sap:sortable="false" sap:filterable="false"/>
                <Property Name="Client" Type="Edm.String" Nullable="false" MaxLength="30" sap:unicode="false" sap:label="Client Name" sap:creatable="false" sap:updatable="false" sap:sortable="false" sap:filterable="false"/>
                <Property Name="Mstartdate" Type="Edm.DateTime" Precision="7" sap:unicode="false" sap:label="Matter Open Date" sap:creatable="false" sap:updatable="false" sap:sortable="false" sap:filterable="false"/>
                <Property Name="Mfinishdate" Type="Edm.DateTime" Precision="7" sap:unicode="false" sap:label="Matter Close Date" sap:creatable="false" sap:updatable="false" sap:sortable="false" sap:filterable="false"/>
            </EntityType>
            <EntityType Name="RecordDetails" sap:content-version="1">
                <Key>
                    <PropertyRef Name="Matterk"/>
                    <PropertyRef Name="Workingofficek"/>
                    <PropertyRef Name="Barcode"/>
                </Key>
                <Property Name="Action" Type="Edm.String" Nullable="false" MaxLength="10" sap:unicode="false" sap:label="Action" sap:creatable="false" sap:updatable="false" sap:sortable="false" sap:filterable="false"/>
                <Property Name="Matter" Type="Edm.String" Nullable="false" MaxLength="40" sap:unicode="false" sap:label="Matter Name" sap:creatable="false" sap:updatable="false" sap:sortable="false"/>
                <Property Name="Matterk" Type="Edm.String" Nullable="false" MaxLength="24" sap:unicode="false" sap:label="Matter Number" sap:creatable="false" sap:updatable="false" sap:sortable="false"/>
                <Property Name="WiId" Type="Edm.String" Nullable="false" MaxLength="12" sap:unicode="false" sap:label="Work Item ID" sap:creatable="false" sap:updatable="false" sap:sortable="false" sap:filterable="false"/>
                <Property Name="Flag" Type="Edm.String" Nullable="false" MaxLength="1" sap:unicode="false" sap:label="Checkbox" sap:creatable="false" sap:updatable="false" sap:sortable="false" sap:filterable="false"/>
                <Property Name="Error" Type="Edm.String" Nullable="false" MaxLength="1" sap:unicode="false" sap:label="Error flag" sap:creatable="false" sap:updatable="false" sap:sortable="false" sap:filterable="false"/>
                <Property Name="Workingofficek" Type="Edm.String" Nullable="false" MaxLength="4" sap:unicode="false" sap:label="Working Office" sap:creatable="false" sap:updatable="false" sap:sortable="false" sap:filterable="false"/>
                <Property Name="Barcode" Type="Edm.String" Nullable="false" MaxLength="15" sap:unicode="false" sap:label="Barcode" sap:creatable="false" sap:updatable="false" sap:sortable="false" sap:filterable="false"/>
                <Property Name="Message" Type="Edm.String" Nullable="false" sap:unicode="false" sap:label="Message" sap:creatable="false" sap:updatable="false" sap:sortable="false" sap:filterable="false"/>
                <Property Name="Possibleaction" Type="Edm.String" Nullable="false" sap:unicode="false" sap:label="Possible Action" sap:creatable="false" sap:updatable="false" sap:sortable="false" sap:filterable="false"/>
                <Property Name="Locationcode" Type="Edm.String" Nullable="false" MaxLength="3" sap:unicode="false" sap:label="Location Code" sap:creatable="false" sap:updatable="false" sap:sortable="false" sap:filterable="false"/>
                <Property Name="Personaldata" Type="Edm.String" Nullable="false" MaxLength="1" sap:unicode="false" sap:label="Personal Data" sap:creatable="false" sap:updatable="false" sap:sortable="false" sap:filterable="false"/>
                <Property Name="Partnerauthreq" Type="Edm.String" Nullable="false" MaxLength="1" sap:unicode="false" sap:label="Partner  Auth. Reqd" sap:creatable="false" sap:updatable="false" sap:sortable="false" sap:filterable="false"/>
                <Property Name="Description" Type="Edm.String" Nullable="false" MaxLength="40" sap:unicode="false" sap:label="Description" sap:creatable="false" sap:updatable="false" sap:sortable="false" sap:filterable="false"/>
                <Property Name="Status" Type="Edm.String" Nullable="false" MaxLength="3" sap:unicode="false" sap:label="Record Status" sap:creatable="false" sap:updatable="false" sap:sortable="false" sap:filterable="false"/>
                <Property Name="Inactive" Type="Edm.String" Nullable="false" MaxLength="1" sap:unicode="false" sap:label="Inactive" sap:creatable="false" sap:updatable="false" sap:sortable="false" sap:filterable="false"/>
                <Property Name="Createdby" Type="Edm.String" Nullable="false" MaxLength="12" sap:unicode="false" sap:label="Created By" sap:creatable="false" sap:updatable="false" sap:sortable="false" sap:filterable="false"/>
                <Property Name="Destructiondue" Type="Edm.DateTime" Precision="0" sap:unicode="false" sap:label="Destruction Due Date" sap:creatable="false" sap:updatable="false" sap:sortable="false" sap:filterable="false"/>
                <Property Name="Createdat" Type="Edm.DateTime" Precision="0" sap:unicode="false" sap:label="Created On" sap:creatable="false" sap:updatable="false" sap:sortable="false" sap:filterable="false"/>
                <Property Name="Destructionduen" Type="Edm.DateTime" Precision="0" sap:unicode="false" sap:label="Destruction Due Date New" sap:creatable="false" sap:updatable="false" sap:sortable="false" sap:filterable="false"/>
            </EntityType>
            <EntityType Name="VL_SH_DEBIR" sap:content-version="1">
                <Key>
                    <PropertyRef Name="SORTL"/>
                    <PropertyRef Name="NAME1"/>
                    <PropertyRef Name="KUNNR"/>
                </Key>
                <Property Name="BEGRU" Type="Edm.String" MaxLength="4" sap:display-format="UpperCase" sap:label="Authorization" sap:filterable="false"/>
                <Property Name="KTOKD" Type="Edm.String" MaxLength="4" sap:display-format="UpperCase" sap:label="Account Group" sap:filterable="false"/>
                <Property Name="J_3GETYP" Type="Edm.String" MaxLength="2" sap:display-format="UpperCase" sap:label="Recipient type"/>
                <Property Name="SORTL" Type="Edm.String" Nullable="false" MaxLength="10" sap:display-format="UpperCase" sap:label="Search Term"/>
                <Property Name="NAME1" Type="Edm.String" Nullable="false" MaxLength="35" sap:label="Name"/>
                <Property Name="KUNNR" Type="Edm.String" Nullable="false" MaxLength="10" sap:display-format="UpperCase" sap:label="Customer"/>
            </EntityType>
            <EntityType Name="VL_SH_DEBIQ" sap:content-version="1">
                <Key>
                    <PropertyRef Name="SORTL"/>
                    <PropertyRef Name="NAME1"/>
                    <PropertyRef Name="KUNNR"/>
                </Key>
                <Property Name="BEGRU" Type="Edm.String" MaxLength="4" sap:display-format="UpperCase" sap:label="Authorization" sap:filterable="false"/>
                <Property Name="KTOKD" Type="Edm.String" MaxLength="4" sap:display-format="UpperCase" sap:label="Account Group" sap:filterable="false"/>
                <Property Name="J_3GREFTYP" Type="Edm.String" MaxLength="2" sap:display-format="UpperCase" sap:label="Reference type"/>
                <Property Name="SORTL" Type="Edm.String" Nullable="false" MaxLength="10" sap:display-format="UpperCase" sap:label="Search Term"/>
                <Property Name="NAME1" Type="Edm.String" Nullable="false" MaxLength="35" sap:label="Name"/>
                <Property Name="KUNNR" Type="Edm.String" Nullable="false" MaxLength="10" sap:display-format="UpperCase" sap:label="Customer"/>
            </EntityType>
            <EntityType Name="VL_SH_DEBI_ES_SIMPLE" sap:content-version="1">
                <Key>
                    <PropertyRef Name="CITY1"/>
                    <PropertyRef Name="COUNTRY"/>
                    <PropertyRef Name="CUSTOMER_NAME1"/>
                    <PropertyRef Name="HOUSE_NUM1"/>
                    <PropertyRef Name="KUNNR_EXT"/>
                    <PropertyRef Name="NAME2"/>
                    <PropertyRef Name="OBJECT_TYPE_ID"/>
                    <PropertyRef Name="POST_CODE1"/>
                    <PropertyRef Name="REQUEST"/>
                    <PropertyRef Name="STREET"/>
                    <PropertyRef Name="SxRPxSEARCH_TERM"/>
                    <PropertyRef Name="SxRPxMODE_FUZZY"/>
                </Key>
                <Property Name="CITY1" Type="Edm.String" Nullable="false" MaxLength="40" sap:label="City" sap:filterable="false"/>
                <Property Name="COUNTRY" Type="Edm.String" Nullable="false" MaxLength="3" sap:display-format="UpperCase" sap:label="Country" sap:filterable="false"/>
                <Property Name="CUSTOMER_NAME1" Type="Edm.String" Nullable="false" MaxLength="40" sap:label="Name" sap:filterable="false"/>
                <Property Name="HOUSE_NUM1" Type="Edm.String" Nullable="false" MaxLength="10" sap:label="House Number" sap:filterable="false"/>
                <Property Name="KUNNR_EXT" Type="Edm.String" Nullable="false" MaxLength="10" sap:display-format="UpperCase" sap:label="Customer" sap:filterable="false"/>
                <Property Name="NAME2" Type="Edm.String" Nullable="false" MaxLength="40" sap:label="Name 2" sap:filterable="false"/>
                <Property Name="OBJECT_TYPE_ID" Type="Edm.String" Nullable="false" MaxLength="20" sap:display-format="UpperCase" sap:label="Object Type" sap:filterable="false"/>
                <Property Name="POST_CODE1" Type="Edm.String" Nullable="false" MaxLength="10" sap:display-format="UpperCase" sap:label="Postal Code" sap:filterable="false"/>
                <Property Name="REQUEST" Type="Edm.String" Nullable="false" MaxLength="32" sap:display-format="UpperCase" sap:label="Request Type ID" sap:filterable="false"/>
                <Property Name="STREET" Type="Edm.String" Nullable="false" MaxLength="60" sap:label="Street" sap:filterable="false"/>
                <Property Name="SxRPxSEARCH_TERM" Type="Edm.String" Nullable="false" MaxLength="45" sap:label="Search Term"/>
                <Property Name="SxRPxMODE_FUZZY" Type="Edm.Boolean" Nullable="false" sap:label="Fuzzy Mode"/>
            </EntityType>
            <EntityType Name="VL_SH_DEBI_ES_ADVANCED" sap:content-version="1">
                <Key>
                    <PropertyRef Name="STREET"/>
                    <PropertyRef Name="REQUEST"/>
                    <PropertyRef Name="POST_CODE1"/>
                    <PropertyRef Name="OBJECT_TYPE_ID"/>
                    <PropertyRef Name="NAME2"/>
                    <PropertyRef Name="KUNNR_EXT"/>
                    <PropertyRef Name="HOUSE_NUM1"/>
                    <PropertyRef Name="COUNTRY1"/>
                    <PropertyRef Name="CITY1"/>
                    <PropertyRef Name="SxRPxSEARCH_TERM"/>
                    <PropertyRef Name="SxRPxMODE_FUZZY"/>
                    <PropertyRef Name="KUNNR1"/>
                    <PropertyRef Name="CUSTOMER_NAME1"/>
                    <PropertyRef Name="NAME21"/>
                    <PropertyRef Name="CITY11"/>
                    <PropertyRef Name="POST_CODE11"/>
                    <PropertyRef Name="STREET1"/>
                    <PropertyRef Name="HOUSE_NUM11"/>
                    <PropertyRef Name="COUNTRY"/>
                    <PropertyRef Name="VKORG"/>
                    <PropertyRef Name="VTWEG"/>
                    <PropertyRef Name="SPART"/>
                    <PropertyRef Name="NAMEV"/>
                    <PropertyRef Name="DEPARTMENT"/>
                    <PropertyRef Name="FUNCTION"/>
                    <PropertyRef Name="DEL_FLAG_G"/>
                </Key>
                <Property Name="STREET" Type="Edm.String" Nullable="false" MaxLength="60" sap:label="Street" sap:filterable="false"/>
                <Property Name="REQUEST" Type="Edm.String" Nullable="false" MaxLength="32" sap:display-format="UpperCase" sap:label="Request Type ID" sap:filterable="false"/>
                <Property Name="POST_CODE1" Type="Edm.String" Nullable="false" MaxLength="10" sap:display-format="UpperCase" sap:label="Postal Code" sap:filterable="false"/>
                <Property Name="OBJECT_TYPE_ID" Type="Edm.String" Nullable="false" MaxLength="20" sap:display-format="UpperCase" sap:label="Object Type" sap:filterable="false"/>
                <Property Name="NAME2" Type="Edm.String" Nullable="false" MaxLength="40" sap:label="Name 2" sap:filterable="false"/>
                <Property Name="KUNNR_EXT" Type="Edm.String" Nullable="false" MaxLength="10" sap:display-format="UpperCase" sap:label="Customer" sap:filterable="false"/>
                <Property Name="HOUSE_NUM1" Type="Edm.String" Nullable="false" MaxLength="10" sap:label="House Number" sap:filterable="false"/>
                <Property Name="COUNTRY1" Type="Edm.String" Nullable="false" MaxLength="3" sap:display-format="UpperCase" sap:label="Country" sap:filterable="false"/>
                <Property Name="CITY1" Type="Edm.String" Nullable="false" MaxLength="40" sap:label="City" sap:filterable="false"/>
                <Property Name="SxRPxSEARCH_TERM" Type="Edm.String" Nullable="false" MaxLength="45" sap:label="Search Term"/>
                <Property Name="SxRPxMODE_FUZZY" Type="Edm.Boolean" Nullable="false" sap:label="Fuzzy Mode"/>
                <Property Name="KUNNR1" Type="Edm.String" Nullable="false" MaxLength="10" sap:display-format="UpperCase" sap:label="Customer"/>
                <Property Name="CUSTOMER_NAME1" Type="Edm.String" Nullable="false" MaxLength="40" sap:label="Name"/>
                <Property Name="NAME21" Type="Edm.String" Nullable="false" MaxLength="40" sap:label="Name 2"/>
                <Property Name="CITY11" Type="Edm.String" Nullable="false" MaxLength="40" sap:label="City"/>
                <Property Name="POST_CODE11" Type="Edm.String" Nullable="false" MaxLength="10" sap:display-format="UpperCase" sap:label="Postal Code"/>
                <Property Name="STREET1" Type="Edm.String" Nullable="false" MaxLength="60" sap:label="Street"/>
                <Property Name="HOUSE_NUM11" Type="Edm.String" Nullable="false" MaxLength="10" sap:label="House Number"/>
                <Property Name="COUNTRY" Type="Edm.String" Nullable="false" MaxLength="50" sap:label="Country"/>
                <Property Name="VKORG" Type="Edm.String" Nullable="false" MaxLength="4" sap:display-format="UpperCase" sap:label="Sales Org."/>
                <Property Name="VTWEG" Type="Edm.String" Nullable="false" MaxLength="2" sap:display-format="UpperCase" sap:label="Distr. Channel"/>
                <Property Name="SPART" Type="Edm.String" Nullable="false" MaxLength="2" sap:display-format="UpperCase" sap:label="Division"/>
                <Property Name="NAMEV" Type="Edm.String" Nullable="false" MaxLength="35" sap:label="Name"/>
                <Property Name="DEPARTMENT" Type="Edm.String" Nullable="false" MaxLength="40" sap:label="Department"/>
                <Property Name="FUNCTION" Type="Edm.String" Nullable="false" MaxLength="40" sap:label="Function"/>
                <Property Name="DEL_FLAG_G" Type="Edm.Boolean" Nullable="false" sap:label="Deletion flag"/>
            </EntityType>
            <EntityType Name="VL_SH_ZPRS_SH_IB_DEBIA" sap:content-version="1">
                <Key>
                    <PropertyRef Name="BEGRU"/>
                    <PropertyRef Name="SORTL"/>
                    <PropertyRef Name="LAND1"/>
                    <PropertyRef Name="PSTLZ"/>
                    <PropertyRef Name="MCOD3"/>
                    <PropertyRef Name="MCOD1"/>
                    <PropertyRef Name="KUNNR"/>
                </Key>
                <Property Name="BEGRU" Type="Edm.String" Nullable="false" MaxLength="4" sap:display-format="UpperCase" sap:label="Authorization" sap:filterable="false"/>
                <Property Name="SORTL" Type="Edm.String" Nullable="false" MaxLength="10" sap:display-format="UpperCase" sap:label="Search Term"/>
                <Property Name="LAND1" Type="Edm.String" Nullable="false" MaxLength="3" sap:display-format="UpperCase" sap:label="Country"/>
                <Property Name="PSTLZ" Type="Edm.String" Nullable="false" MaxLength="10" sap:display-format="UpperCase" sap:label="Postal Code"/>
                <Property Name="MCOD3" Type="Edm.String" Nullable="false" MaxLength="25" sap:display-format="UpperCase" sap:label="City"/>
                <Property Name="MCOD1" Type="Edm.String" Nullable="false" MaxLength="25" sap:display-format="UpperCase" sap:label="Customer Name"/>
                <Property Name="KUNNR" Type="Edm.String" Nullable="false" MaxLength="10" sap:display-format="UpperCase" sap:label="Customer"/>
            </EntityType>
            <EntityType Name="VL_SH_ZPRS_SH_IB_DEBID" sap:content-version="1">
                <Key>
                    <PropertyRef Name="BEGRU"/>
                    <PropertyRef Name="SORTL"/>
                    <PropertyRef Name="LAND1"/>
                    <PropertyRef Name="PSTLZ"/>
                    <PropertyRef Name="MCOD3"/>
                    <PropertyRef Name="MCOD1"/>
                    <PropertyRef Name="KUNNR"/>
                    <PropertyRef Name="BUKRS"/>
                </Key>
                <Property Name="BEGRU" Type="Edm.String" Nullable="false" MaxLength="4" sap:display-format="UpperCase" sap:label="Authorization" sap:filterable="false"/>
                <Property Name="SORTL" Type="Edm.String" Nullable="false" MaxLength="10" sap:display-format="UpperCase" sap:label="Search Term"/>
                <Property Name="LAND1" Type="Edm.String" Nullable="false" MaxLength="3" sap:display-format="UpperCase" sap:label="Country"/>
                <Property Name="PSTLZ" Type="Edm.String" Nullable="false" MaxLength="10" sap:display-format="UpperCase" sap:label="Postal Code"/>
                <Property Name="MCOD3" Type="Edm.String" Nullable="false" MaxLength="25" sap:display-format="UpperCase" sap:label="City"/>
                <Property Name="MCOD1" Type="Edm.String" Nullable="false" MaxLength="25" sap:display-format="UpperCase" sap:label="Customer Name"/>
                <Property Name="KUNNR" Type="Edm.String" Nullable="false" MaxLength="10" sap:display-format="UpperCase" sap:label="Customer"/>
                <Property Name="BUKRS" Type="Edm.String" Nullable="false" MaxLength="4" sap:display-format="UpperCase" sap:label="Company Code"/>
            </EntityType>
            <EntityType Name="VL_SH_ZPRS_SH_IB_DEBIE" sap:content-version="1">
                <Key>
                    <PropertyRef Name="BEGRU"/>
                    <PropertyRef Name="LAND1"/>
                    <PropertyRef Name="MCOD3"/>
                    <PropertyRef Name="SORTL"/>
                    <PropertyRef Name="MCOD1"/>
                    <PropertyRef Name="KUNNR"/>
                    <PropertyRef Name="BUKRS"/>
                </Key>
                <Property Name="BEGRU" Type="Edm.String" Nullable="false" MaxLength="4" sap:display-format="UpperCase" sap:label="Authorization" sap:filterable="false"/>
                <Property Name="LAND1" Type="Edm.String" Nullable="false" MaxLength="3" sap:display-format="UpperCase" sap:label="Country"/>
                <Property Name="MCOD3" Type="Edm.String" Nullable="false" MaxLength="25" sap:display-format="UpperCase" sap:label="City"/>
                <Property Name="SORTL" Type="Edm.String" Nullable="false" MaxLength="10" sap:display-format="UpperCase" sap:label="Search Term"/>
                <Property Name="MCOD1" Type="Edm.String" Nullable="false" MaxLength="25" sap:display-format="UpperCase" sap:label="Customer Name"/>
                <Property Name="KUNNR" Type="Edm.String" Nullable="false" MaxLength="10" sap:display-format="UpperCase" sap:label="Customer"/>
                <Property Name="BUKRS" Type="Edm.String" Nullable="false" MaxLength="4" sap:display-format="UpperCase" sap:label="Company Code"/>
            </EntityType>
            <EntityType Name="VL_SH_ZPRS_SH_IB_DEBIL" sap:content-version="1">
                <Key>
                    <PropertyRef Name="BEGRU"/>
                    <PropertyRef Name="LAND1"/>
                    <PropertyRef Name="SORTL"/>
                    <PropertyRef Name="MCOD1"/>
                    <PropertyRef Name="MCOD3"/>
                    <PropertyRef Name="KUNNR"/>
                </Key>
                <Property Name="BEGRU" Type="Edm.String" Nullable="false" MaxLength="4" sap:display-format="UpperCase" sap:label="Authorization" sap:filterable="false"/>
                <Property Name="LAND1" Type="Edm.String" Nullable="false" MaxLength="3" sap:display-format="UpperCase" sap:label="Country"/>
                <Property Name="SORTL" Type="Edm.String" Nullable="false" MaxLength="10" sap:display-format="UpperCase" sap:label="Search Term"/>
                <Property Name="MCOD1" Type="Edm.String" Nullable="false" MaxLength="25" sap:display-format="UpperCase" sap:label="Customer Name"/>
                <Property Name="MCOD3" Type="Edm.String" Nullable="false" MaxLength="25" sap:display-format="UpperCase" sap:label="City"/>
                <Property Name="KUNNR" Type="Edm.String" Nullable="false" MaxLength="10" sap:display-format="UpperCase" sap:label="Customer"/>
            </EntityType>
            <EntityType Name="VL_SH_ZPRS_SH_IB_DEBIT" sap:content-version="1">
                <Key>
                    <PropertyRef Name="BEGRU"/>
                    <PropertyRef Name="STCD1"/>
                    <PropertyRef Name="STCD2"/>
                    <PropertyRef Name="STCD3"/>
                    <PropertyRef Name="STCD4"/>
                    <PropertyRef Name="STCD5"/>
                    <PropertyRef Name="STCEG"/>
                    <PropertyRef Name="LAND1"/>
                    <PropertyRef Name="MCOD1"/>
                    <PropertyRef Name="KUNNR"/>
                </Key>
                <Property Name="BEGRU" Type="Edm.String" Nullable="false" MaxLength="4" sap:display-format="UpperCase" sap:label="Authorization" sap:filterable="false"/>
                <Property Name="STCD1" Type="Edm.String" Nullable="false" MaxLength="16" sap:display-format="UpperCase" sap:label="Tax Number 1"/>
                <Property Name="STCD2" Type="Edm.String" Nullable="false" MaxLength="11" sap:display-format="UpperCase" sap:label="Tax Number 2"/>
                <Property Name="STCD3" Type="Edm.String" Nullable="false" MaxLength="18" sap:display-format="UpperCase" sap:label="Tax Number 3"/>
                <Property Name="STCD4" Type="Edm.String" Nullable="false" MaxLength="18" sap:display-format="UpperCase" sap:label="Tax Number 4"/>
                <Property Name="STCD5" Type="Edm.String" Nullable="false" MaxLength="60" sap:display-format="UpperCase" sap:label="Tax Number 5"/>
                <Property Name="STCEG" Type="Edm.String" Nullable="false" MaxLength="20" sap:display-format="UpperCase" sap:label="VAT Registration No."/>
                <Property Name="LAND1" Type="Edm.String" Nullable="false" MaxLength="3" sap:display-format="UpperCase" sap:label="Country"/>
                <Property Name="MCOD1" Type="Edm.String" Nullable="false" MaxLength="25" sap:display-format="UpperCase" sap:label="Customer Name"/>
                <Property Name="KUNNR" Type="Edm.String" Nullable="false" MaxLength="10" sap:display-format="UpperCase" sap:label="Customer"/>
            </EntityType>
            <EntityType Name="VL_SH_ZPRS_SH_IB_DEBIX" sap:content-version="1">
                <Key>
                    <PropertyRef Name="MC_CITY1"/>
                    <PropertyRef Name="MC_FIRSTNAME"/>
                    <PropertyRef Name="MC_NAME"/>
                    <PropertyRef Name="MC_STREET"/>
                    <PropertyRef Name="PARNR"/>
                    <PropertyRef Name="POST_CODE2"/>
                    <PropertyRef Name="PO_BOX"/>
                    <PropertyRef Name="KUNNR"/>
                    <PropertyRef Name="NAME"/>
                    <PropertyRef Name="FIRSTNAME"/>
                    <PropertyRef Name="SORT1"/>
                    <PropertyRef Name="SORT2"/>
                    <PropertyRef Name="STREET"/>
                    <PropertyRef Name="HOUSE_NUM1"/>
                    <PropertyRef Name="POST_CODE1"/>
                    <PropertyRef Name="CITY1"/>
                    <PropertyRef Name="COUNTRY"/>
                    <PropertyRef Name="REGION"/>
                </Key>
                <Property Name="MC_CITY1" Type="Edm.String" Nullable="false" MaxLength="25" sap:display-format="UpperCase" sap:label="City" sap:filterable="false"/>
                <Property Name="MC_FIRSTNAME" Type="Edm.String" Nullable="false" MaxLength="25" sap:display-format="UpperCase" sap:label="First name" sap:filterable="false"/>
                <Property Name="MC_NAME" Type="Edm.String" Nullable="false" MaxLength="25" sap:display-format="UpperCase" sap:label="Name" sap:filterable="false"/>
                <Property Name="MC_STREET" Type="Edm.String" Nullable="false" MaxLength="25" sap:display-format="UpperCase" sap:label="Street" sap:filterable="false"/>
                <Property Name="PARNR" Type="Edm.String" Nullable="false" MaxLength="10" sap:display-format="NonNegative" sap:label="Contact Person" sap:filterable="false"/>
                <Property Name="POST_CODE2" Type="Edm.String" Nullable="false" MaxLength="10" sap:display-format="UpperCase" sap:label="PO Box Post Cde" sap:filterable="false"/>
                <Property Name="PO_BOX" Type="Edm.String" Nullable="false" MaxLength="10" sap:display-format="UpperCase" sap:label="PO Box" sap:filterable="false"/>
                <Property Name="KUNNR" Type="Edm.String" Nullable="false" MaxLength="10" sap:display-format="UpperCase" sap:label="Customer"/>
                <Property Name="NAME" Type="Edm.String" Nullable="false" MaxLength="40" sap:label="Name"/>
                <Property Name="FIRSTNAME" Type="Edm.String" Nullable="false" MaxLength="40" sap:label="First name"/>
                <Property Name="SORT1" Type="Edm.String" Nullable="false" MaxLength="20" sap:display-format="UpperCase" sap:label="Search Term 1"/>
                <Property Name="SORT2" Type="Edm.String" Nullable="false" MaxLength="20" sap:display-format="UpperCase" sap:label="Search Term 2"/>
                <Property Name="STREET" Type="Edm.String" Nullable="false" MaxLength="60" sap:label="Street"/>
                <Property Name="HOUSE_NUM1" Type="Edm.String" Nullable="false" MaxLength="10" sap:label="House Number"/>
                <Property Name="POST_CODE1" Type="Edm.String" Nullable="false" MaxLength="10" sap:display-format="UpperCase" sap:label="Postal Code"/>
                <Property Name="CITY1" Type="Edm.String" Nullable="false" MaxLength="40" sap:label="City"/>
                <Property Name="COUNTRY" Type="Edm.String" Nullable="false" MaxLength="3" sap:display-format="UpperCase" sap:label="Country"/>
                <Property Name="REGION" Type="Edm.String" Nullable="false" MaxLength="3" sap:display-format="UpperCase" sap:label="Region"/>
            </EntityType>
            <EntityType Name="VL_SH_ZPRS_SH_IB_DEBIK" sap:content-version="1">
                <Key>
                    <PropertyRef Name="BEGRU"/>
                    <PropertyRef Name="KTOKD"/>
                    <PropertyRef Name="SORTL"/>
                    <PropertyRef Name="LAND1"/>
                    <PropertyRef Name="PSTLZ"/>
                    <PropertyRef Name="MCOD3"/>
                    <PropertyRef Name="MCOD1"/>
                    <PropertyRef Name="KUNNR"/>
                </Key>
                <Property Name="BEGRU" Type="Edm.String" Nullable="false" MaxLength="4" sap:display-format="UpperCase" sap:label="Authorization" sap:filterable="false"/>
                <Property Name="KTOKD" Type="Edm.String" Nullable="false" MaxLength="4" sap:display-format="UpperCase" sap:label="Account Group"/>
                <Property Name="SORTL" Type="Edm.String" Nullable="false" MaxLength="10" sap:display-format="UpperCase" sap:label="Search Term"/>
                <Property Name="LAND1" Type="Edm.String" Nullable="false" MaxLength="3" sap:display-format="UpperCase" sap:label="Country"/>
                <Property Name="PSTLZ" Type="Edm.String" Nullable="false" MaxLength="10" sap:display-format="UpperCase" sap:label="Postal Code"/>
                <Property Name="MCOD3" Type="Edm.String" Nullable="false" MaxLength="25" sap:display-format="UpperCase" sap:label="City"/>
                <Property Name="MCOD1" Type="Edm.String" Nullable="false" MaxLength="25" sap:display-format="UpperCase" sap:label="Customer Name"/>
                <Property Name="KUNNR" Type="Edm.String" Nullable="false" MaxLength="10" sap:display-format="UpperCase" sap:label="Customer"/>
            </EntityType>
            <EntityType Name="VL_FV_BOOLEAN_FLG" sap:content-version="1">
                <Key>
                    <PropertyRef Name="Code"/>
                </Key>
                <Property Name="Code" Type="Edm.String" Nullable="false" MaxLength="1" sap:text="Text" sap:label="Value"/>
                <Property Name="Text" Type="Edm.String" MaxLength="60" sap:label="Short Descript."/>
            </EntityType>
            <Association Name="RecordSummaryToRecordHeader" sap:content-version="1">
                <End Type="ZPRS_RW_INBOX_SRV.RecordSummary" Multiplicity="1" Role="FromRole_RecordSummaryToRecordHeader"/>
                <End Type="ZPRS_RW_INBOX_SRV.RecordHeader" Multiplicity="1" Role="ToRole_RecordSummaryToRecordHeader"/>
            </Association>
            <Association Name="RecordSummaryToRecordDetails" sap:content-version="1">
                <End Type="ZPRS_RW_INBOX_SRV.RecordSummary" Multiplicity="1" Role="FromRole_RecordSummaryToRecordDetails"/>
                <End Type="ZPRS_RW_INBOX_SRV.RecordDetails" Multiplicity="*" Role="ToRole_RecordSummaryToRecordDetails"/>
            </Association>
            <EntityContainer Name="ZPRS_RW_INBOX_SRV_Entities" m:IsDefaultEntityContainer="true" sap:supported-formats="atom json xlsx">
                <EntitySet Name="VL_SH_DEBIR" EntityType="ZPRS_RW_INBOX_SRV.VL_SH_DEBIR" sap:creatable="false" sap:updatable="false" sap:deletable="false" sap:content-version="1" sap:countable="false"/>
                <EntitySet Name="VL_SH_DEBIQ" EntityType="ZPRS_RW_INBOX_SRV.VL_SH_DEBIQ" sap:creatable="false" sap:updatable="false" sap:deletable="false" sap:content-version="1" sap:countable="false"/>
                <EntitySet Name="VL_SH_DEBI_ES_SIMPLE" EntityType="ZPRS_RW_INBOX_SRV.VL_SH_DEBI_ES_SIMPLE" sap:creatable="false" sap:updatable="false" sap:deletable="false" sap:content-version="1" sap:countable="false"/>
                <EntitySet Name="VL_SH_DEBI_ES_ADVANCED" EntityType="ZPRS_RW_INBOX_SRV.VL_SH_DEBI_ES_ADVANCED" sap:creatable="false" sap:updatable="false" sap:deletable="false" sap:content-version="1" sap:countable="false"/>
                <EntitySet Name="VL_SH_ZPRS_SH_IB_DEBIA" EntityType="ZPRS_RW_INBOX_SRV.VL_SH_ZPRS_SH_IB_DEBIA" sap:creatable="false" sap:updatable="false" sap:deletable="false" sap:content-version="1" sap:countable="false"/>
                <EntitySet Name="VL_SH_ZPRS_SH_IB_DEBID" EntityType="ZPRS_RW_INBOX_SRV.VL_SH_ZPRS_SH_IB_DEBID" sap:creatable="false" sap:updatable="false" sap:deletable="false" sap:content-version="1" sap:countable="false"/>
                <EntitySet Name="VL_SH_ZPRS_SH_IB_DEBIE" EntityType="ZPRS_RW_INBOX_SRV.VL_SH_ZPRS_SH_IB_DEBIE" sap:creatable="false" sap:updatable="false" sap:deletable="false" sap:content-version="1" sap:countable="false"/>
                <EntitySet Name="VL_SH_ZPRS_SH_IB_DEBIL" EntityType="ZPRS_RW_INBOX_SRV.VL_SH_ZPRS_SH_IB_DEBIL" sap:creatable="false" sap:updatable="false" sap:deletable="false" sap:content-version="1" sap:countable="false"/>
                <EntitySet Name="VL_SH_ZPRS_SH_IB_DEBIT" EntityType="ZPRS_RW_INBOX_SRV.VL_SH_ZPRS_SH_IB_DEBIT" sap:creatable="false" sap:updatable="false" sap:deletable="false" sap:content-version="1" sap:countable="false"/>
                <EntitySet Name="VL_SH_ZPRS_SH_IB_DEBIX" EntityType="ZPRS_RW_INBOX_SRV.VL_SH_ZPRS_SH_IB_DEBIX" sap:creatable="false" sap:updatable="false" sap:deletable="false" sap:content-version="1" sap:countable="false"/>
                <EntitySet Name="VL_SH_ZPRS_SH_IB_DEBIK" EntityType="ZPRS_RW_INBOX_SRV.VL_SH_ZPRS_SH_IB_DEBIK" sap:creatable="false" sap:updatable="false" sap:deletable="false" sap:content-version="1" sap:countable="false"/>
                <EntitySet Name="VL_FV_BOOLEAN_FLG" EntityType="ZPRS_RW_INBOX_SRV.VL_FV_BOOLEAN_FLG" sap:content-version="1" sap:semantics="fixed-values"/>
                <EntitySet Name="RecordSummarySet" EntityType="ZPRS_RW_INBOX_SRV.RecordSummary" sap:creatable="false" sap:updatable="false" sap:deletable="false" sap:pageable="false" sap:content-version="1"/>
                <EntitySet Name="RecordHeaderSet" EntityType="ZPRS_RW_INBOX_SRV.RecordHeader" sap:creatable="false" sap:updatable="false" sap:deletable="false" sap:pageable="false" sap:content-version="1"/>
                <EntitySet Name="RecordDetailsSet" EntityType="ZPRS_RW_INBOX_SRV.RecordDetails" sap:creatable="false" sap:updatable="false" sap:deletable="false" sap:pageable="false" sap:content-version="1"/>
                <AssociationSet Name="RecordSummaryToRecordHeaderSet" Association="ZPRS_RW_INBOX_SRV.RecordSummaryToRecordHeader" sap:creatable="false" sap:updatable="false" sap:deletable="false" sap:content-version="1">
                    <End EntitySet="RecordSummarySet" Role="FromRole_RecordSummaryToRecordHeader"/>
                    <End EntitySet="RecordHeaderSet" Role="ToRole_RecordSummaryToRecordHeader"/>
                </AssociationSet>
                <AssociationSet Name="RecordSummaryToRecordDetailsSet" Association="ZPRS_RW_INBOX_SRV.RecordSummaryToRecordDetails" sap:creatable="false" sap:updatable="false" sap:deletable="false" sap:content-version="1">
                    <End EntitySet="RecordSummarySet" Role="FromRole_RecordSummaryToRecordDetails"/>
                    <End EntitySet="RecordDetailsSet" Role="ToRole_RecordSummaryToRecordDetails"/>
                </AssociationSet>
            </EntityContainer>
            <Annotations
                xmlns="http://docs.oasis-open.org/odata/ns/edm" Target="ZPRS_RW_INBOX_SRV.RecordHeader/Clientk" Qualifier="DEBIR">
                <Annotation Term="com.sap.vocabularies.Common.v1.ValueList">
                    <Record>
                        <PropertyValue Property="Label" String="Recipient Type"/>
                        <PropertyValue Property="CollectionPath" String="VL_SH_DEBIR"/>
                        <PropertyValue Property="Parameters">
                            <Collection>
                                <Record Type="com.sap.vocabularies.Common.v1.ValueListParameterDisplayOnly">
                                    <PropertyValue Property="ValueListProperty" String="J_3GETYP"/>
                                </Record>
                                <Record Type="com.sap.vocabularies.Common.v1.ValueListParameterDisplayOnly">
                                    <PropertyValue Property="ValueListProperty" String="SORTL"/>
                                </Record>
                                <Record Type="com.sap.vocabularies.Common.v1.ValueListParameterDisplayOnly">
                                    <PropertyValue Property="ValueListProperty" String="NAME1"/>
                                </Record>
                                <Record Type="com.sap.vocabularies.Common.v1.ValueListParameterInOut">
                                    <PropertyValue Property="LocalDataProperty" PropertyPath="Clientk"/>
                                    <PropertyValue Property="ValueListProperty" String="KUNNR"/>
                                </Record>
                            </Collection>
                        </PropertyValue>
                    </Record>
                </Annotation>
            </Annotations>
            <Annotations
                xmlns="http://docs.oasis-open.org/odata/ns/edm" Target="ZPRS_RW_INBOX_SRV.RecordHeader/Clientk" Qualifier="DEBIQ">
                <Annotation Term="com.sap.vocabularies.Common.v1.ValueList">
                    <Record>
                        <PropertyValue Property="Label" String="Reference Type"/>
                        <PropertyValue Property="CollectionPath" String="VL_SH_DEBIQ"/>
                        <PropertyValue Property="Parameters">
                            <Collection>
                                <Record Type="com.sap.vocabularies.Common.v1.ValueListParameterDisplayOnly">
                                    <PropertyValue Property="ValueListProperty" String="J_3GREFTYP"/>
                                </Record>
                                <Record Type="com.sap.vocabularies.Common.v1.ValueListParameterDisplayOnly">
                                    <PropertyValue Property="ValueListProperty" String="SORTL"/>
                                </Record>
                                <Record Type="com.sap.vocabularies.Common.v1.ValueListParameterDisplayOnly">
                                    <PropertyValue Property="ValueListProperty" String="NAME1"/>
                                </Record>
                                <Record Type="com.sap.vocabularies.Common.v1.ValueListParameterInOut">
                                    <PropertyValue Property="LocalDataProperty" PropertyPath="Clientk"/>
                                    <PropertyValue Property="ValueListProperty" String="KUNNR"/>
                                </Record>
                            </Collection>
                        </PropertyValue>
                    </Record>
                </Annotation>
            </Annotations>
            <Annotations
                xmlns="http://docs.oasis-open.org/odata/ns/edm" Target="ZPRS_RW_INBOX_SRV.RecordHeader/Clientk" Qualifier="DEBI_ES_SIMPLE">
                <Annotation Term="com.sap.vocabularies.Common.v1.ValueList">
                    <Record>
                        <PropertyValue Property="Label" String="Simple Search for Customers using Search Engine"/>
                        <PropertyValue Property="CollectionPath" String="VL_SH_DEBI_ES_SIMPLE"/>
                        <PropertyValue Property="Parameters">
                            <Collection>
                                <Record Type="com.sap.vocabularies.Common.v1.ValueListParameterOut">
                                    <PropertyValue Property="LocalDataProperty" PropertyPath="Clientk"/>
                                    <PropertyValue Property="ValueListProperty" String="KUNNR_EXT"/>
                                </Record>
                                <Record Type="com.sap.vocabularies.Common.v1.ValueListParameterDisplayOnly">
                                    <PropertyValue Property="ValueListProperty" String="CUSTOMER_NAME1"/>
                                </Record>
                                <Record Type="com.sap.vocabularies.Common.v1.ValueListParameterDisplayOnly">
                                    <PropertyValue Property="ValueListProperty" String="NAME2"/>
                                </Record>
                                <Record Type="com.sap.vocabularies.Common.v1.ValueListParameterDisplayOnly">
                                    <PropertyValue Property="ValueListProperty" String="COUNTRY"/>
                                </Record>
                                <Record Type="com.sap.vocabularies.Common.v1.ValueListParameterDisplayOnly">
                                    <PropertyValue Property="ValueListProperty" String="CITY1"/>
                                </Record>
                                <Record Type="com.sap.vocabularies.Common.v1.ValueListParameterDisplayOnly">
                                    <PropertyValue Property="ValueListProperty" String="POST_CODE1"/>
                                </Record>
                                <Record Type="com.sap.vocabularies.Common.v1.ValueListParameterDisplayOnly">
                                    <PropertyValue Property="ValueListProperty" String="STREET"/>
                                </Record>
                                <Record Type="com.sap.vocabularies.Common.v1.ValueListParameterDisplayOnly">
                                    <PropertyValue Property="ValueListProperty" String="HOUSE_NUM1"/>
                                </Record>
                            </Collection>
                        </PropertyValue>
                    </Record>
                </Annotation>
            </Annotations>
            <Annotations
                xmlns="http://docs.oasis-open.org/odata/ns/edm" Target="ZPRS_RW_INBOX_SRV.RecordHeader/Clientk" Qualifier="DEBI_ES_ADVANCED">
                <Annotation Term="com.sap.vocabularies.Common.v1.ValueList">
                    <Record>
                        <PropertyValue Property="Label" String="Advanced Search for Customers using Search Engine"/>
                        <PropertyValue Property="CollectionPath" String="VL_SH_DEBI_ES_ADVANCED"/>
                        <PropertyValue Property="Parameters">
                            <Collection>
                                <Record Type="com.sap.vocabularies.Common.v1.ValueListParameterOut">
                                    <PropertyValue Property="LocalDataProperty" PropertyPath="Clientk"/>
                                    <PropertyValue Property="ValueListProperty" String="KUNNR_EXT"/>
                                </Record>
                                <Record Type="com.sap.vocabularies.Common.v1.ValueListParameterDisplayOnly">
                                    <PropertyValue Property="ValueListProperty" String="CUSTOMER_NAME1"/>
                                </Record>
                                <Record Type="com.sap.vocabularies.Common.v1.ValueListParameterDisplayOnly">
                                    <PropertyValue Property="ValueListProperty" String="NAME2"/>
                                </Record>
                                <Record Type="com.sap.vocabularies.Common.v1.ValueListParameterDisplayOnly">
                                    <PropertyValue Property="ValueListProperty" String="COUNTRY1"/>
                                </Record>
                                <Record Type="com.sap.vocabularies.Common.v1.ValueListParameterDisplayOnly">
                                    <PropertyValue Property="ValueListProperty" String="CITY1"/>
                                </Record>
                                <Record Type="com.sap.vocabularies.Common.v1.ValueListParameterDisplayOnly">
                                    <PropertyValue Property="ValueListProperty" String="POST_CODE1"/>
                                </Record>
                                <Record Type="com.sap.vocabularies.Common.v1.ValueListParameterDisplayOnly">
                                    <PropertyValue Property="ValueListProperty" String="STREET"/>
                                </Record>
                                <Record Type="com.sap.vocabularies.Common.v1.ValueListParameterDisplayOnly">
                                    <PropertyValue Property="ValueListProperty" String="HOUSE_NUM1"/>
                                </Record>
                            </Collection>
                        </PropertyValue>
                    </Record>
                </Annotation>
            </Annotations>
            <Annotations
                xmlns="http://docs.oasis-open.org/odata/ns/edm" Target="ZPRS_RW_INBOX_SRV.RecordHeader/Clientk">
                <Annotation Term="com.sap.vocabularies.Common.v1.ValueList">
                    <Record>
                        <PropertyValue Property="Label" String="PRO Billing: Clients (general)"/>
                        <PropertyValue Property="CollectionPath" String="VL_SH_ZPRS_SH_IB_DEBIA"/>
                        <PropertyValue Property="SearchSupported" Bool="true"/>
                        <PropertyValue Property="Parameters">
                            <Collection>
                                <Record Type="com.sap.vocabularies.Common.v1.ValueListParameterDisplayOnly">
                                    <PropertyValue Property="ValueListProperty" String="SORTL"/>
                                </Record>
                                <Record Type="com.sap.vocabularies.Common.v1.ValueListParameterDisplayOnly">
                                    <PropertyValue Property="ValueListProperty" String="LAND1"/>
                                </Record>
                                <Record Type="com.sap.vocabularies.Common.v1.ValueListParameterDisplayOnly">
                                    <PropertyValue Property="ValueListProperty" String="PSTLZ"/>
                                </Record>
                                <Record Type="com.sap.vocabularies.Common.v1.ValueListParameterDisplayOnly">
                                    <PropertyValue Property="ValueListProperty" String="MCOD3"/>
                                </Record>
                                <Record Type="com.sap.vocabularies.Common.v1.ValueListParameterDisplayOnly">
                                    <PropertyValue Property="ValueListProperty" String="MCOD1"/>
                                </Record>
                                <Record Type="com.sap.vocabularies.Common.v1.ValueListParameterInOut">
                                    <PropertyValue Property="LocalDataProperty" PropertyPath="Clientk"/>
                                    <PropertyValue Property="ValueListProperty" String="KUNNR"/>
                                </Record>
                            </Collection>
                        </PropertyValue>
                    </Record>
                </Annotation>
            </Annotations>
            <Annotations
                xmlns="http://docs.oasis-open.org/odata/ns/edm" Target="ZPRS_RW_INBOX_SRV.RecordHeader/Clientk" Qualifier="ZPRS_SH_IB_DEBID">
                <Annotation Term="com.sap.vocabularies.Common.v1.ValueList">
                    <Record>
                        <PropertyValue Property="Label" String="PRO Billing: Clients by Legal Entity"/>
                        <PropertyValue Property="CollectionPath" String="VL_SH_ZPRS_SH_IB_DEBID"/>
                        <PropertyValue Property="SearchSupported" Bool="true"/>
                        <PropertyValue Property="Parameters">
                            <Collection>
                                <Record Type="com.sap.vocabularies.Common.v1.ValueListParameterDisplayOnly">
                                    <PropertyValue Property="ValueListProperty" String="SORTL"/>
                                </Record>
                                <Record Type="com.sap.vocabularies.Common.v1.ValueListParameterDisplayOnly">
                                    <PropertyValue Property="ValueListProperty" String="LAND1"/>
                                </Record>
                                <Record Type="com.sap.vocabularies.Common.v1.ValueListParameterDisplayOnly">
                                    <PropertyValue Property="ValueListProperty" String="PSTLZ"/>
                                </Record>
                                <Record Type="com.sap.vocabularies.Common.v1.ValueListParameterDisplayOnly">
                                    <PropertyValue Property="ValueListProperty" String="MCOD3"/>
                                </Record>
                                <Record Type="com.sap.vocabularies.Common.v1.ValueListParameterDisplayOnly">
                                    <PropertyValue Property="ValueListProperty" String="MCOD1"/>
                                </Record>
                                <Record Type="com.sap.vocabularies.Common.v1.ValueListParameterInOut">
                                    <PropertyValue Property="LocalDataProperty" PropertyPath="Clientk"/>
                                    <PropertyValue Property="ValueListProperty" String="KUNNR"/>
                                </Record>
                                <Record Type="com.sap.vocabularies.Common.v1.ValueListParameterDisplayOnly">
                                    <PropertyValue Property="ValueListProperty" String="BUKRS"/>
                                </Record>
                            </Collection>
                        </PropertyValue>
                    </Record>
                </Annotation>
            </Annotations>
            <Annotations
                xmlns="http://docs.oasis-open.org/odata/ns/edm" Target="ZPRS_RW_INBOX_SRV.RecordHeader/Clientk" Qualifier="ZPRS_SH_IB_DEBIE">
                <Annotation Term="com.sap.vocabularies.Common.v1.ValueList">
                    <Record>
                        <PropertyValue Property="Label" String="PRO Billing: Clients by Country/Legal Entity"/>
                        <PropertyValue Property="CollectionPath" String="VL_SH_ZPRS_SH_IB_DEBIE"/>
                        <PropertyValue Property="Parameters">
                            <Collection>
                                <Record Type="com.sap.vocabularies.Common.v1.ValueListParameterDisplayOnly">
                                    <PropertyValue Property="ValueListProperty" String="LAND1"/>
                                </Record>
                                <Record Type="com.sap.vocabularies.Common.v1.ValueListParameterDisplayOnly">
                                    <PropertyValue Property="ValueListProperty" String="MCOD3"/>
                                </Record>
                                <Record Type="com.sap.vocabularies.Common.v1.ValueListParameterDisplayOnly">
                                    <PropertyValue Property="ValueListProperty" String="SORTL"/>
                                </Record>
                                <Record Type="com.sap.vocabularies.Common.v1.ValueListParameterDisplayOnly">
                                    <PropertyValue Property="ValueListProperty" String="MCOD1"/>
                                </Record>
                                <Record Type="com.sap.vocabularies.Common.v1.ValueListParameterInOut">
                                    <PropertyValue Property="LocalDataProperty" PropertyPath="Clientk"/>
                                    <PropertyValue Property="ValueListProperty" String="KUNNR"/>
                                </Record>
                                <Record Type="com.sap.vocabularies.Common.v1.ValueListParameterDisplayOnly">
                                    <PropertyValue Property="ValueListProperty" String="BUKRS"/>
                                </Record>
                            </Collection>
                        </PropertyValue>
                    </Record>
                </Annotation>
            </Annotations>
            <Annotations
                xmlns="http://docs.oasis-open.org/odata/ns/edm" Target="ZPRS_RW_INBOX_SRV.RecordHeader/Clientk" Qualifier="ZPRS_SH_IB_DEBIL">
                <Annotation Term="com.sap.vocabularies.Common.v1.ValueList">
                    <Record>
                        <PropertyValue Property="Label" String="PRO Billing: Clients by Country"/>
                        <PropertyValue Property="CollectionPath" String="VL_SH_ZPRS_SH_IB_DEBIL"/>
                        <PropertyValue Property="Parameters">
                            <Collection>
                                <Record Type="com.sap.vocabularies.Common.v1.ValueListParameterDisplayOnly">
                                    <PropertyValue Property="ValueListProperty" String="LAND1"/>
                                </Record>
                                <Record Type="com.sap.vocabularies.Common.v1.ValueListParameterDisplayOnly">
                                    <PropertyValue Property="ValueListProperty" String="SORTL"/>
                                </Record>
                                <Record Type="com.sap.vocabularies.Common.v1.ValueListParameterDisplayOnly">
                                    <PropertyValue Property="ValueListProperty" String="MCOD1"/>
                                </Record>
                                <Record Type="com.sap.vocabularies.Common.v1.ValueListParameterDisplayOnly">
                                    <PropertyValue Property="ValueListProperty" String="MCOD3"/>
                                </Record>
                                <Record Type="com.sap.vocabularies.Common.v1.ValueListParameterInOut">
                                    <PropertyValue Property="LocalDataProperty" PropertyPath="Clientk"/>
                                    <PropertyValue Property="ValueListProperty" String="KUNNR"/>
                                </Record>
                            </Collection>
                        </PropertyValue>
                    </Record>
                </Annotation>
            </Annotations>
            <Annotations
                xmlns="http://docs.oasis-open.org/odata/ns/edm" Target="ZPRS_RW_INBOX_SRV.RecordHeader/Clientk" Qualifier="ZPRS_SH_IB_DEBIT">
                <Annotation Term="com.sap.vocabularies.Common.v1.ValueList">
                    <Record>
                        <PropertyValue Property="Label" String="PRO Billing: Clients by Tax Information"/>
                        <PropertyValue Property="CollectionPath" String="VL_SH_ZPRS_SH_IB_DEBIT"/>
                        <PropertyValue Property="Parameters">
                            <Collection>
                                <Record Type="com.sap.vocabularies.Common.v1.ValueListParameterDisplayOnly">
                                    <PropertyValue Property="ValueListProperty" String="STCD1"/>
                                </Record>
                                <Record Type="com.sap.vocabularies.Common.v1.ValueListParameterDisplayOnly">
                                    <PropertyValue Property="ValueListProperty" String="STCD2"/>
                                </Record>
                                <Record Type="com.sap.vocabularies.Common.v1.ValueListParameterDisplayOnly">
                                    <PropertyValue Property="ValueListProperty" String="STCD3"/>
                                </Record>
                                <Record Type="com.sap.vocabularies.Common.v1.ValueListParameterDisplayOnly">
                                    <PropertyValue Property="ValueListProperty" String="STCD4"/>
                                </Record>
                                <Record Type="com.sap.vocabularies.Common.v1.ValueListParameterDisplayOnly">
                                    <PropertyValue Property="ValueListProperty" String="STCEG"/>
                                </Record>
                                <Record Type="com.sap.vocabularies.Common.v1.ValueListParameterDisplayOnly">
                                    <PropertyValue Property="ValueListProperty" String="LAND1"/>
                                </Record>
                                <Record Type="com.sap.vocabularies.Common.v1.ValueListParameterDisplayOnly">
                                    <PropertyValue Property="ValueListProperty" String="MCOD1"/>
                                </Record>
                                <Record Type="com.sap.vocabularies.Common.v1.ValueListParameterInOut">
                                    <PropertyValue Property="LocalDataProperty" PropertyPath="Clientk"/>
                                    <PropertyValue Property="ValueListProperty" String="KUNNR"/>
                                </Record>
                                <Record Type="com.sap.vocabularies.Common.v1.ValueListParameterDisplayOnly">
                                    <PropertyValue Property="ValueListProperty" String="STCD5"/>
                                </Record>
                            </Collection>
                        </PropertyValue>
                    </Record>
                </Annotation>
            </Annotations>
            <Annotations
                xmlns="http://docs.oasis-open.org/odata/ns/edm" Target="ZPRS_RW_INBOX_SRV.RecordHeader/Clientk" Qualifier="ZPRS_SH_IB_DEBIX">
                <Annotation Term="com.sap.vocabularies.Common.v1.ValueList">
                    <Record>
                        <PropertyValue Property="Label" String="PRO Billing: Clients by Address Attributes"/>
                        <PropertyValue Property="CollectionPath" String="VL_SH_ZPRS_SH_IB_DEBIX"/>
                        <PropertyValue Property="SearchSupported" Bool="true"/>
                        <PropertyValue Property="Parameters">
                            <Collection>
                                <Record Type="com.sap.vocabularies.Common.v1.ValueListParameterInOut">
                                    <PropertyValue Property="LocalDataProperty" PropertyPath="Clientk"/>
                                    <PropertyValue Property="ValueListProperty" String="KUNNR"/>
                                </Record>
                                <Record Type="com.sap.vocabularies.Common.v1.ValueListParameterDisplayOnly">
                                    <PropertyValue Property="ValueListProperty" String="NAME"/>
                                </Record>
                                <Record Type="com.sap.vocabularies.Common.v1.ValueListParameterDisplayOnly">
                                    <PropertyValue Property="ValueListProperty" String="FIRSTNAME"/>
                                </Record>
                                <Record Type="com.sap.vocabularies.Common.v1.ValueListParameterDisplayOnly">
                                    <PropertyValue Property="ValueListProperty" String="STREET"/>
                                </Record>
                                <Record Type="com.sap.vocabularies.Common.v1.ValueListParameterDisplayOnly">
                                    <PropertyValue Property="ValueListProperty" String="HOUSE_NUM1"/>
                                </Record>
                                <Record Type="com.sap.vocabularies.Common.v1.ValueListParameterDisplayOnly">
                                    <PropertyValue Property="ValueListProperty" String="POST_CODE1"/>
                                </Record>
                                <Record Type="com.sap.vocabularies.Common.v1.ValueListParameterDisplayOnly">
                                    <PropertyValue Property="ValueListProperty" String="CITY1"/>
                                </Record>
                                <Record Type="com.sap.vocabularies.Common.v1.ValueListParameterDisplayOnly">
                                    <PropertyValue Property="ValueListProperty" String="SORT1"/>
                                </Record>
                                <Record Type="com.sap.vocabularies.Common.v1.ValueListParameterDisplayOnly">
                                    <PropertyValue Property="ValueListProperty" String="SORT2"/>
                                </Record>
                                <Record Type="com.sap.vocabularies.Common.v1.ValueListParameterDisplayOnly">
                                    <PropertyValue Property="ValueListProperty" String="COUNTRY"/>
                                </Record>
                            </Collection>
                        </PropertyValue>
                    </Record>
                </Annotation>
            </Annotations>
            <Annotations
                xmlns="http://docs.oasis-open.org/odata/ns/edm" Target="ZPRS_RW_INBOX_SRV.RecordHeader/Clientk" Qualifier="ZPRS_SH_IB_DEBIK">
                <Annotation Term="com.sap.vocabularies.Common.v1.ValueList">
                    <Record>
                        <PropertyValue Property="Label" String="PRO Billing: Clients by Account group"/>
                        <PropertyValue Property="CollectionPath" String="VL_SH_ZPRS_SH_IB_DEBIK"/>
                        <PropertyValue Property="Parameters">
                            <Collection>
                                <Record Type="com.sap.vocabularies.Common.v1.ValueListParameterDisplayOnly">
                                    <PropertyValue Property="ValueListProperty" String="KTOKD"/>
                                </Record>
                                <Record Type="com.sap.vocabularies.Common.v1.ValueListParameterDisplayOnly">
                                    <PropertyValue Property="ValueListProperty" String="SORTL"/>
                                </Record>
                                <Record Type="com.sap.vocabularies.Common.v1.ValueListParameterDisplayOnly">
                                    <PropertyValue Property="ValueListProperty" String="LAND1"/>
                                </Record>
                                <Record Type="com.sap.vocabularies.Common.v1.ValueListParameterDisplayOnly">
                                    <PropertyValue Property="ValueListProperty" String="PSTLZ"/>
                                </Record>
                                <Record Type="com.sap.vocabularies.Common.v1.ValueListParameterDisplayOnly">
                                    <PropertyValue Property="ValueListProperty" String="MCOD3"/>
                                </Record>
                                <Record Type="com.sap.vocabularies.Common.v1.ValueListParameterDisplayOnly">
                                    <PropertyValue Property="ValueListProperty" String="MCOD1"/>
                                </Record>
                                <Record Type="com.sap.vocabularies.Common.v1.ValueListParameterInOut">
                                    <PropertyValue Property="LocalDataProperty" PropertyPath="Clientk"/>
                                    <PropertyValue Property="ValueListProperty" String="KUNNR"/>
                                </Record>
                            </Collection>
                        </PropertyValue>
                    </Record>
                </Annotation>
            </Annotations>
            <Annotations
                xmlns="http://docs.oasis-open.org/odata/ns/edm" Target="ZPRS_RW_INBOX_SRV.RecordDetails/Personaldata">
                <Annotation Term="com.sap.vocabularies.Common.v1.ValueList">
                    <Record>
                        <PropertyValue Property="Label" String="Personal Data - X = Yes; Space = No"/>
                        <PropertyValue Property="CollectionPath" String="VL_FV_BOOLEAN_FLG"/>
                        <PropertyValue Property="Parameters">
                            <Collection>
                                <Record Type="com.sap.vocabularies.Common.v1.ValueListParameterInOut">
                                    <PropertyValue Property="LocalDataProperty" PropertyPath="Personaldata"/>
                                    <PropertyValue Property="ValueListProperty" String="Code"/>
                                </Record>
                                <Record Type="com.sap.vocabularies.Common.v1.ValueListParameterDisplayOnly">
                                    <PropertyValue Property="ValueListProperty" String="Text"/>
                                </Record>
                            </Collection>
                        </PropertyValue>
                    </Record>
                </Annotation>
            </Annotations>
            <Annotations
                xmlns="http://docs.oasis-open.org/odata/ns/edm" Target="ZPRS_RW_INBOX_SRV.RecordDetails/Partnerauthreq">
                <Annotation Term="com.sap.vocabularies.Common.v1.ValueList">
                    <Record>
                        <PropertyValue Property="Label" String="Partner  Authorization Required"/>
                        <PropertyValue Property="CollectionPath" String="VL_FV_BOOLEAN_FLG"/>
                        <PropertyValue Property="Parameters">
                            <Collection>
                                <Record Type="com.sap.vocabularies.Common.v1.ValueListParameterInOut">
                                    <PropertyValue Property="LocalDataProperty" PropertyPath="Partnerauthreq"/>
                                    <PropertyValue Property="ValueListProperty" String="Code"/>
                                </Record>
                                <Record Type="com.sap.vocabularies.Common.v1.ValueListParameterDisplayOnly">
                                    <PropertyValue Property="ValueListProperty" String="Text"/>
                                </Record>
                            </Collection>
                        </PropertyValue>
                    </Record>
                </Annotation>
            </Annotations>
            <Annotations
                xmlns="http://docs.oasis-open.org/odata/ns/edm" Target="ZPRS_RW_INBOX_SRV.RecordDetails/Inactive">
                <Annotation Term="com.sap.vocabularies.Common.v1.ValueList">
                    <Record>
                        <PropertyValue Property="Label" String="Inactive"/>
                        <PropertyValue Property="CollectionPath" String="VL_FV_BOOLEAN_FLG"/>
                        <PropertyValue Property="Parameters">
                            <Collection>
                                <Record Type="com.sap.vocabularies.Common.v1.ValueListParameterInOut">
                                    <PropertyValue Property="LocalDataProperty" PropertyPath="Inactive"/>
                                    <PropertyValue Property="ValueListProperty" String="Code"/>
                                </Record>
                                <Record Type="com.sap.vocabularies.Common.v1.ValueListParameterDisplayOnly">
                                    <PropertyValue Property="ValueListProperty" String="Text"/>
                                </Record>
                            </Collection>
                        </PropertyValue>
                    </Record>
                </Annotation>
            </Annotations>
            <atom:link
                xmlns:atom="http://www.w3.org/2005/Atom" rel="self" href="./sap/ZPRS_RW_INBOX_SRV/$metadata"/>
                <atom:link
                    xmlns:atom="http://www.w3.org/2005/Atom" rel="latest-version" href="./sap/ZPRS_RW_INBOX_SRV/$metadata"/>
                </Schema>
            </edmx:DataServices>
        </edmx:Edmx>