<edmx:Edmx
    xmlns:edmx="http://schemas.microsoft.com/ado/2007/06/edmx"
    xmlns:m="http://schemas.microsoft.com/ado/2007/08/dataservices/metadata"
    xmlns:sap="http://www.sap.com/Protocols/SAPData" Version="1.0">
    <edmx:DataServices m:DataServiceVersion="2.0">
        <Schema
            xmlns="http://schemas.microsoft.com/ado/2008/09/edm" Namespace="ZPRS_LSW_VMATTERS_BUDGET_SRV" xml:lang="en" sap:schema-version="1">
            <EntityType Name="Subscription" sap:semantics="subscriptions" sap:content-version="1">
                <Key>
                    <PropertyRef Name="ID"/>
                </Key>
                <Property Name="ID" Type="Edm.String" Nullable="false" MaxLength="32" sap:label="Sub. ID" sap:creatable="false" sap:updatable="false" sap:filterable="false"/>
                <Property Name="user" Type="Edm.String" MaxLength="12" m:FC_TargetPath="SyndicationAuthorName" m:FC_KeepInContent="false" sap:label="User Name" sap:creatable="false" sap:filterable="false"/>
                <Property Name="updated" Type="Edm.DateTime" Precision="0" m:FC_TargetPath="SyndicationUpdated" m:FC_KeepInContent="false" sap:label="Time Stamp" sap:creatable="false" sap:filterable="false"/>
                <Property Name="title" Type="Edm.String" MaxLength="255" m:FC_TargetPath="SyndicationTitle" m:FC_KeepInContent="false" sap:label="Title" sap:filterable="false"/>
                <Property Name="deliveryAddress" Type="Edm.String" sap:label="Delivery Address" sap:filterable="false"/>
                <Property Name="persistNotifications" Type="Edm.Boolean" sap:label="Persist Notification" sap:filterable="false"/>
                <Property Name="collection" Type="Edm.String" MaxLength="40" sap:label="Collection" sap:filterable="false"/>
                <Property Name="filter" Type="Edm.String" sap:label="Filter" sap:filterable="false"/>
                <Property Name="select" Type="Edm.String" MaxLength="255" sap:label="Select" sap:filterable="false"/>
                <Property Name="changeType" Type="Edm.String" MaxLength="30" sap:label="Change Type"/>
            </EntityType>
            <EntityType Name="Notification" sap:semantics="notifications" sap:content-version="1">
                <Key>
                    <PropertyRef Name="ID"/>
                </Key>
                <Property Name="ID" Type="Edm.String" Nullable="false" MaxLength="32" sap:label="Notification ID"/>
                <Property Name="collection" Type="Edm.String" MaxLength="40" sap:label="Collection"/>
                <Property Name="title" Type="Edm.String" m:FC_TargetPath="SyndicationTitle" m:FC_KeepInContent="false" sap:label="Notif. Text"/>
                <Property Name="updated" Type="Edm.DateTime" Precision="0" m:FC_TargetPath="SyndicationUpdated" m:FC_KeepInContent="false" sap:label="Time Stamp"/>
                <Property Name="changeType" Type="Edm.String" MaxLength="30" sap:label="Change Type"/>
                <Property Name="entriesOfInterest" Type="Edm.Int32" sap:label="No. of Entries"/>
                <Property Name="recipient" Type="Edm.String" MaxLength="112" sap:label="Recipient" sap:creatable="false" sap:updatable="false"/>
            </EntityType>
            <EntityType Name="BudgetDetail" sap:content-version="1">
                <Key>
                    <PropertyRef Name="Bukrs"/>
                    <PropertyRef Name="Werks"/>
                    <PropertyRef Name="Pspid"/>
                    <PropertyRef Name="Vendor"/>
                    <PropertyRef Name="Status"/>
                </Key>
                <Property Name="Bukrs" Type="Edm.String" Nullable="false" MaxLength="4" sap:label="Company Code" sap:creatable="false" sap:updatable="false" sap:sortable="false" sap:filterable="false"/>
                <Property Name="Post1" Type="Edm.String" Nullable="false" MaxLength="40" sap:label="Description" sap:creatable="false" sap:updatable="false" sap:sortable="false" sap:filterable="false"/>
                <Property Name="StatusText" Type="Edm.String" Nullable="false" MaxLength="60" sap:label="Short Descript." sap:creatable="false" sap:updatable="false" sap:sortable="false" sap:filterable="false"/>
                <Property Name="RecordType" Type="Edm.String" Nullable="false" MaxLength="1" sap:label="Single-Character Indicator" sap:creatable="false" sap:updatable="false" sap:sortable="false" sap:filterable="false"/>
                <Property Name="Werks" Type="Edm.String" Nullable="false" MaxLength="4" sap:label="Office" sap:creatable="false" sap:updatable="false" sap:sortable="false" sap:filterable="false"/>
                <Property Name="Pspid" Type="Edm.String" Nullable="false" MaxLength="24" sap:label="Project Def." sap:creatable="false" sap:updatable="false" sap:sortable="false" sap:filterable="false"/>
                <Property Name="Vendor" Type="Edm.String" Nullable="false" MaxLength="10" sap:label="Vendor" sap:creatable="false" sap:updatable="false" sap:sortable="false" sap:filterable="false"/>
                <Property Name="Status" Type="Edm.String" Nullable="false" MaxLength="2" sap:label="Status" sap:creatable="false" sap:updatable="false" sap:sortable="false" sap:filterable="false"/>
                <Property Name="Name1" Type="Edm.String" Nullable="false" MaxLength="35" sap:label="Name" sap:creatable="false" sap:updatable="false" sap:sortable="false" sap:filterable="false"/>
                <Property Name="Gjahr" Type="Edm.String" Nullable="false" MaxLength="4" sap:label="Fiscal Year" sap:creatable="false" sap:updatable="false" sap:sortable="false" sap:filterable="false"/>
                <Property Name="Posid" Type="Edm.String" Nullable="false" MaxLength="24" sap:label="WBS Element" sap:creatable="false" sap:updatable="false" sap:sortable="false" sap:filterable="false"/>
                <Property Name="Hkont" Type="Edm.String" Nullable="false" MaxLength="10" sap:label="G/L" sap:creatable="false" sap:updatable="false" sap:sortable="false" sap:filterable="false"/>
                <Property Name="Amount" Type="Edm.Decimal" Nullable="false" Precision="14" Scale="3" sap:unit="Currency" sap:label="Amount in LC" sap:creatable="false" sap:updatable="false" sap:sortable="false" sap:filterable="false"/>
                <Property Name="Currency" Type="Edm.String" Nullable="false" MaxLength="5" sap:label="Currency" sap:creatable="false" sap:updatable="false" sap:sortable="false" sap:filterable="false" sap:semantics="currency-code"/>
            </EntityType>
            <EntityType Name="BudgetUpdate" sap:content-version="1">
                <Key>
                    <PropertyRef Name="Bukrs"/>
                    <PropertyRef Name="Werks"/>
                    <PropertyRef Name="Pspid"/>
                    <PropertyRef Name="Vendor"/>
                    <PropertyRef Name="Status"/>
                </Key>
                <Property Name="Bukrs" Type="Edm.String" Nullable="false" MaxLength="4" sap:label="Company Code" sap:creatable="false" sap:updatable="false" sap:sortable="false" sap:filterable="false"/>
                <Property Name="RecordType" Type="Edm.String" Nullable="false" MaxLength="1" sap:label="Single-Character Indicator" sap:creatable="false" sap:updatable="false" sap:sortable="false" sap:filterable="false"/>
                <Property Name="Werks" Type="Edm.String" Nullable="false" MaxLength="4" sap:label="Office" sap:creatable="false" sap:updatable="false" sap:sortable="false" sap:filterable="false"/>
                <Property Name="Pspid" Type="Edm.String" Nullable="false" MaxLength="24" sap:label="Project Def." sap:creatable="false" sap:updatable="false" sap:sortable="false" sap:filterable="false"/>
                <Property Name="Vendor" Type="Edm.String" Nullable="false" MaxLength="10" sap:label="Vendor" sap:creatable="false" sap:updatable="false" sap:sortable="false" sap:filterable="false"/>
                <Property Name="Status" Type="Edm.String" Nullable="false" MaxLength="2" sap:label="Status" sap:creatable="false" sap:updatable="false" sap:sortable="false" sap:filterable="false"/>
                <Property Name="Name1" Type="Edm.String" Nullable="false" MaxLength="35" sap:label="Name" sap:creatable="false" sap:updatable="false" sap:sortable="false" sap:filterable="false"/>
                <Property Name="Gjahr" Type="Edm.String" Nullable="false" MaxLength="4" sap:label="Fiscal Year" sap:creatable="false" sap:updatable="false" sap:sortable="false" sap:filterable="false"/>
                <Property Name="Posid" Type="Edm.String" Nullable="false" MaxLength="24" sap:label="WBS Element" sap:creatable="false" sap:updatable="false" sap:sortable="false" sap:filterable="false"/>
                <Property Name="Hkont" Type="Edm.String" Nullable="false" MaxLength="10" sap:label="G/L" sap:creatable="false" sap:updatable="false" sap:sortable="false" sap:filterable="false"/>
                <Property Name="Amount" Type="Edm.Decimal" Nullable="false" Precision="14" Scale="3" sap:label="Amount in LC" sap:creatable="false" sap:updatable="false" sap:sortable="false" sap:filterable="false"/>
                <Property Name="Currency" Type="Edm.String" Nullable="false" MaxLength="5" sap:label="Currency" sap:creatable="false" sap:updatable="false" sap:sortable="false" sap:filterable="false" sap:semantics="currency-code"/>
                <Property Name="Action" Type="Edm.String" Nullable="false" MaxLength="10" sap:label="LSM Matters Action" sap:creatable="false" sap:updatable="false" sap:sortable="false" sap:filterable="false"/>
                <Property Name="Iserror" Type="Edm.String" Nullable="false" MaxLength="1" sap:label="Boolean Variable (X=True, -=False, Space=Unknown)" sap:creatable="false" sap:updatable="false" sap:sortable="false" sap:filterable="false"/>
                <Property Name="Message" Type="Edm.String" Nullable="false" MaxLength="1000" sap:label="Message String" sap:creatable="false" sap:updatable="false" sap:sortable="false" sap:filterable="false"/>
            </EntityType>
            <EntityType Name="MatterInvoice" sap:content-version="1">
                <Key>
                    <PropertyRef Name="Pspid"/>
                    <PropertyRef Name="Vendor"/>
                </Key>
                <Property Name="Bukrs" Type="Edm.String" Nullable="false" MaxLength="4" sap:label="Company Code"/>
                <Property Name="Werks" Type="Edm.String" Nullable="false" MaxLength="4" sap:label="Office"/>
                <Property Name="Pspid" Type="Edm.String" Nullable="false" MaxLength="24" sap:label="Project Def."/>
                <Property Name="Post1" Type="Edm.String" Nullable="false" MaxLength="40" sap:label="Description"/>
                <Property Name="Vendor" Type="Edm.String" Nullable="false" MaxLength="10" sap:label="Vendor"/>
                <Property Name="Name1" Type="Edm.String" Nullable="false" MaxLength="35" sap:label="Name"/>
                <Property Name="Vbeln" Type="Edm.String" Nullable="false" MaxLength="10" sap:label="Billing Doc."/>
                <Property Name="Netwr" Type="Edm.Decimal" Nullable="false" Precision="16" Scale="3" sap:unit="Waerk" sap:label="Net Value"/>
                <Property Name="Waerk" Type="Edm.String" Nullable="false" MaxLength="5" sap:label="Doc. Currency" sap:semantics="currency-code"/>
                <Property Name="ZzinvStatus" Type="Edm.String" Nullable="false" MaxLength="2" sap:label="Invoice Verification Status"/>
            </EntityType>
            <EntityType Name="MatterAccrualList" sap:content-version="1">
                <Key>
                    <PropertyRef Name="InvoiceNumber"/>
                    <PropertyRef Name="LawFirmMatterId"/>
                    <PropertyRef Name="LineItemNumber"/>
                </Key>
                <Property Name="InvoiceDate" Type="Edm.DateTime" Nullable="false" Precision="7" sap:label="Created on" sap:creatable="false" sap:updatable="false" sap:sortable="false" sap:filterable="false"/>
                <Property Name="TransactionType" Type="Edm.String" Nullable="false" MaxLength="18" sap:label="Material" sap:creatable="false" sap:updatable="false" sap:sortable="false" sap:filterable="false"/>
                <Property Name="InvoiceNumber" Type="Edm.String" Nullable="false" MaxLength="10" sap:label="Billing Doc." sap:creatable="false" sap:updatable="false" sap:sortable="false" sap:filterable="false"/>
                <Property Name="ClientId" Type="Edm.String" Nullable="false" MaxLength="10" sap:label="Client" sap:creatable="false" sap:updatable="false" sap:sortable="false" sap:filterable="false"/>
                <Property Name="LawFirmMatterId" Type="Edm.String" Nullable="false" MaxLength="24" sap:label="Project Def." sap:creatable="false" sap:updatable="false" sap:sortable="false" sap:filterable="false"/>
                <Property Name="LineItemNumber" Type="Edm.String" Nullable="false" MaxLength="6" sap:label="Item" sap:creatable="false" sap:updatable="false" sap:sortable="false" sap:filterable="false"/>
                <Property Name="LineItemNumberOfUnits" Type="Edm.Decimal" Nullable="false" Precision="13" Scale="3" sap:label="Billed qty" sap:creatable="false" sap:updatable="false" sap:sortable="false" sap:filterable="false"/>
                <Property Name="TimekeeperId" Type="Edm.String" Nullable="false" MaxLength="8" sap:label="Personnel No." sap:creatable="false" sap:updatable="false" sap:sortable="false" sap:filterable="false"/>
                <Property Name="LineItemDescription" Type="Edm.String" Nullable="false" MaxLength="1000" sap:label="Line Description" sap:creatable="false" sap:updatable="false" sap:sortable="false" sap:filterable="false"/>
                <Property Name="LineItemUnitCost" Type="Edm.Decimal" Nullable="false" Precision="12" Scale="3" sap:label="Amount" sap:creatable="false" sap:updatable="false" sap:sortable="false" sap:filterable="false"/>
                <Property Name="TimekeeperName" Type="Edm.String" Nullable="false" MaxLength="100" sap:label="Character 100" sap:creatable="false" sap:updatable="false" sap:sortable="false" sap:filterable="false"/>
                <Property Name="MatterName" Type="Edm.String" Nullable="false" MaxLength="40" sap:label="Description" sap:creatable="false" sap:updatable="false" sap:sortable="false" sap:filterable="false"/>
                <Property Name="LineItemTotal" Type="Edm.Decimal" Nullable="false" Precision="14" Scale="3" sap:label="Subtotal 1" sap:creatable="false" sap:updatable="false" sap:sortable="false" sap:filterable="false"/>
            </EntityType>
            <EntityType Name="SpendvsBudget" sap:content-version="1">
                <Key>
                    <PropertyRef Name="Pspid"/>
                    <PropertyRef Name="Vendor"/>
                </Key>
                <Property Name="Pspid" Type="Edm.String" Nullable="false" MaxLength="24" sap:label="Project Def." sap:creatable="false" sap:updatable="false" sap:sortable="false" sap:filterable="false"/>
                <Property Name="Post1" Type="Edm.String" Nullable="false" MaxLength="40" sap:label="Description" sap:creatable="false" sap:updatable="false" sap:sortable="false" sap:filterable="false"/>
                <Property Name="Vendor" Type="Edm.String" Nullable="false" MaxLength="10" sap:label="Vendor" sap:creatable="false" sap:updatable="false" sap:sortable="false" sap:filterable="false"/>
                <Property Name="Name1" Type="Edm.String" Nullable="false" MaxLength="35" sap:label="Name" sap:creatable="false" sap:updatable="false" sap:sortable="false" sap:filterable="false"/>
                <Property Name="Kunnr" Type="Edm.String" Nullable="false" MaxLength="10" sap:label="Client" sap:creatable="false" sap:updatable="false" sap:sortable="false" sap:filterable="false"/>
                <Property Name="KunnrName" Type="Edm.String" Nullable="false" MaxLength="30" sap:label="Name 1" sap:creatable="false" sap:updatable="false" sap:sortable="false" sap:filterable="false"/>
                <Property Name="TotalSpend" Type="Edm.Decimal" Nullable="false" Precision="16" Scale="3" sap:unit="TotalSpendCurr" sap:label="Net Value" sap:creatable="false" sap:updatable="false" sap:sortable="false" sap:filterable="false"/>
                <Property Name="TotalBudget" Type="Edm.Decimal" Nullable="false" Precision="14" Scale="3" sap:unit="TotalBudgetCurr" sap:label="Amount in LC" sap:creatable="false" sap:updatable="false" sap:sortable="false" sap:filterable="false"/>
                <Property Name="TotalSpendCurr" Type="Edm.String" Nullable="false" MaxLength="5" sap:label="Doc. Currency" sap:creatable="false" sap:updatable="false" sap:sortable="false" sap:filterable="false" sap:semantics="currency-code"/>
                <Property Name="TotalBudgetCurr" Type="Edm.String" Nullable="false" MaxLength="5" sap:label="Doc. Currency" sap:creatable="false" sap:updatable="false" sap:sortable="false" sap:filterable="false" sap:semantics="currency-code"/>
            </EntityType>
            <EntityType Name="InvoicevsPaid" sap:content-version="1">
                <Key>
                    <PropertyRef Name="Vbeln"/>
                </Key>
                <Property Name="Pspid" Type="Edm.String" Nullable="false" MaxLength="24" sap:label="Project Def." sap:creatable="false" sap:updatable="false" sap:sortable="false" sap:filterable="false"/>
                <Property Name="Post1" Type="Edm.String" Nullable="false" MaxLength="40" sap:label="Description" sap:creatable="false" sap:updatable="false" sap:sortable="false" sap:filterable="false"/>
                <Property Name="Vendor" Type="Edm.String" Nullable="false" MaxLength="10" sap:label="Vendor" sap:creatable="false" sap:updatable="false" sap:sortable="false" sap:filterable="false"/>
                <Property Name="Name1" Type="Edm.String" Nullable="false" MaxLength="35" sap:label="Name" sap:creatable="false" sap:updatable="false" sap:sortable="false" sap:filterable="false"/>
                <Property Name="Vbeln" Type="Edm.String" Nullable="false" MaxLength="10" sap:label="Billing Doc." sap:creatable="false" sap:updatable="false" sap:sortable="false" sap:filterable="false"/>
                <Property Name="InvoiceAmt" Type="Edm.Decimal" Nullable="false" Precision="16" Scale="3" sap:unit="Waerk" sap:label="Net Value" sap:creatable="false" sap:updatable="false" sap:sortable="false" sap:filterable="false"/>
                <Property Name="PaidAmt" Type="Edm.Decimal" Nullable="false" Precision="16" Scale="3" sap:unit="Waerk" sap:label="Net Value" sap:creatable="false" sap:updatable="false" sap:sortable="false" sap:filterable="false"/>
                <Property Name="Waerk" Type="Edm.String" Nullable="false" MaxLength="5" sap:label="Doc. Currency" sap:creatable="false" sap:updatable="false" sap:sortable="false" sap:filterable="false" sap:semantics="currency-code"/>
            </EntityType>
            <EntityContainer Name="ZPRS_LSW_VMATTERS_BUDGET_SRV_Entities" m:IsDefaultEntityContainer="true" sap:supported-formats="atom json xlsx">
                <EntitySet Name="SubscriptionCollection" EntityType="ZPRS_LSW_VMATTERS_BUDGET_SRV.Subscription" sap:content-version="1"/>
                <EntitySet Name="NotificationCollection" EntityType="ZPRS_LSW_VMATTERS_BUDGET_SRV.Notification" sap:creatable="false" sap:updatable="false" sap:deletable="false" sap:addressable="false" sap:content-version="1"/>
                <EntitySet Name="BudgetDetailSet" EntityType="ZPRS_LSW_VMATTERS_BUDGET_SRV.BudgetDetail" sap:searchable="true" sap:requires-filter="true" sap:content-version="1"/>
                <EntitySet Name="BudgetUpdateSet" EntityType="ZPRS_LSW_VMATTERS_BUDGET_SRV.BudgetUpdate" sap:searchable="true" sap:requires-filter="true" sap:content-version="1"/>
                <EntitySet Name="MatterInvoiceSet" EntityType="ZPRS_LSW_VMATTERS_BUDGET_SRV.MatterInvoice" sap:searchable="true" sap:requires-filter="true" sap:content-version="1"/>
                <EntitySet Name="MatterAccrualListSet" EntityType="ZPRS_LSW_VMATTERS_BUDGET_SRV.MatterAccrualList" sap:creatable="false" sap:updatable="false" sap:deletable="false" sap:pageable="false" sap:addressable="false" sap:content-version="1"/>
                <EntitySet Name="SpendvsBudgetSet" EntityType="ZPRS_LSW_VMATTERS_BUDGET_SRV.SpendvsBudget" sap:creatable="false" sap:updatable="false" sap:deletable="false" sap:pageable="false" sap:addressable="false" sap:content-version="1"/>
                <EntitySet Name="InvoicevsPaidSet" EntityType="ZPRS_LSW_VMATTERS_BUDGET_SRV.InvoicevsPaid" sap:creatable="false" sap:updatable="false" sap:deletable="false" sap:pageable="false" sap:addressable="false" sap:content-version="1"/>
                <FunctionImport Name="BudgetUpload" ReturnType="Collection(ZPRS_LSW_VMATTERS_BUDGET_SRV.BudgetUpdate)" EntitySet="BudgetUpdateSet" m:HttpMethod="GET">
                    <Parameter Name="Bukrs" Type="Edm.String" Mode="In" MaxLength="4"/>
                    <Parameter Name="Werks" Type="Edm.String" Mode="In" MaxLength="4"/>
                    <Parameter Name="Pspid" Type="Edm.String" Mode="In" MaxLength="24"/>
                    <Parameter Name="Vendor" Type="Edm.String" Mode="In" MaxLength="10"/>
                    <Parameter Name="Gjahr" Type="Edm.String" Mode="In" MaxLength="4"/>
                    <Parameter Name="Posid" Type="Edm.String" Mode="In" MaxLength="24"/>
                    <Parameter Name="Hkont" Type="Edm.String" Mode="In" MaxLength="10"/>
                    <Parameter Name="Amount" Type="Edm.String" Mode="In" MaxLength="14"/>
                    <Parameter Name="Currency" Type="Edm.String" Mode="In" MaxLength="5"/>
                </FunctionImport>
                <FunctionImport Name="BudgetChange" ReturnType="Collection(ZPRS_LSW_VMATTERS_BUDGET_SRV.BudgetUpdate)" EntitySet="BudgetUpdateSet" m:HttpMethod="GET">
                    <Parameter Name="Bukrs" Type="Edm.String" Mode="In" MaxLength="4"/>
                    <Parameter Name="Werks" Type="Edm.String" Mode="In" MaxLength="4"/>
                    <Parameter Name="Pspid" Type="Edm.String" Mode="In" MaxLength="24"/>
                    <Parameter Name="Vendor" Type="Edm.String" Mode="In" MaxLength="10"/>
                    <Parameter Name="Gjahr" Type="Edm.String" Mode="In" MaxLength="4"/>
                    <Parameter Name="Posid" Type="Edm.String" Mode="In" MaxLength="24"/>
                    <Parameter Name="Hkont" Type="Edm.String" Mode="In" MaxLength="10"/>
                    <Parameter Name="Amount" Type="Edm.String" Mode="In" MaxLength="14"/>
                    <Parameter Name="Currency" Type="Edm.String" Mode="In" MaxLength="5"/>
                    <Parameter Name="RecordType" Type="Edm.String" Mode="In"/>
                </FunctionImport>
                <FunctionImport Name="BudgetApprove" ReturnType="Collection(ZPRS_LSW_VMATTERS_BUDGET_SRV.BudgetUpdate)" EntitySet="BudgetUpdateSet" m:HttpMethod="GET">
                    <Parameter Name="Amount" Type="Edm.String" Mode="In" MaxLength="14"/>
                    <Parameter Name="Bukrs" Type="Edm.String" Mode="In" MaxLength="4"/>
                    <Parameter Name="Currency" Type="Edm.String" Mode="In" MaxLength="5"/>
                    <Parameter Name="Gjahr" Type="Edm.String" Mode="In" MaxLength="4"/>
                    <Parameter Name="Hkont" Type="Edm.String" Mode="In" MaxLength="10"/>
                    <Parameter Name="Posid" Type="Edm.String" Mode="In" MaxLength="24"/>
                    <Parameter Name="Pspid" Type="Edm.String" Mode="In" MaxLength="24"/>
                    <Parameter Name="Vendor" Type="Edm.String" Mode="In" MaxLength="10"/>
                    <Parameter Name="Werks" Type="Edm.String" Mode="In" MaxLength="4"/>
                </FunctionImport>
            </EntityContainer>
            <atom:link
                xmlns:atom="http://www.w3.org/2005/Atom" rel="self" href="./sap/ZPRS_LSW_VMATTERS_BUDGET_SRV/$metadata"/>
                <atom:link
                    xmlns:atom="http://www.w3.org/2005/Atom" rel="latest-version" href="./sap/ZPRS_LSW_VMATTERS_BUDGET_SRV/$metadata"/>
                </Schema>
            </edmx:DataServices>
        </edmx:Edmx>