<edmx:Edmx xmlns:edmx="http://docs.oasis-open.org/odata/ns/edmx" Version="4.0">
	<edmx:Reference xmlns:edmx="http://docs.oasis-open.org/odata/ns/edmx"
		Uri="http://localhost:8080/webidedispatcher/destinations/FSD/sap/opu/odata/SAP/ZPRS_DB_WORKLIST_SRV/$metadata">
		<edmx:Include xmlns:edmx="http://docs.oasis-open.org/odata/ns/edmx" Namespace="ZPRS_DB_WORKLIST_SRV"/>
	</edmx:Reference>
	<edmx:Reference Uri="http://docs.oasis-open.org/odata/odata-data-aggregation-ext/v4.0/cs02/vocabularies/Org.OData.Aggregation.V1.xml">
		<edmx:Include Alias="Aggregation" Namespace="Org.OData.Aggregation.V1"/>
	</edmx:Reference>
	<edmx:Reference Uri="http://docs.oasis-open.org/odata/odata/v4.0/errata03/os/complete/vocabularies/Org.OData.Capabilities.V1.xml">
		<edmx:Include Alias="Capabilities" Namespace="Org.OData.Capabilities.V1"/>
	</edmx:Reference>
	<edmx:Reference Uri="https://wiki.scn.sap.com/wiki/download/attachments/448470974/Common.xml?api=v2">
		<edmx:Include Alias="Common" Namespace="com.sap.vocabularies.Common.v1"/>
	</edmx:Reference>
	<edmx:Reference Uri="https://wiki.scn.sap.com/wiki/download/attachments/448470971/Communication.xml?api=v2">
		<edmx:Include Alias="vCard" Namespace="com.sap.vocabularies.Communication.v1"/>
	</edmx:Reference>
	<edmx:Reference Uri="http://docs.oasis-open.org/odata/odata/v4.0/errata03/os/complete/vocabularies/Org.OData.Core.V1.xml">
		<edmx:Include Alias="Core" Namespace="Org.OData.Core.V1"/>
	</edmx:Reference>
	<edmx:Reference Uri="http://docs.oasis-open.org/odata/odata/v4.0/errata03/os/complete/vocabularies/Org.OData.Measures.V1.xml">
		<edmx:Include Alias="CQP" Namespace="Org.OData.Measures.V1"/>
	</edmx:Reference>
	<edmx:Reference Uri="https://wiki.scn.sap.com/wiki/download/attachments/448470968/UI.xml?api=v2">
		<edmx:Include Alias="UI" Namespace="com.sap.vocabularies.UI.v1"/>
	</edmx:Reference>
	<edmx:DataServices>
		<Schema xmlns="http://docs.oasis-open.org/odata/ns/edm">
			<Annotations xmlns="http://docs.oasis-open.org/odata/ns/edm" Target="ZPRS_DB_WORKLIST_SRV.Dbheader/Clientk">
				<Annotation Term="com.sap.vocabularies.Common.v1.ValueList">
					<Record>
						<PropertyValue Property="Label" String="Search Help with Client"/>
						<PropertyValue Property="CollectionPath" String="VL_SH_ZPRS_WFD_CLIENT_SH_F"/>
						<PropertyValue Property="SearchSupported" Bool="true"/>
						<PropertyValue Property="Parameters">
							<Collection>
								<Record Type="com.sap.vocabularies.Common.v1.ValueListParameterOut">
									<PropertyValue Property="LocalDataProperty" PropertyPath="Clientk"/>
									<PropertyValue Property="ValueListProperty" String="KUNNR"/>
								</Record>
								<Record Type="com.sap.vocabularies.Common.v1.ValueListParameterOut">
									<PropertyValue Property="LocalDataProperty" PropertyPath="Client"/>
									<PropertyValue Property="ValueListProperty" String="NAME1"/>
								</Record>
							</Collection>
						</PropertyValue>
					</Record>
				</Annotation>
			</Annotations>
		</Schema>>
	</edmx:DataServices>
</edmx:Edmx>