<edmx:Edmx
    xmlns:edmx="http://schemas.microsoft.com/ado/2007/06/edmx"
    xmlns:m="http://schemas.microsoft.com/ado/2007/08/dataservices/metadata"
    xmlns:sap="http://www.sap.com/Protocols/SAPData" Version="1.0">
    <edmx:DataServices m:DataServiceVersion="2.0">
        <Schema
            xmlns="http://schemas.microsoft.com/ado/2008/09/edm" Namespace="ZPRS_DBILL_OVERVIEW_SRV" xml:lang="en" sap:schema-version="1">
            <EntityType Name="Overview" sap:content-version="1">
                <Key>
                    <PropertyRef Name="Dbill"/>
                </Key>
                <Property Name="Dbill" Type="Edm.String" Nullable="false" MaxLength="10" sap:unicode="false" sap:label="Draft Bill" sap:creatable="false" sap:updatable="false"/>
                <Property Name="Erdat" Type="Edm.DateTime" Precision="7" sap:unicode="false" sap:label="Draft Bill Date" sap:creatable="false" sap:updatable="false" sap:filterable="false"/>
                <Property Name="Wkdate" Type="Edm.DateTime" Precision="7" sap:unicode="false" sap:label="Work Date" sap:creatable="false" sap:updatable="false" sap:filterable="false"/>
                <Property Name="Client" Type="Edm.String" Nullable="false" MaxLength="10" sap:unicode="false" sap:label="Client" sap:creatable="false" sap:updatable="false"/>
                <Property Name="Cname" Type="Edm.String" Nullable="false" MaxLength="35" sap:unicode="false" sap:label="Client Name" sap:creatable="false" sap:updatable="false" sap:filterable="false"/>
                <Property Name="Pspid" Type="Edm.String" Nullable="false" MaxLength="24" sap:unicode="false" sap:label="Matter" sap:creatable="false" sap:updatable="false"/>
                <Property Name="Post1" Type="Edm.String" Nullable="false" MaxLength="40" sap:unicode="false" sap:label="Matter Name" sap:creatable="false" sap:updatable="false" sap:filterable="false"/>
                <Property Name="Dbstatus" Type="Edm.String" Nullable="false" sap:unicode="false" sap:label="Draft Bill Status" sap:creatable="false" sap:updatable="false"/>
                <Property Name="Wfstatus" Type="Edm.String" Nullable="false" MaxLength="50" sap:unicode="false" sap:label="Workflow Status" sap:creatable="false" sap:updatable="false"/>
                <Property Name="Billamt" Type="Edm.Decimal" Nullable="false" Precision="14" Scale="3" sap:unicode="false" sap:unit="Waers" sap:label="Bill Amount" sap:creatable="false" sap:updatable="false" sap:filterable="false"/>
                <Property Name="Waers" Type="Edm.String" Nullable="false" MaxLength="5" sap:unicode="false" sap:label="Currency" sap:creatable="false" sap:updatable="false" sap:filterable="false" sap:semantics="currency-code"/>
                <Property Name="Baname" Type="Edm.String" Nullable="false" sap:unicode="false" sap:label="Bill Approver" sap:creatable="false" sap:updatable="false" sap:filterable="false"/>
                <Property Name="Fbill" Type="Edm.String" Nullable="false" MaxLength="10" sap:unicode="false" sap:label="Final Bill" sap:creatable="false" sap:updatable="false"/>
                <Property Name="Action" Type="Edm.String" Nullable="false" MaxLength="2" sap:unicode="false" sap:label="Char02" sap:creatable="false" sap:updatable="false"/>
            </EntityType>
            <EntityContainer Name="ZPRS_DBILL_OVERVIEW_SRV_Entities" m:IsDefaultEntityContainer="true" sap:supported-formats="atom json xlsx">
                <EntitySet Name="OverviewSet" EntityType="ZPRS_DBILL_OVERVIEW_SRV.Overview" sap:creatable="false" sap:updatable="false" sap:deletable="false" sap:pageable="false" sap:content-version="1"/>
            </EntityContainer>
            <atom:link
                xmlns:atom="http://www.w3.org/2005/Atom" rel="self" href="./sap/ZPRS_DBILL_OVERVIEW_SRV/$metadata"/>
                <atom:link
                    xmlns:atom="http://www.w3.org/2005/Atom" rel="latest-version" href="./sap/ZPRS_DBILL_OVERVIEW_SRV/$metadata"/>
                </Schema>
            </edmx:DataServices>
        </edmx:Edmx>