<edmx:Edmx
    xmlns:edmx="http://schemas.microsoft.com/ado/2007/06/edmx"
    xmlns:m="http://schemas.microsoft.com/ado/2007/08/dataservices/metadata"
    xmlns:sap="http://www.sap.com/Protocols/SAPData" Version="1.0">
    <edmx:DataServices m:DataServiceVersion="2.0">
        <Schema
            xmlns="http://schemas.microsoft.com/ado/2008/09/edm" Namespace="ZPRS_MM_CONFLICTS_SRV" xml:lang="en" sap:schema-version="1">
            <EntityType Name="Subscription" sap:semantics="subscriptions" sap:content-version="1">
                <Key>
                    <PropertyRef Name="ID"/>
                </Key>
                <Property Name="ID" Type="Edm.String" Nullable="false" MaxLength="32" sap:label="Sub. ID" sap:creatable="false" sap:updatable="false" sap:filterable="false"/>
                <Property Name="user" Type="Edm.String" MaxLength="12" m:FC_TargetPath="SyndicationAuthorName" m:FC_KeepInContent="false" sap:label="User Name" sap:creatable="false" sap:filterable="false"/>
                <Property Name="updated" Type="Edm.DateTime" Precision="0" m:FC_TargetPath="SyndicationUpdated" m:FC_KeepInContent="false" sap:label="Time Stamp" sap:creatable="false" sap:filterable="false"/>
                <Property Name="title" Type="Edm.String" MaxLength="255" m:FC_TargetPath="SyndicationTitle" m:FC_KeepInContent="false" sap:label="Title" sap:filterable="false"/>
                <Property Name="deliveryAddress" Type="Edm.String" sap:label="Delivery Address" sap:filterable="false"/>
                <Property Name="persistNotifications" Type="Edm.Boolean" sap:label="Persist Notification" sap:filterable="false"/>
                <Property Name="collection" Type="Edm.String" MaxLength="40" sap:label="Collection" sap:filterable="false"/>
                <Property Name="filter" Type="Edm.String" sap:label="Filter" sap:filterable="false"/>
                <Property Name="select" Type="Edm.String" MaxLength="255" sap:label="Select" sap:filterable="false"/>
                <Property Name="changeType" Type="Edm.String" MaxLength="30" sap:label="Change Type"/>
            </EntityType>
            <EntityType Name="Notification" sap:semantics="notifications" sap:content-version="1">
                <Key>
                    <PropertyRef Name="ID"/>
                </Key>
                <Property Name="ID" Type="Edm.String" Nullable="false" MaxLength="32" sap:label="Notification ID"/>
                <Property Name="collection" Type="Edm.String" MaxLength="40" sap:label="Collection"/>
                <Property Name="title" Type="Edm.String" m:FC_TargetPath="SyndicationTitle" m:FC_KeepInContent="false" sap:label="Notif. Text"/>
                <Property Name="updated" Type="Edm.DateTime" Precision="0" m:FC_TargetPath="SyndicationUpdated" m:FC_KeepInContent="false" sap:label="Time Stamp"/>
                <Property Name="changeType" Type="Edm.String" MaxLength="30" sap:label="Change Type"/>
                <Property Name="entriesOfInterest" Type="Edm.Int32" sap:label="No. of Entries"/>
                <Property Name="recipient" Type="Edm.String" MaxLength="112" sap:label="Recipient" sap:creatable="false" sap:updatable="false"/>
            </EntityType>
            <EntityType Name="Searchheader" sap:content-version="1">
                <Key>
                    <PropertyRef Name="Searchid"/>
                </Key>
                <Property Name="Createdat" Type="Edm.DateTime" Precision="0" sap:unicode="false" sap:label="Created On"/>
                <Property Name="Searchstring" Type="Edm.String" sap:unicode="false" sap:label="Search String"/>
                <Property Name="Searchid" Type="Edm.String" Nullable="false" MaxLength="10" sap:unicode="false" sap:label="CMI Search Id" sap:creatable="false" sap:updatable="false" sap:sortable="false" sap:filterable="false"/>
                <Property Name="Createdon" Type="Edm.DateTime" Precision="7" sap:unicode="false" sap:label="Created on" sap:filterable="false"/>
                <Property Name="Changedat" Type="Edm.DateTime" Precision="0" sap:unicode="false" sap:label="Changed On"/>
                <Property Name="Changedon" Type="Edm.DateTime" Precision="7" sap:unicode="false" sap:label="Changed on" sap:filterable="false"/>
                <Property Name="Searchname" Type="Edm.String" Nullable="false" MaxLength="1000" sap:unicode="false" sap:label="Search Name"/>
                <Property Name="Searchterm" Type="Edm.String" Nullable="false" MaxLength="500" sap:unicode="false" sap:label="Search Term"/>
                <Property Name="Cmino" Type="Edm.String" Nullable="false" MaxLength="10" sap:unicode="false" sap:label="CMI Number"/>
                <Property Name="Createdby" Type="Edm.String" Nullable="false" MaxLength="12" sap:unicode="false" sap:label="Created by"/>
                <Property Name="Changedby" Type="Edm.String" Nullable="false" MaxLength="12" sap:unicode="false" sap:label="Changed by"/>
                <NavigationProperty Name="Results" Relationship="ZPRS_MM_CONFLICTS_SRV.Headertoresult" FromRole="FromRole_Headertoresult" ToRole="ToRole_Headertoresult"/>
            </EntityType>
            <EntityType Name="Searchresult" sap:content-version="1">
                <Key>
                    <PropertyRef Name="Sequenceno"/>
                    <PropertyRef Name="Matterk"/>
                </Key>
                <Property Name="Cmino" Type="Edm.String" Nullable="false" MaxLength="10" sap:unicode="false" sap:label="CMI Number"/>
                <Property Name="Mattertype" Type="Edm.String" Nullable="false" MaxLength="40" sap:unicode="false" sap:label="Matter Type Name"/>
                <Property Name="Searchid" Type="Edm.String" Nullable="false" MaxLength="10" sap:unicode="false" sap:label="CMI Search Id"/>
                <Property Name="Searchstring" Type="Edm.String" Nullable="false" sap:unicode="false" sap:label="Search String"/>
                <Property Name="Leadpartnerk" Type="Edm.String" Nullable="false" MaxLength="8" sap:unicode="false" sap:label="Lead Partner#"/>
                <Property Name="Sequenceno" Type="Edm.Int32" Nullable="false" sap:unicode="false" sap:label="Conf.Sequence no."/>
                <Property Name="Leadpartner" Type="Edm.String" Nullable="false" MaxLength="40" sap:unicode="false" sap:label="Lead Partner"/>
                <Property Name="Searchname" Type="Edm.String" Nullable="false" MaxLength="1000" sap:unicode="false" sap:label="Search Name"/>
                <Property Name="Knownpartycmino" Type="Edm.String" Nullable="false" MaxLength="10" sap:unicode="false" sap:label="CMI Number"/>
                <Property Name="Matterk" Type="Edm.String" Nullable="false" MaxLength="24" sap:unicode="false" sap:label="Matter Number"/>
                <Property Name="Knownpartyseq" Type="Edm.String" Nullable="false" MaxLength="4" sap:unicode="false" sap:label="Sequence Number"/>
                <Property Name="Matter" Type="Edm.String" Nullable="false" MaxLength="40" sap:unicode="false" sap:label="Matter Name"/>
                <Property Name="Billingofficek" Type="Edm.String" Nullable="false" MaxLength="4" sap:unicode="false" sap:label="Billing Office Code"/>
                <Property Name="Clientk" Type="Edm.String" Nullable="false" MaxLength="10" sap:unicode="false" sap:label="Client"/>
                <Property Name="Billingoffice" Type="Edm.String" Nullable="false" MaxLength="30" sap:unicode="false" sap:label="Billing Office Name"/>
                <Property Name="Client" Type="Edm.String" Nullable="false" MaxLength="40" sap:unicode="false" sap:label="Client Name"/>
                <Property Name="Matterstatusk" Type="Edm.String" Nullable="false" MaxLength="4" sap:unicode="false" sap:label="Matter Status Code"/>
                <Property Name="Matterstatus" Type="Edm.String" Nullable="false" MaxLength="30" sap:unicode="false" sap:label="Matter Status"/>
                <Property Name="Practicegroupk" Type="Edm.String" Nullable="false" MaxLength="2" sap:unicode="false" sap:label="Practice Group Code"/>
                <Property Name="Practicegroup" Type="Edm.String" Nullable="false" MaxLength="60" sap:unicode="false" sap:label="Practice Group Desc."/>
                <Property Name="Serviceareak" Type="Edm.String" Nullable="false" MaxLength="5" sap:unicode="false" sap:label="Practice Area Code"/>
                <Property Name="Servicearea" Type="Edm.String" Nullable="false" MaxLength="40" sap:unicode="false" sap:label="Practice Area"/>
                <Property Name="Mattertypek" Type="Edm.String" Nullable="false" MaxLength="2" sap:unicode="false" sap:label="Matter type"/>
                <Property Name="Mattercategoryk" Type="Edm.String" Nullable="false" MaxLength="40" sap:unicode="false" sap:label="Mat. Category"/>
                <Property Name="Mattercategory" Type="Edm.String" Nullable="false" MaxLength="40" sap:unicode="false" sap:label="Matter Category Name"/>
                <Property Name="Searchtermline" Type="Edm.String" Nullable="false" MaxLength="500" sap:unicode="false" sap:label="Search Term"/>
                <Property Name="Wfstatk" Type="Edm.String" Nullable="false" MaxLength="2" sap:unicode="false" sap:label="Work Flow Stat. Code"/>
                <Property Name="Wfstat" Type="Edm.String" Nullable="false" MaxLength="30" sap:unicode="false" sap:label="Work Flow Status"/>
                <Property Name="Name" Type="Edm.String" Nullable="false" MaxLength="80" sap:unicode="false" sap:label="Name"/>
                <Property Name="Classificationk" Type="Edm.String" Nullable="false" MaxLength="2" sap:unicode="false" sap:label="Classification"/>
                <Property Name="Classification" Type="Edm.String" Nullable="false" MaxLength="40" sap:unicode="false" sap:label="Clnt. Classification"/>
                <Property Name="Rolek" Type="Edm.String" Nullable="false" MaxLength="2" sap:unicode="false" sap:label="Role"/>
                <Property Name="Role" Type="Edm.String" Nullable="false" MaxLength="20" sap:unicode="false" sap:label="Role - Text"/>
                <Property Name="Designationk" Type="Edm.String" Nullable="false" MaxLength="2" sap:unicode="false" sap:label="Designation Code"/>
                <Property Name="Designation" Type="Edm.String" Nullable="false" MaxLength="30" sap:unicode="false" sap:label="Designation Desc.."/>
            </EntityType>
            <EntityType Name="VL_SH_ZPRS_CMI_SH_MATTER_TYPE_F" sap:content-version="1">
                <Key>
                    <PropertyRef Name="MATTERTYPE"/>
                    <PropertyRef Name="DESCRIPTION"/>
                </Key>
                <Property Name="MATTERTYPE" Type="Edm.String" Nullable="false" MaxLength="2" sap:display-format="UpperCase" sap:label="Matter type"/>
                <Property Name="DESCRIPTION" Type="Edm.String" Nullable="false" MaxLength="40" sap:label="Matter Type Descript"/>
            </EntityType>
            <EntityType Name="VL_SH_ZPRS_CMI_SH_LEADPARTNERS_F" sap:content-version="1">
                <Key>
                    <PropertyRef Name="LEADPARTNERK"/>
                    <PropertyRef Name="LEADPARTNER"/>
                </Key>
                <Property Name="LEADPARTNERK" Type="Edm.String" Nullable="false" MaxLength="8" sap:display-format="NonNegative" sap:label="Lead Partner"/>
                <Property Name="LEADPARTNER" Type="Edm.String" Nullable="false" MaxLength="40" sap:label="Lead Partner Name"/>
            </EntityType>
            <EntityType Name="VL_SH_ZPRS_CMI_SH_MATTERS_F" sap:content-version="1">
                <Key>
                    <PropertyRef Name="MATTERK"/>
                    <PropertyRef Name="MATTER"/>
                </Key>
                <Property Name="MATTERK" Type="Edm.String" Nullable="false" MaxLength="24" sap:display-format="UpperCase" sap:label="Matter Number"/>
                <Property Name="MATTER" Type="Edm.String" Nullable="false" MaxLength="40" sap:label="Matter Name"/>
            </EntityType>
            <EntityType Name="VL_SH_ZPRS_CMI_SH_BILLINGOFFICE_F" sap:content-version="1">
                <Key>
                    <PropertyRef Name="BILLINGOFFICEK"/>
                    <PropertyRef Name="BILLINGOFFICE"/>
                </Key>
                <Property Name="BILLINGOFFICEK" Type="Edm.String" Nullable="false" MaxLength="4" sap:display-format="UpperCase" sap:label="Billing Office"/>
                <Property Name="BILLINGOFFICE" Type="Edm.String" Nullable="false" MaxLength="30" sap:label="Billing Office Name"/>
            </EntityType>
            <EntityType Name="VL_SH_ZPRS_CMI_SH_CLIENTS_F" sap:content-version="1">
                <Key>
                    <PropertyRef Name="CLIENTK"/>
                    <PropertyRef Name="CLIENT"/>
                </Key>
                <Property Name="CLIENTK" Type="Edm.String" Nullable="false" MaxLength="10" sap:display-format="UpperCase" sap:label="Client"/>
                <Property Name="CLIENT" Type="Edm.String" Nullable="false" MaxLength="40" sap:label="Client Name"/>
            </EntityType>
            <EntityType Name="VL_SH_ZPRS_CMI_SH_MATTER_STATUS_F" sap:content-version="1">
                <Key>
                    <PropertyRef Name="MATTERSTATUSK"/>
                    <PropertyRef Name="MATTERSTATUS"/>
                </Key>
                <Property Name="MATTERSTATUSK" Type="Edm.String" Nullable="false" MaxLength="4" sap:label="Matter Status Code"/>
                <Property Name="MATTERSTATUS" Type="Edm.String" Nullable="false" MaxLength="30" sap:label="Matter Status"/>
            </EntityType>
            <EntityType Name="VL_SH_ZPRS_CMI_SH_PRACTICE_GROUP_F" sap:content-version="1">
                <Key>
                    <PropertyRef Name="PRACTICEGRP"/>
                    <PropertyRef Name="DESCRIPTION"/>
                </Key>
                <Property Name="PRACTICEGRP" Type="Edm.String" Nullable="false" MaxLength="2" sap:display-format="UpperCase" sap:label="Practice Group Code"/>
                <Property Name="DESCRIPTION" Type="Edm.String" Nullable="false" MaxLength="60" sap:label="Practice Group Descr"/>
            </EntityType>
            <EntityType Name="VL_SH_ZPRS_CMI_SH_SERVICE_AREA_F" sap:content-version="1">
                <Key>
                    <PropertyRef Name="SERVICEAREA"/>
                    <PropertyRef Name="SERVICEAREADESC"/>
                </Key>
                <Property Name="SERVICEAREA" Type="Edm.String" Nullable="false" MaxLength="5" sap:display-format="UpperCase" sap:label="Practice Area Code"/>
                <Property Name="SERVICEAREADESC" Type="Edm.String" Nullable="false" MaxLength="40" sap:display-format="UpperCase" sap:label="Practice Area"/>
            </EntityType>
            <EntityType Name="VL_SH_ZPRS_CMI_SH_MATTER_CATEGORY_F" sap:content-version="1">
                <Key>
                    <PropertyRef Name="MATTERCAT"/>
                    <PropertyRef Name="DESCRIPTION"/>
                </Key>
                <Property Name="MATTERCAT" Type="Edm.String" Nullable="false" MaxLength="2" sap:display-format="UpperCase" sap:label="Mat. Category"/>
                <Property Name="DESCRIPTION" Type="Edm.String" Nullable="false" MaxLength="40" sap:label="Matter Category Name"/>
            </EntityType>
            <EntityType Name="VL_SH_ZPRS_CMI_SH_WORKFLOW_STATUS_F" sap:content-version="1">
                <Key>
                    <PropertyRef Name="WFSTATK"/>
                    <PropertyRef Name="WFSTAT"/>
                </Key>
                <Property Name="WFSTATK" Type="Edm.String" Nullable="false" MaxLength="2" sap:display-format="UpperCase" sap:label="Work Flow Stat. Code"/>
                <Property Name="WFSTAT" Type="Edm.String" Nullable="false" MaxLength="30" sap:label="Work Flow Status"/>
            </EntityType>
            <EntityType Name="VL_SH_ZPRS_CMI_SH_CLASSIFICATION_F" sap:content-version="1">
                <Key>
                    <PropertyRef Name="CLASSIFICATIONK"/>
                    <PropertyRef Name="STEXT"/>
                </Key>
                <Property Name="CLASSIFICATIONK" Type="Edm.String" Nullable="false" MaxLength="2" sap:display-format="UpperCase" sap:label="Classification"/>
                <Property Name="STEXT" Type="Edm.String" Nullable="false" MaxLength="20" sap:label="Description"/>
            </EntityType>
            <EntityType Name="VL_SH_ZPRS_CMI_SH_ROLE_F" sap:content-version="1">
                <Key>
                    <PropertyRef Name="ROLEK"/>
                    <PropertyRef Name="STEXT"/>
                </Key>
                <Property Name="ROLEK" Type="Edm.String" Nullable="false" MaxLength="2" sap:display-format="UpperCase" sap:label="Role"/>
                <Property Name="STEXT" Type="Edm.String" Nullable="false" MaxLength="20" sap:label="Description"/>
            </EntityType>
            <EntityType Name="VL_FV_xIWBEPxMGW_SUB_ENT_CHANGE_TYPE" sap:content-version="1">
                <Key>
                    <PropertyRef Name="Code"/>
                </Key>
                <Property Name="Code" Type="Edm.String" Nullable="false" MaxLength="30" sap:text="Text" sap:label="Value"/>
                <Property Name="Text" Type="Edm.String" MaxLength="60" sap:label="Short Descript."/>
            </EntityType>
            <EntityType Name="VL_FV_xIWBEPxMGW_NOTIF_CHANGE_TYPE" sap:content-version="1">
                <Key>
                    <PropertyRef Name="Code"/>
                </Key>
                <Property Name="Code" Type="Edm.String" Nullable="false" MaxLength="30" sap:text="Text" sap:label="Value"/>
                <Property Name="Text" Type="Edm.String" MaxLength="60" sap:label="Short Descript."/>
            </EntityType>
            <Association Name="Headertoresult" sap:content-version="1">
                <End Type="ZPRS_MM_CONFLICTS_SRV.Searchheader" Multiplicity="1" Role="FromRole_Headertoresult"/>
                <End Type="ZPRS_MM_CONFLICTS_SRV.Searchresult" Multiplicity="*" Role="ToRole_Headertoresult"/>
            </Association>
            <EntityContainer Name="ZPRS_MM_CONFLICTS_SRV_Entities" m:IsDefaultEntityContainer="true" sap:supported-formats="atom json xlsx">
                <EntitySet Name="VL_SH_ZPRS_CMI_SH_MATTER_TYPE_F" EntityType="ZPRS_MM_CONFLICTS_SRV.VL_SH_ZPRS_CMI_SH_MATTER_TYPE_F" sap:creatable="false" sap:updatable="false" sap:deletable="false" sap:content-version="1" sap:countable="false"/>
                <EntitySet Name="VL_SH_ZPRS_CMI_SH_LEADPARTNERS_F" EntityType="ZPRS_MM_CONFLICTS_SRV.VL_SH_ZPRS_CMI_SH_LEADPARTNERS_F" sap:creatable="false" sap:updatable="false" sap:deletable="false" sap:content-version="1" sap:countable="false"/>
                <EntitySet Name="VL_SH_ZPRS_CMI_SH_MATTERS_F" EntityType="ZPRS_MM_CONFLICTS_SRV.VL_SH_ZPRS_CMI_SH_MATTERS_F" sap:creatable="false" sap:updatable="false" sap:deletable="false" sap:content-version="1" sap:countable="false"/>
                <EntitySet Name="VL_SH_ZPRS_CMI_SH_BILLINGOFFICE_F" EntityType="ZPRS_MM_CONFLICTS_SRV.VL_SH_ZPRS_CMI_SH_BILLINGOFFICE_F" sap:creatable="false" sap:updatable="false" sap:deletable="false" sap:content-version="1" sap:countable="false"/>
                <EntitySet Name="VL_SH_ZPRS_CMI_SH_CLIENTS_F" EntityType="ZPRS_MM_CONFLICTS_SRV.VL_SH_ZPRS_CMI_SH_CLIENTS_F" sap:creatable="false" sap:updatable="false" sap:deletable="false" sap:content-version="1" sap:countable="false"/>
                <EntitySet Name="VL_SH_ZPRS_CMI_SH_MATTER_STATUS_F" EntityType="ZPRS_MM_CONFLICTS_SRV.VL_SH_ZPRS_CMI_SH_MATTER_STATUS_F" sap:creatable="false" sap:updatable="false" sap:deletable="false" sap:content-version="1" sap:countable="false"/>
                <EntitySet Name="VL_SH_ZPRS_CMI_SH_PRACTICE_GROUP_F" EntityType="ZPRS_MM_CONFLICTS_SRV.VL_SH_ZPRS_CMI_SH_PRACTICE_GROUP_F" sap:creatable="false" sap:updatable="false" sap:deletable="false" sap:content-version="1" sap:countable="false"/>
                <EntitySet Name="VL_SH_ZPRS_CMI_SH_SERVICE_AREA_F" EntityType="ZPRS_MM_CONFLICTS_SRV.VL_SH_ZPRS_CMI_SH_SERVICE_AREA_F" sap:creatable="false" sap:updatable="false" sap:deletable="false" sap:content-version="1" sap:countable="false"/>
                <EntitySet Name="VL_SH_ZPRS_CMI_SH_MATTER_CATEGORY_F" EntityType="ZPRS_MM_CONFLICTS_SRV.VL_SH_ZPRS_CMI_SH_MATTER_CATEGORY_F" sap:creatable="false" sap:updatable="false" sap:deletable="false" sap:content-version="1" sap:countable="false"/>
                <EntitySet Name="VL_SH_ZPRS_CMI_SH_WORKFLOW_STATUS_F" EntityType="ZPRS_MM_CONFLICTS_SRV.VL_SH_ZPRS_CMI_SH_WORKFLOW_STATUS_F" sap:creatable="false" sap:updatable="false" sap:deletable="false" sap:content-version="1" sap:countable="false"/>
                <EntitySet Name="VL_SH_ZPRS_CMI_SH_CLASSIFICATION_F" EntityType="ZPRS_MM_CONFLICTS_SRV.VL_SH_ZPRS_CMI_SH_CLASSIFICATION_F" sap:creatable="false" sap:updatable="false" sap:deletable="false" sap:content-version="1" sap:countable="false"/>
                <EntitySet Name="VL_SH_ZPRS_CMI_SH_ROLE_F" EntityType="ZPRS_MM_CONFLICTS_SRV.VL_SH_ZPRS_CMI_SH_ROLE_F" sap:creatable="false" sap:updatable="false" sap:deletable="false" sap:content-version="1" sap:countable="false"/>
                <EntitySet Name="VL_FV_xIWBEPxMGW_SUB_ENT_CHANGE_TYPE" EntityType="ZPRS_MM_CONFLICTS_SRV.VL_FV_xIWBEPxMGW_SUB_ENT_CHANGE_TYPE" sap:content-version="1" sap:semantics="fixed-values"/>
                <EntitySet Name="VL_FV_xIWBEPxMGW_NOTIF_CHANGE_TYPE" EntityType="ZPRS_MM_CONFLICTS_SRV.VL_FV_xIWBEPxMGW_NOTIF_CHANGE_TYPE" sap:content-version="1" sap:semantics="fixed-values"/>
                <EntitySet Name="SubscriptionCollection" EntityType="ZPRS_MM_CONFLICTS_SRV.Subscription" sap:content-version="1"/>
                <EntitySet Name="NotificationCollection" EntityType="ZPRS_MM_CONFLICTS_SRV.Notification" sap:creatable="false" sap:updatable="false" sap:deletable="false" sap:addressable="false" sap:content-version="1"/>
                <EntitySet Name="Searchheaders" EntityType="ZPRS_MM_CONFLICTS_SRV.Searchheader" sap:searchable="true" sap:requires-filter="true" sap:content-version="1"/>
                <EntitySet Name="Searchresults" EntityType="ZPRS_MM_CONFLICTS_SRV.Searchresult" sap:searchable="true" sap:requires-filter="true" sap:content-version="1"/>
                <AssociationSet Name="Headertoresults" Association="ZPRS_MM_CONFLICTS_SRV.Headertoresult" sap:creatable="false" sap:updatable="false" sap:deletable="false" sap:content-version="1">
                    <End EntitySet="Searchheaders" Role="FromRole_Headertoresult"/>
                    <End EntitySet="Searchresults" Role="ToRole_Headertoresult"/>
                </AssociationSet>
            </EntityContainer>
            <Annotations
                xmlns="http://docs.oasis-open.org/odata/ns/edm" Target="ZPRS_MM_CONFLICTS_SRV.Subscription/changeType">
                <Annotation Term="com.sap.vocabularies.Common.v1.ValueList">
                    <Record>
                        <PropertyValue Property="Label" String="Subscription: Entity Change Type"/>
                        <PropertyValue Property="CollectionPath" String="VL_FV_xIWBEPxMGW_SUB_ENT_CHANGE_TYPE"/>
                        <PropertyValue Property="Parameters">
                            <Collection>
                                <Record Type="com.sap.vocabularies.Common.v1.ValueListParameterInOut">
                                    <PropertyValue Property="LocalDataProperty" PropertyPath="changeType"/>
                                    <PropertyValue Property="ValueListProperty" String="Code"/>
                                </Record>
                                <Record Type="com.sap.vocabularies.Common.v1.ValueListParameterDisplayOnly">
                                    <PropertyValue Property="ValueListProperty" String="Text"/>
                                </Record>
                            </Collection>
                        </PropertyValue>
                    </Record>
                </Annotation>
            </Annotations>
            <Annotations
                xmlns="http://docs.oasis-open.org/odata/ns/edm" Target="ZPRS_MM_CONFLICTS_SRV.Notification/changeType">
                <Annotation Term="com.sap.vocabularies.Common.v1.ValueList">
                    <Record>
                        <PropertyValue Property="Label" String="Notification Change Type"/>
                        <PropertyValue Property="CollectionPath" String="VL_FV_xIWBEPxMGW_NOTIF_CHANGE_TYPE"/>
                        <PropertyValue Property="Parameters">
                            <Collection>
                                <Record Type="com.sap.vocabularies.Common.v1.ValueListParameterInOut">
                                    <PropertyValue Property="LocalDataProperty" PropertyPath="changeType"/>
                                    <PropertyValue Property="ValueListProperty" String="Code"/>
                                </Record>
                                <Record Type="com.sap.vocabularies.Common.v1.ValueListParameterDisplayOnly">
                                    <PropertyValue Property="ValueListProperty" String="Text"/>
                                </Record>
                            </Collection>
                        </PropertyValue>
                    </Record>
                </Annotation>
            </Annotations>
            <Annotations
                xmlns="http://docs.oasis-open.org/odata/ns/edm" Target="ZPRS_MM_CONFLICTS_SRV.Searchresult/Mattertype">
                <Annotation Term="com.sap.vocabularies.Common.v1.ValueList">
                    <Record>
                        <PropertyValue Property="Label" String="Search Help For Matter Type"/>
                        <PropertyValue Property="CollectionPath" String="VL_SH_ZPRS_CMI_SH_MATTER_TYPE_F"/>
                        <PropertyValue Property="Parameters">
                            <Collection>
                                <Record Type="com.sap.vocabularies.Common.v1.ValueListParameterDisplayOnly">
                                    <PropertyValue Property="ValueListProperty" String="MATTERTYPE"/>
                                </Record>
                                <Record Type="com.sap.vocabularies.Common.v1.ValueListParameterInOut">
                                    <PropertyValue Property="LocalDataProperty" PropertyPath="Mattertype"/>
                                    <PropertyValue Property="ValueListProperty" String="DESCRIPTION"/>
                                </Record>
                            </Collection>
                        </PropertyValue>
                    </Record>
                </Annotation>
            </Annotations>
            <Annotations
                xmlns="http://docs.oasis-open.org/odata/ns/edm" Target="ZPRS_MM_CONFLICTS_SRV.Searchresult/Leadpartnerk">
                <Annotation Term="com.sap.vocabularies.Common.v1.ValueList">
                    <Record>
                        <PropertyValue Property="Label" String="CMI Leadpartners"/>
                        <PropertyValue Property="CollectionPath" String="VL_SH_ZPRS_CMI_SH_LEADPARTNERS_F"/>
                        <PropertyValue Property="Parameters">
                            <Collection>
                                <Record Type="com.sap.vocabularies.Common.v1.ValueListParameterInOut">
                                    <PropertyValue Property="LocalDataProperty" PropertyPath="Leadpartnerk"/>
                                    <PropertyValue Property="ValueListProperty" String="LEADPARTNERK"/>
                                </Record>
                                <Record Type="com.sap.vocabularies.Common.v1.ValueListParameterInOut">
                                    <PropertyValue Property="LocalDataProperty" PropertyPath="Matter"/>
                                    <PropertyValue Property="ValueListProperty" String="LEADPARTNER"/>
                                </Record>
                            </Collection>
                        </PropertyValue>
                    </Record>
                </Annotation>
            </Annotations>
            <Annotations
                xmlns="http://docs.oasis-open.org/odata/ns/edm" Target="ZPRS_MM_CONFLICTS_SRV.Searchresult/Leadpartner">
                <Annotation Term="com.sap.vocabularies.Common.v1.ValueList">
                    <Record>
                        <PropertyValue Property="Label" String="CMI Leadpartners"/>
                        <PropertyValue Property="CollectionPath" String="VL_SH_ZPRS_CMI_SH_LEADPARTNERS_F"/>
                        <PropertyValue Property="Parameters">
                            <Collection>
                                <Record Type="com.sap.vocabularies.Common.v1.ValueListParameterInOut">
                                    <PropertyValue Property="LocalDataProperty" PropertyPath="Leadpartnerk"/>
                                    <PropertyValue Property="ValueListProperty" String="LEADPARTNERK"/>
                                </Record>
                                <Record Type="com.sap.vocabularies.Common.v1.ValueListParameterInOut">
                                    <PropertyValue Property="LocalDataProperty" PropertyPath="Leadpartner"/>
                                    <PropertyValue Property="ValueListProperty" String="LEADPARTNER"/>
                                </Record>
                            </Collection>
                        </PropertyValue>
                    </Record>
                </Annotation>
            </Annotations>
            <Annotations
                xmlns="http://docs.oasis-open.org/odata/ns/edm" Target="ZPRS_MM_CONFLICTS_SRV.Searchresult/Matterk">
                <Annotation Term="com.sap.vocabularies.Common.v1.ValueList">
                    <Record>
                        <PropertyValue Property="Label" String="CMI Matters"/>
                        <PropertyValue Property="CollectionPath" String="VL_SH_ZPRS_CMI_SH_MATTERS_F"/>
                        <PropertyValue Property="Parameters">
                            <Collection>
                                <Record Type="com.sap.vocabularies.Common.v1.ValueListParameterInOut">
                                    <PropertyValue Property="LocalDataProperty" PropertyPath="Matterk"/>
                                    <PropertyValue Property="ValueListProperty" String="MATTERK"/>
                                </Record>
                                <Record Type="com.sap.vocabularies.Common.v1.ValueListParameterInOut">
                                    <PropertyValue Property="LocalDataProperty" PropertyPath="Matter"/>
                                    <PropertyValue Property="ValueListProperty" String="MATTER"/>
                                </Record>
                            </Collection>
                        </PropertyValue>
                    </Record>
                </Annotation>
            </Annotations>
            <Annotations
                xmlns="http://docs.oasis-open.org/odata/ns/edm" Target="ZPRS_MM_CONFLICTS_SRV.Searchresult/Matter">
                <Annotation Term="com.sap.vocabularies.Common.v1.ValueList">
                    <Record>
                        <PropertyValue Property="Label" String="CMI Matters"/>
                        <PropertyValue Property="CollectionPath" String="VL_SH_ZPRS_CMI_SH_MATTERS_F"/>
                        <PropertyValue Property="Parameters">
                            <Collection>
                                <Record Type="com.sap.vocabularies.Common.v1.ValueListParameterInOut">
                                    <PropertyValue Property="LocalDataProperty" PropertyPath="Matterk"/>
                                    <PropertyValue Property="ValueListProperty" String="MATTERK"/>
                                </Record>
                                <Record Type="com.sap.vocabularies.Common.v1.ValueListParameterInOut">
                                    <PropertyValue Property="LocalDataProperty" PropertyPath="Matter"/>
                                    <PropertyValue Property="ValueListProperty" String="MATTER"/>
                                </Record>
                            </Collection>
                        </PropertyValue>
                    </Record>
                </Annotation>
            </Annotations>
            <Annotations
                xmlns="http://docs.oasis-open.org/odata/ns/edm" Target="ZPRS_MM_CONFLICTS_SRV.Searchresult/Billingofficek">
                <Annotation Term="com.sap.vocabularies.Common.v1.ValueList">
                    <Record>
                        <PropertyValue Property="Label" String="CMI Billing offices"/>
                        <PropertyValue Property="CollectionPath" String="VL_SH_ZPRS_CMI_SH_BILLINGOFFICE_F"/>
                        <PropertyValue Property="Parameters">
                            <Collection>
                                <Record Type="com.sap.vocabularies.Common.v1.ValueListParameterInOut">
                                    <PropertyValue Property="LocalDataProperty" PropertyPath="Billingofficek"/>
                                    <PropertyValue Property="ValueListProperty" String="BILLINGOFFICEK"/>
                                </Record>
                                <Record Type="com.sap.vocabularies.Common.v1.ValueListParameterInOut">
                                    <PropertyValue Property="LocalDataProperty" PropertyPath="Billingoffice"/>
                                    <PropertyValue Property="ValueListProperty" String="BILLINGOFFICE"/>
                                </Record>
                            </Collection>
                        </PropertyValue>
                    </Record>
                </Annotation>
            </Annotations>
            <Annotations
                xmlns="http://docs.oasis-open.org/odata/ns/edm" Target="ZPRS_MM_CONFLICTS_SRV.Searchresult/Clientk">
                <Annotation Term="com.sap.vocabularies.Common.v1.ValueList">
                    <Record>
                        <PropertyValue Property="Label" String="CMI Clients"/>
                        <PropertyValue Property="CollectionPath" String="VL_SH_ZPRS_CMI_SH_CLIENTS_F"/>
                        <PropertyValue Property="Parameters">
                            <Collection>
                                <Record Type="com.sap.vocabularies.Common.v1.ValueListParameterInOut">
                                    <PropertyValue Property="LocalDataProperty" PropertyPath="Clientk"/>
                                    <PropertyValue Property="ValueListProperty" String="CLIENTK"/>
                                </Record>
                                <Record Type="com.sap.vocabularies.Common.v1.ValueListParameterInOut">
                                    <PropertyValue Property="LocalDataProperty" PropertyPath="Matter"/>
                                    <PropertyValue Property="ValueListProperty" String="CLIENT"/>
                                </Record>
                            </Collection>
                        </PropertyValue>
                    </Record>
                </Annotation>
            </Annotations>
            <Annotations
                xmlns="http://docs.oasis-open.org/odata/ns/edm" Target="ZPRS_MM_CONFLICTS_SRV.Searchresult/Billingoffice">
                <Annotation Term="com.sap.vocabularies.Common.v1.ValueList">
                    <Record>
                        <PropertyValue Property="Label" String="CMI Billing offices"/>
                        <PropertyValue Property="CollectionPath" String="VL_SH_ZPRS_CMI_SH_BILLINGOFFICE_F"/>
                        <PropertyValue Property="Parameters">
                            <Collection>
                                <Record Type="com.sap.vocabularies.Common.v1.ValueListParameterInOut">
                                    <PropertyValue Property="LocalDataProperty" PropertyPath="Billingofficek"/>
                                    <PropertyValue Property="ValueListProperty" String="BILLINGOFFICEK"/>
                                </Record>
                                <Record Type="com.sap.vocabularies.Common.v1.ValueListParameterInOut">
                                    <PropertyValue Property="LocalDataProperty" PropertyPath="Billingoffice"/>
                                    <PropertyValue Property="ValueListProperty" String="BILLINGOFFICE"/>
                                </Record>
                            </Collection>
                        </PropertyValue>
                    </Record>
                </Annotation>
            </Annotations>
            <Annotations
                xmlns="http://docs.oasis-open.org/odata/ns/edm" Target="ZPRS_MM_CONFLICTS_SRV.Searchresult/Client">
                <Annotation Term="com.sap.vocabularies.Common.v1.ValueList">
                    <Record>
                        <PropertyValue Property="Label" String="CMI Clients"/>
                        <PropertyValue Property="CollectionPath" String="VL_SH_ZPRS_CMI_SH_CLIENTS_F"/>
                        <PropertyValue Property="Parameters">
                            <Collection>
                                <Record Type="com.sap.vocabularies.Common.v1.ValueListParameterInOut">
                                    <PropertyValue Property="LocalDataProperty" PropertyPath="Clientk"/>
                                    <PropertyValue Property="ValueListProperty" String="CLIENTK"/>
                                </Record>
                                <Record Type="com.sap.vocabularies.Common.v1.ValueListParameterInOut">
                                    <PropertyValue Property="LocalDataProperty" PropertyPath="Client"/>
                                    <PropertyValue Property="ValueListProperty" String="CLIENT"/>
                                </Record>
                            </Collection>
                        </PropertyValue>
                    </Record>
                </Annotation>
            </Annotations>
            <Annotations
                xmlns="http://docs.oasis-open.org/odata/ns/edm" Target="ZPRS_MM_CONFLICTS_SRV.Searchresult/Matterstatusk">
                <Annotation Term="com.sap.vocabularies.Common.v1.ValueList">
                    <Record>
                        <PropertyValue Property="Label" String="CMI Matter status"/>
                        <PropertyValue Property="CollectionPath" String="VL_SH_ZPRS_CMI_SH_MATTER_STATUS_F"/>
                        <PropertyValue Property="Parameters">
                            <Collection>
                                <Record Type="com.sap.vocabularies.Common.v1.ValueListParameterInOut">
                                    <PropertyValue Property="LocalDataProperty" PropertyPath="Matterstatusk"/>
                                    <PropertyValue Property="ValueListProperty" String="MATTERSTATUSK"/>
                                </Record>
                                <Record Type="com.sap.vocabularies.Common.v1.ValueListParameterDisplayOnly">
                                    <PropertyValue Property="ValueListProperty" String="MATTERSTATUS"/>
                                </Record>
                            </Collection>
                        </PropertyValue>
                    </Record>
                </Annotation>
            </Annotations>
            <Annotations
                xmlns="http://docs.oasis-open.org/odata/ns/edm" Target="ZPRS_MM_CONFLICTS_SRV.Searchresult/Matterstatus">
                <Annotation Term="com.sap.vocabularies.Common.v1.ValueList">
                    <Record>
                        <PropertyValue Property="Label" String="CMI Matter status"/>
                        <PropertyValue Property="CollectionPath" String="VL_SH_ZPRS_CMI_SH_MATTER_STATUS_F"/>
                        <PropertyValue Property="Parameters">
                            <Collection>
                                <Record Type="com.sap.vocabularies.Common.v1.ValueListParameterDisplayOnly">
                                    <PropertyValue Property="ValueListProperty" String="MATTERSTATUSK"/>
                                </Record>
                                <Record Type="com.sap.vocabularies.Common.v1.ValueListParameterInOut">
                                    <PropertyValue Property="LocalDataProperty" PropertyPath="Matterstatus"/>
                                    <PropertyValue Property="ValueListProperty" String="MATTERSTATUS"/>
                                </Record>
                            </Collection>
                        </PropertyValue>
                    </Record>
                </Annotation>
            </Annotations>
            <Annotations
                xmlns="http://docs.oasis-open.org/odata/ns/edm" Target="ZPRS_MM_CONFLICTS_SRV.Searchresult/Practicegroupk">
                <Annotation Term="com.sap.vocabularies.Common.v1.ValueList">
                    <Record>
                        <PropertyValue Property="Label" String="Search Help For Practice Group"/>
                        <PropertyValue Property="CollectionPath" String="VL_SH_ZPRS_CMI_SH_PRACTICE_GROUP_F"/>
                        <PropertyValue Property="Parameters">
                            <Collection>
                                <Record Type="com.sap.vocabularies.Common.v1.ValueListParameterInOut">
                                    <PropertyValue Property="LocalDataProperty" PropertyPath="Practicegroupk"/>
                                    <PropertyValue Property="ValueListProperty" String="PRACTICEGRP"/>
                                </Record>
                                <Record Type="com.sap.vocabularies.Common.v1.ValueListParameterDisplayOnly">
                                    <PropertyValue Property="ValueListProperty" String="DESCRIPTION"/>
                                </Record>
                            </Collection>
                        </PropertyValue>
                    </Record>
                </Annotation>
            </Annotations>
            <Annotations
                xmlns="http://docs.oasis-open.org/odata/ns/edm" Target="ZPRS_MM_CONFLICTS_SRV.Searchresult/Practicegroup">
                <Annotation Term="com.sap.vocabularies.Common.v1.ValueList">
                    <Record>
                        <PropertyValue Property="Label" String="Search Help For Practice Group"/>
                        <PropertyValue Property="CollectionPath" String="VL_SH_ZPRS_CMI_SH_PRACTICE_GROUP_F"/>
                        <PropertyValue Property="Parameters">
                            <Collection>
                                <Record Type="com.sap.vocabularies.Common.v1.ValueListParameterDisplayOnly">
                                    <PropertyValue Property="ValueListProperty" String="PRACTICEGRP"/>
                                </Record>
                                <Record Type="com.sap.vocabularies.Common.v1.ValueListParameterInOut">
                                    <PropertyValue Property="LocalDataProperty" PropertyPath="Practicegroup"/>
                                    <PropertyValue Property="ValueListProperty" String="DESCRIPTION"/>
                                </Record>
                            </Collection>
                        </PropertyValue>
                    </Record>
                </Annotation>
            </Annotations>
            <Annotations
                xmlns="http://docs.oasis-open.org/odata/ns/edm" Target="ZPRS_MM_CONFLICTS_SRV.Searchresult/Serviceareak">
                <Annotation Term="com.sap.vocabularies.Common.v1.ValueList">
                    <Record>
                        <PropertyValue Property="Label" String="Search Help For Service Area"/>
                        <PropertyValue Property="CollectionPath" String="VL_SH_ZPRS_CMI_SH_SERVICE_AREA_F"/>
                        <PropertyValue Property="Parameters">
                            <Collection>
                                <Record Type="com.sap.vocabularies.Common.v1.ValueListParameterInOut">
                                    <PropertyValue Property="LocalDataProperty" PropertyPath="Serviceareak"/>
                                    <PropertyValue Property="ValueListProperty" String="SERVICEAREA"/>
                                </Record>
                                <Record Type="com.sap.vocabularies.Common.v1.ValueListParameterDisplayOnly">
                                    <PropertyValue Property="ValueListProperty" String="SERVICEAREADESC"/>
                                </Record>
                            </Collection>
                        </PropertyValue>
                    </Record>
                </Annotation>
            </Annotations>
            <Annotations
                xmlns="http://docs.oasis-open.org/odata/ns/edm" Target="ZPRS_MM_CONFLICTS_SRV.Searchresult/Servicearea">
                <Annotation Term="com.sap.vocabularies.Common.v1.ValueList">
                    <Record>
                        <PropertyValue Property="Label" String="Search Help For Service Area"/>
                        <PropertyValue Property="CollectionPath" String="VL_SH_ZPRS_CMI_SH_SERVICE_AREA_F"/>
                        <PropertyValue Property="Parameters">
                            <Collection>
                                <Record Type="com.sap.vocabularies.Common.v1.ValueListParameterDisplayOnly">
                                    <PropertyValue Property="ValueListProperty" String="SERVICEAREA"/>
                                </Record>
                                <Record Type="com.sap.vocabularies.Common.v1.ValueListParameterInOut">
                                    <PropertyValue Property="LocalDataProperty" PropertyPath="Servicearea"/>
                                    <PropertyValue Property="ValueListProperty" String="SERVICEAREADESC"/>
                                </Record>
                            </Collection>
                        </PropertyValue>
                    </Record>
                </Annotation>
            </Annotations>
            <Annotations
                xmlns="http://docs.oasis-open.org/odata/ns/edm" Target="ZPRS_MM_CONFLICTS_SRV.Searchresult/Mattertypek">
                <Annotation Term="com.sap.vocabularies.Common.v1.ValueList">
                    <Record>
                        <PropertyValue Property="Label" String="Search Help For Matter Type"/>
                        <PropertyValue Property="CollectionPath" String="VL_SH_ZPRS_CMI_SH_MATTER_TYPE_F"/>
                        <PropertyValue Property="Parameters">
                            <Collection>
                                <Record Type="com.sap.vocabularies.Common.v1.ValueListParameterInOut">
                                    <PropertyValue Property="LocalDataProperty" PropertyPath="Mattertypek"/>
                                    <PropertyValue Property="ValueListProperty" String="MATTERTYPE"/>
                                </Record>
                                <Record Type="com.sap.vocabularies.Common.v1.ValueListParameterDisplayOnly">
                                    <PropertyValue Property="ValueListProperty" String="DESCRIPTION"/>
                                </Record>
                            </Collection>
                        </PropertyValue>
                    </Record>
                </Annotation>
            </Annotations>
            <Annotations
                xmlns="http://docs.oasis-open.org/odata/ns/edm" Target="ZPRS_MM_CONFLICTS_SRV.Searchresult/Mattercategoryk">
                <Annotation Term="com.sap.vocabularies.Common.v1.ValueList">
                    <Record>
                        <PropertyValue Property="Label" String="Matter Category Search Help"/>
                        <PropertyValue Property="CollectionPath" String="VL_SH_ZPRS_CMI_SH_MATTER_CATEGORY_F"/>
                        <PropertyValue Property="Parameters">
                            <Collection>
                                <Record Type="com.sap.vocabularies.Common.v1.ValueListParameterInOut">
                                    <PropertyValue Property="LocalDataProperty" PropertyPath="Mattercategoryk"/>
                                    <PropertyValue Property="ValueListProperty" String="MATTERCAT"/>
                                </Record>
                                <Record Type="com.sap.vocabularies.Common.v1.ValueListParameterDisplayOnly">
                                    <PropertyValue Property="ValueListProperty" String="DESCRIPTION"/>
                                </Record>
                            </Collection>
                        </PropertyValue>
                    </Record>
                </Annotation>
            </Annotations>
            <Annotations
                xmlns="http://docs.oasis-open.org/odata/ns/edm" Target="ZPRS_MM_CONFLICTS_SRV.Searchresult/Mattercategory">
                <Annotation Term="com.sap.vocabularies.Common.v1.ValueList">
                    <Record>
                        <PropertyValue Property="Label" String="Matter Category Search Help"/>
                        <PropertyValue Property="CollectionPath" String="VL_SH_ZPRS_CMI_SH_MATTER_CATEGORY_F"/>
                        <PropertyValue Property="Parameters">
                            <Collection>
                                <Record Type="com.sap.vocabularies.Common.v1.ValueListParameterDisplayOnly">
                                    <PropertyValue Property="ValueListProperty" String="MATTERCAT"/>
                                </Record>
                                <Record Type="com.sap.vocabularies.Common.v1.ValueListParameterInOut">
                                    <PropertyValue Property="LocalDataProperty" PropertyPath="Mattercategory"/>
                                    <PropertyValue Property="ValueListProperty" String="DESCRIPTION"/>
                                </Record>
                            </Collection>
                        </PropertyValue>
                    </Record>
                </Annotation>
            </Annotations>
            <Annotations
                xmlns="http://docs.oasis-open.org/odata/ns/edm" Target="ZPRS_MM_CONFLICTS_SRV.Searchresult/Wfstatk">
                <Annotation Term="com.sap.vocabularies.Common.v1.ValueList">
                    <Record>
                        <PropertyValue Property="Label" String="Search Help For Work Flow Status"/>
                        <PropertyValue Property="CollectionPath" String="VL_SH_ZPRS_CMI_SH_WORKFLOW_STATUS_F"/>
                        <PropertyValue Property="Parameters">
                            <Collection>
                                <Record Type="com.sap.vocabularies.Common.v1.ValueListParameterInOut">
                                    <PropertyValue Property="LocalDataProperty" PropertyPath="Wfstatk"/>
                                    <PropertyValue Property="ValueListProperty" String="WFSTATK"/>
                                </Record>
                                <Record Type="com.sap.vocabularies.Common.v1.ValueListParameterDisplayOnly">
                                    <PropertyValue Property="ValueListProperty" String="WFSTAT"/>
                                </Record>
                            </Collection>
                        </PropertyValue>
                    </Record>
                </Annotation>
            </Annotations>
            <Annotations
                xmlns="http://docs.oasis-open.org/odata/ns/edm" Target="ZPRS_MM_CONFLICTS_SRV.Searchresult/Wfstat">
                <Annotation Term="com.sap.vocabularies.Common.v1.ValueList">
                    <Record>
                        <PropertyValue Property="Label" String="Search Help For Work Flow Status"/>
                        <PropertyValue Property="CollectionPath" String="VL_SH_ZPRS_CMI_SH_WORKFLOW_STATUS_F"/>
                        <PropertyValue Property="Parameters">
                            <Collection>
                                <Record Type="com.sap.vocabularies.Common.v1.ValueListParameterDisplayOnly">
                                    <PropertyValue Property="ValueListProperty" String="WFSTATK"/>
                                </Record>
                                <Record Type="com.sap.vocabularies.Common.v1.ValueListParameterInOut">
                                    <PropertyValue Property="LocalDataProperty" PropertyPath="Wfstat"/>
                                    <PropertyValue Property="ValueListProperty" String="WFSTAT"/>
                                </Record>
                            </Collection>
                        </PropertyValue>
                    </Record>
                </Annotation>
            </Annotations>
            <Annotations
                xmlns="http://docs.oasis-open.org/odata/ns/edm" Target="ZPRS_MM_CONFLICTS_SRV.Searchresult/Classification">
                <Annotation Term="com.sap.vocabularies.Common.v1.ValueList">
                    <Record>
                        <PropertyValue Property="Label" String="CMI-Search help for classification."/>
                        <PropertyValue Property="CollectionPath" String="VL_SH_ZPRS_CMI_SH_CLASSIFICATION_F"/>
                        <PropertyValue Property="SearchSupported" Bool="true"/>
                        <PropertyValue Property="Parameters">
                            <Collection>
                                <Record Type="com.sap.vocabularies.Common.v1.ValueListParameterInOut">
                                    <PropertyValue Property="LocalDataProperty" PropertyPath="Classification"/>
                                    <PropertyValue Property="ValueListProperty" String="STEXT"/>
                                </Record>
                                <Record Type="com.sap.vocabularies.Common.v1.ValueListParameterInOut">
                                    <PropertyValue Property="LocalDataProperty" PropertyPath="Classificationk"/>
                                    <PropertyValue Property="ValueListProperty" String="CLASSIFICATIONK"/>
                                </Record>
                            </Collection>
                        </PropertyValue>
                    </Record>
                </Annotation>
            </Annotations>
            <Annotations
                xmlns="http://docs.oasis-open.org/odata/ns/edm" Target="ZPRS_MM_CONFLICTS_SRV.Searchresult/Role">
                <Annotation Term="com.sap.vocabularies.Common.v1.ValueList">
                    <Record>
                        <PropertyValue Property="Label" String="CMI - Search help for Role"/>
                        <PropertyValue Property="CollectionPath" String="VL_SH_ZPRS_CMI_SH_ROLE_F"/>
                        <PropertyValue Property="SearchSupported" Bool="true"/>
                        <PropertyValue Property="Parameters">
                            <Collection>
                                <Record Type="com.sap.vocabularies.Common.v1.ValueListParameterInOut">
                                    <PropertyValue Property="LocalDataProperty" PropertyPath="Role"/>
                                    <PropertyValue Property="ValueListProperty" String="STEXT"/>
                                </Record>
                                <Record Type="com.sap.vocabularies.Common.v1.ValueListParameterInOut">
                                    <PropertyValue Property="LocalDataProperty" PropertyPath="Rolek"/>
                                    <PropertyValue Property="ValueListProperty" String="ROLEK"/>
                                </Record>
                            </Collection>
                        </PropertyValue>
                    </Record>
                </Annotation>
            </Annotations>
            <atom:link
                xmlns:atom="http://www.w3.org/2005/Atom" rel="self" href="./sap/ZPRS_CMI_CONFLICTS_SRV/$metadata"/>
                <atom:link
                    xmlns:atom="http://www.w3.org/2005/Atom" rel="latest-version" href="./sap/ZPRS_CMI_CONFLICTS_SRV/$metadata"/>
                </Schema>
            </edmx:DataServices>
        </edmx:Edmx>