<core:FragmentDefinition xmlns:core="sap.ui.core" xmlns="sap.m">
	<VBox>
		<UploadCollection id="UploadCollection" multiple="true" sameFilenameAllowed="true" instantUpload="false" change="onChangeCreateMode"
			fileDeleted="onFileDeleted" filenameLengthExceed="onFilenameLengthExceed" fileSizeExceed="onFileSizeExceed" typeMissmatch="onTypeMissmatch"
			uploadComplete="onUploadComplete" uploadUrl="/sap/opu/odata/sap/ZTT_TRACKING_TOOL_SRV/attachmentSet">
			<toolbar>
				<OverflowToolbar >
					<Title text="Upload Attachments"/>
					<ToolbarSpacer/>
					<!--<Button text="Upload Now" press="onStartUpload"/>-->
					<UploadCollectionToolbarPlaceholder/>
				</OverflowToolbar>
			</toolbar>
		</UploadCollection>
	</VBox>
</core:FragmentDefinition>