<core:FragmentDefinition xmlns:core="sap.ui.core" xmlns="sap.m">
	<VBox>
		<UploadCollection id="UploadCollectionViewId" multiple="true" sameFilenameAllowed="true" instantUpload="false"
			noDataDescription="Drop files or use the &quot;+&quot; button for pending upload" change="onChangeCreateMode" fileDeleted="onFileDeleted"
			filenameLengthExceed="onFilenameLengthExceed" fileSizeExceed="onFileSizeExceed" typeMissmatch="onTypeMissmatch"
			uploadComplete="onUploadComplete" beforeUploadStarts="onBeforeUploadStartsUpdateTicket"
			uploadUrl="/sap/opu/odata/sap/ZTT_TRACKING_TOOL_SRV/attachmentSet" uploadEnabled="{worklistView>/isVisUploadEnble}">
			<toolbar>
				<OverflowToolbar >
					<Title text="Upload Attachments"/>
					<ToolbarSpacer/>
					<!--<Button text="Upload Now" press="onStartUploadTicketUpdate"/>-->
					<UploadCollectionToolbarPlaceholder/>
				</OverflowToolbar>
			</toolbar>
			<!--<items>-->
			<!--	<UploadCollectionItem id="oupCollId" documentId="{AttachModel>Filenum}" fileName="{AttachModel>Filename}" enableEdit="false"-->
			<!--		enableDelete="false" visibleDelete="false" visibleEdit="false"-->
			<!--		url="/sap/opu/odata/sap/ZTT_TRACKING_TOOL_SRV/attachmentSet(Ticketnum='{AttachModel>Ticketnum}',Filenum='{AttachModel>Filenum}')/$value"></UploadCollectionItem>-->
			<!--</items>-->
		</UploadCollection>
	</VBox>
</core:FragmentDefinition>