<core:FragmentDefinition xmlns:core="sap.ui.core" xmlns:m="sap.m" xmlns:mvc="sap.ui.core.mvc" xmlns:smartField="sap.ui.comp.smartfield"
	xmlns:smartForm="sap.ui.comp.smartform" xmlns:app="http://schemas.sap.com/sapui5/extension/sap.ui.core.CustomData/1"
	class="sapUiTinyMarginBegin">
	<smartForm:SmartForm id="smartForm" app:defaultCheckBoxDisplayBehaviour="OnOff" app:defaultDropDownDisplayBehaviour="idAndDescription"
		editable="true" title="New Tickets" entityType="Trackingtool" checkButton="true" class="sapUiSmallMarginBegin">
		<smartForm:Group label="Ticket Details">
			<smartForm:GroupElement label="Ticket No">
				<smartField:SmartField value="{Ticketnum}" mandatory="false" editable="false" contextEditable="false" />
			</smartForm:GroupElement>
			<smartForm:GroupElement label="Client">
				<smartField:SmartField value="{Client}"/>
			</smartForm:GroupElement>
			<smartForm:GroupElement label="Project Name">
				<smartField:SmartField value="{Project}">
					<smartField:configuration>
						<smartField:Configuration controlType="dropDownList" displayBehaviour="descriptionAndId"/>
					</smartField:configuration>
				</smartField:SmartField>
			</smartForm:GroupElement>
			<smartForm:GroupElement label="CR/SR Details">
				<smartField:SmartField value="{Crsrdet}"/>
			</smartForm:GroupElement>
			<!--<smartForm:GroupElement label="SR Details">-->
			<!--	<smartField:SmartField value="{Sr}"/>-->
			<!--</smartForm:GroupElement>-->
			<smartForm:GroupElement label="Status">
				<smartField:SmartField value="{Status}"/>
			</smartForm:GroupElement>
			<smartForm:GroupElement label="Priority">
				<smartField:SmartField value="{Priority}"/>
			</smartForm:GroupElement>
			<smartForm:GroupElement label="Created By">
				<smartField:SmartField value="{Createdby}"/>
			</smartForm:GroupElement>
			<smartForm:GroupElement label="Created On">
				<smartField:SmartField value="{Createdon}"/>
			</smartForm:GroupElement>
		</smartForm:Group>
		<smartForm:Group label="Assignments">
			<smartForm:GroupElement label="Team">
				<smartField:SmartField value="{Team}"/>
			</smartForm:GroupElement>
			<smartForm:GroupElement label="Functional Team lead">
				<smartField:SmartField value="{Ontl}"/>
			</smartForm:GroupElement>
			<smartForm:GroupElement label="Functional Associate">
				<smartField:SmartField value="{Ondev}"/>
			</smartForm:GroupElement>
			<smartForm:GroupElement label="Technical Team-lead">
				<smartField:SmartField value="{Offtl}"/>
			</smartForm:GroupElement>
			<smartForm:GroupElement label="Technical Developer">
				<smartField:SmartField value="{Offdev}"/>
			</smartForm:GroupElement>
			<smartForm:GroupElement label="Assigned Date">
				<smartField:SmartField value="{Assigneddate}"/>
			</smartForm:GroupElement>
		</smartForm:Group>
		<smartForm:Group label="Delivery Details">
			<smartForm:GroupElement label="Expected Completion Date">
				<smartField:SmartField value="{Estimatedd}" mandatory="true"/>
			</smartForm:GroupElement>
			<smartForm:GroupElement label="Actual Completion Date">
				<smartField:SmartField value="{Intexpddate}"/>
			</smartForm:GroupElement>
			<!--<smartForm:GroupElement label="Estimated Days">-->
			<!--	<smartField:SmartField value="{Estimateddays}"/>-->
			<!--</smartForm:GroupElement>-->
			<smartForm:GroupElement label="Issue Desc.">
				<smartField:SmartField value="{Issuedesc}"/>
			</smartForm:GroupElement>
		</smartForm:Group>
		<smartForm:Group label="">
			<smartForm:GroupElement label="Comments">
				<m:TextArea value="{worklistView>/userComments}" rows="5" placeholder="Please add comments"/>
			</smartForm:GroupElement>
		</smartForm:Group>
	</smartForm:SmartForm>
</core:FragmentDefinition>