<core:FragmentDefinition xmlns:core="sap.ui.core" xmlns:m="sap.m" xmlns:mvc="sap.ui.core.mvc"
	xmlns:customData="http://schemas.sap.com/sapui5/extension/sap.ui.core.CustomData/1" xmlns:smartTable="sap.ui.comp.smarttable"
	xmlns:l="sap.ui.layout" xmlns:smartfilterbar="sap.ui.comp.smartfilterbar" xmlns:table="sap.ui.table"
	xmlns:smartField="sap.ui.comp.smartfield" xmlns:sv="sap.ui.comp.smartvariants">
	<m:VBox height="100%">
		<smartTable:SmartTable id="smartTable_MyTicketsBId" entitySet="TrackingtoolSet" tableType="Table" useVariantManagement="true"
			persistencyKey="SmartTableP_explore_myTicketTbl" useTablePersonalisation="true" header="My Tickets" showRowCount="true" useExportToExcel="true"
			enableAutoBinding="false" enableCustomFilter="false" fitContainer="true" smartFilterId="ExpensesReviewApprovalId"
			beforeRebindTable="onBeforeRebindTableMtTickets" requestAtLeastFields="Project" beforeExport="onBeforeExport" class="sapUiTinyMarginBegin"
			height="85%">
			<smartTable:customToolbar>
				<m:OverflowToolbar design="Transparent">
					<m:ToolbarSpacer/>
					<m:OverflowToolbarButton icon="sap-icon://refresh" tooltip="Refresh" text="{i18n>BtnRefresh}" press="onPressRefresh"/>
				</m:OverflowToolbar>
			</smartTable:customToolbar>
			<table:Table enableColumnReordering="true" showColumnVisibilityMenu="true" enableColumnFreeze="false" enableCellFilter="true"
				visibleRowCountMode="Auto" fixedColumnCount="3" alternateRowColors="true" enableCustomFilter="true" selectionMode="None">
				<table:rowSettingsTemplate>
					<table:RowSettings highlight="{path: 'Priority', formatter: '.formatter.textState'}"/>
				</table:rowSettingsTemplate>
				<table:Column sortProperty="Ticketnum" filterProperty="Ticketnum" showFilterMenuEntry="true" autoResizable="true">
					<table:label>
						<m:Label text="{i18n>TBlTicketnum}" design="Bold"/>
					</table:label>
					<table:template>
						<m:Text text="{Ticketnum}"/>
					</table:template>
					<table:customData>
						<core:CustomData key="p13nData" value='\{"columnKey": "Ticketnum", "leadingProperty": "Ticketnum"}'/>
					</table:customData>
				</table:Column>
				<table:Column sortProperty="Project" filterProperty="Project" showFilterMenuEntry="true" autoResizable="true">
					<table:label>
						<m:Label text="{i18n>SFLBProj}" design="Bold"/>
					</table:label>
					<table:template>
						<m:Text text="{Project}"/>
					</table:template>
					<table:customData>
						<core:CustomData key="p13nData" value='\{"columnKey": "Project", "leadingProperty": "Project"}'/>
					</table:customData>
				</table:Column>
				<table:Column sortProperty="Client" filterProperty="Client" showFilterMenuEntry="true" autoResizable="true">
					<table:label>
						<m:Label text="{i18n>TBlClient}" design="Bold"/>
					</table:label>
					<table:template>
						<m:Text text="{Client}"/>
					</table:template>
					<table:customData>
						<core:CustomData key="p13nData" value='\{"columnKey": "Client", "leadingProperty": "Client"}'/>
					</table:customData>
				</table:Column>
				<table:Column width="10rem" sortProperty="Issuedesc" filterProperty="Issuedesc" showFilterMenuEntry="true" autoResizable="true">
					<table:label>
						<m:Label text="{i18n>TblIssuedesc}" design="Bold"/>
					</table:label>
					<table:template>
						<m:Text text="{Issuedesc}"/>
					</table:template>
					<table:customData>
						<core:CustomData key="p13nData" value='\{"columnKey": "Issuedesc", "leadingProperty": "Issuedesc"}'/>
					</table:customData>
				</table:Column>
				<table:Column sortProperty="Status" filterProperty="Status" showFilterMenuEntry="true" autoResizable="true">
					<table:label>
						<m:Label text="{i18n>TblStatus}" design="Bold"/>
					</table:label>
					<table:template>
						<m:Text text="{Status}"/>
					</table:template>
					<table:customData>
						<core:CustomData key="p13nData" value='\{"columnKey": "Status", "leadingProperty": "Status"}'/>
					</table:customData>
				</table:Column>
				<table:Column sortProperty="Priority" filterProperty="Priority" showFilterMenuEntry="true" autoResizable="true">
					<table:label>
						<m:Label text="{i18n>TblPriority}" design="Bold"/>
					</table:label>
					<table:template>
						<!--<m:Text text="{Priority}"/>-->
						<m:ObjectStatus class="sapUiSmallMarginBottom" text="{ path: 'Priority', formatter: '.formatter.btnPriortyText' }"
							state="{ path: 'Priority', formatter: '.formatter.textState' }"/>
					</table:template>
					<table:customData>
						<core:CustomData key="p13nData" value='\{"columnKey": "Priority", "leadingProperty": "Priority"}'/>
					</table:customData>
				</table:Column>
			</table:Table>
		</smartTable:SmartTable>
	</m:VBox>
</core:FragmentDefinition>