<core:FragmentDefinition xmlns:core="sap.ui.core" xmlns:m="sap.m" xmlns:mvc="sap.ui.core.mvc"
	xmlns:customData="http://schemas.sap.com/sapui5/extension/sap.ui.core.CustomData/1" xmlns:smartTable="sap.ui.comp.smarttable"
	xmlns:l="sap.ui.layout" xmlns:smartfilterbar="sap.ui.comp.smartfilterbar" xmlns:table="sap.ui.table"
	xmlns:smartField="sap.ui.comp.smartfield" xmlns:sv="sap.ui.comp.smartvariants">
	<m:VBox height="100%">
		<smartfilterbar:SmartFilterBar id="TrackTWBFilterbarId" entitySet="TrackingtoolSet" persistencyKey="Trackingtool.FilterBar"
			customData:dateFormatSettings='\{"UTC":true\}' enableBasicSearch="false" initialized="onInitSmartFilterBar" filterChange="onfilterchange"
			useToolbar="true" assignedFiltersChanged="onAssignedFiltersChanged">
			<smartfilterbar:controlConfiguration>
				<smartfilterbar:ControlConfiguration key="Ticketnum" index="0" visibleInAdvancedArea="true" label="{i18n>SFLBLTNo}" filterType="multiple"
					groupId="_BASIC"/>
				<smartfilterbar:ControlConfiguration key="Project" index="1" visibleInAdvancedArea="true" label="{i18n>SFLBProj}" filterType="multiple"
					hasValueHelpDialog="false" groupId="_BASIC"/>
				<smartfilterbar:ControlConfiguration key="Client" index="2" visibleInAdvancedArea="true" label="{i18n>SFLBClient}" filterType="multiple"
					hasValueHelpDialog="false" groupId="_BASIC"/>
				<smartfilterbar:ControlConfiguration key="Cr" index="3" visibleInAdvancedArea="true" label="{i18n>SFLBCRSRDet}" filterType="multiple"
					hasValueHelpDialog="false" groupId="_BASIC"/>
			</smartfilterbar:controlConfiguration>
		</smartfilterbar:SmartFilterBar>
		<smartTable:SmartTable id="smartTable_TrackingTicketsId" entitySet="TrackingtoolSet" tableType="Table" useVariantManagement="true"
			persistencyKey="SmartTableP_exploreTrackingTbl" useTablePersonalisation="true" header="{i18n>tblHeader}" showRowCount="true"
			useExportToExcel="true" enableAutoBinding="true" enableCustomFilter="false" fitContainer="true" smartFilterId="TrackTWBFilterbarId"
			beforeRebindTable="onBeforeRebindTable"
			requestAtLeastFields="Project,Estimateddays,Offtlt,Crsrdet,Offdevt,Ontlt,Team,Offtl,Offdev,Ontl,Ondev,Intexpddate,Statusedit,Ondevt"
			beforeExport="onBeforeExport" class="sapUiTinyMarginBegin" height="75%" ignoreFromPersonalisation="Action,Statusedit,Message,Msgtype">
			<smartTable:customToolbar>
				<m:OverflowToolbar design="Transparent">
					<m:ToolbarSpacer/>
					<!--<m:OverflowToolbarButton icon="sap-icon://refresh" tooltip="Refresh" text="{i18n>BtnRefresh}" press="onPressRefresh"/>-->
				</m:OverflowToolbar>
			</smartTable:customToolbar>
			<table:Table enableColumnReordering="true" showColumnVisibilityMenu="true" enableColumnFreeze="false" enableCellFilter="true"
				visibleRowCountMode="Auto" fixedColumnCount="3" alternateRowColors="true" enableCustomFilter="true" selectionMode="None" rowActionCount="1">
				<table:rowSettingsTemplate>
					<table:RowSettings highlight="{path: 'Priority', formatter: '.formatter.textState'}"/>
				</table:rowSettingsTemplate>
				<table:Column width="7rem" sortProperty="Ticketnum" filterProperty="Ticketnum" showFilterMenuEntry="true" autoResizable="true">
					<table:label>
						<m:Label text="{i18n>TBlTicketnum}" design="Bold"/>
					</table:label>
					<table:template>
						<m:Text text="{Ticketnum}"/>
					</table:template>
					<table:customData>
						<core:CustomData key="p13nData" value='\{"columnKey": "Ticketnum", "leadingProperty": "Ticketnum"}'/>
					</table:customData>
				</table:Column>
				<table:Column width="7rem" sortProperty="Project" filterProperty="Project" showFilterMenuEntry="true" autoResizable="true">
					<table:label>
						<m:Label text="{i18n>SFLBProj}" design="Bold"/>
					</table:label>
					<table:template>
						<m:Text text="{Project}"/>
					</table:template>
					<table:customData>
						<core:CustomData key="p13nData" value='\{"columnKey": "Project", "leadingProperty": "Project"}'/>
					</table:customData>
				</table:Column>
				<table:Column width="6rem" sortProperty="Client" filterProperty="Client" showFilterMenuEntry="true" autoResizable="true">
					<table:label>
						<m:Label text="{i18n>TBlClient}" design="Bold"/>
					</table:label>
					<table:template>
						<m:Text text="{Client}"/>
					</table:template>
					<table:customData>
						<core:CustomData key="p13nData" value='\{"columnKey": "Client", "leadingProperty": "Client"}'/>
					</table:customData>
				</table:Column>
				<table:Column width="38rem" sortProperty="Issuedesc" filterProperty="Issuedesc" showFilterMenuEntry="true" autoResizable="true">
					<table:label>
						<m:Label text="{i18n>TblIssuedesc}" design="Bold"/>
					</table:label>
					<table:template>
						<m:Text text="{Issuedesc}" wrapping="true"/>
					</table:template>
					<table:customData>
						<core:CustomData key="p13nData" value='\{"columnKey": "Issuedesc", "leadingProperty": "Issuedesc"}'/>
					</table:customData>
				</table:Column>
				<table:Column width="9rem" sortProperty="Assigneddate" filterProperty="Assigneddate" showFilterMenuEntry="true" autoResizable="true"
					filterOperator="EQ">
					<table:label>
						<m:Label text="{i18n>TblAssigneddate}" design="Bold"/>
					</table:label>
					<table:template>
						<!--<m:Text text="{Assigneddate}"/>-->
						<smartField:SmartField value="{Assigneddate}" editable="false"/>
					</table:template>
					<table:customData>
						<core:CustomData key="p13nData" value='\{"columnKey": "Assigneddate", "leadingProperty": "Assigneddate"}'/>
					</table:customData>
				</table:Column>
				<table:Column width="9rem" sortProperty="Estimatedd" filterProperty="Estimatedd" showFilterMenuEntry="true" autoResizable="true"
					filterOperator="EQ">
					<table:label>
						<m:Label text="{i18n>TblEstimatedd}" design="Bold"/>
					</table:label>
					<table:template>
						<!--<m:Text text="{Estimatedd}"/>-->
						<smartField:SmartField value="{Estimatedd}" editable="false"/>
					</table:template>
					<table:customData>
						<core:CustomData key="p13nData" value='\{"columnKey": "Estimatedd", "leadingProperty": "Estimatedd"}'/>
					</table:customData>
				</table:Column>
				<table:Column width="9rem" sortProperty="Createdby" filterProperty="Createdby" showFilterMenuEntry="true" autoResizable="true">
					<table:label>
						<m:Label text="{i18n>TblCreatedby}" design="Bold"/>
					</table:label>
					<table:template>
						<m:Text text="{Createdby}"/>
					</table:template>
					<table:customData>
						<core:CustomData key="p13nData" value='\{"columnKey": "Createdby", "leadingProperty": "Createdby"}'/>
					</table:customData>
				</table:Column>
				<table:Column width="9rem" sortProperty="Createdon" filterProperty="Createdon" showFilterMenuEntry="true" autoResizable="true"
					filterOperator="EQ">
					<table:label>
						<m:Label text="Created On" design="Bold"/>
					</table:label>
					<table:template>
						<!--<m:Text text="{Createdon}"/>-->
						<smartField:SmartField value="{Createdon}" editable="false"/>
					</table:template>
					<table:customData>
						<core:CustomData key="p13nData" value='\{"columnKey": "Createdon", "leadingProperty": "Createdon"}'/>
					</table:customData>
				</table:Column>
				<table:Column width="9rem" sortProperty="Status" filterProperty="Status" showFilterMenuEntry="true" autoResizable="true">
					<table:label>
						<m:Label text="{i18n>TblStatus}" design="Bold"/>
					</table:label>
					<table:template>
						<m:Text text="{Status}"/>
					</table:template>
					<table:customData>
						<core:CustomData key="p13nData" value='\{"columnKey": "Status", "leadingProperty": "Status"}'/>
					</table:customData>
				</table:Column>
				<table:Column width="9rem" sortProperty="Priority" filterProperty="Priority" showFilterMenuEntry="true" autoResizable="true">
					<table:label>
						<m:Label text="{i18n>TblPriority}" design="Bold"/>
					</table:label>
					<table:template>
						<!--<m:Text text="{Priority}"/>-->
						<!--<m:Button text="{ path: 'Priority', formatter: '.formatter.btnPriortyText' }" type="Default"/>-->
						<m:ObjectStatus class="sapUiSmallMarginBottom" text="{ path: 'Priority', formatter: '.formatter.btnPriortyText' }"
							state="{ path: 'Priority', formatter: '.formatter.textState' }"/>
					</table:template>
					<table:customData>
						<core:CustomData key="p13nData" value='\{"columnKey": "Priority", "leadingProperty": "Priority"}'/>
					</table:customData>
				</table:Column>
				<table:rowActionTemplate>
					<table:RowAction >
						<table:items>
							<table:RowActionItem press="onPressTicketItemNavigation" icon="sap-icon://feeder-arrow" type="Navigation"/>
						</table:items>
					</table:RowAction>
				</table:rowActionTemplate>
			</table:Table>
		</smartTable:SmartTable>
	</m:VBox>
</core:FragmentDefinition>