{
  "routes": [
    {
      "path": "/resources",
      "target": {
        "type": "service",
        "name": "sapui5",
        "entryPath": "/resources",
        "version": "1.52.13"
      },
      "description": "SAPUI5 Resources"
    },
    {
      "path": "/test-resources",
      "target": {
        "type": "service",
        "name": "sapui5",
        "entryPath": "/test-resources",
        "version": "1.52.13"
      },
      "description": "SAPUI5 Test Resources"
    },
    {
      "path": "/resources",
      "target": {
        "type": "service",
        "name": "sapui5",
        "entryPath": "/resources",
        "version": "1.52.13"
      },
      "description": "SAPUI5 Resources"
    },
    {
      "path": "/test-resources",
      "target": {
        "type": "service",
        "name": "sapui5",
        "entryPath": "/test-resources",
        "version": "1.52.13"
      },
      "description": "SAPUI5 Test Resources"
    },
    {
      "path": "/sap/opu/odata",
      "target": {
        "type": "destination",
        "name": "G4B",
        "entryPath": "/sap/opu/odata"
      },
      "description": "G4B"
    },
    {
      "path": "/sap/bc/ui5_ui5",
      "target": {
        "type": "destination",
        "name": "G4B",
        "entryPath": "/sap/bc/ui5_ui5"
      },
      "description": "G4B"
    },
    {
      "path": "/resources/fgtttwb_TT/Component",
      "target": {
        "type": "destination",
        "name": "G4B",
        "entryPath": "/sap/bc/lrep/flex/data/~IZmPQtGkOs3jPGUj0mC67awfS3g=~/fgtttwb_TT.Component",
        "preferLocal": true
      },
      "description": "fgtttwb_TT/Component Reuse Library"
    }
  ],
  "welcomeFile": "/test/flpSandbox.html",
  "sendWelcomeFileRedirect": true
}