{
    "resources": [
        {
            "name": "Component.js"
        },
        {
            "name": "localService/mockserver.js"
        },
        {
            "name": "localService/metadata.xml"
        },
        {
            "name": "index.html"
        },
        {
            "name": "neo-app.json"
        },
        {
            "name": "controller/ErrorHandler.js"
        },
        {
            "name": "controller/BaseController.js"
        },
        {
            "name": "controller/NotFound.controller.js"
        },
        {
            "name": "controller/TrackingWB.controller.js"
        },
        {
            "name": "controller/App.controller.js"
        },
        {
            "name": "controller/Object.controller.js"
        },
        {
            "name": "Component-preload.js",
            "merged": true
        },
        {
            "name": "i18n/i18n.properties",
            "raw": "i18n/i18n.properties"
        },
        {
            "name": "resources.json",
            "merged": true
        },
        {
            "name": "css/style.css"
        },
        {
            "name": "model/models.js"
        },
        {
            "name": "model/formatter.js"
        },
        {
            "name": ".project.json"
        },
        {
            "name": "view/ObjectNotFound.view.xml"
        },
        {
            "name": "view/NotFound.view.xml"
        },
        {
            "name": "view/TrackingWB.view.xml"
        },
        {
            "name": "view/Object.view.xml"
        },
        {
            "name": "view/App.view.xml"
        },
        {
            "name": "manifest.json"
        },
        {
            "name": "Fragments/MyTickets.fragment.xml"
        },
        {
            "name": "Fragments/TrackTicket.fragment.xml"
        },
        {
            "name": "Fragments/Attachments.fragment.xml"
        },
        {
            "name": "Fragments/createTickets.fragment.xml"
        },
        {
            "name": "Fragments/CommentsView.fragment.xml"
        },
        {
            "name": "Fragments/AttachmentView.fragment.xml"
        },
        {
            "name": "Fragments/TicketUpdate.fragment.xml"
        },
        {
            "name": "Fragments/MyGroupTickets.fragment.xml"
        }
    ]
}