{
  "run": [
    {
      "filePath": "/Component.js",
      "previewMode": 1,
      "dataMode": 1,
      "workspace": "withoutWorkspace",
      "ui5ActiveVersion": null,
      "ui5VerSource": null,
      "isDefaultVersion": 0,
      "urlParameters": [],
      "hashParameter": "",
      "backendSystem": [],
      "_metadata": {
        "id": 3593430,
        "runnerId": "fiorirunner",
        "displayName": "Run Component.js 1",
        "lastRunTimeStamp": 1542021215456
      }
    },
    {
      "filePath": "/Component.js",
      "previewMode": 1,
      "dataMode": 1,
      "workspace": "withoutWorkspace",
      "ui5ActiveVersion": null,
      "ui5VerSource": null,
      "isDefaultVersion": 0,
      "urlParameters": [],
      "hashParameter": "",
      "backendSystem": [],
      "_metadata": {
        "id": 9797638,
        "runnerId": "fiorirunner",
        "displayName": "Run Component.js",
        "lastRunTimeStamp": 1522066200551
      }
    }
  ]
}