{
    "resources": [
        {
            "name": "model/models.js"
        },
        {
            "name": "model/formatter.js"
        },
        {
            "name": "controller/Object.controller.js"
        },
        {
            "name": "controller/App.controller.js"
        },
        {
            "name": "controller/BaseController.js"
        },
        {
            "name": "controller/ManageBudget.controller.js"
        },
        {
            "name": "controller/LsmVendor.controller.js"
        },
        {
            "name": "controller/TKRate.controller.js"
        },
        {
            "name": "controller/ErrorHandler.js"
        },
        {
            "name": "controller/Worklist.controller.js"
        },
        {
            "name": "controller/NotFound.controller.js"
        },
        {
            "name": "vendor/Accruals.view.xml"
        },
        {
            "name": "vendor/mainTable.view.xml"
        },
        {
            "name": "vendor/ManageBudget.view.xml"
        },
        {
            "name": "vendor/ExchangeRate.view.xml"
        },
        {
            "name": "manifest.json"
        },
        {
            "name": "util/jszip.js"
        },
        {
            "name": "util/xlsx.js"
        },
        {
            "name": "util/xmlToJSON.js"
        },
        {
            "name": ".user.project.json"
        },
        {
            "name": ".project.json"
        },
        {
            "name": "Component.js"
        },
        {
            "name": "resources.json",
            "merged": true
        },
        {
            "name": "index.html"
        },
        {
            "name": "css/style.css"
        },
        {
            "name": "localService/mockserver.js"
        },
        {
            "name": "localService/metadata.xml"
        },
        {
            "name": "Component-preload.js",
            "merged": true
        },
        {
            "name": "view/Worklist.view.xml"
        },
        {
            "name": "view/NotFound.view.xml"
        },
        {
            "name": "view/ObjectNotFound.view.xml"
        },
        {
            "name": "view/Object.view.xml"
        },
        {
            "name": "view/LsmVendor.view.xml"
        },
        {
            "name": "view/App.view.xml"
        },
        {
            "name": "view/TKRate.view.xml"
        },
        {
            "name": "i18n/i18n.properties",
            "raw": "i18n/i18n.properties"
        },
        {
            "name": "neo-app.json"
        },
        {
            "name": "test/integration/pages/Common.js"
        },
        {
            "name": "test/integration/pages/Browser.js"
        },
        {
            "name": "test/integration/pages/Worklist.js"
        },
        {
            "name": "test/integration/pages/Object.js"
        },
        {
            "name": "test/integration/pages/App.js"
        },
        {
            "name": "test/integration/pages/shareOptions.js"
        },
        {
            "name": "test/integration/pages/NotFound.js"
        },
        {
            "name": "test/integration/NavigationJourney.js"
        },
        {
            "name": "test/integration/NotFoundJourney.js"
        },
        {
            "name": "test/integration/AllJourneys.js"
        },
        {
            "name": "test/integration/ObjectJourney.js"
        },
        {
            "name": "test/integration/opaTests.qunit.html"
        },
        {
            "name": "test/integration/WorklistJourney.js"
        },
        {
            "name": "test/testsuite.qunit.html"
        },
        {
            "name": "test/mockServer.html"
        },
        {
            "name": "test/unit/allTests.js"
        },
        {
            "name": "test/unit/unitTests.qunit.html"
        },
        {
            "name": "test/unit/model/models.js"
        },
        {
            "name": "test/unit/model/formatter.js"
        },
        {
            "name": "test/unit/controller/Worklist.controller.js"
        },
        {
            "name": "test/unit/controller/App.controller.js"
        },
        {
            "name": "test.html"
        },
        {
            "name": "fragments/MainTabTable.fragment.xml"
        },
        {
            "name": "fragments/TimeKeeper_Rate.fragment.xml"
        },
        {
            "name": "fragments/Manage_Budget.fragment.xml"
        },
        {
            "name": "fragments/Accruals.fragment.xml"
        },
        {
            "name": "fragments/Exchange_Rate.fragment.xml"
        }
    ]
}