<core:FragmentDefinition xmlns="sap.m" xmlns:l="sap.ui.layout" xmlns:core="sap.ui.core">
	<Dialog title="{i18n>DialogTitleAttachments}" class="sapUiContentPadding" contentWidth="40%" showHeader="false">
		<content>
			<UploadCollection id="UploadCollection" multiple="true" change="onChange" fileDeleted="onFileDeleted" selectionChange="onSelectionChange"
				typeMissmatch="onTypeMissmatch" uploadComplete="onUploadComplete" beforeUploadStarts="onBeforeUploadStarts"
				items="{ path: 'oAttachModel>/', templateShareable: false }" noDataText="Upload Files" noDataDescription="Use the &quot;+&quot; button for upload">
				<items>
					<UploadCollectionItem documentId="{oAttachModel>Slug}" fileName="{oAttachModel>Slug}" enableEdit="false" enableDelete="true"
						visibleDelete="true" visibleEdit="false" ></UploadCollectionItem>
				</items>
			</UploadCollection>
		</content>
		<endButton>
			<Button text="OK" press="onPressAttachmentCancel"/>
		</endButton>
	</Dialog>
</core:FragmentDefinition>