<core:FragmentDefinition xmlns="sap.m" xmlns:core="sap.ui.core">
	<TableSelectDialog noDataText="No Bank Account Found" title="Select Bank Account" search="_handleValueHelpSearch"
		confirm="_handleValueHelpClose" cancel="handleClose" items="{ path: 'worklistView>/bankAccNum',templateShareable: 'true'}"
		contentWidth="60%">
		<ColumnListItem>
			<cells>
				<ObjectIdentifier title="{worklistView>AccNum}"/>
				<Text text="{worklistView>HbankDesc}"/>
				<Text text="{worklistView>Currency}"/>
				<Text text="{worklistView>Glaccount}"/>
				<Text text="{worklistView>Hbank}"/>
				<Text text="{worklistView>Hktid}"/>
			</cells>
		</ColumnListItem>
		<columns>
			<Column width="15%">
				<header>
					<Text text="{i18n>BankAccount}"/>
				</header>
			</Column>
			<Column width="22%">
				<header>
					<Text text="{i18n>Description}"/>
				</header>
			</Column>
			<Column width="10%">
				<header>
					<Text text="{i18n>Currency}"/>
				</header>
			</Column>
			<Column width="15%">
				<header>
					<Text text="{i18n>GLAccount}"/>
				</header>
			</Column>
			<Column minScreenWidth="Tablet" demandPopin="true" width="15%">
				<header>
					<Text text="{i18n>HouseBank}"/>
				</header>
			</Column>
			<Column minScreenWidth="Tablet" demandPopin="true" width="15%">
				<header>
					<Text text="{i18n>AccountID}"/>
				</header>
			</Column>
		</columns>
	</TableSelectDialog>
</core:FragmentDefinition>