<core:FragmentDefinition xmlns="sap.m" xmlns:l="sap.ui.layout" xmlns:f="sap.ui.layout.form" xmlns:core="sap.ui.core"
	xmlns:smartField="sap.ui.comp.smartfield" xmlns:smartTable="sap.ui.comp.smarttable" xmlns:u="sap.ui.unified" xmlns:html="http://www.w3.org/1999/xhtml"
	xmlns:app="http://schemas.sap.com/sapui5/extension/sap.ui.core.CustomData/1">
	<Page class="sapUiSizeCompact" showHeader="true" title="{i18n>appTitle}">
		<html:style>
			.btnattachmentClass .sapMBtnInner {
		    border: 1px solid #ababab !important;
			}
		</html:style>
		<content>
			<f:SimpleForm editable="true" layout="ResponsiveGridLayout" labelSpanXL="4" labelSpanL="4" labelSpanM="4" labelSpanS="12"
				adjustLabelSpan="false" emptySpanXL="0" emptySpanL="0" emptySpanM="0" emptySpanS="0" singleContainerFullSize="false"
				class="sapUiSizeCompact">
				<f:content>
					<core:Title text="{i18n>TrustReceiptMatterTitle}" design="Bold"/>
					<Label text="{i18n>OfficeLbl}" design="Bold" required="true"/>
					<smartField:SmartField id="idOffice" value="{OfficeDesc}" valueListChanged="onUpdateOfficeValue" change="hanldeChangeTrustReceiptMatter"
						width="62%"></smartField:SmartField>
					<Label text="{i18n>ReceiptTypeLbl}" design="Bold" required="true"/>
					<smartField:SmartField id="idReceiptType" value="{ReceiptType}" change="onReceiptTypChg" width="42%"/>
					<Label text="{i18n>TransactionDateLbl}" design="Bold" required="true"/>
					<DatePicker id="TDate" dateValue="{worklistView>/TransactionDate}" displayFormat="short" change="_handleValidateDate" width="30%"/>
					<Label text="{i18n>ReceviedDateLbl}" design="Bold" required="true"/>
					<DatePicker id="idReceivedDate" dateValue="{worklistView>/ReceivedDate}" enabled='{= ${ReceiptType}.length >0}' displayFormat="short"
						change="onChangeReceivedDate" width="30%"/>
					<Label text="{i18n>ClearanceDateLbl}" design="Bold" required="true"/>
					<DatePicker id="idClearanceDate" dateValue="{worklistView>/ClearanceDateVal}" value="{worklistView>/ClearanceDate}"
						enabled='{= ${worklistView>/ReceivedDate} === ("" || null ) ? false : true}' minDate="{worklistView>/ClearanceMinDate}"
						valueState='{= ${worklistView>/ClearanceDate} === "" ? "Error" : "None" }' displayFormat="short" change="_handleValidateDate"
						width="30%"/>
					<core:Title text=""/>
					<Label text="{i18n>BankAccountNumberLbl}" design="Bold" required="true"/>
					<Input id="idbankAccNumInput" type="Text" textFormatMode="KeyValue" placeholder="Enter Bank Account Number" showSuggestion="true"
						width="36%" showValueHelp="true" valueHelpRequest="handleValueHelp" value="{worklistView>/bAccNum}"
						suggestionItems="{worklistView>/bankAccNum}"
						suggestionItemSelected="suggestionItemSelected" change="onChangeAccNumber">
						<suggestionItems>
							<core:ListItem key="{worklistView>AccNum}" text="{worklistView>AccNum}" additionalText="{worklistView>Hbank}"
								app:currency="{worklistView>Currency}" app:bankdesc="{worklistView>HbankDesc}"/>
						</suggestionItems>
					</Input>
					<Label text="{i18n>bankDescriptionlbl}" design="Bold"/>
					<Input value="{worklistView>/bankAccDesc}" enabled="false" width="85%"/>
					<Label text="{i18n>AmountLbl}" design="Bold"/>
					<Input id="idAmt"
						value="{parts: [ {path: 'worklistView>/totalAmount'}, {path: 'worklistView>/currency'} ], formatter: '.formatter.currencyFormatter'}"
						editable="false" textAlign="Right">
						<layoutData>
							<l:GridData span="XL1 L3 M3 S4"/>
						</layoutData>
					</Input>
					<Text text="{worklistView>/currency}"/>
				</f:content>
			</f:SimpleForm>
			<f:SimpleForm editable="true" layout="ResponsiveGridLayout" labelSpanXL="4" labelSpanL="4" labelSpanM="4" labelSpanS="12"
				adjustLabelSpan="false" emptySpanXL="0" emptySpanL="0" emptySpanM="0" emptySpanS="0" columnsXL="3" columnsL="2" columnsM="2"
				singleContainerFullSize="false" class="sapUiSizeCompact" visible="{worklistView>/ifremitter}">
				<f:content>
					<core:Title text="{i18n>RemitterLbl}"/>
					<Label text="{i18n>RemitterIfClientLbl}" design="Bold"/>
					<smartField:SmartField id="idRemitterCli" value="{RemitText}" enabled="{worklistView>/RemitterCliEnable}" change="onChangeRemitter"
						valueListChanged="onUpdateRemitterValue" width="auto"/>
					<Label text="{i18n>RemitterIfNonClientLbl}" design="Bold"/>
					<Input id="idRemitterNonCli" value="{worklistView>/RemitterNonCli}" enabled="{worklistView>/RemitterNonCliEnable}"
						liveChange="onChangeRemitterNonCli" width="51%"/>
				</f:content>
			</f:SimpleForm>
			<f:SimpleForm editable="true" layout="ResponsiveGridLayout" labelSpanXL="4" labelSpanL="4" labelSpanM="4" labelSpanS="12"
				adjustLabelSpan="false" singleContainerFullSize="false" class="sapUiSizeCompact" visible="{worklistView>/ifcheque}">
				<f:content>
					<core:Title text="{i18n>ChequeDetailsLbl}"/>
					<Label text="{i18n>ChequeNumberLbl}" design="Bold" required="true"/>
					<Input id="idChequeNumber" value="{worklistView>/ChequeNumber}" liveChange="handleonValueInput" type="Number" width="32%"/>
					<Label text="{i18n>ChequeDateLbl}" design="Bold" required="true"/>
					<DatePicker id="ChequeDate" dateValue="{worklistView>/ChequeDate}" valueState='{= ${worklistView>/ChequeDate} === "" ? "Error" : "None" }'
						displayFormat="short" change="_handleValidateDate" width="30%"/>
					<Label text="{i18n>BankNameLbl}" design="Bold"/>
					<Input id="idBankName" value="{worklistView>/BankName}" liveChange="handleonValueInput" required="true" width="50%"/>
					<core:Title text=""/>
					<Label text="{i18n>BankBranchCodeLbl}" design="Bold" required="true"/>
					<Input id="idBankBranchCode" value="{worklistView>/BankBranchCode}" liveChange="handleonValueInput" width="20%"/>
					<Label text="{i18n>DrawnByLbl}" design="Bold" required="true"/>
					<Input id="idDrawnBy" value="{worklistView>/DrawnBy}" liveChange="handleonValueInput" width="50%"/>
					<Label text="{i18n>ReceivedFromLbl}" design="Bold" required="true"/>
					<Input id="idReceivedFrom" value="{worklistView>/ReceivedFrom}" liveChange="handleonValueInput" width="50%"/>
				</f:content>
			</f:SimpleForm>
			<Table id="trustRecId" mode="Delete" delete="handleDeleteMatter" updateFinished="handleTotalAmount" noDataText="{i18n>AddMatterNoDataText}"
				keyboardMode="Edit">
				<headerToolbar>
					<Toolbar height="2rem">
						<ToolbarSpacer/>
						<Button id="btnAttch" icon="sap-icon://attachment" class="btnattachmentClass" enabled='{= ${Office}.length >0}' press="onPressHandleAttachments" />
						<Button id="btnAddRecipt" text="{i18n>AddBtnLbl}" type="Emphasized" enabled='{= ${Office}.length >0}' press="onAddRowItemMatter"/>
					</Toolbar>
				</headerToolbar>
				<columns>
					<Column >
						<Label text="{i18n>ClientNumberLbl}" design="Bold"/>
					</Column>
					<Column>
						<Label text="{i18n>ClientNameLbl}" design="Bold"/>
					</Column>
					<Column >
						<Label text="{i18n>MatterLbl}" design="Bold"/>
					</Column>
					<Column>
						<Label text="{i18n>MatterDescriptionLbl}" design="Bold"/>
					</Column>
					<Column >
						<Label text="{i18n>MatterAmountLbl}" design="Bold"/>
					</Column>
					<Column >
						<Label text="{i18n>ReasonforDepositLbl}" design="Bold"/>
					</Column>
					
				</columns>
			</Table>
		</content>
		<footer>
			<Toolbar>
				<ToolbarSpacer/>
				<Button text="{i18n>TrustReceiptViewSaveBtn}" id="isSaveMatter" type="Accept" press="_createPayload"
				/>
				
			</Toolbar>
		</footer>
	</Page>
</core:FragmentDefinition>