<core:FragmentDefinition xmlns="sap.m" xmlns:l="sap.ui.layout" xmlns:core="sap.ui.core"
	xmlns:app="http://schemas.sap.com/sapui5/extension/sap.ui.core.CustomData/1" xmlns:smartField="sap.ui.comp.smartfield"
	xmlns:smartform="sap.ui.comp.smartform">
	<Dialog beforeClose="beforeCloseAddEditDialog" contentWidth="800px" showHeader="true" title="{i18n>INTERNALCONTACT_BUTTON_TXT_ADDINTCONTACT}" class="sapUiSizeCompact sapUiNoContentPadding">
		<content>
			<smartform:SmartForm editable="true" expandable="false" expanded="true" entityType="Cmialtpayer" id="cmiamendmentnew.matter.internalContacts.form_"
				flexEnabled="false">
				<smartform:customData>
					<core:CustomData key="dateFormatSettings" value='\{"UTC":true,"style":"short"\}'/>
				</smartform:customData>
				<smartform:Group id="cmiamendmentnew.matter.internalContacts.header1_">
					<smartform:GroupElement label="{i18n>INTCONTACTSENTRY_SMARTFIELD_LBL_PARTNERTYPE}" id="cmiamendmentnew.matter.internalContacts.parvwDesc.input_">
						<!--<smartField:SmartField showLabel="true" value="{Parvwdesc}">-->
						<!--		<smartField:configuration>-->
						<!--				<smartField:Configuration preventInitialDataFetchInValueHelpDialog="false"/>-->
						<!--			</smartField:configuration>-->
						<!--</smartField:SmartField>-->
						<smartField:SmartField  showLabel="true" change="smartDpDwnCahnge" value="{Parvwdesc}" app:cFilterVal="MIC"
							app:inOutParams='"vList":["PARVW","PARVWDESC"],"local":["Parvw","Parvwdesc"]' innerControlsCreated="samrtDpDwnInternalContactCreated"
							>
							<smartField:configuration>
								<smartField:Configuration controlType="dropDownList"/>
							</smartField:configuration>
						</smartField:SmartField>
					</smartform:GroupElement >
					<smartform:GroupElement label="{i18n>INTCONTACTSENTRYFORM_SMARTFIELD_LBL_OFFICE}" id="cmiamendmentnew.matter.internalContacts.officeName.input_">
						<smartField:SmartField showLabel="true" value="{OfficeName}">
								<smartField:configuration>
										<smartField:Configuration preventInitialDataFetchInValueHelpDialog="false"/>
									</smartField:configuration>
						</smartField:SmartField>
					</smartform:GroupElement>
					<smartform:GroupElement label="{i18n>INTCONTACTSENTRYFORM_SMARTFIELD_LBL_FIRSTNAME}" id="cmiamendmentnew.matter.internalContacts.firstName.input_">
						<smartField:SmartField showLabel="true" value="{Firstname}">
								<smartField:configuration>
										<smartField:Configuration preventInitialDataFetchInValueHelpDialog="false"/>
									</smartField:configuration>
						</smartField:SmartField>
					</smartform:GroupElement>
						<smartform:GroupElement label="{i18n>INTCONTACTSENTRYFORM_SMARTFIELD_LBL_LASTNAME}" id="cmiamendmentnew.matter.internalContacts.lastName.input_">
						<smartField:SmartField showLabel="true" value="{Lastname}"></smartField:SmartField>
					</smartform:GroupElement>
				</smartform:Group>
				
					<smartform:Group id="cmiamendmentnew.matter.internalContacts.header2_">
					<smartform:GroupElement label="{i18n>INTCONTACTSENTRYFORM_SMARTFIELD_LBL_PHONE}" id="cmiamendmentnew.matter.internalContacts.phone.input_">
						<smartField:SmartField showLabel="true" change="handlePhoneValidation" value="{Phone}" ></smartField:SmartField>
					</smartform:GroupElement >
					<smartform:GroupElement label="{i18n>INTCONTACTSENTRYFORM_SMARTFIELD_LBL_EMAIL}" id="cmiamendmentnew.matter.internalContacts.email.input_">
						<smartField:SmartField showLabel="true" change="handleEmailValidation" value="{Email}" ></smartField:SmartField>
					</smartform:GroupElement>
					<smartform:GroupElement label="{i18n>INTCONTACTSENTRYFORM_SMARTFIELD_LBL_COMMENTS}" id="cmiamendmentnew.matter.internalContacts.comments.input_">
						<smartField:SmartField showLabel="true" value="{Comments}"></smartField:SmartField>
					</smartform:GroupElement>
				</smartform:Group>
			</smartform:SmartForm>
		</content>
		<beginButton>
			<Button text="{i18n>BUTTON_TEXT_SUBMIT}" app:btnType="SUB" press="onPressSubmitInternalContact" type="Emphasized" visible="{generalSettings>/bClientSubmitButton}"/>
		</beginButton>
		<endButton>
			<Button text="{i18n>BUTTON_TXT_CANCEL}" app:btnType="CNL" press="closeInternalContact" type="Emphasized"/>
		</endButton>
	</Dialog>
</core:FragmentDefinition>