{
	"Questions": [{
		"ID": "M1",
		"state": false,
		"QuestionText": "Does this matter involve any potential politically exposed persons (PEPs)?",
		"subQuestion": [],
		"AnswerText": "Please provide details",
		"ControlType": "TextArea",
		"Answer": ""
	}, {
		"ID": "M2",
		"state": false,
		"QuestionText": "Is there a likelihood that accepting this matter will preclude the firm from accepting another significant matter now or in the future?",
		"subQuestion": [],
		"AnswerText": "Please explain",
		"ControlType": "TextArea",
		"Answer": ""
	}, {
		"ID": "M3",
		"state": false,
		"QuestionText": "Do you have any reason to suspect that our fees will be paid from the profit of unethical or unlawful business activities?",
		"subQuestion": [],
		"AnswerText": "Please explain",
		"ControlType": "TextArea",
		"Answer": ""
	}, {
		"ID": "M4",
		"state": false,
		"QuestionText": "Was this matter referred from a party external to the firm?",
		"subQuestion": [],
		"AnswerText": "Please provide details",
		"ControlType": "SingleSelect",
		"Values": [{
			"text": ""
		}, {
			"text": "Accountants/auditors (e.g. KPMG, Deloitte, EY, PWC etc)"
		}, {
			"text": "Firm Alumni"
		}, {
			"text": "Associate / Franchise firm"
		}, {
			"text": "Financial institution"
		}, {
			"text": "Other"
		}],
		"Answer": ""
	}, {
		"ID": "M5",
		"state": false,
		"QuestionText": "Does this matter involve an entity that is subject to sanctions?",
		"subQuestion": [{
			"ID": "M5S1",
			"QuestionText": "What is the sanctions exposure type?",
			"ControlType": "SingleSelect",
			"Values": [{
				"text": ""
			}, {
				"text": "Pending Clearance"
			}, {
				"text": "No Exposure – Normal Billing"
			}, {
				"text": "IRAN"
			}, {
				"text": "Bank Policy issue - No USD"
			}, {
				"text": "Bank Policy Issue – No Currency Restr"
			}, {
				"text": "AFT Exposure - No Currency Restr"
			}, {
				"text": "AFT Exposure – No USD"
			}, {
				"text": "Other"
			}, {
				"text": "Declined"
			}],
			"Answer": ""
		}, {
			"ID": "M5S2",
			"QuestionText": "What is the primary sanction regime?",
			"ControlType": "SingleSelect",
			"Values": [{
				"text": ""
			}, {
				"text": "Cuba"
			}, {
				"text": "North Korea"
			}, {
				"text": "Iran"
			}, {
				"text": "Russia"
			}, {
				"text": "Russia SSI"
			}, {
				"text": "South Sudan"
			}, {
				"text": "Sudan"
			}, {
				"text": "Syria"
			}, {
				"text": "Ukraine"
			}, {
				"text": "Crimea"
			}, {
				"text": "Belarus"
			}, {
				"text": "Zimbabwe"
			}, {
				"text": "Venezuela"
			}, {
				"text": "Qatar"
			}, {
				"text": "Other"
			}],
			"Answer": ""
		}, {
			"ID": "M5S3",
			"QuestionText": "What is the desired billing behavior?",
			"ControlType": "SingleSelect",
			"Values": [{
				"text": ""
			}, {
				"text": "Cannot be billed"
			}, {
				"text": "Cleared for Normal Billing/Payment"
			}, {
				"text": "Cleared for Segregated Billing/Payment (No USD)"
			}, {
				"text": "Cleared for Segregated Billing/Payment (No Currency Restriction)"
			}, {
				"text": "Cleared for Segregated Billing/Payment  - No Segregated Account Currently Available"
			}, {
				"text": "Not yet cleared"
			}],
			"Answer": ""
		}]

	}]
}