<core:FragmentDefinition xmlns="sap.m" xmlns:mvc="sap.ui.core.mvc" xmlns:ux="sap.uxap" xmlns:l="sap.ui.layout" xmlns:f="sap.ui.layout.form"
	xmlns:core="sap.ui.core">
	<Table >
		<columns>
			<Column width="12em">
				<Label text="{i18n>CostType}" design="Bold"/>
			</Column>
			<Column minScreenWidth="Tablet" demandPopin="true">
				<Label text="{i18n>Amount}" design="Bold"/>
			</Column>
			<Column minScreenWidth="Tablet" demandPopin="true" hAlign="Right">
				<Label text="{i18n>Currency}" design="Bold"/>
			</Column>
			<Column minScreenWidth="Tablet" demandPopin="true" hAlign="Center">
				<Label text="{i18n>Qty}" design="Bold"/>
			</Column>
		</columns>
		<items>
			<ColumnListItem>
				<cells>
					<Text text="Fee"/>
					<Text text="{accModel>/modelData/FeeSum}"/>
					<Text text="{accModel>/modelData/FeeCurr}"/>
					<Text text="{accModel>/modelData/Quantity}"/>
				</cells>
			</ColumnListItem>
			<ColumnListItem>
				<cells>
					<Text text="Hard Cost"/>
					<Text text="{accModel>/modelData/HcostSum}"/>
					<Text text="{accModel>/modelData/HcostCurr}"/>
					<Text text="{accModel>/modelData/Quantity}"/>
				</cells>
			</ColumnListItem>
			<ColumnListItem>
				<cells>
					<Text text="Soft Cost"/>
					<Text text="{accModel>/modelData/ScostSum}"/>
					<Text text="{accModel>/modelData/ScostCurr}"/>
					<Text text="{accModel>/modelData/Quantity}"/>
				</cells>
			</ColumnListItem>
		</items>
	</Table>
</core:FragmentDefinition>