<core:FragmentDefinition xmlns="sap.m" xmlns:mvc="sap.ui.core.mvc" xmlns:ux="sap.uxap" xmlns:core="sap.ui.core">
	<UploadCollection id="AttachmentID" maximumFilenameLength="55" multiple="false" showSeparators="All" uploadEnabled="{objectView>/editMatter}"
		items="{path:'attchModel>/modelData' , templateShareable : 'true'}" change="onChange" fileDeleted="onFileDeleted"
		uploadComplete="onUploadComplete" filenameLengthExceed="onFilenameLengthExceed" beforeUploadStarts="onBeforeUploadStarts"
		uploadTerminated="onUploadTerminated">
		<items>
			<UploadCollectionItem enableEdit="{objectView>/editMatter}" enableDelete="{objectView>/editMatter}" visibleDelete="{objectView>/editMatter}" visibleEdit="{objectView>/editMatter}" contributor=""
				fileName="{attchModel>CreaUser}" url="{url}" thumbnailUrl="">
				<attributes>
					<ObjectAttribute text="{attchModel>Descript}" active="true" press="onLinkPdfPress"/>
				</attributes>
			</UploadCollectionItem>
		</items>
	</UploadCollection>
</core:FragmentDefinition>