<core:FragmentDefinition xmlns="sap.m" xmlns:mvc="sap.ui.core.mvc" xmlns:ux="sap.uxap" xmlns:l="sap.ui.layout" xmlns:f="sap.ui.layout.form"
	xmlns:core="sap.ui.core" xmlns:app="http://schemas.sap.com/sapui5/extension/sap.ui.core.CustomData/1">
	<l:BlockLayout id="GeneralID" class="LabelAlign">
		<l:BlockLayoutRow>
			<l:BlockLayoutCell>
				<l:Grid defaultSpan="L12 M12 S12" vSpacing="0" width="auto">
					<l:content>
						<Label text="{i18n>CaseType}" design="Bold" class="labelTopPad" textAlign="Right">
							<layoutData>
								<l:GridData span="L4 M6 S6"/>
							</layoutData>
						</Label>
						<Input value="{onTabModel>/CaseType} {onTabModel>/CaseTypeDesc}" editable="{objectView>/editMatter}" showValueHelp="true"
							valueHelpRequest="_onSelectSearchHelpSrvF4" app:fName="CaseType" app:ffName="CaseType">
							<layoutData>
								<l:GridData span="L8 M6 S6"/>
							</layoutData>
						</Input>
						<Label text="{i18n>MatterType}" design="Bold" class="labelTopPad" textAlign="Right">
							<layoutData>
								<l:GridData span="L4 M6 S6"/>
							</layoutData>
						</Label>
						<Input value="{onTabModel>/MatterType} {onTabModel>/MatterTypeDesc}" editable="{objectView>/editMatter}" showValueHelp="true"
							valueHelpRequest="_onSelectSearchHelpSrvF4" app:fName="MatterType" app:ffName="MatterType">
							<layoutData>
								<l:GridData span="L8 M6 S6"/>
							</layoutData>
						</Input>
						<Label text="{i18n>PracticeArea}" design="Bold" class="labelTopPad" textAlign="Right">
							<layoutData>
								<l:GridData span="L4 M4 S6"/>
							</layoutData>
						</Label>
						<Input value="{onTabModel>/PracticeArea} {onTabModel>/PracticeAreaDesc}" editable="{objectView>/editMatter}" showValueHelp="true"
							valueHelpRequest="_onSelectSearchHelpSrvF4" app:fName="PracticeArea" app:ffName="PracticeArea">
							<layoutData>
								<l:GridData span="L8 M6 S6"/>
							</layoutData>
						</Input>
						<Label text="{i18n>OpenDate}" design="Bold" class="labelTopPad" textAlign="Right">
							<layoutData>
								<l:GridData span="L4 M4 S6"/>
							</layoutData>
						</Label>
						<DatePicker value="{onTabModel>/OpenDate}" valueFormat="yyyy-MM-dd" displayFormat="short" editable="{objectView>/editMatter}">
							<layoutData>
								<l:GridData span="L8 M6 S6"/>
							</layoutData>
						</DatePicker>
					</l:content>
				</l:Grid>
			</l:BlockLayoutCell>
			<l:BlockLayoutCell>
				<l:Grid defaultSpan="L12 M12 S12" vSpacing="0" class="sapUiSizeCompact">
					<l:content>
						<Label text="{i18n>SecondaryCase}" design="Bold" class="labelTopPad" textAlign="Right">
							<layoutData>
								<l:GridData span="L4 M6 S6"/>
							</layoutData>
						</Label>
						<Input value="{onTabModel>/CaseTypeSec} {onTabModel>/CaseTypeSecDesc}" editable="{objectView>/editMatter}"
							valueHelpRequest="_onSelectSearchHelpSrvF4" app:fName="CaseTypeSec" app:ffName="CaseTypeSec" showValueHelp="true">
							<layoutData>
								<l:GridData span="L8 M6 S6"/>
							</layoutData>
						</Input>
						<Label text="{i18n>MatterSubType}" design="Bold" class="labelTopPad" textAlign="Right">
							<layoutData>
								<l:GridData span="L4 M6 S6"/>
							</layoutData>
						</Label>
						<Input value="{onTabModel>/MatterSubtype} {onTabModel>/MatterSubtypeDesc}" editable="{objectView>/editMatter}"
							valueHelpRequest="_onSelectSearchHelpSrvF4" app:fName="MatterSubtype" app:ffName="MatterSubtype" showValueHelp="true">
							<layoutData>
								<l:GridData span="L8 M6 S6"/>
							</layoutData>
						</Input>
						<Label text="{i18n>MatterCurrency}" design="Bold" class="labelTopPad" textAlign="Right">
							<layoutData>
								<l:GridData span="L4 M4 S6"/>
							</layoutData>
						</Label>
						<Input value="{onTabModel>/MatterCuky} {onTabModel>/MatterCukyDesc}" editable="{objectView>/editMatter}"
							valueHelpRequest="_onSelectSearchHelpSrvF4" app:fName="MatterCuky" app:ffName="MatterCuky" showValueHelp="true">
							<layoutData>
								<l:GridData span="L8 M6 S6"/>
							</layoutData>
						</Input>
						<Label text="{i18n>CloseDate}" design="Bold" class="labelTopPad" textAlign="Right">
							<layoutData>
								<l:GridData span="L4 M4 S6"/>
							</layoutData>
						</Label>
						<DatePicker value="{onTabModel>/CloseDate}" valueFormat="yyyy-MM-dd" displayFormat="short" editable="{objectView>/editMatter}">
							<layoutData>
								<l:GridData span="L8 M6 S6"/>
							</layoutData>
						</DatePicker>
					</l:content>
				</l:Grid>
			</l:BlockLayoutCell>
		</l:BlockLayoutRow>
	</l:BlockLayout>
</core:FragmentDefinition>