<core:FragmentDefinition xmlns="sap.m" xmlns:mvc="sap.ui.core.mvc" xmlns:ux="sap.uxap" xmlns:l="sap.ui.layout" xmlns:f="sap.ui.layout.form"
	xmlns:core="sap.ui.core" xmlns:app="http://schemas.sap.com/sapui5/extension/sap.ui.core.CustomData/1" class="sapUiResponsivePadding"
	xmlns:unified="sap.ui.unified">
	<l:BlockLayout id="HeaderID">
		<l:BlockLayoutRow>
			<l:BlockLayoutCell>
				<l:Grid defaultSpan="L3 M6 S6" vSpacing="0" class="sapUiSizeCompact sapUiContentPadding LabelAlign">
					<l:content>
						<Label text="{i18n>MatterNumber}" design="Bold" textAlign="Right">
							<layoutData>
								<l:GridData span="L4 M6 S6"/>
							</layoutData>
						</Label>
						<Input value="{oMDLocal>/Pspid}" showValueHelp="true" editable="false">
							<layoutData>
								<l:GridData span="L8 M6 S6"/>
							</layoutData>
						</Input>
						<Label text="{i18n>MatterDesc}" design="Bold" textAlign="Right">
							<layoutData>
								<l:GridData span="L4 M6 S6"/>
							</layoutData>
						</Label>
						<TextArea value="{oMDLocal>/Post1}" editable="{objectView>/editMatter}" width="100%">
							<layoutData>
								<l:GridData span="L8 M6 S6"/>
							</layoutData>
						</TextArea>
						<Label text="{i18n>cmiRno}" design="Bold" textAlign="Right">
							<layoutData>
								<l:GridData span="L4 M4 S6"/>
							</layoutData>
						</Label>
						<Input value="{oMDLocal>/CmiRec}" editable="{objectView>/editMatter}">
							<layoutData>
								<l:GridData span="L8 M6 S6"/>
							</layoutData>
						</Input>
						<Label text="{i18n>Budget}" design="Bold" textAlign="Right">
							<layoutData>
								<l:GridData span="L4 M6 S6"/>
							</layoutData>
						</Label>
						<!--<unified:Currency value="{path:'oMDLocal>/Budget', type:'sap.ui.model.type.String'}" currency="{oMDLocal>/BudgetCurr}" useSymbol="true"/>-->
						<Input
							value="{path:'oMDLocal>/Budget' , type:'sap.ui.model.type.Float'} {path:'oMDLocal>/BudgetCurr', formatter:'.formatter.currencyformate'}"
							editable="false">
							<layoutData>
								<l:GridData span="L8 M6 S6"/>
							</layoutData>
						</Input>
					</l:content>
				</l:Grid>
			</l:BlockLayoutCell>
			<l:BlockLayoutCell>
				<l:Grid defaultSpan="L12 M12 S12" vSpacing="0" class="sapUiSizeCompact LabelAlign">
					<l:content>
						<Label text="{i18n>AllInv}" design="Bold" textAlign="Right">
							<layoutData>
								<l:GridData span="L4 M6 S6"/>
							</layoutData>
						</Label>
						<!--<unified:Currency value="{path:'oMDLocal>/Invoice', type:'sap.ui.model.type.String'}" currency="{oMDLocal>/BudgetCurr}" useSymbol="true"/>-->
						<Input
							value="{path:'oMDLocal>/Invoice',type:'sap.ui.model.type.Float'} {path:'oMDLocal>/InvoiceCurr', formatter:'.formatter.currencyformate'} "
							editable="false">
							<layoutData>
								<l:GridData span="L8 M6 S6"/>
							</layoutData>
						</Input>
						<Label text="{i18n>ActualBudge}" design="Bold" textAlign="Right">
							<layoutData>
								<l:GridData span="L4 M6 S6"/>
							</layoutData>
						</Label>
						<Input
							value="{path:'oMDLocal>/Accrual' , type:'sap.ui.model.type.Float'}:{path:'oMDLocal>/Budget' ,type:'sap.ui.model.type.Float'} {path:'oMDLocal>/BudgetCurr', formatter:'.formatter.currencyformate'} "
							editable="false">
							<layoutData>
								<l:GridData span="L8 M6 S6"/>
							</layoutData>
						</Input>
						<Label text="{i18n>StoreNumber}" design="Bold" textAlign="Right">
							<layoutData>
								<l:GridData span="L4 M4 S6"/>
							</layoutData>
						</Label>
						<Input value="{oMDLocal>/StoreNo} {oMDLocal>/StoreName}" editable="{objectView>/editMatter}" showValueHelp="true"
							valueHelpRequest="_onSelectSearchHelpSrvF4" app:fName="StoreNo" app:ffName="StoreNo">
							<layoutData>
								<l:GridData span="L8 M6 S6"/>
							</layoutData>
						</Input>
						<Label text="{i18n>Status}" design="Bold" textAlign="Right">
							<layoutData>
								<l:GridData span="L4 M6 S6"/>
							</layoutData>
						</Label>
						<Input value="{oMDLocal>/Status}" editable="{objectView>/editMatter}" showValueHelp="true" valueHelpRequest="_onSelectSearchHelpSrvF4"
							app:fName="Status" app:ffName="Status">
							<layoutData>
								<l:GridData span="L8 M6 S6"/>
							</layoutData>
						</Input>
					</l:content>
				</l:Grid>
			</l:BlockLayoutCell>
		</l:BlockLayoutRow>
	</l:BlockLayout>
</core:FragmentDefinition>