<core:FragmentDefinition xmlns="sap.m" xmlns:mvc="sap.ui.core.mvc" xmlns:ux="sap.uxap" xmlns:l="sap.ui.layout" xmlns:f="sap.ui.layout.form"
	xmlns:core="sap.ui.core">
	<Table items="{IncModel>/modelData}" fixedLayout="false">
		<columns>
			<Column width="12em">
				<Label text="{i18n>Invoice}" design="Bold"/>
			</Column>
			<Column minScreenWidth="Tablet" demandPopin="true">
				<Label text="{i18n>TotalBAmount}" design="Bold"/>
			</Column>
			<Column minScreenWidth="Tablet" demandPopin="true">
				<Label text="{i18n>Currency}" design="Bold"/>
			</Column>
			<Column minScreenWidth="Tablet" demandPopin="true">
				<Label text="{i18n>Status}" design="Bold"/>
			</Column>
		</columns>
		<items>
			<ColumnListItem>
				<cells>
					<Text text="{IncModel>Vbeln}"/>
					<Text text="{path:'IncModel>Netwr',type:'sap.ui.model.type.Float'}"/>
					<Text text="{IncModel>Waerk}"/>
					<!--<Text text="{IncModel>ZzinvStatus}"/>-->
					<ObjectStatus class="sapUiSmallMarginBottom" text="{IncModel>ZzinvStatus}" state="Success"/>
				</cells>
			</ColumnListItem>
		</items>
	</Table>
</core:FragmentDefinition>