<core:FragmentDefinition xmlns="sap.m" xmlns:mvc="sap.ui.core.mvc" xmlns:ux="sap.uxap" xmlns:l="sap.ui.layout" xmlns:f="sap.ui.layout.form"
	xmlns:core="sap.ui.core">
	<Table id="editlegalTeam" items="{ path: 'onlegalModel>/modelData' , templateShareable: false}" fixedLayout="false" mode="Delete"
		delete="handleDelete" class="sapUiSizeCompact">
		<headerToolbar>
			<Toolbar>
				<ToolbarSpacer/>
				<Button visible="{objectView>/editMatter}" text="Add" icon="sap-icon://add" type="Emphasized" iconFirst="true" press="onAddRowPress"
					tooltip="AddRow"/>
			</Toolbar>
		</headerToolbar>
		<columns >
			<Column width="12em" demandPopin="true">
				<Label text="{i18n>Attorney}" design="Bold"/>
			</Column>
			<Column minScreenWidth="Tablet" demandPopin="true">
				<Label text="{i18n>AttorneyId}" design="Bold"/>
			</Column>
			<Column minScreenWidth="Tablet" demandPopin="true">
				<Label text="{i18n>Name}" design="Bold"/>
			</Column>
			<Column minScreenWidth="Tablet" demandPopin="true">
				<Label text="{i18n>Address}" design="Bold"/>
			</Column>
			<Column minScreenWidth="Tablet" demandPopin="true">
				<Label text="{i18n>Billingsld}" design="Bold"/>
			</Column>
			<Column minScreenWidth="Tablet" demandPopin="true">
				<Label text="{i18n>Rate}" design="Bold"/>
			</Column>
			<Column minScreenWidth="Tablet" demandPopin="true">
				<Label text="{i18n>HoursLD}" design="Bold"/>
			</Column>
			<Column minScreenWidth="Tablet" demandPopin="true">
				<Label text=""/>
			</Column>
		</columns>
		<items>
			<ColumnListItem>
				<cells>
					<Select items="{ path: 'aAttroneyJson>/Modeldata' ,templateShareable : false}" width="100%" enabled="{objectView>/editMatter}">
						<core:Item key="{aAttroneyJson>Parvw}" text="{aAttroneyJson>Parvw}-{aAttroneyJson>Vtext}"/>
					</Select>
					<Input value="{onlegalModel>/ParnrOld}" fieldWidth="70px" editable="{objectView>/editMatter}" showValueHelp="true"
						valueHelpRequest="handleValueHelpAttorneyId"/>
					<Text text="{onlegalModel>Name1}"/>
					<Text text="{onlegalModel>Addrln}"/>
					<Text text="{{onlegalModel>BILLLIFE2DATE}}"/>
					<Text text="{onlegalModel>RATE}"/>
					<Text text="{onlegalModel>HOURS}"/>
				</cells>
			</ColumnListItem>
		</items>
	</Table>
</core:FragmentDefinition>