<core:FragmentDefinition xmlns:core="sap.ui.core" xmlns="sap.m">
	<Table id="FormDisplay354ALH" noDataText="{i18n>detailALLabelText8}" selectionMode="None"
		title="{i18n>historyTable}" visible="false" visibleRowCount="5" xmlns="sap.ui.table">
		<columns>
			<Column filterProperty="Cname" filtered="true" sortProperty="Cname" sorted="true" xmlns="sap.ui.table">
				<label>
					<Label text="{i18n>detailALLabelText1}" xmlns="sap.m"/>
				</label>
				<template>
					<Text text="{Cname}" xmlns="sap.m"/>
				</template>
			</Column>
			<Column filterProperty="Vtext" filtered="true" sortProperty="Vtext" sorted="true" xmlns="sap.ui.table">
				<label>
					<Label text="{i18n>detailALLabelText2}" xmlns="sap.m"/>
				</label>
				<template>
					<Text text="{Vtext}" xmlns="sap.m"/>
				</template>
			</Column>
			<Column filterProperty="Pernr" filtered="true" sortProperty="Pernr" sorted="true" xmlns="sap.ui.table">
				<label>
					<Label text="{i18n>detailALLabelText3}" xmlns="sap.m"/>
				</label>
				<template>
					<Text text="{Pernr}" xmlns="sap.m"/>
				</template>
			</Column>
			<Column filterProperty="PernrOffice" filtered="true" sortProperty="PernrOffice" sorted="true" xmlns="sap.ui.table">
				<label>
					<Label text="{i18n>detailALLabelText4}" xmlns="sap.m"/>
				</label>
				<template>
					<Text text="{PernrOffice}" xmlns="sap.m"/>
				</template>
			</Column>
			<Column filterProperty="Zzpercnt" filtered="true" sortProperty="Zzpercnt" sorted="true" xmlns="sap.ui.table">
				<label>
					<Label text="{i18n>detailALLabelText5}" xmlns="sap.m"/>
				</label>
				<template>
					<Text text="{Zzpercnt}" xmlns="sap.m"/>
				</template>
			</Column>
			<Column filterProperty="Begda" filtered="true" sortProperty="Begda" sorted="true" xmlns="sap.ui.table">
				<label>
					<Label text="{i18n>detailALLabelText6}" xmlns="sap.m"/>
				</label>
				<template>
					<Text text="{Begda}" xmlns="sap.m"/>
				</template>
			</Column>
			<Column filterProperty="Endda" filtered="true" sortProperty="Endda" sorted="true" xmlns="sap.ui.table">
				<label>
					<Label text="{i18n>detailALLabelText7}" xmlns="sap.m"/>
				</label>
				<template>
					<Text text="{Endda}" xmlns="sap.m"/>
				</template>
			</Column>
		</columns>
		<footer>
			<Toolbar xmlns="sap.m">
				<Button icon="sap-icon://refresh" id="refreshHistory" press="onRefreshHistory" text="{i18n>filters}" tooltip="{i18n>filters}"
					type="Emphasized"/>
			</Toolbar>
		</footer>
	</Table>
</core:FragmentDefinition>