<core:FragmentDefinition xmlns="sap.m" xmlns:l="sap.ui.layout" xmlns:smartField="sap.ui.comp.smartfield" xmlns:f="sap.ui.layout.form"
	xmlns:core="sap.ui.core">
	<l:Grid defaultSpan="L12 M12 S12" width="auto">
		<l:content>
			<f:SimpleForm id="FormChange354BD" visible="false" minWidth="1024" maxContainerCols="2" editable="true" layout="ResponsiveGridLayout"
				labelSpanL="5" labelSpanM="5" emptySpanL="0" emptySpanM="0" columnsL="2" columnsM="2" class="editableForm">
				<f:content>
					<core:Title text=""/>
					<Label text="{i18n>detailBDLabelText2}"/>
					<!--<Input id="ChgBDTS" description="{Zztaxdesc}" fieldWidth="40%" value="{Zztax}" showValueHelp="true"
						valueHelpRequest="handleValueHelpChgBDTS"></Input>-->
				<!--	<smartField:SmartField editable="{worklistView>/editScreen}"  change="changeInMatterDetails" value="{Zztax}"/>-->
					<smartField:SmartField editable="{worklistView>/editScreen}"  change="changeInMatterDetails" value="{Zztaxdesc}"/>
					<Label text="{i18n>detailBDLabelText3}"/>
					<!--	<Input id="ChgBDTJ" description="{Txjcddesc}" fieldWidth="40%" value="{Txjcd}" showValueHelp="true"
						valueHelpRequest="handleValueHelpChgBDTJ"></Input>-->
					<smartField:SmartField editable="{worklistView>/editScreen}"  change="changeInMatterDetails" value="{Txjcddesc}"/>
					<!-- Changes -->
					<Label text="{i18n>detailBDLabelText5}" required="true"/>
					<!--   <Input id="ChgBDBF" description="{Zzbillfreqdesc}" fieldWidth="40%" value="{Zzbillfreq}" showValueHelp="true"
            valueHelpRequest="handleValueHelpChgBDBF"></Input-->
					<smartField:SmartField editable="{worklistView>/editScreen}"  change="changeInMatterDetailsDD" value="{Zzbillfreqdesc}">
								<smartField:configuration>
					<smartField:Configuration controlType="dropDownList" displayBehaviour="idOnly"/>
				</smartField:configuration>
			</smartField:SmartField>
					<Label text="{i18n>detailBDLabelText6}"/>
					<!--    <Input id="ChgBDBM" description="{Zzbillmthddesc}" fieldWidth="40%" value="{Zzbillmthd}" showValueHelp="true"
            valueHelpRequest="handleValueHelpChgBDBM"></Input>-->
					<smartField:SmartField editable="{worklistView>/editScreen}"  change="changeInMatterDetailsDD" value="{Zzbillmthddesc}">
								<smartField:configuration>
					<smartField:Configuration controlType="dropDownList" displayBehaviour="idOnly"/>
				</smartField:configuration>
			</smartField:SmartField>
					<Label text="{i18n>detailBDLabelText7}" required="true"/>
					<!--  <Input id="ChgBDBC" description="{Zzmcurrdesc}" fieldWidth="40%" value="{Zzmcurr}" valueStateText="{i18n>detailBDValueStateText2}"
            liveChange="handleLiveChg" showValueHelp="true" valueHelpRequest="handleValueHelpChgBDBC"></Input>
				<smartField:SmartLabel labelFor="idClassification"/>-->
					<smartField:SmartField editable="{worklistView>/editScreen}"  change="changeInMatterDetails" value="{Zzmcurrdesc}">
							<smartField:configuration>
					<smartField:Configuration preventInitialDataFetchInValueHelpDialog="false"/>
				</smartField:configuration>
			</smartField:SmartField>
					<!-- Changes -->
					<core:Title text=""/>
					<Label text="{i18n>detailBDLabelText9}" tooltip="{i18n>detailBDLabelText9}"/>
					<!--	<Input id="ChgBDFFACS" description="{Zzfftcsetdesc}" fieldWidth="40%" value="{Zzfftcset}" showValueHelp="true"
						valueHelpRequest="handleValueHelpChgBDFFACS"></Input>-->
					<smartField:SmartField editable="{worklistView>/editScreen}"  change="changeInMatterDetails" value="{Zzfftcsetdesc}"/>
					<Label text="{i18n>detailBDLabelText10}"/>
					<!--	<Input id="ChgBDTCS" description="{Zztaskcodesetdesc}" fieldWidth="40%" value="{Zztaskcodeset}" showValueHelp="true"
						valueHelpRequest="handleValueHelpChgBDTCS"></Input>-->
					<smartField:SmartField editable="{worklistView>/editScreen}"  change="changeInMatterDetails" value="{Zztaskcodesetdesc}"/>
					<!--<Label text="{i18n>detailBDLabelText11}" tooltip="{i18n>detailBDLabelText10}"/>-->
					<DatePicker enabled="{worklistView>/editScreen}"  change="changeInMatterDetails" id="ChgBDTCSVF" valueStateText="{i18n>detailBDValueStateText3}" valueFormat="yyyy-MM-dd"
						displayFormat="yyyy-MM-dd"  value="{path:'ZztcsetValidfrom',formatter:'.formatter.myDate1'}" placeholder="Valid From"/>
					<!--			<Input id="ChgBDACS" description="{Zzactcodesetdesc}" fieldWidth="40%" value="{Zzactcodeset}" showValueHelp="true"
						valueHelpRequest="handleValueHelpChgBDACS"></Input>-->
					<Label text="{i18n>detailBDLabelText12}"/>
					<smartField:SmartField editable="{worklistView>/editScreen}"  change="changeInMatterDetails" value="{Zzactcodesetdesc}"/>
					<!--<Label text="{i18n>detailBDLabelText11}" tooltip="{i18n>detailBDLabelText10}"/>-->
					<DatePicker enabled="{worklistView>/editScreen}" change="changeInMatterDetails" id="ChgBDACSVF" valueStateText="{i18n>detailBDValueStateText3}" valueFormat="yyyy-MM-dd"
						displayFormat="yyyy-MM-dd"  value="{ path: 'ZzacsetValidfrom', formatter: '.formatter.myDate1'}" placeholder="Valid From"/>
					<Label text="{i18n>detailBDLabelText8}"/>
					<!--		<Input id="ChgBDECS" description="{Zzexpcodesetdesc}" fieldWidth="40%" value="{Zzexpcodeset}" showValueHelp="true"
						valueHelpRequest="handleValueHelpChgBDECS"></Input>-->
					<smartField:SmartField editable="{worklistView>/editScreen}"  change="changeInMatterDetails" value="{Zzexpcodesetdesc}"/>
					<Label text="{i18n>detailBDLabelText15}"/>
					<!--			<Input id="ChgBDMCC" description="{Zzcapctrldesc}" fieldWidth="40%" value="{Zzcapctrl}" showValueHelp="true"
						valueHelpRequest="handleValueHelpChgBDMCC"></Input>-->
					<smartField:SmartField editable="{worklistView>/editScreen}"  change="changeInMatterDetails" value="{Zzcapctrldesc}"/>
					<Label text="{i18n>detailBDLabelText13}"/>
					<Input id="ChgBDMCA" enabled="{worklistView>/editScreen}" value="{Zzcap}"  textAlign="Right" liveChange="changeMatterInCurrDetails"/>
				</f:content>
			</f:SimpleForm>
		</l:content>
	</l:Grid>
</core:FragmentDefinition>