<core:FragmentDefinition xmlns:core="sap.ui.core" xmlns:f="sap.ui.layout.form" xmlns:smartField="sap.ui.comp.smartfield"
	xmlns:l="sap.ui.layout" xmlns="sap.m">
	<l:Grid defaultSpan="L12 M12 S12" width="auto" hSpacing="0" vSpacing="0">
		<l:content>
			<HBox justifyContent="SpaceBetween" class="sapUiTinyMarginTop">
				<HBox>
					<Label text="Dunning Block:" class="sapUiTinyMarginTop sapUiSmallMarginBegin sapUiTinyMarginEnd"/>
					<!--<Input id="ChgBFDB" value="{Zzmansp}" showValueHelp="true" fieldWidth="40%" description="{Zzmanspdesc}" valueHelpRequest="handleValueHelpChgBFDB"></Input>-->
					<smartField:SmartField editable="{worklistView>/editScreen}"  change="changeInMatterDetailsDD" value="{Zzmanspdesc}">
						<smartField:configuration>
							<smartField:Configuration controlType="dropDownList" displayBehaviour="idOnly"/>
						</smartField:configuration>
					</smartField:SmartField>
				</HBox>
				<HBox>
					<Label text="Auth for Collection:" class="sapUiTinyMarginTop sapUiTinyMarginBeginEnd"/>
					<Switch enabled="{worklistView>/editScreen}"  customTextOff="No" change="handleSwitchChange" customTextOn="Yes" id="ChgBFAC"
						state="{ path:'Zzcolco', formatter:'.formatter.myBooleanV' }"/>
				</HBox>
			</HBox>
			<!--	<f:SimpleForm class="editableForm" columnsL="2" columnsM="2" editable="true" emptySpanL="0" emptySpanM="0" 
				labelSpanL="3" labelSpanM="6" layout="ResponsiveGridLayout" maxContainerCols="2" minWidth="1024" visible="false">
				<f:content>
					<core:Title text=""/>
					
					<core:Title text=""/>
				
				</f:content>
			</f:SimpleForm>-->
			<!--		<Table cellClick="handleCellClickChgBFBP" id="FormChange354BF1" selectionMode="Multi" noDataText="No data" title="{i18n>detailBFTableTitle}"
				visible="false" visibleRowCount="5" xmlns="sap.ui.table">
				<toolbar>
					<Toolbar xmlns="sap.m">
						<content>
							<ToolbarSpacer xmlns="sap.m"/>
							<Button icon="sap-icon://add" press="addAltPayer" tooltip="{i18n>detailBFLabelTooltip1}" type="Accept" xmlns="sap.m"/>
							<Button icon="sap-icon://less" press="handleDelRowChgBF" tooltip="{i18n>detailBFLabelTooltip2}" type="Reject" xmlns="sap.m"/>
						</content>
					</Toolbar>
				</toolbar>
				<columns>
					<Column xmlns="sap.ui.table">
						<label>
							<Label text="{i18n>detailBFLabelText6}" xmlns="sap.m"/>
						</label>
						<template>
							<Input showValueHelp="true" value="{Payer_new}" valueHelpRequest="handleValueHelpChgBFBP" xmlns="sap.m"/>
						</template>
					</Column>
					<Column xmlns="sap.ui.table">
						<label>
							<Label text="{i18n>detailBFLabelText7}" xmlns="sap.m"/>
						</label>
						<template>
							<Text text="{Name1}" xmlns="sap.m"/>
						</template>
					</Column>
					<Column xmlns="sap.ui.table">
						<label>
							<Label text="{i18n>detailBFLabelText8}" xmlns="sap.m"/>
						</label>
						<template>
							<Input type="Number" value="{Perc}" change="handleValueChgBFBP" xmlns="sap.m"/>
						</template>
					</Column>
				</columns>
			</Table>-->
			<Table id="FormChange354BF1" mode="{path:'worklistView>/editScreen',formatter:'.formatter.showButton'}" delete="handleDeletePayer">
				<headerToolbar>
					<Toolbar>
						<Title text="Multi Payer"/>
						<ToolbarSpacer/>
						<Button text="New Payer" press="addNewAltPayer" enabled="{worklistView>/enablePercent}" type="Emphasized"/>
					</Toolbar>
				</headerToolbar>
				<columns>
					<Column>
						<Label text="Partner Type"/>
					</Column>
					<Column>
						<Label text="{i18n>detailBFLabelText6}"/>
					</Column>
					<Column>
						<Label text="{i18n>detailBFLabelText7}"/>
					</Column>
					<Column>
						<Label text="Address"/>
					</Column>
					<Column>
						<Label text="{i18n>detailBFLabelText8}"/>
					</Column>
						<Column hAlign="Right" width="7rem">
				<Label text=" "/>
			</Column>
				</columns>
			</Table>
		</l:content>
	</l:Grid>
</core:FragmentDefinition>