<core:FragmentDefinition xmlns="sap.m" xmlns:core="sap.ui.core">
	<!--	<Table xmlns="sap.ui.table" id="FormDisplay354WO" selectionMode="None" visibleRowCount="10" noDataText="{i18n>detailWOLabelText5}">
		<columns>
			<Column xmlns="sap.ui.table">
				<label>
					<Label xmlns="sap.m" text="{i18n>detailWOLabelText1}"/>
				</label>
				<template>
					<Text xmlns="sap.m" text="{OfficeCode}"/>
				</template>
			</Column>
			<Column xmlns="sap.ui.table">
				<label>
					<Label xmlns="sap.m" text="{i18n>detailWOLabelText2}"/>
				</label>
				<template>
					<Text xmlns="sap.m" text="{OfficeName}"/>
				</template>
			</Column>
			<Column xmlns="sap.ui.table">
				<label>
					<Label xmlns="sap.m" text="{i18n>detailWOLabelText3}"/>
				</label>
				<template>
					<Text xmlns="sap.m" text="{CompCode}"/>
				</template>
			</Column>
			<Column xmlns="sap.ui.table">
				<label>
					<Label xmlns="sap.m" text="{i18n>detailWOLabelText4}"/>
				</label>
				<template>
					<Text xmlns="sap.m" text="{Country}"/>
				</template>
			</Column>
		</columns>
	</Table>-->
	<Table id="FormChange354BP" mode="{path:'worklistView>/editScreen',formatter:'.formatter.showButton'}" delete="handleDeleteBP">
		<headerToolbar>
			<Toolbar>
				<ToolbarSpacer/>
				<Button text="New Business Partner" enabled="{worklistView>/editScreen}" press="addNewBP" type="Emphasized"/>
			</Toolbar>
		</headerToolbar>
		<columns>
			<Column>
				<Label text="{i18n>detailBPLabelText1}"/>
			</Column>
			<Column>
				<Label text="{i18n>detailBPLabelText3}"/>
			</Column>
			<Column>
				<Label text="{i18n>detailBPLabelText4}"/>
			</Column>
			<Column>
				<Label text="{i18n>detailBPLabelText5}"/>
			</Column>
			<Column hAlign="Right" width="7rem">
				<Label text=" "/>
			</Column>
		</columns>
		<!--	<items>
			<ColumnListItem>
				<cells>
					<Select xmlns="sap.m" id="ChgBPPT" selectedKey="{NRequestView>Parvw}" change="handleSelectPartnerTypeBP" items="{partner>/results}"
						enabled="{NRequestView>Update}">
						<core:Item key="{partner>Parvw}" text="{partner>Vtext}" enabled="{path:'partner>vis'}"/>
					</Select>
					<Input xmlns="sap.m" value="{NRequestView>ParnrNew}"  showValueHelp="true" valueHelpRequest="handleValueHelpChgBPBP" editable="{NRequestView>Update}"/>
					<Text xmlns="sap.m" text="{NRequestView>Name1}"/>
					<Text xmlns="sap.m" text="{NRequestView>Addrln}"/>
				</cells>
			</ColumnListItem>
		</items>-->
	</Table>
</core:FragmentDefinition>