<core:FragmentDefinition xmlns="sap.m" xmlns:l="sap.ui.layout" xmlns:smartField="sap.ui.comp.smartfield" xmlns:f="sap.ui.layout.form"
	xmlns:core="sap.ui.core">
	<l:Grid defaultSpan="L12 M12 S12" width="auto">
		<l:content>
			<f:SimpleForm id="FormChange354ID" visible="false" minWidth="1024" maxContainerCols="2" editable="true" layout="ResponsiveGridLayout"
				labelSpanL="5" labelSpanM="5" emptySpanL="0" emptySpanM="0" columnsL="2" columnsM="2" class="editableForm">
				<f:content>
					<core:Title text=""/>
					<Label text="{i18n>detailIDLabelText1}"/>
					<!--	<Input id="ChgIDAN" value="{Zzipapplnum}"/>-->
					<smartField:SmartField editable="{worklistView>/editScreen}"  change="changeInMatterDetails" value="{Zzipapplnum}"/>
					<Label text="{i18n>detailIDLabelText2}"/>
					<DatePicker change="changeInMatterDetails" enabled="{worklistView>/editScreen}" id="ChgIDAD" valueFormat="yyyy-MM-dd" displayFormat="yyyy-MM-dd"
					 value="{ path: 'Zzipappldate', formatter: '.formatter.myDate1'}"/>
					<Label text="{i18n>detailIDLabelText3}"/>
					<!--<Input id="ChgIDRN" value="{Zzipregnum}"/>-->
					<smartField:SmartField editable="{worklistView>/editScreen}"  change="changeInMatterDetails" value="{Zzipregnum}"/>
					<Label text="{i18n>detailIDLabelText4}"/>
					<DatePicker change="changeInMatterDetails" enabled="{worklistView>/editScreen}" id="ChgIDRD" valueFormat="yyyy-MM-dd" displayFormat="yyyy-MM-dd"   value="{ path: 'Zzipregdt', formatter: '.formatter.myDate1'}"/>
					<core:Title text=""/>
					<Label text="{i18n>detailIDLabelText8}"/>
					<!--	<Input id="ChgIDIC" value="{Zzcasecatcd}" description="{Zzcasecatcddesc}" fieldWidth="40%" showValueHelp="true"
						valueHelpRequest="handleValueHelpChgIDIC"/>-->
					<smartField:SmartField editable="{worklistView>/editScreen}"  change="changeInMatterDetails" value="{Zzcasecatcddesc}"/>
					<Label text="{i18n>detailIDLabelText9}"/>
					<!--<Input id="ChgIDIJ" value="{Zzipjurisdcd}"/>-->
					<smartField:SmartField editable="{worklistView>/editScreen}"  change="changeInMatterDetails" value="{Zzipjurisdcddesc}"/>
					<Label text="{i18n>detailIDLabelText10}"/>
					<!--	<Input id="ChgIDAY" value="{Zzipanuyear}"/>-->
					<smartField:SmartField editable="{worklistView>/editScreen}"  change="changeInMatterDetails" value="{Zzipanuyear}"/>
				</f:content>
			</f:SimpleForm>
		</l:content>
	</l:Grid>
</core:FragmentDefinition>