<core:FragmentDefinition xmlns="sap.m" xmlns:smartField="sap.ui.comp.smartfield" xmlns:l="sap.ui.layout" xmlns:f="sap.ui.layout.form"
	xmlns:core="sap.ui.core">
	<l:Grid defaultSpan="L12 M12 S12" width="auto">
		<l:content>
			<f:SimpleForm id="FormChange354MI" visible="false" minWidth="1024" maxContainerCols="2" editable="true" layout="ResponsiveGridLayout"
				labelSpanL="5" labelSpanM="5" emptySpanL="0" emptySpanM="0" columnsL="2" columnsM="2" class="editableForm">
				<f:content>
					<core:Title text=""/>
					<Label text="{i18n>detailMILabelText1}" required="true"/>
					<!--<Text text="{} {Zzmattertypedesc}"/>-->
					<smartField:SmartField editable="{worklistView>/editScreen}" change="changeInMatterDetailsDD" value="{Zzmattertypedesc}">
						<smartField:configuration>
							<smartField:Configuration controlType="dropDownList" displayBehaviour="idOnly"/>
						</smartField:configuration>
					</smartField:SmartField>
					<Label text="{i18n>detailBDLabelText1}" required="true"/>
					<!--			<Input id="ChgBDET" description="{Zzenttypedesc}" fieldWidth="40%" value="{Zzenttype}" valueStateText="{i18n>detailBDValueStateText1}"
						enabled="{ path:'Auth', formatter:'.formatter.myBooleanV' }" liveChange="handleLiveChg" showValueHelp="true"
						valueHelpRequest="handleValueHelpChgBDET"></Input>-->
					<smartField:SmartField editable="{worklistView>/editScreen}" change="changeInMatterDetails" value="{Zzenttype}"/>
					<Label text="{i18n>detailMILabelText2}" required="true"/>
					<!--<Text text="{Zzmattercat} {Zzmattercatdesc}"/>-->
					<smartField:SmartField editable="{worklistView>/editScreen}" change="changeInMatterDetails" value="{Zzmattercatdesc}">
						<smartField:configuration>
							<smartField:Configuration preventInitialDataFetchInValueHelpDialog="false"/>
						</smartField:configuration>
					</smartField:SmartField>
					<Label text="{i18n>detailBDLabelText14}" required="true"/>
					<!--		<Input id="ChgBDTU" description="{Zztimeentryunitdesc}" fieldWidth="40%" value="{Zztimeentryunit}" showValueHelp="true"
						valueHelpRequest="handleValueHelpChgBDTU"></Input>-->
					<smartField:SmartField editable="{worklistView>/editScreen}" change="changeInMatterDetails" value="{Zztimeentryunit}"/>
					<Label text="{i18n>detailMILabelText6}"/>
					<!--	<Input id="ChgMIMPG" description="{Zzmprgrpdesc}" fieldWidth="40%" value="{Zzmprgrp}" showValueHelp="true"
						valueHelpRequest="handleValueHelpChgMIMPG"></Input>-->
					<smartField:SmartField editable="{worklistView>/editScreen}" change="changeInMatterDetails" value="{Zzmprgrpdesc}" showSuggestion="false"
						showValueHelp="false"/>
					<Label text="{i18n>detailMILabelText14}"/>
					<!--	<Input id="ChgMIMR" description="{Zzmatrptgrpdesc}" fieldWidth="40%" value="{Zzmatrptgrp}" change="handle" showValueHelp="true"
						valueHelpRequest="handleValueHelpChgMIMR"></Input>-->
					<smartField:SmartField editable="{worklistView>/editScreen}" change="changeInMatterDetails" value="{Zzmatrptgrpdesc}" showSuggestion="false"
						showValueHelp="false"/>
					<Label text="{i18n>detailMILabelText3}"/>
					<!--	<Input id="ChgMIGB" description="{Zzgrpbilldesc}" fieldWidth="40%" value="{Zzgrpbill}" change="handle" showValueHelp="true"
						valueHelpRequest="handleValueHelpChgMIGB"></Input>-->
					<smartField:SmartField editable="{worklistView>/editScreen}" change="changeInMatterDetails" value="{Zzgrpbilldesc}" showSuggestion="false"
						showValueHelp="false"/>
					<Label text="{i18n>detailMILabelText18}" required="true"/>
					<!--	<Input id="ChgMIPG" description="{Zzpracticegroupdesc}" fieldWidth="40%" value="{Zzpracticegroup}" showValueHelp="true"
						valueHelpRequest="handleValueHelpChgMIPG"></Input>-->
					<smartField:SmartField editable="{worklistView>/editScreen}" change="changeInMatterDetailsDD" value="{Zzpracticegroupdesc}">
						<smartField:configuration>
							<smartField:Configuration controlType="dropDownList" displayBehaviour="idOnly"/>
						</smartField:configuration>
					</smartField:SmartField>
					<core:Title text=""/>
					<Label text="{i18n>detailMILabelText15}"/>
					<Input editable="{worklistView>/editScreen}" liveChange="changeMatterInCurrDetails" id="ChgMIEF" textAlign="Right" value="{Zzefees}"></Input>
					<Label text="{i18n>detailMILabelText16}"/>
					<Input editable="{worklistView>/editScreen}" liveChange="changeMatterInCurrDetails" id="ChgMIEC" textAlign="Right" value="{Zzecost}"></Input>
					<Label text="{i18n>detailMILabelText17}"/>
					<Input editable="{worklistView>/editScreen}" liveChange="changeMatterInCurrDetails" id="ChgMIET" textAlign="Right" value="{Zzetotal}"></Input>
					<Label text="{i18n>detailMILabelText21}"/>
					<Input editable="{worklistView>/editScreen}" liveChange="liveMatterPercent" id="ChgMIPP" value="{Zzwipprovpercent}" maxLength="5"></Input>
					<Label text="{i18n>detailMILabelText19}"/>
					<Switch enabled="{worklistView>/editScreen}" id="ChgMISL" change="handleSwitchChange"
						state="{ path:'Zzsyndlomat', formatter:'.formatter.myBooleanV' }" customTextOn="{i18n>detailMILabelText8}"
						customTextOff="{i18n>detailMILabelText9}"/>
					<Label text="{i18n>detailMILabelText20}"/>
					<Switch enabled="{worklistView>/editScreen}" id="ChgMIPT" change="handleSwitchChange"
						state="{ path:'Zzpassthru', formatter:'.formatter.myBooleanV' }" customTextOn="{i18n>detailMILabelText8}"
						customTextOff="{i18n>detailMILabelText9}"/>
					<Label text="{i18n>detailMILabelText13}"/>
					<Switch enabled="{worklistView>/editScreen}" id="ChgMIP" change="handleSwitchChange"
						state="{ path:'Zzpriconf', formatter:'.formatter.myBooleanV' }" customTextOn="{i18n>detailMILabelText8}"
						customTextOff="{i18n>detailMILabelText9}"/>
				</f:content>
			</f:SimpleForm>
		</l:content>
	</l:Grid>
</core:FragmentDefinition>