<core:FragmentDefinition xmlns="sap.m" xmlns:l="sap.ui.layout" xmlns:smartField="sap.ui.comp.smartfield" xmlns:f="sap.ui.layout.form"
	xmlns:core="sap.ui.core">
	<l:Grid defaultSpan="L12 M12 S12" width="auto">
		<l:content>
			<f:SimpleForm id="FormChange354OD" visible="false" minWidth="1024" maxContainerCols="2" editable="true" layout="ResponsiveGridLayout"
				labelSpanL="5" labelSpanM="5" emptySpanL="0" emptySpanM="0" columnsL="2" columnsM="2" class="editableForm">
				<f:content>
					<core:Title text=""/>
					<Label text="{i18n>detailODLabelText1}" required="true"/>
					<!-- <Input id="ChgODBL" description="{Zzbsprasdesc}" fieldWidth="40%" value="{Zzbspras}" valueStateText="{i18n>detailODValueStateText1}"
            liveChange="handleLiveChg" showValueHelp="true" valueHelpRequest="handleValueHelpChgODBL"></Input>-->
					<smartField:SmartField editable="{worklistView>/editScreen}"  change="changeInMatterDetails" value="{Zzbsprasdesc}">
							<smartField:configuration>
					<smartField:Configuration preventInitialDataFetchInValueHelpDialog="false"/>
				</smartField:configuration>
			</smartField:SmartField>
					<Label text="{i18n>detailODLabelText3}"/>
					<!--	<Input id="ChgODDBF" description="{Zzdrftformatdesc}" fieldWidth="40%" value="{Zzdrftformat}"
						valueStateText="{i18n>detailODValueStateText2}" showValueHelp="true" valueHelpRequest="handleValueHelpChgODDBF"></Input>-->
					<smartField:SmartField editable="{worklistView>/editScreen}"  change="changeInMatterDetails" value="{Zzdrftformatdesc}"/>
					<Label text="{i18n>detailODLabelText4}"/>
					<!--	<Input id="ChgODFBF" description="{Zzfnalformatdesc}" fieldWidth="40%" value="{Zzfnalformat}"
						valueStateText="{i18n>detailODValueStateText3}" showValueHelp="true" valueHelpRequest="handleValueHelpChgODFBF"></Input>-->
					<smartField:SmartField editable="{worklistView>/editScreen}"  change="changeInMatterDetails" value="{Zzfnalformatdesc}"/>
					<Label text="{i18n>detailODLabelText5}"/>
					<!--	<Input id="ChgODTD" description="{Zztmdtldesc}" fieldWidth="40%" value="{Zztmdtl}" valueStateText="{i18n>detailODValueStateText4}"
						showValueHelp="true" valueHelpRequest="handleValueHelpChgODTD"></Input>-->
					<smartField:SmartField editable="{worklistView>/editScreen}"  change="changeInMatterDetails" value="{Zztmdtldesc}"/>
					<Label text="{i18n>detailODLabelText6}"/>
					<!--	<Input id="ChgODTK" description="{Zztksumrydesc}" fieldWidth="40%" value="{Zztksumry}" valueStateText="{i18n>detailODValueStateText5}"
						showValueHelp="true" valueHelpRequest="handleValueHelpChgODTK"></Input>-->
					<smartField:SmartField editable="{worklistView>/editScreen}"  change="changeInMatterDetails" value="{Zztksumrydesc}"/>
					<Label text="{i18n>detailODLabelText7}" tooltip="Cost Detail and Summary"/>
					<!--		<Input id="ChgODCD" description="{Zzcstdtsumrydesc}" fieldWidth="40%" value="{Zzcstdtsumry}" valueStateText="{i18n>detailODValueStateText6}"
						showValueHelp="true" valueHelpRequest="handleValueHelpChgODCD"></Input>-->
					<smartField:SmartField editable="{worklistView>/editScreen}"  change="changeInMatterDetails" value="{Zzcstdtsumrydesc}"/>
					<core:Title text=""/>
					<Label text="{i18n>detailODLabelText2}"/>
					<!--	<Input id="ChgODIV" description="{Zzintverdesc}" fieldWidth="40%" value="{Zzintver}" showValueHelp="true"
						valueHelpRequest="handleValueHelpChgODIV"></Input>-->
					<smartField:SmartField editable="{worklistView>/editScreen}"  change="changeInMatterDetails" value="{Zzintverdesc}"/>
					<Label text="{i18n>detailODLabelText8}" required="{ path:'Ebillcheck', formatter:'.formatter.myBooleanV' }"/>
				<!--	<Input id="ChgODCCNbr" value="{Zzclcasenbr}" liveChange="handleLiveChgEbill" valueStateText="{i18n>detailODValueStateText7}"/>-->
					<smartField:SmartField editable="{worklistView>/editScreen}"  change="changeInMatterDetails" value="{Zzclcasenbr}"/>
					<Label text="{i18n>detailODLabelText9}"/>
					<!--<Input id="ChgODCCN" value="{Zzclcasename}"/>-->
					<smartField:SmartField editable="{worklistView>/editScreen}"  change="changeInMatterDetails" value="{Zzclcasename}"/>
					<!--<Label text="{i18n>detailODLabelText10}"/>
          <Input id="ChgODS1" value="{Zzipsort1}"/>
          <Label text="{i18n>detailODLabelText11}"/>
          <Input id="ChgODS2" value="{Zzipsort2}"/>
          <Label text="{i18n>detailODLabelText12}"/>
          <Input id="ChgODS3" value="{Zzipsort3}"/>
          <Label text="{i18n>detailODLabelText13}"/>
          <Input id="ChgODS4" value="{Zzipsort4}"/>
          <Label text="{i18n>detailODLabelText14}"/>
          <Input id="ChgODS5" value="{Zzipsort5}"/>-->
					<Label text="{i18n>detailODLabelText15}"/>
					<Switch enabled="{worklistView>/editScreen}" id="ChgODPN" change="handleSwitchChange" state="{ path:'Zzmatpageno', formatter:'.formatter.myBooleanV' }" customTextOn="{i18n>detailODLabelText18}"
						customTextOff="{i18n>detailODLabelText19}"/>
					<Label text="{i18n>detailODLabelText16}"/>
					<Switch enabled="{worklistView>/editScreen}" id="ChgODRP" change="handleSwitchChange" state="{ path:'Zzmatremit', formatter:'.formatter.myBooleanV' }" customTextOn="{i18n>detailODLabelText18}"
						customTextOff="{i18n>detailODLabelText19}"/>
					<!--<Label text="{i18n>detailODLabelText17}"/>
          <Switch id="ChgODWO" state="{ path:'Zzsumwodesc', formatter:'.formatter.myBoolean' }"
            customTextOn="{i18n>detailODLabelText18}" customTextOff="{i18n>detailODLabelText19}"/>
        -->
				</f:content>
			</f:SimpleForm>
		</l:content>
	</l:Grid>
</core:FragmentDefinition>