<core:FragmentDefinition xmlns="sap.m" xmlns:l="sap.ui.layout" xmlns:smartField="sap.ui.comp.smartfield" xmlns:f="sap.ui.layout.form"
	xmlns:core="sap.ui.core">
	<l:Grid defaultSpan="L12 M12 S12" width="auto">
		<l:content>
			<f:SimpleForm id="FormChange354TD" visible="false" minWidth="1024" maxContainerCols="2" editable="true" layout="ResponsiveGridLayout"
				labelSpanL="5" labelSpanM="5" emptySpanL="0" emptySpanM="0" columnsL="2" columnsM="2" class="editableForm">
				<f:content>
					<core:Title text=""/>
					<Label text="{i18n>detailTDLabelText1}"/>
				<!--	<Input id="ChgTDSI" value="{Zzsubindcode}" description="{Zzsubindcodedesc}" fieldWidth="40%" showValueHelp="true"
						valueHelpRequest="handleValueHelpChgTDSI"/>-->
					<smartField:SmartField editable="{worklistView>/editScreen}"  change="changeInMatterDetails" value="{Zzsubindcodedesc}"/>
					<Label text="{i18n>detailTDLabelText2}"/>
				<!--	<Input id="ChgTDTA" value="{Zztecharea}" description="{Zztechareadesc}" fieldWidth="40%" showValueHelp="true"
						valueHelpRequest="handleValueHelpChgTDTA"/>-->
					<smartField:SmartField editable="{worklistView>/editScreen}"  change="changeInMatterDetails" value="{Zztechareadesc}"/>
					<core:Title text=""/>
					<Label text="{i18n>detailTDLabelText3}"/>
				<!--	<Input id="ChgTDNP" value="{Zznatureprocd}" description="{Zznatureprocddesc}" fieldWidth="40%" showValueHelp="true"
						valueHelpRequest="handleValueHelpChgTDNP"/>-->
					<smartField:SmartField editable="{worklistView>/editScreen}"  change="changeInMatterDetails" value="{Zznatureprocddesc}"/>
				</f:content>
			</f:SimpleForm>
		</l:content>
	</l:Grid>
</core:FragmentDefinition>