<core:FragmentDefinition xmlns="sap.m" xmlns:core="sap.ui.core">
<!--	<Table xmlns="sap.ui.table" id="FormDisplay354WO" selectionMode="None" visibleRowCount="10" noDataText="{i18n>detailWOLabelText5}">
		<columns>
			<Column xmlns="sap.ui.table">
				<label>
					<Label xmlns="sap.m" text="{i18n>detailWOLabelText1}"/>
				</label>
				<template>
					<Text xmlns="sap.m" text="{OfficeCode}"/>
				</template>
			</Column>
			<Column xmlns="sap.ui.table">
				<label>
					<Label xmlns="sap.m" text="{i18n>detailWOLabelText2}"/>
				</label>
				<template>
					<Text xmlns="sap.m" text="{OfficeName}"/>
				</template>
			</Column>
			<Column xmlns="sap.ui.table">
				<label>
					<Label xmlns="sap.m" text="{i18n>detailWOLabelText3}"/>
				</label>
				<template>
					<Text xmlns="sap.m" text="{CompCode}"/>
				</template>
			</Column>
			<Column xmlns="sap.ui.table">
				<label>
					<Label xmlns="sap.m" text="{i18n>detailWOLabelText4}"/>
				</label>
				<template>
					<Text xmlns="sap.m" text="{Country}"/>
				</template>
			</Column>
		</columns>
	</Table>-->
	<Table id="FormDisplay354WO" mode="{path:'worklistView>/editScreen',formatter:'.formatter.showButton'}" delete="handleWOPayer">
		<columns>
			<Column>
				<Label text="{i18n>detailWOLabelText2}"/>
			</Column>
			<Column>
				<Label text="{i18n>detailWOLabelText3}"/>
			</Column>
				<Column>
				<Label text="{i18n>detailWOLabelText4}"/>
			</Column>
			<Column hAlign="Right" width="7rem">
				<Label text=" "/>
			</Column>
		</columns>
	</Table>
</core:FragmentDefinition>