<core:FragmentDefinition xmlns="sap.m" xmlns:core="sap.ui.core"
	xmlns:custom="http://schemas.sap.com/sapui5/extension/sap.ui.core.CustomData/1" xmlns:smartTable="sap.ui.comp.smarttable"
	xmlns:table="sap.ui.table" xmlns:smartField="sap.ui.comp.smartfield">
	<smartTable:SmartTable id="swbTable" smartFilterId="swbFilterBar" tableType="Table" useExportToExcel="false"
		entitySet="zops_c_site_workbench" showFullScreenButton="false" header="Records" showRowCount="true" enableAutoBinding="false"
		exportType="UI5Client" beforeExport="onBeforeExport" beforeRebindTable="onBeforeRebindTable" custom:useSmartField="true"
		useVariantManagement="true" useTablePersonalisation="false" demandPopin="false" persistencyKey="siteworkbench.ZOPS_E211_SITEWB.SmartTable">
		<smartTable:customToolbar>
			<OverflowToolbar design="Transparent">
				<ToolbarSpacer/>
				<Link text="Non-Environmental Site |" press="onPressNonEnvironmentalNewSite"/>
				<Link text="Environmental Site |" press="onPressNonEnvironmentalNewSite"/>
				<Link text="New Claim" press="onPressNonEnvironmentalNewSite"/>
			</OverflowToolbar>
		</smartTable:customToolbar>
		<table:Table enableColumnReordering="true" enableColumnFreeze="false" fixedColumnCount="1" alternateRowColors="true" selectionMode="None">
			<table:Column width="9rem" autoResizable="true">
				<table:label>
					<Label text="Site Number"/>
				</table:label>
				<table:template>
					<Link text="{site_num}" press="onPressLineItemSiteNo"/>
				</table:template>
				<table:customData>
					<core:CustomData key="p13nData" value='\{"columnKey": "site_num", "leadingProperty": "site_num"}'/>
				</table:customData>
			</table:Column>
			<table:Column width="7rem" autoResizable="true">
				<table:label>
					<Label text="Site Type"/>
				</table:label>
				<table:template>
					<Text text="{site_type}"/>
				</table:template>
				<table:customData>
					<core:CustomData key="p13nData" value='\{"columnKey": "site_type", "leadingProperty": "site_type"}'/>
				</table:customData>
			</table:Column>
			<table:Column width="9rem" autoResizable="true">
				<table:label>
					<Label text="BU Site Number"/>
				</table:label>
				<table:template>
					<Text text="{site_num_bu}"/>
				</table:template>
				<table:customData>
					<core:CustomData key="p13nData" value='\{"columnKey": "site_num_bu", "leadingProperty": "site_num_bu"}'/>
				</table:customData>
			</table:Column>
			<table:Column width="12rem" autoResizable="true">
				<table:label>
					<Label text="Alternate Reference Site Number"/>
				</table:label>
				<table:template>
					<Text text="{site_num_ref}"/>
				</table:template>
				<table:customData>
					<core:CustomData key="p13nData" value='\{"columnKey": "site_num_ref", "leadingProperty": "site_num_ref"}'/>
				</table:customData>
			</table:Column>
			<table:Column width="12rem" autoResizable="true">
				<table:label>
					<Label text="Request Status"/>
				</table:label>
				<table:template>
					<Text text="{status}"/>
				</table:template>
				<table:customData>
					<core:CustomData key="p13nData" value='\{"columnKey": "status", "leadingProperty": "status"}'/>
				</table:customData>
			</table:Column>
			<table:Column width="26rem" autoResizable="true">
				<table:label>
					<Label text="Project Name"/>
				</table:label>
				<table:template>
					<Text text="{project_name}"/>
				</table:template>
				<table:customData>
					<core:CustomData key="p13nData" value='\{"columnKey": "project_name", "leadingProperty": "project_name"}'/>
				</table:customData>
			</table:Column>
			<table:Column width="12rem" autoResizable="true">
				<table:label>
					<Label text="Site Status"/>
				</table:label>
				<table:template>
					<Text text="{site_status}"/>
				</table:template>
				<table:customData>
					<core:CustomData key="p13nData" value='\{"columnKey": "site_status", "leadingProperty": "site_status"}'/>
				</table:customData>
			</table:Column>
			<table:Column width="9rem" autoResizable="true">
				<table:label>
					<Label text="Site Phase"/>
				</table:label>
				<table:template>
					<Text text="{site_phase}"/>
				</table:template>
				<table:customData>
					<core:CustomData key="p13nData" value='\{"columnKey": "site_phase", "leadingProperty": "site_phase"}'/>
				</table:customData>
			</table:Column>
			<table:Column width="9rem" autoResizable="true">
				<table:label>
					<Label text="Site Sub-phase"/>
				</table:label>
				<table:template>
					<Text text="{site_subphase}"/>
				</table:template>
				<table:customData>
					<core:CustomData key="p13nData" value='\{"columnKey": "site_subphase", "leadingProperty": "site_subphase"}'/>
				</table:customData>
			</table:Column>
			<table:Column width="12rem" autoResizable="true">
				<table:label>
					<Label text="Address"/>
				</table:label>
				<table:template>
					<Text text="{addr}"/>
				</table:template>
				<table:customData>
					<core:CustomData key="p13nData" value='\{"columnKey": "addr", "leadingProperty": "addr"}'/>
				</table:customData>
			</table:Column>
			<table:Column width="12rem" autoResizable="true">
				<table:label>
					<Label text="Site GPS Latitude"/>
				</table:label>
				<table:template>
					<Text text="{gps_lat}"/>
				</table:template>
				<table:customData>
					<core:CustomData key="p13nData" value='\{"columnKey": "gps_lat", "leadingProperty": "gps_lat"}'/>
				</table:customData>
			</table:Column>
			<table:Column width="9rem" autoResizable="true">
				<table:label>
					<Label text="Site GPS Longitude"/>
				</table:label>
				<table:template>
					<Text text="{gps_long}"/>
				</table:template>
				<table:customData>
					<core:CustomData key="p13nData" value='\{"columnKey": "gps_long", "leadingProperty": "gps_long"}'/>
				</table:customData>
			</table:Column>
			<table:Column width="9rem" autoResizable="true">
				<table:label>
					<Label text="Site City"/>
				</table:label>
				<table:template>
					<Text text="{city}"/>
				</table:template>
				<table:customData>
					<core:CustomData key="p13nData" value='\{"columnKey": "city", "leadingProperty": "city"}'/>
				</table:customData>
			</table:Column>
			<table:Column width="9rem" autoResizable="true">
				<table:label>
					<Label text="Site County"/>
				</table:label>
				<table:template>
					<Text text="{county}"/>
				</table:template>
				<table:customData>
					<core:CustomData key="p13nData" value='\{"columnKey": "county", "leadingProperty": "county"}'/>
				</table:customData>
			</table:Column>
			<table:Column width="9rem" autoResizable="true">
				<table:label>
					<Label text="Country Key"/>
				</table:label>
				<table:template>
					<Text text="{land1}"/>
				</table:template>
				<table:customData>
					<core:CustomData key="p13nData" value='\{"columnKey": "land1", "leadingProperty": "land1"}'/>
				</table:customData>
			</table:Column>
			<table:Column width="11rem" autoResizable="true">
				<table:label>
					<Label text="State/Province"/>
				</table:label>
				<table:template>
					<Text text="{state}"/>
				</table:template>
				<table:customData>
					<core:CustomData key="p13nData" value='\{"columnKey": "state", "leadingProperty": "state"}'/>
				</table:customData>
			</table:Column>
			<table:Column width="9rem" autoResizable="true">
				<table:label>
					<Label text="Postal Code"/>
				</table:label>
				<table:template>
					<Text text="{pstlz}"/>
				</table:template>
				<table:customData>
					<core:CustomData key="p13nData" value='\{"columnKey": "land1", "leadingProperty": "land1"}'/>
				</table:customData>
			</table:Column>
			<table:Column width="9rem" autoResizable="true">
				<table:label>
					<Label text="Site Region"/>
				</table:label>
				<table:template>
					<Text text="{region}"/>
				</table:template>
				<table:customData>
					<core:CustomData key="p13nData" value='\{"columnKey": "region", "leadingProperty": "region"}'/>
				</table:customData>
			</table:Column>
			<table:Column width="9rem" autoResizable="true">
				<table:label>
					<Label text="Site Operator"/>
				</table:label>
				<table:template>
					<Text text="{operator}"/>
				</table:template>
				<table:customData>
					<core:CustomData key="p13nData" value='\{"columnKey": "operator", "leadingProperty": "operator"}'/>
				</table:customData>
			</table:Column>
			<table:Column width="14rem" autoResizable="true">
				<table:label>
					<Label text="Heritage Company"/>
				</table:label>
				<table:template>
					<Text text="{heritage_company}"/>
				</table:template>
				<table:customData>
					<core:CustomData key="p13nData" value='\{"columnKey": "heritage_company", "leadingProperty": "heritage_company"}'/>
				</table:customData>
			</table:Column>
			<table:Column width="11rem" autoResizable="true">
				<table:label>
					<Label text="Restructure Company"/>
				</table:label>
				<table:template>
					<Text text="{restruct_company}"/>
				</table:template>
				<table:customData>
					<core:CustomData key="p13nData" value='\{"columnKey": "restruct_company", "leadingProperty": "restruct_company"}'/>
				</table:customData>
			</table:Column>
			<table:Column width="9rem" autoResizable="true">
				<table:label>
					<Label text="Site Planned?"/>
				</table:label>
				<table:template>
					<Text text="{site_planned}"/>
				</table:template>
				<table:customData>
					<core:CustomData key="p13nData" value='\{"columnKey": "site_planned", "leadingProperty": "site_planned"}'/>
				</table:customData>
			</table:Column>
			<table:Column width="13rem" autoResizable="true">
				<table:label>
					<Label text="Controlling Area"/>
				</table:label>
				<table:template>
					<Text text="{kokrs}"/>
				</table:template>
				<table:customData>
					<core:CustomData key="p13nData" value='\{"columnKey": "kokrs", "leadingProperty": "kokrs"}'/>
				</table:customData>
			</table:Column>
			<table:Column width="11rem" autoResizable="true">
				<table:label>
					<Label text="Payment Company Code"/>
				</table:label>
				<table:template>
					<Text text="{bukrs_payment}"/>
				</table:template>
				<table:customData>
					<core:CustomData key="p13nData" value='\{"columnKey": "bukrs_payment", "leadingProperty": "bukrs_payment"}'/>
				</table:customData>
			</table:Column>
			<table:Column width="9rem" autoResizable="true">
				<table:label>
					<Label text="Liability Company Code"/>
				</table:label>
				<table:template>
					<Text text="{bukrs_liability}"/>
				</table:template>
				<table:customData>
					<core:CustomData key="p13nData" value='\{"columnKey": "bukrs_liability", "leadingProperty": "bukrs_liability"}'/>
				</table:customData>
			</table:Column>
			<table:Column width="9rem" autoResizable="true">
				<table:label>
					<Label text="Liability Cost Center"/>
				</table:label>
				<table:template>
					<Text text="{kostl_liability}"/>
				</table:template>
				<table:customData>
					<core:CustomData key="p13nData" value='\{"columnKey": "kostl_liability", "leadingProperty": "kostl_liability"}'/>
				</table:customData>
			</table:Column>
			<table:Column width="9rem" autoResizable="true">
				<table:label>
					<Label text="Expense Company Code"/>
				</table:label>
				<table:template>
					<Text text="{bukrs_expense}"/>
				</table:template>
				<table:customData>
					<core:CustomData key="p13nData" value='\{"columnKey": "bukrs_expense", "leadingProperty": "bukrs_expense"}'/>
				</table:customData>
			</table:Column>
			<table:Column width="9rem" autoResizable="true">
				<table:label>
					<Label text="Expense Cost Center"/>
				</table:label>
				<table:template>
					<Text text="{kostl_expense}"/>
				</table:template>
				<table:customData>
					<core:CustomData key="p13nData" value='\{"columnKey": "kostl_expense", "leadingProperty": "kostl_expense"}'/>
				</table:customData>
			</table:Column>
			<table:Column width="9rem" autoResizable="true">
				<table:label>
					<Label text="Currency Key"/>
				</table:label>
				<table:template>
					<Text text="{curr}"/>
				</table:template>
				<table:customData>
					<core:CustomData key="p13nData" value='\{"columnKey": "curr", "leadingProperty": "curr"}'/>
				</table:customData>
			</table:Column>
			<table:Column width="11rem" autoResizable="true">
				<table:label>
					<Label text="Site Manager User Name"/>
				</table:label>
				<table:template>
					<Text text="{site_mgr_uname}"/>
				</table:template>
				<table:customData>
					<core:CustomData key="p13nData" value='\{"columnKey": "site_mgr_uname", "leadingProperty": "site_mgr_uname"}'/>
				</table:customData>
			</table:Column>
			<table:Column width="9rem" autoResizable="true">
				<table:label>
					<Label text="Site Manager Personnel Number"/>
				</table:label>
				<table:template>
					<Text text="{site_mgr_pernr}"/>
				</table:template>
				<table:customData>
					<core:CustomData key="p13nData" value='\{"columnKey": "site_mgr_pernr", "leadingProperty": "site_mgr_pernr"}'/>
				</table:customData>
			</table:Column>
			<table:Column width="11rem" autoResizable="true">
				<table:label>
					<Label text="Regional Manager User Name"/>
				</table:label>
				<table:template>
					<Text text="{region_mgr_uname}"/>
				</table:template>
				<table:customData>
					<core:CustomData key="p13nData" value='\{"columnKey": "region_mgr_uname", "leadingProperty": "region_mgr_uname"}'/>
				</table:customData>
			</table:Column>
			<table:Column width="16rem" autoResizable="true">
				<table:label>
					<Label text="Business Unit"/>
				</table:label>
				<table:template>
					<Text text="{bus_unit}"/>
				</table:template>
				<table:customData>
					<core:CustomData key="p13nData" value='\{"columnKey": "bus_unit", "leadingProperty": "bus_unit"}'/>
				</table:customData>
			</table:Column>
			<table:Column width="9rem" autoResizable="true">
				<table:label>
					<Label text="Property Class"/>
				</table:label>
				<table:template>
					<Text text="{prop_class}"/>
				</table:template>
				<table:customData>
					<core:CustomData key="p13nData" value='\{"columnKey": "prop_class", "leadingProperty": "prop_class"}'/>
				</table:customData>
			</table:Column>
			<table:Column width="9rem" autoResizable="true">
				<table:label>
					<Label text="Remediation Organization"/>
				</table:label>
				<table:template>
					<Text text="{rem_org}"/>
				</table:template>
				<table:customData>
					<core:CustomData key="p13nData" value='\{"columnKey": "rem_org", "leadingProperty": "rem_org"}'/>
				</table:customData>
			</table:Column>
			<table:Column width="15rem" autoResizable="true">
				<table:label>
					<Label text="Cost Sharing Agreement"/>
				</table:label>
				<table:template>
					<Text text="{cost_share}"/>
				</table:template>
				<table:customData>
					<core:CustomData key="p13nData" value='\{"columnKey": "cost_share", "leadingProperty": "cost_share"}'/>
				</table:customData>
			</table:Column>
			<table:Column width="9rem" autoResizable="true">
				<table:label>
					<Label text="Cost Sharing Account"/>
				</table:label>
				<table:template>
					<Text text="{cost_share_acct}"/>
				</table:template>
				<table:customData>
					<core:CustomData key="p13nData" value='\{"columnKey": "cost_share_acct", "leadingProperty": "cost_share_acct"}'/>
				</table:customData>
			</table:Column>
			<table:Column width="9rem" autoResizable="true">
				<table:label>
					<Label text="P66 Interest Percent"/>
				</table:label>
				<table:template>
					<Text text="{p66_interest}"/>
				</table:template>
				<table:customData>
					<core:CustomData key="p13nData" value='\{"columnKey": "p66_interest", "leadingProperty": "p66_interest"}'/>
				</table:customData>
			</table:Column>
			<table:Column width="9rem" autoResizable="true">
				<table:label>
					<Label text="Intended Scope"/>
				</table:label>
				<table:template>
					<Text text="{scope}"/>
				</table:template>
				<table:customData>
					<core:CustomData key="p13nData" value='\{"columnKey": "scope", "leadingProperty": "scope"}'/>
				</table:customData>
			</table:Column>
			<table:Column width="9rem" autoResizable="true">
				<table:label>
					<Label text="Assessment Level"/>
				</table:label>
				<table:template>
					<Text text="{assessment_level}"/>
				</table:template>
				<table:customData>
					<core:CustomData key="p13nData" value='\{"columnKey": "assessment_level", "leadingProperty": "assessment_level"}'/>
				</table:customData>
			</table:Column>
			<table:Column width="9rem" autoResizable="true">
				<table:label>
					<Label text="Corrective Action Plan"/>
				</table:label>
				<table:template>
					<Text text="{action_plan}"/>
				</table:template>
				<table:customData>
					<core:CustomData key="p13nData" value='\{"columnKey": "action_plan", "leadingProperty": "action_plan"}'/>
				</table:customData>
			</table:Column>
			<table:Column width="9rem" autoResizable="true">
				<table:label>
					<Label text="NFA Date"/>
				</table:label>
				<table:template>
					<!--<Text text="{nfa_date}"/>-->
					<smartField:SmartField value="{nfa_date}" editable="false" contextEditable="false"/>
				</table:template>
				<table:customData>
					<core:CustomData key="p13nData" value='\{"columnKey": "nfa_date", "leadingProperty": "nfa_date"}'/>
				</table:customData>
			</table:Column>
			<table:Column width="9rem" autoResizable="true">
				<table:label>
					<Label text="Date Sold"/>
				</table:label>
				<table:template>
					<!--<Text text="{sold_date}"/>-->
					<smartField:SmartField value="{sold_date}" editable="false" contextEditable="false"/>
				</table:template>
				<table:customData>
					<core:CustomData key="p13nData" value='\{"columnKey": "sold_date", "leadingProperty": "sold_date"}'/>
				</table:customData>
			</table:Column>
			<table:Column width="9rem" autoResizable="true">
				<table:label>
					<Label text="Lifecycle?"/>
				</table:label>
				<table:template>
					<Text text="{lifecycle}"/>
				</table:template>
				<table:customData>
					<core:CustomData key="p13nData" value='\{"columnKey": "lifecycle", "leadingProperty": "lifecycle"}'/>
				</table:customData>
			</table:Column>
			<table:Column width="9rem" autoResizable="true">
				<table:label>
					<Label text="Lifecycle Date"/>
				</table:label>
				<table:template>
					<!--<Text text="{lifecycle_date}"/>-->
					<smartField:SmartField value="{lifecycle_date}" editable="false" contextEditable="false"/>
				</table:template>
				<table:customData>
					<core:CustomData key="p13nData" value='\{"columnKey": "lifecycle_date", "leadingProperty": "lifecycle_date"}'/>
				</table:customData>
			</table:Column>
			<table:Column width="9rem" autoResizable="true">
				<table:label>
					<Label text="PPA/Material Site"/>
				</table:label>
				<table:template>
					<Text text="{mat_ppa_site}"/>
				</table:template>
				<table:customData>
					<core:CustomData key="p13nData" value='\{"columnKey": "mat_ppa_site", "leadingProperty": "mat_ppa_site"}'/>
				</table:customData>
			</table:Column>
			<table:Column width="9rem" autoResizable="true">
				<table:label>
					<Label text="Uncertainty?"/>
				</table:label>
				<table:template>
					<Text text="{uncertainty}"/>
				</table:template>
				<table:customData>
					<core:CustomData key="p13nData" value='\{"columnKey": "uncertainty", "leadingProperty": "uncertainty"}'/>
				</table:customData>
			</table:Column>
			<table:Column width="9rem" autoResizable="true">
				<table:label>
					<Label text="Indemnity/Guarantee?"/>
				</table:label>
				<table:template>
					<Text text="{indem_guar}"/>
				</table:template>
				<table:customData>
					<core:CustomData key="p13nData" value='\{"columnKey": "indem_guar", "leadingProperty": "indem_guar"}'/>
				</table:customData>
			</table:Column>
			<table:Column width="9rem" autoResizable="true">
				<table:label>
					<Label text="Indemnity/Guarantee Date"/>
				</table:label>
				<table:template>
					<!--<Text text="{indem_guar_date}"/>-->
					<smartField:SmartField value="{indem_guar_date}" editable="false" contextEditable="false"/>
				</table:template>
				<table:customData>
					<core:CustomData key="p13nData" value='\{"columnKey": "indem_guar_date", "leadingProperty": "indem_guar_date"}'/>
				</table:customData>
			</table:Column>
			<table:Column width="9rem" autoResizable="true">
				<table:label>
					<Label text="Amortize?"/>
				</table:label>
				<table:template>
					<Text text="{amortize}"/>
				</table:template>
				<table:customData>
					<core:CustomData key="p13nData" value='\{"columnKey": "amortize", "leadingProperty": "amortize"}'/>
				</table:customData>
			</table:Column>
			<table:Column width="9rem" autoResizable="true">
				<table:label>
					<Label text="Amortize Through Date"/>
				</table:label>
				<table:template>
					<!--<Text text="{amortize_date}"/>-->
					<smartField:SmartField value="{amortize_date}" editable="false" contextEditable="false"/>
				</table:template>
				<table:customData>
					<core:CustomData key="p13nData" value='\{"columnKey": "amortize_date", "leadingProperty": "amortize_date"}'/>
				</table:customData>
			</table:Column>
			<table:Column width="9rem" autoResizable="true">
				<table:label>
					<Label text="Reason for Site/Project"/>
				</table:label>
				<table:template>
					<Text text="{reason}"/>
				</table:template>
				<table:customData>
					<core:CustomData key="p13nData" value='\{"columnKey": "reason", "leadingProperty": "reason"}'/>
				</table:customData>
			</table:Column>
			<table:Column width="9rem" autoResizable="true">
				<table:label>
					<Label text="Created By"/>
				</table:label>
				<table:template>
					<Text text="{created_by}"/>
				</table:template>
				<table:customData>
					<core:CustomData key="p13nData" value='\{"columnKey": "created_by", "leadingProperty": "created_by"}'/>
				</table:customData>
			</table:Column>
			<table:Column width="9rem" autoResizable="true">
				<table:label>
					<Label text="Created On"/>
				</table:label>
				<table:template>
					<!--<Text text="{created_on}"/>-->
					<smartField:SmartField value="{created_on}" editable="false" contextEditable="false"/>
				</table:template>
				<table:customData>
					<core:CustomData key="p13nData" value='\{"columnKey": "created_on", "leadingProperty": "created_on"}'/>
				</table:customData>
			</table:Column>
			<table:Column width="9rem" autoResizable="true">
				<table:label>
					<Label text="Legacy Site Indicator"/>
				</table:label>
				<table:template>
					<Text text="{legacy_site}"/>
				</table:template>
				<table:customData>
					<core:CustomData key="p13nData" value='\{"columnKey": "legacy_site", "leadingProperty": "legacy_site"}'/>
				</table:customData>
			</table:Column>
			<table:Column width="18rem" autoResizable="true">
				<table:label>
					<Label text="Site Address for Search"/>
				</table:label>
				<table:template>
					<Text text="{srch_addr}"/>
				</table:template>
				<table:customData>
					<core:CustomData key="p13nData" value='\{"columnKey": "srch_addr", "leadingProperty": "srch_addr"}'/>
				</table:customData>
			</table:Column>
			<table:Column width="9rem" autoResizable="true">
				<table:label>
					<Label text="Site City for Search"/>
				</table:label>
				<table:template>
					<Text text="{srch_city}"/>
				</table:template>
				<table:customData>
					<core:CustomData key="p13nData" value='\{"columnKey": "srch_city", "leadingProperty": "srch_city"}'/>
				</table:customData>
			</table:Column>
			<table:Column width="9rem" autoResizable="true">
				<table:label>
					<Label text="Ownership"/>
				</table:label>
				<table:template>
					<Text text="{ownership}"/>
				</table:template>
				<table:customData>
					<core:CustomData key="p13nData" value='\{"columnKey": "ownership", "leadingProperty": "ownership"}'/>
				</table:customData>
			</table:Column>
			<table:Column width="9rem" autoResizable="true">
				<table:label>
					<Label text="Modified By"/>
				</table:label>
				<table:template>
					<Text text="{modified_by}"/>
				</table:template>
				<table:customData>
					<core:CustomData key="p13nData" value='\{"columnKey": "modified_by", "leadingProperty": "modified_by"}'/>
				</table:customData>
			</table:Column>
			<table:Column width="9rem" autoResizable="true">
				<table:label>
					<Label text="Modified On"/>
				</table:label>
				<table:template>
					<!--<Text text="{modified_on}"/>-->
					<smartField:SmartField value="{modified_on}" editable="false" contextEditable="false"/>
				</table:template>
				<table:customData>
					<core:CustomData key="p13nData" value='\{"columnKey": "modified_on", "leadingProperty": "modified_on"}'/>
				</table:customData>
			</table:Column>
			<table:Column width="12rem" autoResizable="true">
				<table:label>
					<Label text="WBS Element (Ext)"/>
				</table:label>
				<table:template>
					<Text text="{wbs_element}"/>
				</table:template>
				<table:customData>
					<core:CustomData key="p13nData" value='\{"columnKey": "wbs_element", "leadingProperty": "wbs_element"}'/>
				</table:customData>
			</table:Column>
			<table:Column width="50rem" autoResizable="true">
				<table:label>
					<Label text="Site Summary PM - Notes"/>
				</table:label>
				<table:template>
					<Text text="{pm_comments}"/>
				</table:template>
				<table:customData>
					<core:CustomData key="p13nData" value='\{"columnKey": "pm_comments", "leadingProperty": "pm_comments"}'/>
				</table:customData>
			</table:Column>
			<table:Column width="21rem" autoResizable="true">
				<table:label>
					<Label text="Cross Street - Site Summary PM"/>
				</table:label>
				<table:template>
					<Text text="{pm_cross_street}"/>
				</table:template>
				<table:customData>
					<core:CustomData key="p13nData" value='\{"columnKey": "pm_cross_street", "leadingProperty": "pm_cross_street"}'/>
				</table:customData>
			</table:Column>
			<table:Column width="9rem" autoResizable="true">
				<table:label>
					<Label text="Initial Date"/>
				</table:label>
				<table:template>
					<!--<Text text="{pm_initial_date}"/>-->
					<smartField:SmartField value="{pm_initial_date}" editable="false" contextEditable="false"/>
				</table:template>
				<table:customData>
					<core:CustomData key="p13nData" value='\{"columnKey": "pm_initial_date", "leadingProperty": "pm_initial_date"}'/>
				</table:customData>
			</table:Column>
			<table:Column width="9rem" autoResizable="true">
				<table:label>
					<Label text="Alignment"/>
				</table:label>
				<table:template>
					<Text text="{pm_alignment}"/>
				</table:template>
				<table:customData>
					<core:CustomData key="p13nData" value='\{"columnKey": "pm_alignment", "leadingProperty": "pm_alignment"}'/>
				</table:customData>
			</table:Column>
			<table:Column width="9rem" autoResizable="true">
				<table:label>
					<Label text="Sub Alignment"/>
				</table:label>
				<table:template>
					<Text text="{pm_sub_alignment}"/>
				</table:template>
				<table:customData>
					<core:CustomData key="p13nData" value='\{"columnKey": "pm_sub_alignment", "leadingProperty": "pm_sub_alignment"}'/>
				</table:customData>
			</table:Column>
			<table:Column width="9rem" autoResizable="true">
				<table:label>
					<Label text="Env Liability Transferred Date"/>
				</table:label>
				<table:template>
					<Text text="{fi_env_liab_transferred_date}"/>
				</table:template>
				<table:customData>
					<core:CustomData key="p13nData" value='\{"columnKey": "fi_env_liab_transferred_date", "leadingProperty": "fi_env_liab_transferred_date"}'/>
				</table:customData>
			</table:Column>
			<table:Column width="9rem" autoResizable="true">
				<table:label>
					<Label text="Env Liability Transferred To"/>
				</table:label>
				<table:template>
					<Text text="{fi_env_liab_transferred_to}"/>
				</table:template>
				<table:customData>
					<core:CustomData key="p13nData" value='\{"columnKey": "fi_env_liab_transferred_to", "leadingProperty": "fi_env_liab_transferred_to"}'/>
				</table:customData>
			</table:Column>
			<table:Column width="31rem" autoResizable="true">
				<table:label>
					<Label text="Reimbursement Comment"/>
				</table:label>
				<table:template>
					<Text text="{fi_reimbursement_comment}"/>
				</table:template>
				<table:customData>
					<core:CustomData key="p13nData" value='\{"columnKey": "fi_reimbursement_comment", "leadingProperty": "fi_reimbursement_comment"}'/>
				</table:customData>
			</table:Column>
			<table:Column width="13rem" autoResizable="true">
				<table:label>
					<Label text="us portfolio"/>
				</table:label>
				<table:template>
					<Text text="{fi_us_portfolio}"/>
				</table:template>
				<table:customData>
					<core:CustomData key="p13nData" value='\{"columnKey": "fi_us_portfolio", "leadingProperty": "fi_us_portfolio"}'/>
				</table:customData>
			</table:Column>
			<table:Column width="9rem" autoResizable="true">
				<table:label>
					<Label text="System Type"/>
				</table:label>
				<table:template>
					<Text text="{sys_type}"/>
				</table:template>
				<table:customData>
					<core:CustomData key="p13nData" value='\{"columnKey": "sys_type", "leadingProperty": "sys_type"}'/>
				</table:customData>
			</table:Column>
			<table:Column width="9rem" autoResizable="true">
				<table:label>
					<Label text="Checkbox"/>
				</table:label>
				<table:template>
					<Text text="{is_draft}"/>
				</table:template>
				<table:customData>
					<core:CustomData key="p13nData" value='\{"columnKey": "is_draft", "leadingProperty": "is_draft"}'/>
				</table:customData>
			</table:Column>
			<table:Column width="9rem" autoResizable="true">
				<table:label>
					<Label text="Checkbox"/>
				</table:label>
				<table:template>
					<Text text="{reimburse}"/>
				</table:template>
				<table:customData>
					<core:CustomData key="p13nData" value='\{"columnKey": "reimburse", "leadingProperty": "reimburse"}'/>
				</table:customData>
			</table:Column>
			<table:Column width="9rem" autoResizable="true">
				<table:label>
					<Label text="Final Closure Date"/>
				</table:label>
				<table:template>
					<Text text="{final_close_date}"/>
				</table:template>
				<table:customData>
					<core:CustomData key="p13nData" value='\{"columnKey": "final_close_date", "leadingProperty": "final_close_date"}'/>
				</table:customData>
			</table:Column>
			<!--<table:Column width="9rem" autoResizable="true">-->
			<!--	<table:label>-->
			<!--		<Label text="Role"/>-->
			<!--	</table:label>-->
			<!--	<table:template>-->
			<!--		<Text text="{land1}"/>-->
			<!--	</table:template>-->
			<!--	<table:customData>-->
			<!--		<core:CustomData key="p13nData" value='\{"columnKey": "land1", "leadingProperty": "land1"}'/>-->
			<!--	</table:customData>-->
			<!--</table:Column>-->
			<!--<table:Column width="9rem" autoResizable="true">-->
			<!--	<table:label>-->
			<!--		<Label text="Consultant and Contact Name"/>-->
			<!--	</table:label>-->
			<!--	<table:template>-->
			<!--		<Text text="{land1}"/>-->
			<!--	</table:template>-->
			<!--	<table:customData>-->
			<!--		<core:CustomData key="p13nData" value='\{"columnKey": "land1", "leadingProperty": "land1"}'/>-->
			<!--	</table:customData>-->
			<!--</table:Column>-->
		</table:Table>
	</smartTable:SmartTable>
</core:FragmentDefinition>