<core:FragmentDefinition xmlns:core="sap.ui.core" xmlns:smartForm="sap.ui.comp.smartform" xmlns:smartField="sap.ui.comp.smartfield"
	xmlns="sap.m" xmlns:app="http://schemas.sap.com/sapui5/extension/sap.ui.core.CustomData/1" xmlns:f="sap.ui.layout.form">
	<Dialog title="Send EMS Notification Email" resizable="true" contentHeight="40%" contentWidth="55%">
		<endButton>
			<Button text="Cancel" press="onPressClose"/>
		</endButton>
		<beginButton>
			<Button text="Send" press="onSendEmailPress"/>
		</beginButton>
		<content>
			<VBox width="100%" class="sapUiResponsiveContentPadding">
				<smartForm:SmartForm id="idSmartForm4" title="" editTogglable="false" entityType="zops_i_site_mailType"
					class="sapUiResponsiveContentPadding" editable="true">
					<smartForm:Group >
						<smartForm:GroupElement label="Username Lookup">
							<HBox justifyContent="SpaceBetween" width="100%">
							<Input id="idf4user" value="{region_mgr_uname}" editable="true" showValueHelp="true" valueHelpRequest="handleValueHelp" submit="onChangeValue" required="true"/>
							<Button text="Add Recipient" icon="sap-icon://add-contact" press="onPressAddRecipient" class="sapUiMediumMarginBegin"/>
						</HBox>
						</smartForm:GroupElement>
						<smartForm:GroupElement label="Email Recipients">
							<!--<Input id="idinput" value="{mailids}" editable="true"/>-->
								<MultiInput id="idinput" showValueHelp="false"/>
						</smartForm:GroupElement>
						<smartForm:GroupElement label="Subject">
							<Input value="EMS Site Notification"/>
						</smartForm:GroupElement>
						<smartForm:GroupElement label="Additional Comments">
							<Input value="{addcomments}" editable="true"/>
						</smartForm:GroupElement>
					</smartForm:Group>
				</smartForm:SmartForm>
				<!--	<f:SimpleForm editable="true" layout="ResponsiveGridLayout" title="" labelSpanXL="3" labelSpanL="3" labelSpanM="3" labelSpanS="12"-->
				<!--		adjustLabelSpan="false" emptySpanXL="4" emptySpanL="4" emptySpanM="4" emptySpanS="0" columnsXL="1" columnsL="1" columnsM="1"-->
				<!--		singleContainerFullSize="false">-->
				<!--		<f:content>-->
				<!--			<Label text="Username Lookup" design="Bold"/>-->
				<!--			<HBox justifyContent="SpaceBetween" width="100%">-->
				<!--				<Input id="userNId" placeholder="Enter UserName..." showValueHelp="true" selectedItem="AAHUJA" valueHelpRequest="handleValueHelp" value="{LocalModel>/oUserNameIp}"></Input>-->
				<!--	<smartField:SmartField value="{region_mgr_uname}" editable="true" contextEditable="true"/>-->
				<!--				<Button text="Add Recipient" icon="sap-icon://add-contact" press="onPressAddRecipient" class="sapUiMediumMarginBegin"/>-->
				<!--			</HBox>-->
				<!--			<Label text="Email Recipients" design="Bold"/>-->
				<!--			<Input value=""/>-->
				<!--			<Label text="Subject" design="Bold"/>-->
				<!--			<Text text="EMS Site Notification"/>-->
				<!--			<Label text="Additional Comments" design="Bold"/>-->
				<!--			<TextArea value="" placeholder="Add Commens here" width="100%"/>-->
				<!--		</f:content>-->
				<!--	</f:SimpleForm>-->
			</VBox>
		</content>
	</Dialog>
</core:FragmentDefinition>