<edmx:Edmx
    xmlns:edmx="http://schemas.microsoft.com/ado/2007/06/edmx"
    xmlns:m="http://schemas.microsoft.com/ado/2007/08/dataservices/metadata"
    xmlns:sap="http://www.sap.com/Protocols/SAPData" Version="1.0">
    <edmx:DataServices m:DataServiceVersion="2.0">
        <Schema
            xmlns="http://schemas.microsoft.com/ado/2008/09/edm" Namespace="ZPRS_CMI_CONFLICTS_SRV" xml:lang="en" sap:schema-version="1">
            <EntityType Name="Subscription" sap:semantics="subscriptions" sap:content-version="1">
                <Key>
                    <PropertyRef Name="ID"/>
                </Key>
                <Property Name="ID" Type="Edm.String" Nullable="false" MaxLength="32" sap:label="Sub. ID" sap:creatable="false" sap:updatable="false" sap:filterable="false"/>
                <Property Name="user" Type="Edm.String" MaxLength="12" m:FC_TargetPath="SyndicationAuthorName" m:FC_KeepInContent="false" sap:label="User Name" sap:creatable="false" sap:filterable="false"/>
                <Property Name="updated" Type="Edm.DateTime" Precision="0" m:FC_TargetPath="SyndicationUpdated" m:FC_KeepInContent="false" sap:label="Time Stamp" sap:creatable="false" sap:filterable="false"/>
                <Property Name="title" Type="Edm.String" MaxLength="255" m:FC_TargetPath="SyndicationTitle" m:FC_KeepInContent="false" sap:label="Title" sap:filterable="false"/>
                <Property Name="deliveryAddress" Type="Edm.String" sap:label="Delivery Address" sap:filterable="false"/>
                <Property Name="persistNotifications" Type="Edm.Boolean" sap:label="Persist Notification" sap:filterable="false"/>
                <Property Name="collection" Type="Edm.String" MaxLength="40" sap:label="Collection" sap:filterable="false"/>
                <Property Name="filter" Type="Edm.String" sap:label="Filter" sap:filterable="false"/>
                <Property Name="select" Type="Edm.String" MaxLength="255" sap:label="Select" sap:filterable="false"/>
                <Property Name="changeType" Type="Edm.String" MaxLength="30" sap:label="Change Type"/>
            </EntityType>
            <EntityType Name="Notification" sap:semantics="notifications" sap:content-version="1">
                <Key>
                    <PropertyRef Name="ID"/>
                </Key>
                <Property Name="ID" Type="Edm.String" Nullable="false" MaxLength="32" sap:label="Notification ID"/>
                <Property Name="collection" Type="Edm.String" MaxLength="40" sap:label="Collection"/>
                <Property Name="title" Type="Edm.String" m:FC_TargetPath="SyndicationTitle" m:FC_KeepInContent="false" sap:label="Notif. Text"/>
                <Property Name="updated" Type="Edm.DateTime" Precision="0" m:FC_TargetPath="SyndicationUpdated" m:FC_KeepInContent="false" sap:label="Time Stamp"/>
                <Property Name="changeType" Type="Edm.String" MaxLength="30" sap:label="Change Type"/>
                <Property Name="entriesOfInterest" Type="Edm.Int32" sap:label="No. of Entries"/>
                <Property Name="recipient" Type="Edm.String" MaxLength="112" sap:label="Recipient" sap:creatable="false" sap:updatable="false"/>
            </EntityType>
            <EntityType Name="Searchheader" sap:content-version="1">
                <Key>
                    <PropertyRef Name="Searchid"/>
                </Key>
                <Property Name="Createdat" Type="Edm.DateTime" Precision="0" sap:unicode="false" sap:label="Created On"/>
                <Property Name="Createdon" Type="Edm.DateTime" Precision="7" sap:unicode="false" sap:label="Created on" sap:filterable="false"/>
                <Property Name="Changedat" Type="Edm.DateTime" Precision="0" sap:unicode="false" sap:label="Changed On"/>
                <Property Name="Searchid" Type="Edm.Guid" Nullable="false" sap:unicode="false" sap:label="CMI Search Id"/>
                <Property Name="Changedon" Type="Edm.DateTime" Precision="7" sap:unicode="false" sap:label="Changed on" sap:filterable="false"/>
                <Property Name="Searchname" Type="Edm.String" Nullable="false" MaxLength="1000" sap:unicode="false" sap:label="Search Name"/>
                <Property Name="Searchterm" Type="Edm.String" Nullable="false" MaxLength="500" sap:unicode="false" sap:label="Search Term"/>
                <Property Name="Searchstring" Type="Edm.String" Nullable="false" sap:unicode="false" sap:label="Sch. String"/>
                <Property Name="Cmino" Type="Edm.String" Nullable="false" MaxLength="10" sap:unicode="false" sap:label="CMI Number"/>
                <Property Name="Createdby" Type="Edm.String" Nullable="false" MaxLength="12" sap:unicode="false" sap:label="Created by"/>
                <Property Name="Changedby" Type="Edm.String" Nullable="false" MaxLength="12" sap:unicode="false" sap:label="Changed by"/>
                <NavigationProperty Name="Headertoresultdata" Relationship="ZPRS_CMI_CONFLICTS_SRV.Headertoresult" FromRole="FromRole_Headertoresult" ToRole="ToRole_Headertoresult"/>
            </EntityType>
            <EntityType Name="Searchresult" sap:content-version="1">
                <Key>
                    <PropertyRef Name="Searchid"/>
                    <PropertyRef Name="Sequenceno"/>
                </Key>
                <Property Name="Searchid" Type="Edm.Guid" Nullable="false" sap:unicode="false" sap:label="CMI Search Id"/>
                <Property Name="Sequenceno" Type="Edm.Int32" Nullable="false" sap:unicode="false" sap:label="Sequence no."/>
                <Property Name="Matterk" Type="Edm.String" Nullable="false" MaxLength="24" sap:unicode="false" sap:label="Matter Number"/>
                <Property Name="Matter" Type="Edm.String" Nullable="false" MaxLength="40" sap:unicode="false" sap:label="Matter Name"/>
                <Property Name="Clientk" Type="Edm.String" Nullable="false" MaxLength="10" sap:unicode="false" sap:label="Client"/>
                <Property Name="Client" Type="Edm.String" Nullable="false" MaxLength="40" sap:unicode="false" sap:label="Client Name"/>
                <Property Name="Leadpartnerk" Type="Edm.String" Nullable="false" MaxLength="8" sap:unicode="false" sap:label="Lead Partner"/>
                <Property Name="Leadpartner" Type="Edm.String" Nullable="false" MaxLength="40" sap:unicode="false" sap:label="Lead Partner Name"/>
                <Property Name="Knownpartycmino" Type="Edm.String" Nullable="false" MaxLength="10" sap:unicode="false" sap:label="CMI Number"/>
                <Property Name="Knownpartyseq" Type="Edm.String" Nullable="false" MaxLength="4" sap:unicode="false" sap:label="Sequence Number"/>
                <Property Name="Knownpartyname" Type="Edm.String" Nullable="false" MaxLength="80" sap:unicode="false" sap:label="Name"/>
                <Property Name="Billingofficek" Type="Edm.String" Nullable="false" MaxLength="4" sap:unicode="false" sap:label="Billing Office"/>
                <Property Name="Billingoffice" Type="Edm.String" Nullable="false" MaxLength="40" sap:unicode="false" sap:label="Billing Office"/>
                <Property Name="Matterstatusk" Type="Edm.String" Nullable="false" MaxLength="5" sap:unicode="false" sap:label="Status"/>
                <Property Name="Matterstatus" Type="Edm.String" Nullable="false" MaxLength="30" sap:unicode="false" sap:label="Status"/>
                <Property Name="Practicegroupk" Type="Edm.String" Nullable="false" MaxLength="2" sap:unicode="false" sap:label="Practice Group"/>
                <Property Name="Practicegroup" Type="Edm.String" Nullable="false" MaxLength="60" sap:unicode="false" sap:label="Practice Group Desc"/>
                <Property Name="Serviceareak" Type="Edm.String" Nullable="false" MaxLength="5" sap:unicode="false" sap:label="Service Area Code"/>
                <Property Name="Servicearea" Type="Edm.String" Nullable="false" MaxLength="40" sap:unicode="false" sap:label="Service Area"/>
                <Property Name="Mattertypek" Type="Edm.String" Nullable="false" MaxLength="2" sap:unicode="false" sap:label="Matter type"/>
                <Property Name="Mattertype" Type="Edm.String" Nullable="false" MaxLength="2" sap:unicode="false" sap:label="Matter type"/>
                <Property Name="Mattercategoryk" Type="Edm.String" Nullable="false" MaxLength="2" sap:unicode="false" sap:label="Mat. Category"/>
                <Property Name="Mattercategory" Type="Edm.String" Nullable="false" MaxLength="40" sap:unicode="false" sap:label="Matter Category Desc"/>
            </EntityType>
            <Association Name="Headertoresult" sap:content-version="1">
                <End Type="ZPRS_CMI_CONFLICTS_SRV.Searchheader" Multiplicity="1" Role="FromRole_Headertoresult"/>
                <End Type="ZPRS_CMI_CONFLICTS_SRV.Searchresult" Multiplicity="*" Role="ToRole_Headertoresult"/>
                <ReferentialConstraint>
                    <Principal Role="FromRole_Headertoresult">
                        <PropertyRef Name="Searchid"/>
                    </Principal>
                    <Dependent Role="ToRole_Headertoresult">
                        <PropertyRef Name="Searchid"/>
                    </Dependent>
                </ReferentialConstraint>
            </Association>
            <EntityContainer Name="ZPRS_CMI_CONFLICTS_SRV_Entities" m:IsDefaultEntityContainer="true" sap:supported-formats="atom json xlsx">
                <EntitySet Name="SubscriptionCollection" EntityType="ZPRS_CMI_CONFLICTS_SRV.Subscription" sap:content-version="1"/>
                <EntitySet Name="NotificationCollection" EntityType="ZPRS_CMI_CONFLICTS_SRV.Notification" sap:creatable="false" sap:updatable="false" sap:deletable="false" sap:addressable="false" sap:content-version="1"/>
                <EntitySet Name="Searchheaders" EntityType="ZPRS_CMI_CONFLICTS_SRV.Searchheader" sap:searchable="true" sap:requires-filter="true" sap:content-version="1"/>
                <EntitySet Name="Searchresults" EntityType="ZPRS_CMI_CONFLICTS_SRV.Searchresult" sap:creatable="false" sap:updatable="false" sap:deletable="false" sap:pageable="false" sap:addressable="false" sap:content-version="1"/>
                <AssociationSet Name="Headertoresults" Association="ZPRS_CMI_CONFLICTS_SRV.Headertoresult" sap:creatable="false" sap:updatable="false" sap:deletable="false" sap:content-version="1">
                    <End EntitySet="Searchheaders" Role="FromRole_Headertoresult"/>
                    <End EntitySet="Searchresults" Role="ToRole_Headertoresult"/>
                </AssociationSet>
            </EntityContainer>
            <atom:link
                xmlns:atom="http://www.w3.org/2005/Atom" rel="self" href="./sap/ZPRS_CMI_CONFLICTS_SRV/$metadata"/>
                <atom:link
                    xmlns:atom="http://www.w3.org/2005/Atom" rel="latest-version" href="./sap/ZPRS_CMI_CONFLICTS_SRV/$metadata"/>
                </Schema>
            </edmx:DataServices>
        </edmx:Edmx>