<edmx:Edmx
    xmlns:edmx="http://schemas.microsoft.com/ado/2007/06/edmx"
    xmlns:m="http://schemas.microsoft.com/ado/2007/08/dataservices/metadata"
    xmlns:sap="http://www.sap.com/Protocols/SAPData" Version="1.0">
    <edmx:DataServices m:DataServiceVersion="2.0">
        <Schema
            xmlns="http://schemas.microsoft.com/ado/2008/09/edm" Namespace="ZPRS_S_TRUST_WORKBENCH" xml:lang="en" sap:schema-version="1">
            <EntityType Name="Trustdoc" sap:semantics="aggregate" sap:content-version="1">
                <Key>
                    <PropertyRef Name="Belnr"/>
                    <PropertyRef Name="Bukrs"/>
                    <PropertyRef Name="Gjahr"/>
                </Key>
                <Property Name="Belnr" Type="Edm.String" Nullable="false" MaxLength="10" sap:unicode="false" sap:label="Document Number"/>
                <Property Name="Blart" Type="Edm.String" Nullable="false" MaxLength="2" sap:unicode="false" sap:label="Document Type" sap:creatable="false" sap:updatable="false" sap:sortable="false" sap:filterable="false"/>
                <Property Name="Bldat" Type="Edm.DateTime" Precision="7" sap:unicode="false" sap:label="Document Date" sap:creatable="false" sap:updatable="false" sap:sortable="false" sap:filterable="false"/>
                <Property Name="Budat" Type="Edm.DateTime" Precision="7" sap:unicode="false" sap:label="Posting Date" sap:creatable="false" sap:updatable="false" sap:sortable="false" sap:filterable="false"/>
                <Property Name="Monat" Type="Edm.String" Nullable="false" MaxLength="2" sap:unicode="false" sap:label="Period" sap:creatable="false" sap:updatable="false" sap:sortable="false" sap:filterable="false"/>
                <Property Name="Cpudt" Type="Edm.DateTime" Precision="7" sap:unicode="false" sap:label="Entered on" sap:creatable="false" sap:updatable="false" sap:sortable="false" sap:filterable="false"/>
                <Property Name="Usnam" Type="Edm.String" Nullable="false" MaxLength="12" sap:unicode="false" sap:label="User name" sap:creatable="false" sap:updatable="false" sap:sortable="false" sap:filterable="false"/>
                <Property Name="Tcode" Type="Edm.String" Nullable="false" MaxLength="20" sap:unicode="false" sap:label="Transaction Code" sap:creatable="false" sap:updatable="false" sap:sortable="false" sap:filterable="false"/>
                <Property Name="Waers" Type="Edm.String" Nullable="false" MaxLength="5" sap:unicode="false" sap:label="Currency" sap:creatable="false" sap:updatable="false" sap:sortable="false" sap:filterable="false" sap:semantics="currency-code"/>
                <Property Name="Awkey" Type="Edm.String" Nullable="false" MaxLength="20" sap:unicode="false" sap:label="Reference Key" sap:creatable="false" sap:updatable="false" sap:sortable="false" sap:filterable="false"/>
                <Property Name="Xref1Hd" Type="Edm.String" Nullable="false" MaxLength="20" sap:unicode="false" sap:label="Ref.key(head) 1" sap:creatable="false" sap:updatable="false" sap:sortable="false" sap:filterable="false"/>
                <Property Name="Xref2Hd" Type="Edm.String" Nullable="false" MaxLength="20" sap:unicode="false" sap:label="Ref.key(head.)2" sap:creatable="false" sap:updatable="false" sap:sortable="false" sap:filterable="false"/>
                <Property Name="Xreversal" Type="Edm.String" Nullable="false" MaxLength="1" sap:unicode="false" sap:label="Reversal Ind." sap:creatable="false" sap:updatable="false" sap:sortable="false" sap:filterable="false"/>
                <Property Name="Rldnr" Type="Edm.String" Nullable="false" MaxLength="2" sap:unicode="false" sap:label="Ledger" sap:creatable="false" sap:updatable="false" sap:sortable="false" sap:filterable="false"/>
                <Property Name="Kurst" Type="Edm.String" Nullable="false" MaxLength="4" sap:unicode="false" sap:label="Exch. Rate Type" sap:creatable="false" sap:updatable="false" sap:sortable="false" sap:filterable="false"/>
                <Property Name="Xblnr" Type="Edm.String" Nullable="false" MaxLength="16" sap:unicode="false" sap:label="Reference" sap:creatable="false" sap:updatable="false" sap:sortable="false" sap:filterable="false"/>
                <Property Name="Bukrs" Type="Edm.String" Nullable="false" MaxLength="4" sap:unicode="false" sap:label="Company Code" sap:creatable="false" sap:updatable="false"/>
                <Property Name="Gjahr" Type="Edm.String" Nullable="false" MaxLength="4" sap:unicode="false" sap:label="Fiscal Year" sap:creatable="false" sap:updatable="false"/>
            </EntityType>
            <EntityType Name="TrustAccs" sap:content-version="1">
                <Key>
                    <PropertyRef Name="Werks"/>
                    <PropertyRef Name="Pspid"/>
                    <PropertyRef Name="AccType"/>
                    <PropertyRef Name="BankAccNu"/>
                </Key>
                <Property Name="Werks" Type="Edm.String" Nullable="false" MaxLength="4" sap:unicode="false" sap:label="Plant" sap:creatable="false" sap:updatable="false"/>
                <Property Name="Pspid" Type="Edm.String" Nullable="false" MaxLength="24" sap:unicode="false" sap:label="Project Def." sap:creatable="false" sap:updatable="false"/>
                <Property Name="AccType" Type="Edm.String" Nullable="false" MaxLength="1" sap:unicode="false" sap:creatable="false" sap:updatable="false"/>
                <Property Name="BankAccNu" Type="Edm.String" Nullable="false" MaxLength="18" sap:unicode="false" sap:label="Bank Account" sap:creatable="false" sap:updatable="false"/>
                <Property Name="OpenDate" Type="Edm.DateTime" Nullable="false" Precision="7" sap:unicode="false" sap:label="Date" sap:creatable="false" sap:updatable="false" sap:sortable="false" sap:filterable="false"/>
                <Property Name="CloseDate" Type="Edm.DateTime" Precision="7" sap:unicode="false" sap:label="Date" sap:creatable="false" sap:updatable="false" sap:sortable="false" sap:filterable="false"/>
            </EntityType>
            <EntityType Name="Trustmatter" sap:semantics="aggregate" sap:content-version="1">
                <Key>
                    <PropertyRef Name="Office"/>
                </Key>
                <Property Name="GeneratedId" Type="Edm.String" Nullable="false" sap:unicode="false" sap:creatable="false" sap:updatable="false" sap:sortable="false" sap:filterable="false"/>
                <Property Name="Office" Type="Edm.String" Nullable="false" MaxLength="4" sap:unicode="false" sap:label="Office" sap:creatable="false" sap:updatable="false"/>
                <Property Name="OfficeDesc" Type="Edm.String" Nullable="false" MaxLength="30" sap:unicode="false" sap:label="Office Description" sap:creatable="false" sap:updatable="false" sap:sortable="false" sap:filterable="false"/>
                <Property Name="TransferDate" Type="Edm.DateTime" Nullable="false" Precision="7" sap:display-format="Date" sap:unicode="false" sap:label="Transfer date" sap:creatable="false" sap:updatable="false" sap:sortable="false" sap:filterable="false"/>
                <Property Name="SourceMatter" Type="Edm.String" Nullable="false" MaxLength="24" sap:unicode="false" sap:label="Source Matter" sap:creatable="false" sap:updatable="false" sap:sortable="false" sap:filterable="false"/>
                <Property Name="SorcMattDesc" Type="Edm.String" Nullable="false" MaxLength="40" sap:unicode="false" sap:label="Source Matter Descri" sap:creatable="false" sap:updatable="false" sap:sortable="false" sap:filterable="false"/>
                <Property Name="ClientNumS" Type="Edm.String" Nullable="false" MaxLength="10" sap:unicode="false" sap:label="Source Client Number" sap:creatable="false" sap:updatable="false" sap:sortable="false" sap:filterable="false"/>
                <Property Name="ClntNumSDesc" Type="Edm.String" Nullable="false" MaxLength="30" sap:unicode="false" sap:label="Client Number Descri" sap:creatable="false" sap:updatable="false" sap:sortable="false" sap:filterable="false"/>
                <Property Name="AccNum" Type="Edm.String" Nullable="false" MaxLength="20" sap:unicode="false" sap:label="Bank Account Number" sap:creatable="false" sap:updatable="false" sap:sortable="false" sap:filterable="false"/>
                <Property Name="AvailMattBal" Type="Edm.Decimal" Nullable="false" Precision="14" Scale="3" sap:unicode="false" sap:unit="Currency" sap:label="Available Matter Bal" sap:creatable="false" sap:updatable="false" sap:sortable="false" sap:filterable="false"/>
                <Property Name="TotMattBal" Type="Edm.Decimal" Nullable="false" Precision="14" Scale="3" sap:unicode="false" sap:unit="Currency" sap:label="Total Matter Balance" sap:creatable="false" sap:updatable="false" sap:sortable="false" sap:filterable="false"/>
                <Property Name="DestinMatter" Type="Edm.String" Nullable="false" MaxLength="24" sap:unicode="false" sap:label="Destination Matter" sap:creatable="false" sap:updatable="false" sap:sortable="false" sap:filterable="false"/>
                <Property Name="DestMattDesc" Type="Edm.String" Nullable="false" MaxLength="30" sap:unicode="false" sap:label="Destination Matter D" sap:creatable="false" sap:updatable="false" sap:sortable="false" sap:filterable="false"/>
                <Property Name="ClientNumD" Type="Edm.String" Nullable="false" MaxLength="10" sap:unicode="false" sap:label="Destination clnt num" sap:creatable="false" sap:updatable="false" sap:sortable="false" sap:filterable="false"/>
                <Property Name="DestClntDesc" Type="Edm.String" Nullable="false" MaxLength="30" sap:unicode="false" sap:label="Destination Client D" sap:creatable="false" sap:updatable="false" sap:sortable="false" sap:filterable="false"/>
                <Property Name="Amount" Type="Edm.Decimal" Nullable="false" Precision="14" Scale="3" sap:unicode="false" sap:unit="Currency" sap:label="Amount" sap:creatable="false" sap:updatable="false" sap:sortable="false" sap:filterable="false"/>
                <Property Name="Currency" Type="Edm.String" Nullable="false" MaxLength="5" sap:unicode="false" sap:label="Currency" sap:creatable="false" sap:updatable="false" sap:sortable="false" sap:filterable="false" sap:semantics="currency-code"/>
                <Property Name="CurrDesc" Type="Edm.String" Nullable="false" MaxLength="40" sap:unicode="false" sap:label="Currency Description" sap:creatable="false" sap:updatable="false" sap:sortable="false" sap:filterable="false"/>
                <Property Name="AuthBy" Type="Edm.String" Nullable="false" MaxLength="8" sap:unicode="false" sap:label="Authorised By" sap:creatable="false" sap:updatable="false" sap:sortable="false" sap:filterable="false"/>
                <Property Name="ReasonForTrns" Type="Edm.String" Nullable="false" MaxLength="8" sap:unicode="false" sap:label="Reason For Transfer" sap:creatable="false" sap:updatable="false" sap:sortable="false" sap:filterable="false"/>
                <Property Name="Return" Type="Edm.String" Nullable="false" sap:unicode="false" sap:creatable="false" sap:updatable="false" sap:sortable="false" sap:filterable="false"/>
            </EntityType>
            <EntityType Name="Trustbank" sap:content-version="1">
                <Key>
                    <PropertyRef Name="Office"/>
                    <PropertyRef Name="SourceMatter"/>
                </Key>
                <Property Name="GeneratedId" Type="Edm.String" Nullable="false" sap:unicode="false" sap:creatable="false" sap:updatable="false" sap:sortable="false" sap:filterable="false"/>
                <Property Name="Office" Type="Edm.String" Nullable="false" MaxLength="4" sap:unicode="false" sap:label="Office" sap:creatable="false" sap:updatable="false"/>
                <Property Name="OfficeDesc" Type="Edm.String" Nullable="false" MaxLength="30" sap:unicode="false" sap:label="Office Description" sap:creatable="false" sap:updatable="false" sap:sortable="false" sap:filterable="false"/>
                <Property Name="TransferDate" Type="Edm.DateTime" Nullable="false" Precision="7" sap:unicode="false" sap:label="Transfer date" sap:creatable="false" sap:updatable="false" sap:sortable="false" sap:filterable="false"/>
                <Property Name="SourceMatter" Type="Edm.String" Nullable="false" MaxLength="24" sap:unicode="false" sap:label="Source Matter" sap:creatable="false" sap:updatable="false"/>
                <Property Name="SorcMattDesc" Type="Edm.String" Nullable="false" MaxLength="40" sap:unicode="false" sap:label="Source Matter Descri" sap:creatable="false" sap:updatable="false" sap:sortable="false" sap:filterable="false"/>
                <Property Name="ClientNumS" Type="Edm.String" Nullable="false" MaxLength="10" sap:unicode="false" sap:label="Source Client Number" sap:creatable="false" sap:updatable="false" sap:sortable="false" sap:filterable="false"/>
                <Property Name="ClntNumSDesc" Type="Edm.String" Nullable="false" MaxLength="30" sap:unicode="false" sap:label="Client Number Descri" sap:creatable="false" sap:updatable="false" sap:sortable="false" sap:filterable="false"/>
                <Property Name="SorcAccNum" Type="Edm.String" Nullable="false" MaxLength="20" sap:unicode="false" sap:label="Bank Account Number" sap:creatable="false" sap:updatable="false"/>
                <Property Name="AvailMattBal" Type="Edm.Decimal" Nullable="false" Precision="14" Scale="3" sap:unicode="false" sap:unit="Currency" sap:label="Available Matter Bal" sap:creatable="false" sap:updatable="false" sap:sortable="false" sap:filterable="false"/>
                <Property Name="TotMattBal" Type="Edm.Decimal" Nullable="false" Precision="14" Scale="3" sap:unicode="false" sap:unit="Currency" sap:label="Total Matter Balance" sap:creatable="false" sap:updatable="false" sap:sortable="false" sap:filterable="false"/>
                <Property Name="DestinMatter" Type="Edm.String" Nullable="false" MaxLength="24" sap:unicode="false" sap:label="Destination Matter" sap:creatable="false" sap:updatable="false"/>
                <Property Name="DestMattDesc" Type="Edm.String" Nullable="false" MaxLength="30" sap:unicode="false" sap:label="Destination Matter D" sap:creatable="false" sap:updatable="false" sap:sortable="false" sap:filterable="false"/>
                <Property Name="ClientNumD" Type="Edm.String" Nullable="false" MaxLength="10" sap:unicode="false" sap:label="Destination clnt num" sap:creatable="false" sap:updatable="false" sap:sortable="false" sap:filterable="false"/>
                <Property Name="DestClntDesc" Type="Edm.String" Nullable="false" MaxLength="30" sap:unicode="false" sap:label="Destination Client D" sap:creatable="false" sap:updatable="false"/>
                <Property Name="DestAccNum" Type="Edm.String" Nullable="false" MaxLength="20" sap:unicode="false" sap:label="Bank Account Number" sap:creatable="false" sap:updatable="false" sap:sortable="false" sap:filterable="false"/>
                <Property Name="Amount" Type="Edm.Decimal" Nullable="false" Precision="14" Scale="3" sap:unicode="false" sap:unit="Currency" sap:label="Amount" sap:creatable="false" sap:updatable="false" sap:sortable="false" sap:filterable="false"/>
                <Property Name="Currency" Type="Edm.String" Nullable="false" MaxLength="5" sap:unicode="false" sap:label="Currency" sap:creatable="false" sap:updatable="false" sap:sortable="false" sap:filterable="false" sap:semantics="currency-code"/>
                <Property Name="CurrDesc" Type="Edm.String" Nullable="false" MaxLength="40" sap:unicode="false" sap:label="Currency Description" sap:creatable="false" sap:updatable="false" sap:sortable="false" sap:filterable="false"/>
                <Property Name="AuthBy" Type="Edm.String" Nullable="false" MaxLength="8" sap:unicode="false" sap:label="Authorised By" sap:creatable="false" sap:updatable="false"/>
                <Property Name="ReasonForTrns" Type="Edm.String" Nullable="false" MaxLength="8" sap:unicode="false" sap:label="Reason For Transfer" sap:creatable="false" sap:updatable="false" sap:sortable="false" sap:filterable="false"/>
                <Property Name="Return" Type="Edm.String" Nullable="false" sap:unicode="false" sap:creatable="false" sap:updatable="false" sap:sortable="false" sap:filterable="false"/>
            </EntityType>
            <EntityType Name="Trustreversal" sap:content-version="1">
                <Key>
                    <PropertyRef Name="CompCode"/>
                    <PropertyRef Name="FiscalYear"/>
                    <PropertyRef Name="SourceMatter"/>
                </Key>
                <Property Name="GeneratedId" Type="Edm.String" Nullable="false" sap:unicode="false" sap:creatable="false" sap:updatable="false" sap:sortable="false" sap:filterable="false"/>
                <Property Name="CompCode" Type="Edm.String" Nullable="false" MaxLength="4" sap:unicode="false" sap:label="Company Code" sap:creatable="false" sap:updatable="false"/>
                <Property Name="FiscalYear" Type="Edm.String" Nullable="false" MaxLength="4" sap:unicode="false" sap:label="Fiscal Year" sap:creatable="false" sap:updatable="false" sap:sortable="false" sap:filterable="false"/>
                <Property Name="SourceMatter" Type="Edm.String" Nullable="false" MaxLength="24" sap:unicode="false" sap:label="Source Matter" sap:creatable="false" sap:updatable="false"/>
                <Property Name="SorcMattDesc" Type="Edm.String" Nullable="false" MaxLength="40" sap:unicode="false" sap:label="Source Matter Descri" sap:creatable="false" sap:updatable="false" sap:sortable="false" sap:filterable="false"/>
                <Property Name="DocNumber" Type="Edm.String" Nullable="false" MaxLength="10" sap:unicode="false" sap:label="Document Number" sap:creatable="false" sap:updatable="false"/>
            </EntityType>
            <EntityType Name="VL_SH_ZPRS_TR_DOCNUM" sap:content-version="1">
                <Key>
                    <PropertyRef Name="BELNR"/>
                    <PropertyRef Name="BUKRS"/>
                    <PropertyRef Name="GJAHR"/>
                </Key>
                <Property Name="BELNR" Type="Edm.String" Nullable="false" MaxLength="10" sap:display-format="UpperCase" sap:label="Document Number"/>
                <Property Name="BUKRS" Type="Edm.String" Nullable="false" MaxLength="4" sap:display-format="UpperCase" sap:label="Company Code"/>
                <Property Name="GJAHR" Type="Edm.String" Nullable="false" MaxLength="4" sap:display-format="NonNegative" sap:label="Fiscal Year"/>
            </EntityType>
            <EntityType Name="VL_SH_H_T881" sap:content-version="1">
                <Key>
                    <PropertyRef Name="RLDNR"/>
                </Key>
                <Property Name="RLDNR" Type="Edm.String" Nullable="false" MaxLength="2" sap:display-format="UpperCase" sap:label="Ledger"/>
                <Property Name="NAME" Type="Edm.String" MaxLength="30" sap:label="Ledger Name"/>
            </EntityType>
            <EntityType Name="VL_SH_H_T001" sap:content-version="1">
                <Key>
                    <PropertyRef Name="BUKRS"/>
                </Key>
                <Property Name="BUKRS" Type="Edm.String" Nullable="false" MaxLength="4" sap:display-format="UpperCase" sap:label="Company Code"/>
                <Property Name="BUTXT" Type="Edm.String" MaxLength="25" sap:label="Company Name"/>
                <Property Name="ORT01" Type="Edm.String" MaxLength="25" sap:label="City"/>
                <Property Name="WAERS" Type="Edm.String" MaxLength="5" sap:display-format="UpperCase" sap:label="Currency" sap:semantics="currency-code"/>
            </EntityType>
            <EntityType Name="VL_SH_H_T001W" sap:content-version="1">
                <Key>
                    <PropertyRef Name="CITY1"/>
                    <PropertyRef Name="NAME1"/>
                    <PropertyRef Name="SORT2"/>
                    <PropertyRef Name="SORT1"/>
                    <PropertyRef Name="POST_CODE1"/>
                    <PropertyRef Name="MC_CITY1"/>
                    <PropertyRef Name="NAME2"/>
                    <PropertyRef Name="MC_NAME1"/>
                    <PropertyRef Name="NATION"/>
                    <PropertyRef Name="WERKS"/>
                </Key>
                <Property Name="CITY1" Type="Edm.String" Nullable="false" MaxLength="40" sap:label="City" sap:filterable="false"/>
                <Property Name="NAME1" Type="Edm.String" Nullable="false" MaxLength="40" sap:label="Name" sap:filterable="false"/>
                <Property Name="SORT2" Type="Edm.String" Nullable="false" MaxLength="20" sap:display-format="UpperCase" sap:label="Search Term 2"/>
                <Property Name="SORT1" Type="Edm.String" Nullable="false" MaxLength="20" sap:display-format="UpperCase" sap:label="Search Term 1"/>
                <Property Name="POST_CODE1" Type="Edm.String" Nullable="false" MaxLength="10" sap:display-format="UpperCase" sap:label="Postal Code"/>
                <Property Name="MC_CITY1" Type="Edm.String" Nullable="false" MaxLength="25" sap:display-format="UpperCase" sap:label="City"/>
                <Property Name="NAME2" Type="Edm.String" Nullable="false" MaxLength="40" sap:label="Name 2"/>
                <Property Name="MC_NAME1" Type="Edm.String" Nullable="false" MaxLength="25" sap:display-format="UpperCase" sap:label="Name"/>
                <Property Name="NATION" Type="Edm.String" Nullable="false" MaxLength="1" sap:display-format="UpperCase" sap:label="Address Version"/>
                <Property Name="WERKS" Type="Edm.String" Nullable="false" MaxLength="4" sap:display-format="UpperCase" sap:label="Plant"/>
            </EntityType>
            <EntityType Name="VL_SH_CN_LDST_PS_PD" sap:content-version="1">
                <Key>
                    <PropertyRef Name="SHORTTEXT"/>
                    <PropertyRef Name="PSPID"/>
                    <PropertyRef Name="SHORTTEXTU"/>
                </Key>
                <Property Name="SHORTTEXT" Type="Edm.String" Nullable="false" MaxLength="40" sap:label="ShortTxt" sap:filterable="false"/>
                <Property Name="PSPID" Type="Edm.String" Nullable="false" MaxLength="24" sap:display-format="UpperCase" sap:label="Project Def."/>
                <Property Name="SHORTTEXTU" Type="Edm.String" Nullable="false" MaxLength="40" sap:display-format="UpperCase" sap:label="ShortTxt"/>
                <Property Name="LANGUAGE" Type="Edm.String" MaxLength="2" sap:label="Language"/>
            </EntityType>
            <EntityType Name="VL_SH_ZPRS_SH_IB_PRSMP" sap:content-version="1">
                <Key>
                    <PropertyRef Name="POST1"/>
                    <PropertyRef Name="POSTU"/>
                    <PropertyRef Name="PSPID"/>
                </Key>
                <Property Name="POST1" Type="Edm.String" Nullable="false" MaxLength="40" sap:label="Description" sap:filterable="false"/>
                <Property Name="POSTU" Type="Edm.String" Nullable="false" MaxLength="40" sap:display-format="UpperCase" sap:label="Description"/>
                <Property Name="PSPID" Type="Edm.String" Nullable="false" MaxLength="24" sap:display-format="UpperCase" sap:label="Project Def."/>
            </EntityType>
            <EntityType Name="VL_SH_PRSVI" sap:content-version="1">
                <Key>
                    <PropertyRef Name="POST1"/>
                    <PropertyRef Name="VSINACT"/>
                    <PropertyRef Name="VSKAT"/>
                    <PropertyRef Name="VSNMR"/>
                    <PropertyRef Name="POSTU"/>
                    <PropertyRef Name="PSPID"/>
                </Key>
                <Property Name="POST1" Type="Edm.String" Nullable="false" MaxLength="40" sap:label="Description" sap:filterable="false"/>
                <Property Name="VSINACT" Type="Edm.Boolean" Nullable="false" sap:label="Inactive" sap:filterable="false"/>
                <Property Name="VSKAT" Type="Edm.String" Nullable="false" MaxLength="1" sap:display-format="UpperCase" sap:label="Category" sap:filterable="false"/>
                <Property Name="VSNMR" Type="Edm.String" Nullable="false" MaxLength="12" sap:display-format="UpperCase" sap:label="Vers. key"/>
                <Property Name="POSTU" Type="Edm.String" Nullable="false" MaxLength="40" sap:display-format="UpperCase" sap:label="Description"/>
                <Property Name="PSPID" Type="Edm.String" Nullable="false" MaxLength="24" sap:display-format="UpperCase" sap:label="Project Def."/>
            </EntityType>
            <EntityType Name="VL_SH_PRSVZ" sap:content-version="1">
                <Key>
                    <PropertyRef Name="VSINACT"/>
                    <PropertyRef Name="VSKAT"/>
                    <PropertyRef Name="VSNMR"/>
                    <PropertyRef Name="VERNA"/>
                    <PropertyRef Name="VERNR"/>
                    <PropertyRef Name="PSPID"/>
                </Key>
                <Property Name="VSINACT" Type="Edm.Boolean" Nullable="false" sap:label="Inactive" sap:filterable="false"/>
                <Property Name="VSKAT" Type="Edm.String" Nullable="false" MaxLength="1" sap:display-format="UpperCase" sap:label="Category" sap:filterable="false"/>
                <Property Name="VSNMR" Type="Edm.String" Nullable="false" MaxLength="12" sap:display-format="UpperCase" sap:label="Vers. key"/>
                <Property Name="VERNA" Type="Edm.String" Nullable="false" MaxLength="25" sap:label="Pers.Resp.Name"/>
                <Property Name="VERNR" Type="Edm.String" Nullable="false" MaxLength="8" sap:display-format="NonNegative" sap:label="Pers.Resp.No."/>
                <Property Name="PSPID" Type="Edm.String" Nullable="false" MaxLength="24" sap:display-format="UpperCase" sap:label="Project Def."/>
            </EntityType>
            <EntityType Name="VL_SH_PRSWI" sap:content-version="1">
                <Key>
                    <PropertyRef Name="POST1"/>
                    <PropertyRef Name="VSNMR"/>
                    <PropertyRef Name="POSTU"/>
                    <PropertyRef Name="PSPID"/>
                </Key>
                <Property Name="POST1" Type="Edm.String" Nullable="false" MaxLength="40" sap:label="Description" sap:filterable="false"/>
                <Property Name="VSNMR" Type="Edm.String" Nullable="false" MaxLength="12" sap:display-format="UpperCase" sap:label="Vers. key"/>
                <Property Name="POSTU" Type="Edm.String" Nullable="false" MaxLength="40" sap:display-format="UpperCase" sap:label="Description"/>
                <Property Name="PSPID" Type="Edm.String" Nullable="false" MaxLength="24" sap:display-format="UpperCase" sap:label="Project Def."/>
            </EntityType>
            <EntityType Name="VL_SH_PRSWZ" sap:content-version="1">
                <Key>
                    <PropertyRef Name="VSNMR"/>
                    <PropertyRef Name="VERNA"/>
                    <PropertyRef Name="VERNR"/>
                    <PropertyRef Name="PSPID"/>
                </Key>
                <Property Name="VSNMR" Type="Edm.String" Nullable="false" MaxLength="12" sap:display-format="UpperCase" sap:label="Vers. key"/>
                <Property Name="VERNA" Type="Edm.String" Nullable="false" MaxLength="25" sap:label="Pers.Resp.Name"/>
                <Property Name="VERNR" Type="Edm.String" Nullable="false" MaxLength="8" sap:display-format="NonNegative" sap:label="Pers.Resp.No."/>
                <Property Name="PSPID" Type="Edm.String" Nullable="false" MaxLength="24" sap:display-format="UpperCase" sap:label="Project Def."/>
            </EntityType>
            <EntityType Name="VL_SH_PRSSP" sap:content-version="1">
                <Key>
                    <PropertyRef Name="POST1"/>
                    <PropertyRef Name="PSPNR"/>
                    <PropertyRef Name="POSTU"/>
                    <PropertyRef Name="PSPID"/>
                </Key>
                <Property Name="POST1" Type="Edm.String" Nullable="false" MaxLength="40" sap:label="Description" sap:filterable="false"/>
                <Property Name="PSPNR" Type="Edm.String" Nullable="false" MaxLength="24" sap:display-format="NonNegative" sap:label="Current proj.no" sap:filterable="false"/>
                <Property Name="POSTU" Type="Edm.String" Nullable="false" MaxLength="40" sap:display-format="UpperCase" sap:label="Description"/>
                <Property Name="PSPID" Type="Edm.String" Nullable="false" MaxLength="24" sap:display-format="UpperCase" sap:label="Std. proj. def."/>
            </EntityType>
            <EntityType Name="VL_SH_CN_LDST_PS_PS" sap:content-version="1">
                <Key>
                    <PropertyRef Name="SHORTTEXT"/>
                    <PropertyRef Name="PSPID"/>
                    <PropertyRef Name="SHORTTEXTU"/>
                </Key>
                <Property Name="SHORTTEXT" Type="Edm.String" Nullable="false" MaxLength="40" sap:label="ShortTxt" sap:filterable="false"/>
                <Property Name="PSPID" Type="Edm.String" Nullable="false" MaxLength="24" sap:display-format="UpperCase" sap:label="Std. proj. def."/>
                <Property Name="SHORTTEXTU" Type="Edm.String" Nullable="false" MaxLength="40" sap:display-format="UpperCase" sap:label="ShortTxt"/>
                <Property Name="LANGUAGE" Type="Edm.String" MaxLength="2" sap:label="Language"/>
            </EntityType>
            <EntityType Name="VL_SH_PRSAA" sap:content-version="1">
                <Key>
                    <PropertyRef Name="ARC_RUN"/>
                    <PropertyRef Name="PSPID"/>
                </Key>
                <Property Name="ARC_RUN" Type="Edm.String" Nullable="false" MaxLength="6" sap:display-format="UpperCase" sap:label="Session"/>
                <Property Name="PSPID" Type="Edm.String" Nullable="false" MaxLength="40" sap:label="Project def."/>
            </EntityType>
            <EntityType Name="VL_SH_PRSDI" sap:content-version="1">
                <Key>
                    <PropertyRef Name="POST1"/>
                    <PropertyRef Name="VSKAT"/>
                    <PropertyRef Name="VSNMR"/>
                    <PropertyRef Name="POSTU"/>
                    <PropertyRef Name="PSPID"/>
                    <PropertyRef Name="VSINACT"/>
                </Key>
                <Property Name="POST1" Type="Edm.String" Nullable="false" MaxLength="40" sap:label="Description" sap:filterable="false"/>
                <Property Name="VSKAT" Type="Edm.String" Nullable="false" MaxLength="1" sap:display-format="UpperCase" sap:label="Category" sap:filterable="false"/>
                <Property Name="VSNMR" Type="Edm.String" Nullable="false" MaxLength="12" sap:display-format="UpperCase" sap:label="Vers. key"/>
                <Property Name="POSTU" Type="Edm.String" Nullable="false" MaxLength="40" sap:display-format="UpperCase" sap:label="Description"/>
                <Property Name="PSPID" Type="Edm.String" Nullable="false" MaxLength="24" sap:display-format="UpperCase" sap:label="Project Def."/>
                <Property Name="VSINACT" Type="Edm.Boolean" Nullable="false" sap:label="Inactive"/>
            </EntityType>
            <EntityType Name="VL_SH_PRSDZ" sap:content-version="1">
                <Key>
                    <PropertyRef Name="VSKAT"/>
                    <PropertyRef Name="VSNMR"/>
                    <PropertyRef Name="VERNA"/>
                    <PropertyRef Name="VERNR"/>
                    <PropertyRef Name="PSPID"/>
                    <PropertyRef Name="VSINACT"/>
                </Key>
                <Property Name="VSKAT" Type="Edm.String" Nullable="false" MaxLength="1" sap:display-format="UpperCase" sap:label="Category" sap:filterable="false"/>
                <Property Name="VSNMR" Type="Edm.String" Nullable="false" MaxLength="12" sap:display-format="UpperCase" sap:label="Vers. key"/>
                <Property Name="VERNA" Type="Edm.String" Nullable="false" MaxLength="25" sap:label="Pers.Resp.Name"/>
                <Property Name="VERNR" Type="Edm.String" Nullable="false" MaxLength="8" sap:display-format="NonNegative" sap:label="Pers.Resp.No."/>
                <Property Name="PSPID" Type="Edm.String" Nullable="false" MaxLength="24" sap:display-format="UpperCase" sap:label="Project Def."/>
                <Property Name="VSINACT" Type="Edm.Boolean" Nullable="false" sap:label="Inactive"/>
            </EntityType>
            <EntityType Name="VL_FV_XREVERSAL" sap:content-version="1">
                <Key>
                    <PropertyRef Name="Code"/>
                </Key>
                <Property Name="Code" Type="Edm.String" Nullable="false" MaxLength="1" sap:text="Text"/>
                <Property Name="Text" Type="Edm.String" MaxLength="60" sap:label="Short Descript."/>
            </EntityType>
            <EntityContainer Name="ZPRS_S_TRUST_WORKBENCH_Entities" m:IsDefaultEntityContainer="true" sap:supported-formats="atom json xlsx">
                <EntitySet Name="Trustdocs" EntityType="ZPRS_S_TRUST_WORKBENCH.Trustdoc" sap:creatable="false" sap:updatable="false" sap:deletable="false" sap:pageable="false" sap:content-version="1"/>
                <EntitySet Name="TrustAccsSet" EntityType="ZPRS_S_TRUST_WORKBENCH.TrustAccs" sap:creatable="false" sap:updatable="false" sap:deletable="false" sap:pageable="false" sap:content-version="1"/>
                <EntitySet Name="TrustmatterSet" EntityType="ZPRS_S_TRUST_WORKBENCH.Trustmatter" sap:creatable="false" sap:updatable="false" sap:deletable="false" sap:pageable="false" sap:content-version="1"/>
                <EntitySet Name="TrustbankSet" EntityType="ZPRS_S_TRUST_WORKBENCH.Trustbank" sap:creatable="false" sap:updatable="false" sap:deletable="false" sap:pageable="false" sap:content-version="1"/>
                <EntitySet Name="TrustreversalSet" EntityType="ZPRS_S_TRUST_WORKBENCH.Trustreversal" sap:creatable="false" sap:updatable="false" sap:deletable="false" sap:pageable="false" sap:content-version="1"/>
                <EntitySet Name="VL_SH_ZPRS_TR_DOCNUM" EntityType="ZPRS_S_TRUST_WORKBENCH.VL_SH_ZPRS_TR_DOCNUM" sap:creatable="false" sap:updatable="false" sap:deletable="false" sap:content-version="1" sap:countable="false"/>
                <EntitySet Name="VL_SH_H_T881" EntityType="ZPRS_S_TRUST_WORKBENCH.VL_SH_H_T881" sap:creatable="false" sap:updatable="false" sap:deletable="false" sap:content-version="1" sap:countable="false"/>
                <EntitySet Name="VL_SH_H_T001" EntityType="ZPRS_S_TRUST_WORKBENCH.VL_SH_H_T001" sap:creatable="false" sap:updatable="false" sap:deletable="false" sap:content-version="1" sap:countable="false"/>
                <EntitySet Name="VL_SH_H_T001W" EntityType="ZPRS_S_TRUST_WORKBENCH.VL_SH_H_T001W" sap:creatable="false" sap:updatable="false" sap:deletable="false" sap:content-version="1" sap:countable="false"/>
                <EntitySet Name="VL_SH_CN_LDST_PS_PD" EntityType="ZPRS_S_TRUST_WORKBENCH.VL_SH_CN_LDST_PS_PD" sap:creatable="false" sap:updatable="false" sap:deletable="false" sap:content-version="1" sap:countable="false"/>
                <EntitySet Name="VL_SH_ZPRS_SH_IB_PRSMP" EntityType="ZPRS_S_TRUST_WORKBENCH.VL_SH_ZPRS_SH_IB_PRSMP" sap:creatable="false" sap:updatable="false" sap:deletable="false" sap:content-version="1" sap:countable="false"/>
                <EntitySet Name="VL_SH_PRSVI" EntityType="ZPRS_S_TRUST_WORKBENCH.VL_SH_PRSVI" sap:creatable="false" sap:updatable="false" sap:deletable="false" sap:content-version="1" sap:countable="false"/>
                <EntitySet Name="VL_SH_PRSVZ" EntityType="ZPRS_S_TRUST_WORKBENCH.VL_SH_PRSVZ" sap:creatable="false" sap:updatable="false" sap:deletable="false" sap:content-version="1" sap:countable="false"/>
                <EntitySet Name="VL_SH_PRSWI" EntityType="ZPRS_S_TRUST_WORKBENCH.VL_SH_PRSWI" sap:creatable="false" sap:updatable="false" sap:deletable="false" sap:content-version="1" sap:countable="false"/>
                <EntitySet Name="VL_SH_PRSWZ" EntityType="ZPRS_S_TRUST_WORKBENCH.VL_SH_PRSWZ" sap:creatable="false" sap:updatable="false" sap:deletable="false" sap:content-version="1" sap:countable="false"/>
                <EntitySet Name="VL_SH_PRSSP" EntityType="ZPRS_S_TRUST_WORKBENCH.VL_SH_PRSSP" sap:creatable="false" sap:updatable="false" sap:deletable="false" sap:content-version="1" sap:countable="false"/>
                <EntitySet Name="VL_SH_CN_LDST_PS_PS" EntityType="ZPRS_S_TRUST_WORKBENCH.VL_SH_CN_LDST_PS_PS" sap:creatable="false" sap:updatable="false" sap:deletable="false" sap:content-version="1" sap:countable="false"/>
                <EntitySet Name="VL_SH_PRSAA" EntityType="ZPRS_S_TRUST_WORKBENCH.VL_SH_PRSAA" sap:creatable="false" sap:updatable="false" sap:deletable="false" sap:content-version="1" sap:countable="false"/>
                <EntitySet Name="VL_SH_PRSDI" EntityType="ZPRS_S_TRUST_WORKBENCH.VL_SH_PRSDI" sap:creatable="false" sap:updatable="false" sap:deletable="false" sap:content-version="1" sap:countable="false"/>
                <EntitySet Name="VL_SH_PRSDZ" EntityType="ZPRS_S_TRUST_WORKBENCH.VL_SH_PRSDZ" sap:creatable="false" sap:updatable="false" sap:deletable="false" sap:content-version="1" sap:countable="false"/>
                <EntitySet Name="VL_FV_XREVERSAL" EntityType="ZPRS_S_TRUST_WORKBENCH.VL_FV_XREVERSAL" sap:content-version="1" sap:semantics="fixed-values"/>
            </EntityContainer>
            <Annotations
                xmlns="http://docs.oasis-open.org/odata/ns/edm" Target="ZPRS_S_TRUST_WORKBENCH.Trustdoc/Belnr">
                <Annotation Term="com.sap.vocabularies.Common.v1.ValueList">
                    <Record>
                        <PropertyValue Property="Label" String="Document number search"/>
                        <PropertyValue Property="CollectionPath" String="VL_SH_ZPRS_TR_DOCNUM"/>
                        <PropertyValue Property="Parameters">
                            <Collection>
                                <Record Type="com.sap.vocabularies.Common.v1.ValueListParameterInOut">
                                    <PropertyValue Property="LocalDataProperty" PropertyPath="Belnr"/>
                                    <PropertyValue Property="ValueListProperty" String="BELNR"/>
                                </Record>
                                <Record Type="com.sap.vocabularies.Common.v1.ValueListParameterInOut">
                                    <PropertyValue Property="LocalDataProperty" PropertyPath="Bukrs"/>
                                    <PropertyValue Property="ValueListProperty" String="BUKRS"/>
                                </Record>
                                <Record Type="com.sap.vocabularies.Common.v1.ValueListParameterInOut">
                                    <PropertyValue Property="LocalDataProperty" PropertyPath="Gjahr"/>
                                    <PropertyValue Property="ValueListProperty" String="GJAHR"/>
                                </Record>
                            </Collection>
                        </PropertyValue>
                    </Record>
                </Annotation>
            </Annotations>
            <Annotations
                xmlns="http://docs.oasis-open.org/odata/ns/edm" Target="ZPRS_S_TRUST_WORKBENCH.Trustdoc/Xreversal">
                <Annotation Term="com.sap.vocabularies.Common.v1.ValueList">
                    <Record>
                        <PropertyValue Property="Label" String="Specifies whether doc. is reversal doc. or reversed doc."/>
                        <PropertyValue Property="CollectionPath" String="VL_FV_XREVERSAL"/>
                        <PropertyValue Property="Parameters">
                            <Collection>
                                <Record Type="com.sap.vocabularies.Common.v1.ValueListParameterInOut">
                                    <PropertyValue Property="LocalDataProperty" PropertyPath="Xreversal"/>
                                    <PropertyValue Property="ValueListProperty" String="Code"/>
                                </Record>
                                <Record Type="com.sap.vocabularies.Common.v1.ValueListParameterDisplayOnly">
                                    <PropertyValue Property="ValueListProperty" String="Text"/>
                                </Record>
                            </Collection>
                        </PropertyValue>
                    </Record>
                </Annotation>
            </Annotations>
            <Annotations
                xmlns="http://docs.oasis-open.org/odata/ns/edm" Target="ZPRS_S_TRUST_WORKBENCH.Trustdoc/Rldnr">
                <Annotation Term="com.sap.vocabularies.Common.v1.ValueList">
                    <Record>
                        <PropertyValue Property="Label" String="Help View for the Ledger Display"/>
                        <PropertyValue Property="CollectionPath" String="VL_SH_H_T881"/>
                        <PropertyValue Property="Parameters">
                            <Collection>
                                <Record Type="com.sap.vocabularies.Common.v1.ValueListParameterInOut">
                                    <PropertyValue Property="LocalDataProperty" PropertyPath="Rldnr"/>
                                    <PropertyValue Property="ValueListProperty" String="RLDNR"/>
                                </Record>
                                <Record Type="com.sap.vocabularies.Common.v1.ValueListParameterDisplayOnly">
                                    <PropertyValue Property="ValueListProperty" String="NAME"/>
                                </Record>
                            </Collection>
                        </PropertyValue>
                    </Record>
                </Annotation>
            </Annotations>
            <Annotations
                xmlns="http://docs.oasis-open.org/odata/ns/edm" Target="ZPRS_S_TRUST_WORKBENCH.Trustdoc/Bukrs">
                <Annotation Term="com.sap.vocabularies.Common.v1.ValueList">
                    <Record>
                        <PropertyValue Property="Label" String="Company Codes"/>
                        <PropertyValue Property="CollectionPath" String="VL_SH_H_T001"/>
                        <PropertyValue Property="SearchSupported" Bool="true"/>
                        <PropertyValue Property="Parameters">
                            <Collection>
                                <Record Type="com.sap.vocabularies.Common.v1.ValueListParameterInOut">
                                    <PropertyValue Property="LocalDataProperty" PropertyPath="Bukrs"/>
                                    <PropertyValue Property="ValueListProperty" String="BUKRS"/>
                                </Record>
                                <Record Type="com.sap.vocabularies.Common.v1.ValueListParameterDisplayOnly">
                                    <PropertyValue Property="ValueListProperty" String="BUTXT"/>
                                </Record>
                                <Record Type="com.sap.vocabularies.Common.v1.ValueListParameterDisplayOnly">
                                    <PropertyValue Property="ValueListProperty" String="ORT01"/>
                                </Record>
                                <Record Type="com.sap.vocabularies.Common.v1.ValueListParameterDisplayOnly">
                                    <PropertyValue Property="ValueListProperty" String="WAERS"/>
                                </Record>
                            </Collection>
                        </PropertyValue>
                    </Record>
                </Annotation>
            </Annotations>
            <Annotations
                xmlns="http://docs.oasis-open.org/odata/ns/edm" Target="ZPRS_S_TRUST_WORKBENCH.TrustAccs/Werks">
                <Annotation Term="com.sap.vocabularies.Common.v1.ValueList">
                    <Record>
                        <PropertyValue Property="Label" String="Possible Entries for Plants"/>
                        <PropertyValue Property="CollectionPath" String="VL_SH_H_T001W"/>
                        <PropertyValue Property="SearchSupported" Bool="true"/>
                        <PropertyValue Property="Parameters">
                            <Collection>
                                <Record Type="com.sap.vocabularies.Common.v1.ValueListParameterInOut">
                                    <PropertyValue Property="LocalDataProperty" PropertyPath="Werks"/>
                                    <PropertyValue Property="ValueListProperty" String="WERKS"/>
                                </Record>
                                <Record Type="com.sap.vocabularies.Common.v1.ValueListParameterDisplayOnly">
                                    <PropertyValue Property="ValueListProperty" String="SORT2"/>
                                </Record>
                                <Record Type="com.sap.vocabularies.Common.v1.ValueListParameterDisplayOnly">
                                    <PropertyValue Property="ValueListProperty" String="SORT1"/>
                                </Record>
                                <Record Type="com.sap.vocabularies.Common.v1.ValueListParameterDisplayOnly">
                                    <PropertyValue Property="ValueListProperty" String="POST_CODE1"/>
                                </Record>
                                <Record Type="com.sap.vocabularies.Common.v1.ValueListParameterDisplayOnly">
                                    <PropertyValue Property="ValueListProperty" String="CITY1"/>
                                </Record>
                                <Record Type="com.sap.vocabularies.Common.v1.ValueListParameterDisplayOnly">
                                    <PropertyValue Property="ValueListProperty" String="NAME2"/>
                                </Record>
                                <Record Type="com.sap.vocabularies.Common.v1.ValueListParameterDisplayOnly">
                                    <PropertyValue Property="ValueListProperty" String="NAME1"/>
                                </Record>
                                <Record Type="com.sap.vocabularies.Common.v1.ValueListParameterDisplayOnly">
                                    <PropertyValue Property="ValueListProperty" String="NATION"/>
                                </Record>
                            </Collection>
                        </PropertyValue>
                    </Record>
                </Annotation>
            </Annotations>
            <Annotations
                xmlns="http://docs.oasis-open.org/odata/ns/edm" Target="ZPRS_S_TRUST_WORKBENCH.TrustAccs/Pspid">
                <Annotation Term="com.sap.vocabularies.Common.v1.ValueList">
                    <Record>
                        <PropertyValue Property="Label" String="Project Definition, Short Text"/>
                        <PropertyValue Property="CollectionPath" String="VL_SH_CN_LDST_PS_PD"/>
                        <PropertyValue Property="Parameters">
                            <Collection>
                                <Record Type="com.sap.vocabularies.Common.v1.ValueListParameterInOut">
                                    <PropertyValue Property="LocalDataProperty" PropertyPath="Pspid"/>
                                    <PropertyValue Property="ValueListProperty" String="PSPID"/>
                                </Record>
                                <Record Type="com.sap.vocabularies.Common.v1.ValueListParameterDisplayOnly">
                                    <PropertyValue Property="ValueListProperty" String="SHORTTEXT"/>
                                </Record>
                                <Record Type="com.sap.vocabularies.Common.v1.ValueListParameterDisplayOnly">
                                    <PropertyValue Property="ValueListProperty" String="LANGUAGE"/>
                                </Record>
                            </Collection>
                        </PropertyValue>
                    </Record>
                </Annotation>
            </Annotations>
            <Annotations
                xmlns="http://docs.oasis-open.org/odata/ns/edm" Target="ZPRS_S_TRUST_WORKBENCH.TrustAccs/Pspid" Qualifier="ZPRS_SH_IB_PRSMP">
                <Annotation Term="com.sap.vocabularies.Common.v1.ValueList">
                    <Record>
                        <PropertyValue Property="Label" String="PRO Billing: Matter"/>
                        <PropertyValue Property="CollectionPath" String="VL_SH_ZPRS_SH_IB_PRSMP"/>
                        <PropertyValue Property="Parameters">
                            <Collection>
                                <Record Type="com.sap.vocabularies.Common.v1.ValueListParameterDisplayOnly">
                                    <PropertyValue Property="ValueListProperty" String="POST1"/>
                                </Record>
                                <Record Type="com.sap.vocabularies.Common.v1.ValueListParameterInOut">
                                    <PropertyValue Property="LocalDataProperty" PropertyPath="Pspid"/>
                                    <PropertyValue Property="ValueListProperty" String="PSPID"/>
                                </Record>
                            </Collection>
                        </PropertyValue>
                    </Record>
                </Annotation>
            </Annotations>
            <Annotations
                xmlns="http://docs.oasis-open.org/odata/ns/edm" Target="ZPRS_S_TRUST_WORKBENCH.TrustAccs/Pspid" Qualifier="PRSVI">
                <Annotation Term="com.sap.vocabularies.Common.v1.ValueList">
                    <Record>
                        <PropertyValue Property="Label" String="Simulation Version: Project Definition, Description"/>
                        <PropertyValue Property="CollectionPath" String="VL_SH_PRSVI"/>
                        <PropertyValue Property="Parameters">
                            <Collection>
                                <Record Type="com.sap.vocabularies.Common.v1.ValueListParameterDisplayOnly">
                                    <PropertyValue Property="ValueListProperty" String="VSNMR"/>
                                </Record>
                                <Record Type="com.sap.vocabularies.Common.v1.ValueListParameterDisplayOnly">
                                    <PropertyValue Property="ValueListProperty" String="POST1"/>
                                </Record>
                                <Record Type="com.sap.vocabularies.Common.v1.ValueListParameterInOut">
                                    <PropertyValue Property="LocalDataProperty" PropertyPath="Pspid"/>
                                    <PropertyValue Property="ValueListProperty" String="PSPID"/>
                                </Record>
                            </Collection>
                        </PropertyValue>
                    </Record>
                </Annotation>
            </Annotations>
            <Annotations
                xmlns="http://docs.oasis-open.org/odata/ns/edm" Target="ZPRS_S_TRUST_WORKBENCH.TrustAccs/Pspid" Qualifier="PRSVZ">
                <Annotation Term="com.sap.vocabularies.Common.v1.ValueList">
                    <Record>
                        <PropertyValue Property="Label" String="Simulation Version: Project Definition, Person Responsible"/>
                        <PropertyValue Property="CollectionPath" String="VL_SH_PRSVZ"/>
                        <PropertyValue Property="Parameters">
                            <Collection>
                                <Record Type="com.sap.vocabularies.Common.v1.ValueListParameterDisplayOnly">
                                    <PropertyValue Property="ValueListProperty" String="VSNMR"/>
                                </Record>
                                <Record Type="com.sap.vocabularies.Common.v1.ValueListParameterDisplayOnly">
                                    <PropertyValue Property="ValueListProperty" String="VERNA"/>
                                </Record>
                                <Record Type="com.sap.vocabularies.Common.v1.ValueListParameterDisplayOnly">
                                    <PropertyValue Property="ValueListProperty" String="VERNR"/>
                                </Record>
                                <Record Type="com.sap.vocabularies.Common.v1.ValueListParameterInOut">
                                    <PropertyValue Property="LocalDataProperty" PropertyPath="Pspid"/>
                                    <PropertyValue Property="ValueListProperty" String="PSPID"/>
                                </Record>
                            </Collection>
                        </PropertyValue>
                    </Record>
                </Annotation>
            </Annotations>
            <Annotations
                xmlns="http://docs.oasis-open.org/odata/ns/edm" Target="ZPRS_S_TRUST_WORKBENCH.TrustAccs/Pspid" Qualifier="PRSWI">
                <Annotation Term="com.sap.vocabularies.Common.v1.ValueList">
                    <Record>
                        <PropertyValue Property="Label" String="Version: Project Definition, Description"/>
                        <PropertyValue Property="CollectionPath" String="VL_SH_PRSWI"/>
                        <PropertyValue Property="Parameters">
                            <Collection>
                                <Record Type="com.sap.vocabularies.Common.v1.ValueListParameterDisplayOnly">
                                    <PropertyValue Property="ValueListProperty" String="VSNMR"/>
                                </Record>
                                <Record Type="com.sap.vocabularies.Common.v1.ValueListParameterDisplayOnly">
                                    <PropertyValue Property="ValueListProperty" String="POST1"/>
                                </Record>
                                <Record Type="com.sap.vocabularies.Common.v1.ValueListParameterInOut">
                                    <PropertyValue Property="LocalDataProperty" PropertyPath="Pspid"/>
                                    <PropertyValue Property="ValueListProperty" String="PSPID"/>
                                </Record>
                            </Collection>
                        </PropertyValue>
                    </Record>
                </Annotation>
            </Annotations>
            <Annotations
                xmlns="http://docs.oasis-open.org/odata/ns/edm" Target="ZPRS_S_TRUST_WORKBENCH.TrustAccs/Pspid" Qualifier="PRSWZ">
                <Annotation Term="com.sap.vocabularies.Common.v1.ValueList">
                    <Record>
                        <PropertyValue Property="Label" String="Version: Project Definition, Person Responsible"/>
                        <PropertyValue Property="CollectionPath" String="VL_SH_PRSWZ"/>
                        <PropertyValue Property="Parameters">
                            <Collection>
                                <Record Type="com.sap.vocabularies.Common.v1.ValueListParameterDisplayOnly">
                                    <PropertyValue Property="ValueListProperty" String="VSNMR"/>
                                </Record>
                                <Record Type="com.sap.vocabularies.Common.v1.ValueListParameterDisplayOnly">
                                    <PropertyValue Property="ValueListProperty" String="VERNA"/>
                                </Record>
                                <Record Type="com.sap.vocabularies.Common.v1.ValueListParameterDisplayOnly">
                                    <PropertyValue Property="ValueListProperty" String="VERNR"/>
                                </Record>
                                <Record Type="com.sap.vocabularies.Common.v1.ValueListParameterInOut">
                                    <PropertyValue Property="LocalDataProperty" PropertyPath="Pspid"/>
                                    <PropertyValue Property="ValueListProperty" String="PSPID"/>
                                </Record>
                            </Collection>
                        </PropertyValue>
                    </Record>
                </Annotation>
            </Annotations>
            <Annotations
                xmlns="http://docs.oasis-open.org/odata/ns/edm" Target="ZPRS_S_TRUST_WORKBENCH.TrustAccs/Pspid" Qualifier="PRSSP">
                <Annotation Term="com.sap.vocabularies.Common.v1.ValueList">
                    <Record>
                        <PropertyValue Property="Label" String="Project definition standard WBS: Description"/>
                        <PropertyValue Property="CollectionPath" String="VL_SH_PRSSP"/>
                        <PropertyValue Property="Parameters">
                            <Collection>
                                <Record Type="com.sap.vocabularies.Common.v1.ValueListParameterDisplayOnly">
                                    <PropertyValue Property="ValueListProperty" String="POST1"/>
                                </Record>
                                <Record Type="com.sap.vocabularies.Common.v1.ValueListParameterInOut">
                                    <PropertyValue Property="LocalDataProperty" PropertyPath="Pspid"/>
                                    <PropertyValue Property="ValueListProperty" String="PSPID"/>
                                </Record>
                            </Collection>
                        </PropertyValue>
                    </Record>
                </Annotation>
            </Annotations>
            <Annotations
                xmlns="http://docs.oasis-open.org/odata/ns/edm" Target="ZPRS_S_TRUST_WORKBENCH.TrustAccs/Pspid" Qualifier="CN_LDST_PS_PS">
                <Annotation Term="com.sap.vocabularies.Common.v1.ValueList">
                    <Record>
                        <PropertyValue Property="Label" String="Standard Project Definition, Short Text"/>
                        <PropertyValue Property="CollectionPath" String="VL_SH_CN_LDST_PS_PS"/>
                        <PropertyValue Property="Parameters">
                            <Collection>
                                <Record Type="com.sap.vocabularies.Common.v1.ValueListParameterInOut">
                                    <PropertyValue Property="LocalDataProperty" PropertyPath="Pspid"/>
                                    <PropertyValue Property="ValueListProperty" String="PSPID"/>
                                </Record>
                                <Record Type="com.sap.vocabularies.Common.v1.ValueListParameterDisplayOnly">
                                    <PropertyValue Property="ValueListProperty" String="SHORTTEXT"/>
                                </Record>
                                <Record Type="com.sap.vocabularies.Common.v1.ValueListParameterDisplayOnly">
                                    <PropertyValue Property="ValueListProperty" String="LANGUAGE"/>
                                </Record>
                            </Collection>
                        </PropertyValue>
                    </Record>
                </Annotation>
            </Annotations>
            <Annotations
                xmlns="http://docs.oasis-open.org/odata/ns/edm" Target="ZPRS_S_TRUST_WORKBENCH.TrustAccs/Pspid" Qualifier="PRSAA">
                <Annotation Term="com.sap.vocabularies.Common.v1.ValueList">
                    <Record>
                        <PropertyValue Property="Label" String="Archive: Project Definition"/>
                        <PropertyValue Property="CollectionPath" String="VL_SH_PRSAA"/>
                        <PropertyValue Property="Parameters">
                            <Collection>
                                <Record Type="com.sap.vocabularies.Common.v1.ValueListParameterDisplayOnly">
                                    <PropertyValue Property="ValueListProperty" String="ARC_RUN"/>
                                </Record>
                                <Record Type="com.sap.vocabularies.Common.v1.ValueListParameterInOut">
                                    <PropertyValue Property="LocalDataProperty" PropertyPath="Pspid"/>
                                    <PropertyValue Property="ValueListProperty" String="PSPID"/>
                                </Record>
                            </Collection>
                        </PropertyValue>
                    </Record>
                </Annotation>
            </Annotations>
            <Annotations
                xmlns="http://docs.oasis-open.org/odata/ns/edm" Target="ZPRS_S_TRUST_WORKBENCH.TrustAccs/Pspid" Qualifier="PRSDI">
                <Annotation Term="com.sap.vocabularies.Common.v1.ValueList">
                    <Record>
                        <PropertyValue Property="Label" String="Simulation Version: Project Definition, Description"/>
                        <PropertyValue Property="CollectionPath" String="VL_SH_PRSDI"/>
                        <PropertyValue Property="Parameters">
                            <Collection>
                                <Record Type="com.sap.vocabularies.Common.v1.ValueListParameterDisplayOnly">
                                    <PropertyValue Property="ValueListProperty" String="VSNMR"/>
                                </Record>
                                <Record Type="com.sap.vocabularies.Common.v1.ValueListParameterDisplayOnly">
                                    <PropertyValue Property="ValueListProperty" String="POST1"/>
                                </Record>
                                <Record Type="com.sap.vocabularies.Common.v1.ValueListParameterInOut">
                                    <PropertyValue Property="LocalDataProperty" PropertyPath="Pspid"/>
                                    <PropertyValue Property="ValueListProperty" String="PSPID"/>
                                </Record>
                                <Record Type="com.sap.vocabularies.Common.v1.ValueListParameterDisplayOnly">
                                    <PropertyValue Property="ValueListProperty" String="VSINACT"/>
                                </Record>
                            </Collection>
                        </PropertyValue>
                    </Record>
                </Annotation>
            </Annotations>
            <Annotations
                xmlns="http://docs.oasis-open.org/odata/ns/edm" Target="ZPRS_S_TRUST_WORKBENCH.TrustAccs/Pspid" Qualifier="PRSDZ">
                <Annotation Term="com.sap.vocabularies.Common.v1.ValueList">
                    <Record>
                        <PropertyValue Property="Label" String="Simulation Version: Project Definition, Person Responsible"/>
                        <PropertyValue Property="CollectionPath" String="VL_SH_PRSDZ"/>
                        <PropertyValue Property="Parameters">
                            <Collection>
                                <Record Type="com.sap.vocabularies.Common.v1.ValueListParameterDisplayOnly">
                                    <PropertyValue Property="ValueListProperty" String="VSNMR"/>
                                </Record>
                                <Record Type="com.sap.vocabularies.Common.v1.ValueListParameterDisplayOnly">
                                    <PropertyValue Property="ValueListProperty" String="VERNA"/>
                                </Record>
                                <Record Type="com.sap.vocabularies.Common.v1.ValueListParameterDisplayOnly">
                                    <PropertyValue Property="ValueListProperty" String="VERNR"/>
                                </Record>
                                <Record Type="com.sap.vocabularies.Common.v1.ValueListParameterInOut">
                                    <PropertyValue Property="LocalDataProperty" PropertyPath="Pspid"/>
                                    <PropertyValue Property="ValueListProperty" String="PSPID"/>
                                </Record>
                                <Record Type="com.sap.vocabularies.Common.v1.ValueListParameterDisplayOnly">
                                    <PropertyValue Property="ValueListProperty" String="VSINACT"/>
                                </Record>
                            </Collection>
                        </PropertyValue>
                    </Record>
                </Annotation>
            </Annotations>
            <atom:link
                xmlns:atom="http://www.w3.org/2005/Atom" rel="self" href="./sap/ZPRS_TRUST_WORKBENCH_SRV/$metadata"/>
                <atom:link
                    xmlns:atom="http://www.w3.org/2005/Atom" rel="latest-version" href="./sap/ZPRS_TRUST_WORKBENCH_SRV/$metadata"/>
                </Schema>
            </edmx:DataServices>
        </edmx:Edmx>