<edmx:Edmx
    xmlns:edmx="http://schemas.microsoft.com/ado/2007/06/edmx"
    xmlns:m="http://schemas.microsoft.com/ado/2007/08/dataservices/metadata"
    xmlns:sap="http://www.sap.com/Protocols/SAPData" Version="1.0">
    <edmx:Reference
        xmlns:edmx="http://docs.oasis-open.org/odata/ns/edmx" Uri="./IWFND/CATALOGSERVICE;v=2/Vocabularies(TechnicalName='%2FIWBEP%2FVOC_COMMON',Version='0001',SAP__Origin='LOCAL')/$value">
        <edmx:Include Namespace="com.sap.vocabularies.Common.v1" Alias="Common"/>
    </edmx:Reference>
    <edmx:DataServices m:DataServiceVersion="2.0">
        <Schema
            xmlns="http://schemas.microsoft.com/ado/2008/09/edm" Namespace="Z_DDL_CMI_CDS" xml:lang="en" sap:schema-version="1">
            <EntityType Name="Z_DDL_CMIType" sap:label="Client details" sap:content-version="1">
                <Key>
                    <PropertyRef Name="ClientID"/>
                </Key>
                <Property Name="ClientID" Type="Edm.String" Nullable="false" MaxLength="4" sap:display-format="NonNegative"/>
                <Property Name="Name" Type="Edm.String" MaxLength="50" sap:label="Char"/>
                <Property Name="Address" Type="Edm.String" MaxLength="50" sap:label="Char"/>
                <Property Name="BillingOffice" Type="Edm.String" MaxLength="50" sap:label="Char"/>
                <Property Name="Classification" Type="Edm.String" MaxLength="50" sap:label="Char"/>
                <Property Name="PrimaryContact" Type="Edm.String" MaxLength="50" sap:label="Char"/>
                <Property Name="PrimaryContactEmail" Type="Edm.String" MaxLength="50" sap:label="Char"/>
                <Property Name="PrimaryContactPhone" Type="Edm.String" MaxLength="50" sap:label="Char"/>
            </EntityType>
            <EntityContainer Name="Z_DDL_CMI_CDS_Entities" m:IsDefaultEntityContainer="true" sap:supported-formats="atom json xlsx">
                <EntitySet Name="Z_DDL_CMI" EntityType="Z_DDL_CMI_CDS.Z_DDL_CMIType" sap:creatable="false" sap:updatable="false" sap:deletable="false" sap:content-version="1"/>
            </EntityContainer>
            <atom:link
                xmlns:atom="http://www.w3.org/2005/Atom" rel="self" href="./sap/Z_DDL_CMI_CDS/$metadata"/>
                <atom:link
                    xmlns:atom="http://www.w3.org/2005/Atom" rel="latest-version" href="./sap/Z_DDL_CMI_CDS/$metadata"/>
                </Schema>
            </edmx:DataServices>
        </edmx:Edmx>