<core:FragmentDefinition xmlns="sap.m" xmlns:core="sap.ui.core" xmlns:t="sap.ui.table">
	<Dialog title="{i18n>titleOrgHie}">
		<t:TreeTable id="OrgTreeTblPopup"
			rows="{path: 'orghierarchyView>/primaryOrgData' , parameters: {arrayNames:['children'], numberOfExpandedLevels: 0}}"
			selectionMode="MultiToggle" enableSelectAll="false" ariaLabelledBy="title">
			<t:columns>
				<t:Column width="30rem">
					<Label text="{i18n>Name}"/>
					<t:template>
						<Text text="{orghierarchyView>companyName}" wrapping="false"/>
					</t:template>
				</t:Column>
				<t:Column width="7rem">
					<Label text="{i18n>DUNS}"/>
					<t:template>
						<Text text="{orghierarchyView>duns}" wrapping="false"/>
					</t:template>
				</t:Column>
				<t:Column width="7rem">
					<Label text="{i18n>ParentDUNS}"/>
					<t:template>
						<Text text="{orghierarchyView>parentDuns}" wrapping="false"/>
					</t:template>
				</t:Column>
				<t:Column width="9rem">
					<Label text="{i18n>Relation}"/>
					<t:template>
						<Text text="{orghierarchyView>locationType}" wrapping="false"/>
					</t:template>
				</t:Column>
				<t:Column width="7rem">
					<Label text="{i18n>Location}"/>
					<t:template>
						<Text text="{orghierarchyView>city}" wrapping="false"/>
					</t:template>
				</t:Column>
				<t:Column width="2rem">
					<Label text=" "/>
					<t:template>
						<core:Icon src="sap-icon://detail-view" class="size1" color="#031E48" press="searchOrg"
							visible="{= ${orghierarchyView>sorgSearchFlag}===true}"></core:Icon>
					</t:template>
				</t:Column>
			</t:columns>
		</t:TreeTable>
		<buttons>
			<Button id="buttonCancel" press="handleOrgTreeClose" text="{i18n>Cancel}"/>
			<Button id="buttonAdd" press="handleOrgAdd" text="{i18n>Add}"/>
		</buttons>
	</Dialog>
</core:FragmentDefinition>