<core:FragmentDefinition xmlns="sap.m" xmlns:l="sap.ui.layout" xmlns:smartField="sap.ui.comp.smartfield" xmlns:f="sap.ui.layout.form"
	xmlns:core="sap.ui.core">
	<l:Grid defaultSpan="L12 M12 S12" width="auto">
		<l:content>
			<f:SimpleForm id="FormChange354BD1" visible="true" minWidth="1024" maxContainerCols="2" editable="true" layout="ResponsiveGridLayout"
				labelSpanL="5" labelSpanM="5" emptySpanL="0" emptySpanM="0" columnsL="2" columnsM="2" class="editableForm">
				<f:content>
					<core:Title text=""/>
					<Label text="{i18n>CdetailBDLabelText10}"/>
					<smartField:SmartField change="changeInClientDetails" value="{Zzphasesetdesc}" editable="{AmendmentViewMod>/isEditable}">
						<smartField:configuration>
      <smartField:Configuration preventInitialDataFetchInValueHelpDialog="false"/>
     </smartField:configuration>
					</smartField:SmartField>
					<Label text="{i18n>CdetailBDLabelText11}" tooltip="{i18n>CdetailBDLabelText10}"/>
					<smartField:SmartField value="{Zzphbegda}" id="idPhasedate" editable="{AmendmentViewMod>/isEditable}" change="ondatechange">
						<smartField:configuration>
							<smartField:Configuration controlType="datePicker"/>
						</smartField:configuration>
					</smartField:SmartField>
					<Label text="{i18n>CdetailBDLabelText12}"/>
					<smartField:SmartField change="changeInClientDetails" value="{Zzactsetdesc}" editable="{AmendmentViewMod>/isEditable}">
						<smartField:configuration>
      <smartField:Configuration preventInitialDataFetchInValueHelpDialog="false"/>
     </smartField:configuration>
					</smartField:SmartField>
					<Label text="{i18n>CdetailBDLabelText11}" tooltip="{i18n>CdetailBDLabelText10}"/>
					<smartField:SmartField value="{Zzactbegda}" id="idActivedate" editable="{AmendmentViewMod>/isEditable}" change="ondatechange">
						<smartField:configuration>
							<smartField:Configuration controlType="datePicker"/>
						</smartField:configuration>
					</smartField:SmartField>
					<Label text="{i18n>CdetailGDLabelText9}"/>
					<smartField:SmartField change="changeInClientDetails" value="{Zzexpcodedesc}" editable="{AmendmentViewMod>/isEditable}">
						<smartField:configuration>
      <smartField:Configuration preventInitialDataFetchInValueHelpDialog="false"/>
     </smartField:configuration>
					</smartField:SmartField>
					<core:Title text=""/>
					<Label text="{i18n>CdetailBDLabelText1}"/>
					<smartField:SmartField change="changeInClientDetails" value="{Zzebillvendor}" editable="{AmendmentViewMod>/isEditable}"/>
					<!--<Label text="{i18n>CdetailGDLabelText4}"/>-->
					<!--<smartField:SmartField change="changeInClientDetails" value="{Zzclntgrpdesc}" editable="{AmendmentViewMod>/isEditable}"/>-->
					<Label text="{i18n>CdetailBDLabelText2}"/>
					<Switch id="ChgBDPO" change="handleSwitchClientChange" state="{ path:'Zzporqrd', formatter:'.formatter.myBooleanV' }"
						customTextOn="{i18n>CdetailODLabelText18}" customTextOff="{i18n>CdetailODLabelText19}"/>
					<Label text="{i18n>CdetailBDLabelText3}"/>
					<Switch id="ChgBDSA" change="handleSwitchClientChange" state="{ path:'Zzsanction', formatter:'.formatter.myBooleanV' }"
						customTextOn="{i18n>CdetailODLabelText18}" customTextOff="{i18n>CdetailODLabelText19}"/>
				</f:content>
			</f:SimpleForm>
		</l:content>
	</l:Grid>
</core:FragmentDefinition>