<core:FragmentDefinition xmlns:core="sap.ui.core" xmlns:smartField="sap.ui.comp.smartfield" xmlns:f="sap.ui.layout.form"
	xmlns:l="sap.ui.layout" xmlns="sap.m">
	<l:Grid defaultSpan="L12 M12 S12" width="auto">
		<l:content>
			<f:SimpleForm class="editableForm" columnsL="2" columnsM="2" editable="true" emptySpanL="0" emptySpanM="0" id="FormDisplay354CA"
				labelSpanL="4" labelSpanM="4" layout="ResponsiveGridLayout" maxContainerCols="2" minWidth="1024">
				<f:content>
					<core:Title text=""/>
					<Label text="{i18n>CdetailGDLabelText2}" tooltip="{i18n>CdetailGDLabelText2}"/>
					<!--<Text text="{Sptxt}"/>-->
					<smartField:SmartField change="changeInClientDetails" value="{Sptxt}" editable="{AmendmentViewMod>/isEditable}" >
						<smartField:configuration>
      <smartField:Configuration preventInitialDataFetchInValueHelpDialog="false"/>
     </smartField:configuration>
					</smartField:SmartField>
					<Label text="{i18n>CdetailIALabelText1}" tooltip="{i18n>CdetailIALabelText1}"/>
					<!--<Text text="{Iname1} {Iline1} {Iline2} {Iline3} {Iline4}"/>-->
					<l:Grid defaultSpan="L12 M12 S12" hSpacing="0" vSpacing="0">
					<VBox id="displayAddress">
						<HBox justifyContent="SpaceBetween">
								<Text text="{Iname1}"></Text>
								<Button icon="sap-icon://edit" press="onAddressEdit" enabled="{AmendmentViewMod>/isEditable}"/>
							</HBox>
							<Text text="{Iline1}"></Text>
							<Text text="{Iline2}"></Text>
							<Text text="{Iline3}"></Text>
							<Text text="{Iline4}"></Text>
						</VBox>
						<VBox id="editAddress" visible="false">
							<HBox justifyContent="End">
								<Button icon="sap-icon://display" press="onAddressDisplay"></Button>
							</HBox>
								<Input value="{Iname1}" placeholder="Name" change="onChangeInClientDetails"></Input>
							<Input value="{Iline1}" change="changeInClientDetails" placeholder="line 1"></Input>
							<Input value="{Iline2}" change="changeInClientDetails" placeholder="line 2"></Input>
							<Input value="{Iline3}" change="changeInClientDetails" placeholder="City"></Input>
							<Input value="{Iline4}" change="changeInClientDetails" placeholder="State"></Input>
						</VBox>
							</l:Grid>
					<core:Title text="" />
					<Label text="{i18n>CdetailCALabelText7}" tooltip="{i18n>CdetailCALabelText7}"/>
					<!--<Text text="{Fax}" />-->
					<Input value="{Fax}" editable="{AmendmentViewMod>/isEditable}" change="changeInClientDetails"/>
					<Label text="{i18n>CdetailCALabelText6}" tooltip="{i18n>CdetailCALabelText6}"/>
					<Input value="{Phone}" editable="{AmendmentViewMod>/isEditable}" change="changeInClientDetails"/>
					<!--<Text text="{Phone}" />-->
					<Label text="{i18n>CdetailCALabelText8}" tooltip="{i18n>CdetailCALabelText8}"/>
					<Input value="{Email}" editable="{AmendmentViewMod>/isEditable}" change="changeInClientDetails"/>
					<!--<Text text="{Email}" />-->
				</f:content>
			</f:SimpleForm>
		</l:content>
	</l:Grid>
</core:FragmentDefinition>