<core:FragmentDefinition xmlns:core="sap.ui.core" xmlns:smartField="sap.ui.comp.smartfield" xmlns:f="sap.ui.layout.form" 
	xmlns:l="sap.ui.layout" xmlns="sap.m" xmlns:app="http://schemas.sap.com/sapui5/extension/sap.ui.core.CustomData/1">
	<l:Grid defaultSpan="L12 M12 S12" width="auto">
		<l:content>
			<f:SimpleForm class="editableForm" columnsL="2" columnsM="2" editable="true" emptySpanL="0" emptySpanM="0" id="FormChange354GD"
				labelSpanL="5" labelSpanM="5" layout="ResponsiveGridLayout" maxContainerCols="2" minWidth="1024" visible="true">
				<f:content>
					<core:Title text=""/>
					<Label text="{i18n>CdetailGDLabelText26}"/>
					<smartField:SmartField change="changeInClientDetails" value="{Kukladesc}" editable="{AmendmentViewMod>/isEditable}">
						<smartField:configuration>
      <smartField:Configuration preventInitialDataFetchInValueHelpDialog="false"/>
     </smartField:configuration>
					</smartField:SmartField>
				
					<Label text="{i18n>CdetailGDLabelText7}" tooltip="{i18n>CdetailGDLabelText7}"/>
					<smartField:SmartField value="{Zzopendate}" id="idStartdate"  editable="{AmendmentViewMod>/isEditable}" change="ondatechange" >
					<smartField:configuration>
    				<smartField:Configuration controlType="datePicker" />
    				</smartField:configuration>
					</smartField:SmartField>
				
					<!--<DatePicker id="ChgGDVD2" valueFormat="yyyy-MM-dd" displayFormat="short" valueStateText="{i18n>CdetailBDValueStateText3}"-->
					<!--	value="{ path: 'Zzopendate', formatter: '.formatter.myDate1' }" editable="{AmendmentViewMod>/isEditable}" change="ondatechange"/>-->
					<Label text="{i18n>CdetailGDLabelText21}" tooltip="{i18n>CdetailGDLabelText21}"/>
						<smartField:SmartField value="{Zzclosedate}" id="idClosedate"  editable="{AmendmentViewMod>/isEditable}" change="ondatechange"	>
					<smartField:configuration>
      <smartField:Configuration controlType="datePicker" />
     </smartField:configuration>
				</smartField:SmartField>
					<!--<DatePicker id="ChgGDVD3" valueFormat="yyyy-MM-dd" displayFormat="short" valueStateText="{i18n>CdetailBDValueStateText3}"-->
					<!--	value="{ path: 'Zzclosedate', formatter: '.formatter.myDate1' }" editable="{AmendmentViewMod>/isEditable}" change="changeInClientDetails"/>-->
					<Label id="LblGDGU" text="{i18n>CdetailGDLabelText5}" />
					<smartField:SmartField change="changeInClientDetails" value="{Zzglobalultimate}" editable="{AmendmentViewMod>/isEditable}"/>
					<Label id="LblGDDN" text="{i18n>CdetailGDLabelText6}" />
					<smartField:SmartField change="changeInClientDetails" value="{Zzdunsnumber}" editable="{AmendmentViewMod>/isEditable}"/>
					<Label text="{i18n>CdetailGDLabelText27}"/>
				<smartField:SmartField change="changeInClientDetails" value="{Zzclntgrp}" editable="{AmendmentViewMod>/isEditable}"/>
					<Label text="{i18n>CdetailGDLabelText22}"/>
					<smartField:SmartField change="changeInClientDetails" value="{Zzclntprgdesc}" editable="{AmendmentViewMod>/isEditable}" >
						<smartField:configuration>
      <smartField:Configuration preventInitialDataFetchInValueHelpDialog="false"/>
     </smartField:configuration>
					</smartField:SmartField>
					<Label text="{i18n>CdetailGDLabelText23}"/>
					<smartField:SmartField change="changeInClientDetails" value="{Zzclnttradeas}" editable="{AmendmentViewMod>/isEditable}"/>
					<Label text="{i18n>CdetailGDLabelText24}"/>
					<smartField:SmartField change="changeInClientDetails" value="{Zzsiccddesc}" editable="{AmendmentViewMod>/isEditable}">
						<smartField:configuration>
      <smartField:Configuration preventInitialDataFetchInValueHelpDialog="false"/>
     </smartField:configuration>
					</smartField:SmartField>

					<core:Title text=""/>
					<Label text="{i18n>CdetailGDLabelText14}" />
					<smartField:SmartField change="changeInClientDetails" value="{Stcd1}" editable="{AmendmentViewMod>/isEditable}"/>
					<Label text="{i18n>CdetailGDLabelText15}" />
					<smartField:SmartField change="changeInClientDetails" value="{Stcd2}" editable="{AmendmentViewMod>/isEditable}"/>
					<Label text="{i18n>CdetailGDLabelText16}" />
					<smartField:SmartField change="changeInClientDetails" value="{Stcd3}" editable="{AmendmentViewMod>/isEditable}"/>
					<Label text="{i18n>CdetailGDLabelText17}" />
					<smartField:SmartField change="changeInClientDetails" value="{Stcd4}" editable="{AmendmentViewMod>/isEditable}"/>
					<Label text="{i18n>CdetailGDLabelText18}" />
					<smartField:SmartField change="changeInClientDetails" value="{Stcd5}" editable="{AmendmentViewMod>/isEditable}"/>
					<Label text="{i18n>CdetailGDLabelText19}" />
					<smartField:SmartField change="changeInClientDetails" value="{Stceg}" editable="{AmendmentViewMod>/isEditable}"/>
					<Label text="{i18n>CdetailGDLabelText25}" tooltip="{i18n>CdetailGDLabelText25}"/>
						<smartField:SmartField value="{Zzvatvaldt}" id="idVatdate"  editable="{AmendmentViewMod>/isEditable}" change="ondatechange"	>
					<smartField:configuration>
      <smartField:Configuration controlType="datePicker" />
     </smartField:configuration>
				</smartField:SmartField>
					<!--<DatePicker id="ChgGDVD" valueFormat="yyyy-MM-dd" displayFormat="short" valueStateText="{i18n>CdetailBDValueStateText3}"-->
					<!--	value="{ path: 'Zzvatvaldt', formatter: '.formatter.myDate1' }" editable="{AmendmentViewMod>/isEditable}" change="changeInClientDetails"/>-->
					<!--<Label text="{i18n>CdetailGDLabelText20}"/>-->
					<smartField:SmartField change="changeInClientDetails" value="{Txjcddesc}" editable="{AmendmentViewMod>/isEditable}"/>
					<core:InvisibleText id="ChgGDUD" text="{Udmbp}"/>
					<core:InvisibleText id="ChgGDAU" text="{Auth}"/>
						<Label text="{i18n>CdetailGDLabelText12}"/>
					<Switch customTextOff="{i18n>CdetailSwitchLabelN}" customTextOn="{i18n>CdetailSwitchLabelY}" id="ChgGDP"
						state="{ path:'Zzpriconf', formatter:'.formatter.myBoolean' }" change="handleSwitchClientChange" />
				</f:content>
			</f:SimpleForm>
		</l:content>
	</l:Grid>
</core:FragmentDefinition>