<core:FragmentDefinition xmlns:smartField="sap.ui.comp.smartfield" xmlns="sap.m" xmlns:l="sap.ui.layout" xmlns:f="sap.ui.layout.form"
	xmlns:core="sap.ui.core">
	<l:Grid defaultSpan="L12 M12 S12" width="auto">
		<l:content>
			<f:SimpleForm id="FormChange354OD1" visible="true" minWidth="1024" maxContainerCols="2" editable="true" layout="ResponsiveGridLayout"
				labelSpanL="5" labelSpanM="5" emptySpanL="0" emptySpanM="0" columnsL="2" columnsM="2" class="editableForm">
				<f:content>
					<core:Title text=""/>
					<Label id="LblODDBF" text="{i18n>CdetailODLabelText3}" />
					<smartField:SmartField change="changeInClientDetails" value="{Dbvtext}" editable="{AmendmentViewMod>/isEditable}" >
						<smartField:configuration>
      <smartField:Configuration preventInitialDataFetchInValueHelpDialog="false"/>
     </smartField:configuration>
					</smartField:SmartField>
					<Label id="LblODFBF" text="{i18n>CdetailODLabelText4}" />
					<smartField:SmartField change="changeInClientDetails" value="{Fbvtext}" editable="{AmendmentViewMod>/isEditable}" >
						<smartField:configuration>
      <smartField:Configuration preventInitialDataFetchInValueHelpDialog="false"/>
     </smartField:configuration>
					</smartField:SmartField>
					<Label id="LblODTD" text="{i18n>CdetailODLabelText5}" />
					<smartField:SmartField change="changeInClientDetails" value="{Tdtext}" editable="{AmendmentViewMod>/isEditable}" >
						<smartField:configuration>
      <smartField:Configuration preventInitialDataFetchInValueHelpDialog="false"/>
     </smartField:configuration>
					</smartField:SmartField>
					<Label id="LblODTK" text="{i18n>CdetailODLabelText6}" />
					<smartField:SmartField change="changeInClientDetails" value="{Tstext}" editable="{AmendmentViewMod>/isEditable}" >
						<smartField:configuration>
      <smartField:Configuration preventInitialDataFetchInValueHelpDialog="false"/>
     </smartField:configuration>
					</smartField:SmartField>
					<core:Title text=""/>
					<Label id="LblODCD" text="{i18n>CdetailODLabelText7}" />
					<smartField:SmartField change="changeInClientDetails" value="{Zzcstdtsumry}" editable="{AmendmentViewMod>/isEditable}" />
					<Label text="{i18n>CdetailODLabelText15}"/>
					<Switch id="ChgODPN1" change="handleSwitchClientChange" state="{ path:'Zzpageno', formatter:'.formatter.myBooleanV' }" customTextOn="{i18n>CdetailODLabelText18}"
						customTextOff="{i18n>CdetailODLabelText19}"/>
					<Label text="{i18n>CdetailODLabelText16}"/>
					<Switch id="ChgODRP1" change="handleSwitchClientChange" state="{ path:'Zzremit', formatter:'.formatter.myBooleanV' }" customTextOn="{i18n>CdetailODLabelText18}"
						customTextOff="{i18n>CdetailODLabelText19}"/>
				</f:content>
			</f:SimpleForm>
		</l:content>
	</l:Grid>
</core:FragmentDefinition>