<core:FragmentDefinition xmlns:m="sap.m" xmlns:core="sap.ui.core" xmlns:f="sap.ui.layout.form" xmlns:l="sap.ui.layout"
	xmlns:mvc="sap.ui.core.mvc" xmlns:ui="sap.ui.layout" xmlns="sap.ui.table">
	<!--<m:Dialog title="Split Transfer"  contentWidth="90%" contentHeight="75%">
		<m:content>-->
	<m:Panel expandable="false" expanded="false" width="auto">
		<m:content>
			<Table id="splitWipTbl" selectionMode="Single" enableBusyIndicator="true" visibleRowCount="1" rowSelectionChange="onPress"
				filter="initBindingEventHandler" threshold="10">
				<columns>
					<Column id="idspTmatter" width="6rem">
						<label>
							<m:Label text="Matter"/>
						</label>
						<template>
							<m:Text text="{Pspid}"/>
						</template>
					</Column>
					<Column id="idspTPhaseCode" width="6rem">
						<label>
							<m:Label text="PhaseCode"/>
						</label>
						<template>
							<!--<m:Select items="{ path: 'phaseCodeModel>/results' }">-->
							<!--	<core:Item key="{phaseCodeModel>Phasecode}" text="{phaseCodeModel>Phasecode}"/>-->
							<!--</m:Select>-->
							<m:Text text="{ToZztskcd}"/>
						</template>
					</Column>
					<Column id="idspTTaskCode" width="6rem">
						<label>
							<m:Label text="TaskCode"/>
						</label>
						<template>
							<!--<m:Select items="{ path: 'taskCodeModel>/results' }">-->
							<!--	<core:Item key="{taskCodeModel>TaskCodes}" text="{taskCodeModel>TaskCodes}"/>-->
							<!--</m:Select>-->
							<m:Text text="{Zzphasecode}"/>
						</template>
					</Column>
					<Column id="idspTActivityCode" width="6rem">
						<label>
							<m:Label text="ActivityCode"/>
						</label>
						<template>
							<!--<m:Select items="{ path: 'actCodeModel>/results' }">-->
							<!--	<core:Item key="{actCodeModel>ActivityCodes}" text="{actCodeModel>ActivityCodes}"/>-->
							<!--</m:Select>-->
							<m:Text text="{Zzphasecode}"/>
						</template>
					</Column>
					<Column id="idspTFFTaskCode" width="6rem">
						<label>
							<m:Label text="FF TaskCode"/>
						</label>
						<template>
							<!--<m:Select items="{ path: 'fftaskCodeModel>/results' }">-->
							<!--	<core:Item key="{fftaskCodeModel>FfTaskCode}" text="{fftaskCodeModel>FfTaskCode}"/>-->
							<!--</m:Select>-->
							<m:Text text="{Zzphasecode}"/>
						</template>
					</Column>
					<Column id="idspTFFActivityCode" width="6rem">
						<label>
							<m:Label text="FF ActivityCode"/>
						</label>
						<template>
							<!--<m:Select items="{ path: 'fftaskCodeModel>/results' }">-->
							<!--	<core:Item key="{fftaskCodeModel>FfActivityCodes}" text="{fftaskCodeModel>FfActivityCodes}"/>-->
							<!--</m:Select>-->
							<m:Text text="{Zzphasecode}"/>
						</template>
					</Column>
					<Column id="idspTHoursQuantity" width="6rem">
						<label>
							<m:Label text="Hours/Quantity"/>
						</label>
						<template>
							<m:Text text="{Megbtr}"/>
						</template>
					</Column>
					<Column id="idspTDocumentNo" width="6rem">
						<label>
							<m:Label text="Document No"/>
						</label>
						<template>
							<m:Text text="{Belnr}"/>
						</template>
					</Column>
				</columns>
			</Table>
		</m:content>
	</m:Panel>
	<!--</m:content>-->
	<!--<m:content>-->
	<m:Panel id="idSplit" expandable="false" expanded="false" width="auto">
		<m:content>
			<Table id="TransferTable" selectionMode="Single" enableBusyIndicator="true" rowSelectionChange="onPress" filter="initBindingEventHandler"
				threshold="10">
				<columns>
					<Column id="idTtomatterPhase" width="6rem">
						<label>
							<m:Label text="To MatterPhase"/>
						</label>
						<template>
							<m:Input id="idTOMatterPahse" showValueHelp="true" valueHelpRequest="handleValueHelpMatterPhase" value="{ToMatter}"/>
						</template>
					</Column>
					<Column id="idTPhaseCode" width="6rem">
						<label>
							<m:Label text="PhaseCode"/>
						</label>
						<template>
							<m:Select items="{ path: 'phaseCodeModel>/results' }">
								<core:Item key="{phaseCodeModel>Phasecode}" text="{phaseCodeModel>Phasecode}"/>
							</m:Select>
						</template>
					</Column>
					<Column id="idTTaskCode" width="6rem">
						<label>
							<m:Label text="TaskCode"/>
						</label>
						<template>
							<m:Select items="{ path: 'taskCodeModel>/results' }">
								<core:Item key="{taskCodeModel>TaskCodes}" text="{taskCodeModel>TaskCodes}"/>
							</m:Select>
						</template>
					</Column>
					<Column id="idTActivityCode" width="6rem">
						<label>
							<m:Label text="ActivityCode"/>
						</label>
						<template>
							<m:Select items="{ path: 'actCodeModel>/results' }">
								<core:Item key="{actCodeModel>ActivityCodes}" text="{actCodeModel>ActivityCodes}"/>
							</m:Select>
						</template>
					</Column>
					<Column id="idTFFTaskCode" width="6rem">
						<label>
							<m:Label text="FF TaskCode"/>
						</label>
						<template>
							<m:Select items="{ path: 'fftaskCodeModel>/results' }">
								<core:Item key="{fftaskCodeModel>FfTaskCode}" text="{fftaskCodeModel>FfTaskCode}"/>
							</m:Select>
						</template>
					</Column>
					<Column id="idTFFActivityCode" width="6rem">
						<label>
							<m:Label text="FF ActivityCode"/>
						</label>
						<template>
							<m:Select items="{ path: 'fftaskCodeModel>/results' }">
								<core:Item key="{fftaskCodeModel>FfActivityCodes}" text="{fftaskCodeModel>FfActivityCodes}"/>
							</m:Select>
						</template>
					</Column>
					<Column id="idTHoursQuantity" width="5rem">
						<label>
							<m:Label text="Hours/Quantity"/>
						</label>
						<template>
							<m:Input id="idHoursQuantity" value=""/>
						</template>
					</Column>
					<Column id="idPercentage" width="3rem">
						<label>
							<m:Label text="%"/>
						</label>
						<template>
							<m:Input id="idPercentField" value="" enabled="false"/>
						</template>
					</Column>
					<Column id="idAddRow" width="6rem">
						<label>
							<m:Label text=""/>
						</label>
						<template>
							<l:HorizontalLayout >
								<m:Button id="idTransAdd" enabled="true" visible="true" icon="sap-icon://add" iconFirst="true" press="onADDColumn"/>
								<m:Button id="idTransDel" enabled="true" visible="false" icon="sap-icon://delete" iconFirst="true" press="onDeletedIconPress"/>
							</l:HorizontalLayout >
						</template>
					</Column>
				</columns>
			</Table>
		</m:content>
	</m:Panel>
</core:FragmentDefinition>