<core:FragmentDefinition xmlns="sap.m" xmlns:core="sap.ui.core" xmlns:f="sap.ui.layout.form" xmlns:l="sap.ui.layout"
	xmlns:mvc="sap.ui.core.mvc" xmlns:ui="sap.ui.layout">
	<Popover title="UpDate Codes" class="sapUiContentPadding" placement="Left" contentWidth="30%" contentHeight="30%">
		<footer>
			<Toolbar>
				<ToolbarSpacer/>
				<Button text="UpDate Code" press="OnUpDateCodes"/>
				<Button text="Close" press="closeDialogUp"/>
			</Toolbar>
		</footer>
		<l:Grid defaultSpan="L4 M6 S6" class="sapUiSmallMarginTop">
			<l:content>
				<Label text="Phase Code: " class="labelColer"/>
				<Select items="{ path: 'phaseCodeModel>/results' }" width="100%" selectedKey="{detailView>/Phasecode}">
					<core:Item key="{phaseCodeModel>Phasecode}" text="{phaseCodeModel>Phasecode}"/>
				</Select>
				<CheckBox text="Apply" selected="{detailView>/PhCodeApply}"/>
				<Label text="Task Code: " class="labelColer"/>
				<Select items="{ path: 'taskCodeModel>/results' }" width="100%" selectedKey="{detailView>/TaskCodes}">
					<core:Item key="{taskCodeModel>TaskCodes}" text="{taskCodeModel>TaskCodes}"/>
				</Select>
				<CheckBox text="Apply" selected="{detailView>/TaskCodeApply}"/>
				<Label text="ActivityCodes: " class="labelColer"/>
				<Select items="{ path: 'actCodeModel>/results' }" width="100%" selectedKey="{detailView>/ActivityCodes}" >
					<core:Item key="{actCodeModel>ActivityCodes}" text="{actCodeModel>ActivityCodes}"/>
				</Select>
				<CheckBox text="Apply" selected="{detailView>/ActCodeApply}"/>
				<Label text="FfTaskCode: " class="labelColer"/>
				<Select items="{ path: 'fftaskCodeModel>/results' }" width="100%" selectedKey="{detailView>/FfTaskCode}">
					<core:Item key="{fftaskCodeModel>FfTaskCode}" text="{fftaskCodeModel>FfTaskCode}"/>
				</Select>
				<CheckBox text="Apply" selected="{detailView>/FfTCodeApply}"/>
				<Label text="FfActivityCodes: " class="labelColer"/>
				<Select items="{ path: 'fftaskCodeModel>/results' }" width="100%" selectedKey="{detailView>/FfActivityCodes}">
					<core:Item key="{fftaskCodeModel>FfActivityCodes}" text="{fftaskCodeModel>FfActivityCodes}"/>
				</Select>
				<CheckBox text="Apply" selected="{detailView>/FFActCodeApply}" class="labelColer" />
			</l:content>
		</l:Grid>
	</Popover>
</core:FragmentDefinition>