<core:FragmentDefinition xmlns:core="sap.ui.core" xmlns="sap.m" xmlns:smartField="sap.ui.comp.smartfield"
	xmlns:smartForm="sap.ui.comp.smartform">
	<smartForm:SmartForm title="Client Information" entityType="Client" useHorizontalLayout="false" editTogglable="true">
		<smartForm:Group >
			<smartForm:GroupElement label="Client ID">
				<smartField:SmartField value="{Client}"/>
			</smartForm:GroupElement>
			<smartForm:GroupElement label="Client ID Override">
				<smartField:SmartField value="{ClientIDOverride}"/>
			</smartForm:GroupElement>
			<smartForm:GroupElement label="eBill Client Name">
				<smartField:SmartField value="{eBillClientName}"/>
			</smartForm:GroupElement>
			<smartForm:GroupElement label="eBill Vendor">
				<smartField:SmartField value="{eBillVendor}"/>
			</smartForm:GroupElement>
		</smartForm:Group>
	</smartForm:SmartForm>
</core:FragmentDefinition>