<core:FragmentDefinition xmlns:l="sap.ui.layout" xmlns:f="sap.ui.layout.form" xmlns:core="sap.ui.core" xmlns="sap.m"
	xmlns:smartField="sap.ui.comp.smartfield" xmlns:smartFilterBar="sap.ui.comp.smartfilterbar">
	<Dialog title="Client Selection">
		<content>
			<smartFilterBar:SmartFilterBar id="smartFilterBar" entitySet="ClientSet" search="onSearchClientFilter">
				<smartFilterBar:controlConfiguration>
					<smartFilterBar:ControlConfiguration key="Client" visibleInAdvancedArea="true" label="Client"/>
					<smartFilterBar:ControlConfiguration key="ClientName" visibleInAdvancedArea="true" label="Client Name"/>
				</smartFilterBar:controlConfiguration>
			</smartFilterBar:SmartFilterBar>
		</content>
		<endButton>
			<Button text="Cancel" press="onCntDiaCancel"/>
		</endButton>
	</Dialog>
</core:FragmentDefinition>