<core:FragmentDefinition xmlns:core="sap.ui.core" xmlns="sap.m" xmlns:smartField="sap.ui.comp.smartfield"
	xmlns:smartFilterBar="sap.ui.comp.smartfilterbar" xmlns:smartTable="sap.ui.comp.smarttable"
	xmlns:customData="http://schemas.sap.com/sapui5/extension/sap.ui.core.CustomData/1">
	<Table id="Clientlist" items="{/ClientSet}" alternateRowColors="true" updateFinished="onUpdateClientTbl">
		<columns>
			<Column>
				<customData>
					<core:CustomData key="p13nData" value='\{"columnKey": "Client", "leadingProperty": "Client"}'/>
				</customData>
				<Text text="Client"/>
			</Column>
			<Column minScreenWidth="Tablet" demandPopin="true">
				<customData>
					<core:CustomData key="p13nData" value='\{"columnKey": "ClientName", "leadingProperty": "ClientName"}'/>
				</customData>
				<Text text="Client Name"/>
			</Column>
			<Column>
				<customData>
					<core:CustomData key="p13nData" value='\{"columnKey": "ClientIDOverride", "leadingProperty": "ClientIDOverride"}'/>
				</customData>
				<Text text="Client ID Override"/>
			</Column>
			<Column>
				<customData>
					<core:CustomData key="p13nData" value='\{"columnKey": "LawFirmName", "leadingProperty": "LawFirmName"}'/>
				</customData>
				<Text text="Law Firm Name"/>
			</Column>
			<Column>
				<customData>
					<core:CustomData key="p13nData" value='\{"columnKey": "eBillClientName", "leadingProperty": "eBillClientName"}'/>
				</customData>
				<Text text="eBill Client Name"/>
			</Column>
			<Column minScreenWidth="Tablet" demandPopin="true">
				<customData>
					<core:CustomData key="p13nData" value='\{"columnKey": "eBillVendor", "leadingProperty": "eBillVendor"}'/>
				</customData>
				<Text text="eBill Vendor"/>
			</Column>
		</columns>
		<items>
			<ColumnListItem type="Navigation" press="onSelectionChange">
				<cells>
					<Text text="{Client}"/>
					<Text text="{ClientName}"/>
					<Text text="{ClientIDOverride}"/>
					<Text text="{LawFirmName}"/>
					<Text text="{eBillClientName}"/>
					<Text text="{eBillVendor}"/>
				</cells>
			</ColumnListItem>
		</items>
	</Table>
</core:FragmentDefinition>