<core:FragmentDefinition xmlns:l="sap.ui.layout" xmlns:f="sap.ui.layout.form" xmlns:core="sap.ui.core" xmlns="sap.m"
	xmlns:smartField="sap.ui.comp.smartfield" xmlns:smartFilterBar="sap.ui.comp.smartfilterbar">
	<Dialog title="Matter Selection">
		<content>
			<smartFilterBar:SmartFilterBar id="esmartFilterBar" entitySet="MatterSet" search="onSearchMatterFilter">
				<smartFilterBar:controlConfiguration>
					<smartFilterBar:ControlConfiguration key="Client" visibleInAdvancedArea="true" label="Client"/>
					<smartFilterBar:ControlConfiguration key="eBillClientName" visibleInAdvancedArea="true" label="Client Name"/>
					<smartFilterBar:ControlConfiguration key="MatterName" visibleInAdvancedArea="true" label="Matter Name"/>
					<smartFilterBar:ControlConfiguration key="Matter" visibleInAdvancedArea="true" label="Matter Number"/>
					<smartFilterBar:ControlConfiguration key="MatterState" visibleInAdvancedArea="true" label="Matter Status"/>
				</smartFilterBar:controlConfiguration>
			</smartFilterBar:SmartFilterBar>
		</content>
		<endButton>
			<Button text="Cancel" press="onMtrDiaCancel"/>
		</endButton>
	</Dialog>
</core:FragmentDefinition>