<core:FragmentDefinition xmlns:core="sap.ui.core" xmlns="sap.m" xmlns:smartField="sap.ui.comp.smartfield"
	xmlns:smartForm="sap.ui.comp.smartform">
	<smartForm:SmartForm title="Matter Information" entityType="Matter" useHorizontalLayout="false" editTogglable="true">
		<smartForm:Group >
			<smartForm:GroupElement label="Matter">
				<smartField:SmartField value="{Matter}"/>
			</smartForm:GroupElement>
			<smartForm:GroupElement label="Client Matter ID">
				<smartField:SmartField value="{ClientMatterID}"/>
			</smartForm:GroupElement>
			<smartForm:GroupElement label="Invoice Desc">
				<smartField:SmartField value="{InvoiceDesc}"/>
			</smartForm:GroupElement>
			<smartForm:GroupElement label="Matter ID Override">
				<smartField:SmartField value="{MatterIDOverride}"/>
			</smartForm:GroupElement>
			<smartForm:GroupElement label="Claim No">
				<smartField:SmartField value="{ClaimNo}"/>
			</smartForm:GroupElement>
			<smartForm:GroupElement label="Insured Name">
				<smartField:SmartField value="{InsuredName}"/>
			</smartForm:GroupElement>
			<smartForm:GroupElement label="Billing Method">
				<smartField:SmartField value="{BillingMethod}"/>
			</smartForm:GroupElement>
			<smartForm:GroupElement label="eBill Vendor">
				<smartField:SmartField value="{eBillVendor}"/>
			</smartForm:GroupElement>
			<smartForm:GroupElement label="Matter State">
				<smartField:SmartField value="{MatterState}"/>
			</smartForm:GroupElement>
			<smartForm:GroupElement label="Set Specialist">
				<smartField:SmartField value="{SetSpecialist}"/>
			</smartForm:GroupElement>
			<smartForm:GroupElement label="Open Date">
				<!--<DatePicker placeholder="Enter Date ..." change="handleChange" class="sapUiSmallMarginBottom"/>-->
				<smartField:SmartField value="{OpenDate}" />
			</smartForm:GroupElement>
		</smartForm:Group>
		<smartForm:Group label="Additional Information">
			<smartForm:GroupElement label="Law Firm No">
				<smartField:SmartField value="{LawFirmNo}" />
			</smartForm:GroupElement>
			<smartForm:GroupElement label="Division Office">
				<smartField:SmartField value="{DivisionOffice}" />
			</smartForm:GroupElement>
			<smartForm:GroupElement label="LOB Code">
				<smartField:SmartField value="{LOBCode}" />
			</smartForm:GroupElement>
			<smartForm:GroupElement label="Claim Handler">
				<smartField:SmartField value="{ClaimHandler}" />
			</smartForm:GroupElement>
			<smartForm:GroupElement label="Claimant Name">
				<smartField:SmartField value="{ClaimantName}" />
			</smartForm:GroupElement>
			<smartForm:GroupElement label="Division">
				<smartField:SmartField value="{Division}" />
			</smartForm:GroupElement>
			<smartForm:GroupElement label="Division">
				<smartField:SmartField value="{Division}" />
			</smartForm:GroupElement>
			<smartForm:GroupElement label="Case Level ID">
				<smartField:SmartField value="{CaseLevelID}" />
			</smartForm:GroupElement>
			<smartForm:GroupElement label="Date of Loss">
				<smartField:SmartField value="{DateofLoss}" />
			</smartForm:GroupElement>
			<smartForm:GroupElement label="Law Firm Office">
				<smartField:SmartField value="{LawFirmName}" />
			</smartForm:GroupElement>
			<smartForm:GroupElement label="Matter Type">
				<smartField:SmartField value="{eBillLocation}" />
			</smartForm:GroupElement>
		</smartForm:Group>
		<smartForm:Group label="Client Information">
			<smartForm:GroupElement label="Client ID">
				<smartField:SmartField value="{Client}"/>
			</smartForm:GroupElement>
			<smartForm:GroupElement label="Client ID Override">
				<smartField:SmartField value="{ClientIDOverride}"/>
			</smartForm:GroupElement>
			<smartForm:GroupElement label="eBill Client Name">
				<smartField:SmartField value="{eBillClientName}"/>
			</smartForm:GroupElement>
			<smartForm:GroupElement label="eBill Vendor">
				<smartField:SmartField value="{eBillVendor}"/>
			</smartForm:GroupElement>
		</smartForm:Group>
	</smartForm:SmartForm>
</core:FragmentDefinition>