<core:FragmentDefinition xmlns:core="sap.ui.core" xmlns="sap.m" xmlns:smartField="sap.ui.comp.smartfield"
	xmlns:smartFilterBar="sap.ui.comp.smartfilterbar" xmlns:smartTable="sap.ui.comp.smarttable"
	xmlns:customData="http://schemas.sap.com/sapui5/extension/sap.ui.core.CustomData/1" xmlns:l="sap.ui.layout">
	<l:DynamicSideContent class="sapUiDSCExplored sapUiContentPadding" containerQuery="true" equalSplit="true">
		<VBox>
			<Table id="listclient" items="{/ClientSet}" alternateRowColors="alternateRowColors" updateFinished="onUpdateFinshedMaaterTbl">
				<headerToolbar>
					<OverflowToolbar>
						<Title text="Clients" level="H2"/>
						<ToolbarSpacer></ToolbarSpacer>
					</OverflowToolbar>
				</headerToolbar>
				<columns>
					<Column>
						<customData>
							<core:CustomData key="p13nData" value='\{"columnKey": "Client", "leadingProperty": "Client"}'/>
						</customData>
						<Text text="Client"/>
					</Column>
					<Column>
						<customData>
							<core:CustomData key="p13nData" value='\{"columnKey": "ClientMatterID", "leadingProperty": "ClientMatterID"}'/>
						</customData>
						<Text text="Client Name"/>
					</Column>
				</columns>
				<items>
					<ColumnListItem type="Navigation" press="onSelectionChange">
						<cells>
							<Text text="{Client}"/>
							<Text text="{ClientName}"/>
						</cells>
					</ColumnListItem>
				</items>
			</Table>
		</VBox>
		<l:sideContent>
			<VBox>
				<Table id="list" items="{/MatterSet}" alternateRowColors="alternateRowColors" updateFinished="onUpdateFinshedMaaterTbl">
					<headerToolbar>
						<OverflowToolbar>
							<Title text="Matters" level="H2"/>
							<ToolbarSpacer></ToolbarSpacer>
						</OverflowToolbar>
					</headerToolbar>
					<columns>
						<Column>
							<customData>
								<core:CustomData key="p13nData" value='\{"columnKey": "Matter", "leadingProperty": "Matter"}'/>
							</customData>
							<Text text="Matter"/>
						</Column>
						<Column minScreenWidth="Tablet" demandPopin="true">
							<customData>
								<core:CustomData key="p13nData" value='\{"columnKey": "MatterName", "leadingProperty": "MatterName"}'/>
							</customData>
							<Text text="Matter Name"/>
						</Column>
					</columns>
					<items>
						<ColumnListItem type="Navigation" press="onSelectionChange">
							<cells>
								<!--<Link text="{Matter}" press="onPressMatterLink"/>-->
								<Text text="{Matter}"/>
								<Text text="{MatterName}"/>
							</cells>
						</ColumnListItem>
					</items>
				</Table>
			</VBox>
		</l:sideContent>
	</l:DynamicSideContent>
</core:FragmentDefinition>