<core:FragmentDefinition xmlns="sap.m" xmlns:core="sap.ui.core" xmlns:smartField="sap.ui.comp.smartfield">
	<Dialog contentWidth="400px" showHeader="true" title="Location Code" class="sapUiSizeCompact sapUiNoContentPadding"
		xmlns:smartform="sap.ui.comp.smartform">
		<content>
			<smartform:SmartForm editable="true" expandable="false" expanded="true" entityType="Recordsworklist" flexEnabled="true" id="SmartFormId">
				<smartform:customData>
					<core:CustomData key="dateFormatSettings" value='\{"UTC":true,"style":"short"\}'/>
				</smartform:customData>
				<smartform:Group>
					<smartform:GroupElement label="{i18n>LocCode}">
						<smartField:SmartField id="idLocCode" showLabel="true" value="{Locationcode}" change="onLocationCodeChanges"/>
					</smartform:GroupElement>
				</smartform:Group>
			</smartform:SmartForm>
		</content>
		<beginButton>
			<Button text="{RMView>/btnActionText}" press="onSaveAction" type="Emphasized"/>
		</beginButton>
		<endButton>
			<Button text="{i18n>Close}" press="onCloseAction" type="Emphasized"/>
		</endButton>
	</Dialog>
</core:FragmentDefinition>