{
    "resources": [
        {
            "name": "manifest.json"
        },
        {
            "name": "annotations/annotation.xml"
        },
        {
            "name": "i18n/i18n.properties",
            "raw": "i18n/i18n.properties"
        },
        {
            "name": "Component.js"
        },
        {
            "name": "localService/ZPRS_LSM_DB_SRV/metadata.xml"
        },
        {
            "name": "localService/mockserver.js"
        },
        {
            "name": "Component-preload.js",
            "merged": true
        },
        {
            "name": "neo-app.json"
        }
    ]
}