<core:FragmentDefinition xmlns="sap.m" xmlns:l="sap.ui.layout" xmlns:core="sap.ui.core" xmlns:f="sap.ui.layout.form"
	xmlns:smartForm="sap.ui.comp.smartform" xmlns:smartField="sap.ui.comp.smartfield" xmlns:u="sap.ui.unified" class="sapUiSizeCompact">
	<Page showHeader="false">
		<content>
			<l:BlockLayout class="sapUiNoContentPadding">
				<l:BlockLayoutRow>
					<l:BlockLayoutCell class="sapUiNoContentPadding">
						<f:SimpleForm minWidth="1024" editable="true" layout="ResponsiveGridLayout" labelSpanL="4" labelSpanM="4" emptySpanL="2" emptySpanM="2"
							columnsL="1" columnsM="1" title="{i18n>fTitleTransferDetail}" class="editableForm">
							<f:content>
								<Label text="{i18n>lblOffice}" required="true" design="Bold"/>
								<smartField:SmartField value="{OfficeDesc}" id="idOffice" change="handleChange"/>
								<Label text="{i18n>lblTransferdate}" required="true" design="Bold"/>
								<!--<smartField:SmartField value="{TransferDate}" id="idTransferDate" width="40%">
								</smartField:SmartField>-->
									<DatePicker  dateValue="{TransferDate}" id="idTransferDate" displayFormat="short" width="40%" change="handleDate"/>
								<Label text="{i18n>lblAmount}" required="true" design="Bold"/>
								<!--	<smartField:SmartField value="{Amount}" id="idAmount" change="onChangeAmount"/>-->
								<Input value="{Amount}" id="idAmount" type="Number" textAlign="Right" change="handleonValueInput" liveChange="onChangeAmount">
									<layoutData>
										<l:GridData span="XL1 L3 M3 S4"/>
									</layoutData>
								</Input>
								<Text text="{Currency}" width="30%"/>
							</f:content>
						</f:SimpleForm>
					</l:BlockLayoutCell>
					<l:BlockLayoutCell class="sapUiNoContentPadding">
						<f:SimpleForm minWidth="1024" maxContainerCols="1" editable="true" layout="ResponsiveGridLayout" labelSpanL="4" labelSpanM="5"
							emptySpanL="1" emptySpanM="1" columnsL="1" columnsM="1" title=" " class="editableForm">
							<f:content>
								<Label text="{i18n>lblAuthorisedBy}" required="true" design="Bold"/>
								<smartField:SmartField value="{AuthByDesc}" id="idAuthBy" change="onChangeAuthBy" width="80%"/>
								<!--	<Label text="{i18n>lblCurrency}" required="true" design="Bold"/>
						<Input value="{Currency}" id="idCurrency" enabled="false" width="40%"/>-->
								<Label text="{i18n>lblReasonforTransfer}" required="true" design="Bold"/>
								<smartField:SmartField value="{ReasonForTrns}" change="handleReasonForTransfer" maxLength="50" id="idReasonForTrns"
									width="70%"/>
							</f:content>
						</f:SimpleForm>
					</l:BlockLayoutCell>
				</l:BlockLayoutRow>
				<l:BlockLayoutRow>
					<l:BlockLayoutCell class="sapUiNoContentPadding">
						<f:SimpleForm minWidth="1024" maxContainerCols="2" editable="true" layout="ResponsiveGridLayout" labelSpanL="4" labelSpanM="4"
							emptySpanL="0" emptySpanM="0" columnsL="1" columnsM="1" title="{i18n>fTitleSourceBank}">
							<f:content>
								<!--<core:Title text="Source Bank"/>-->
								<Label text="{i18n>lblSourceMatter}" required="true" design="Bold"/>
								<smartField:SmartField value="{SorcMattDesc}" id="idSourceMatter" change="onChangeSourceMatter" width="88%"/>
								<Label text="{i18n>lblSourceClientNumber}" required="true" design="Bold"/>
								<Input value="{ClntNumSDesc}" id="idClientNumS" enabled="false" width="88%"/>
								<Label text="{i18n>lblSourceAccountNumber}" required="true" design="Bold"/>
								<smartField:SmartField value="{SorcAccNum}" id="idSorcAccNum" change="onChangeBankAccNo" width="80%"/>
								<Label text="{i18n>lblSourceBankName}" required="true" design="Bold"/>
								<Input value="{HbankDescS}" enabled="false" width="90%"/>
								<Label text="{i18n>lblAvailMattBal}" required="true" design="Bold"/>
								<Input id="idAmt" value="{parts: [ {path: 'jsonViewMod>/AvailMattBal'}, {path: 'Currency'} ], formatter: '.formatter.currencyFormatter'}"
									editable="false" textAlign="Right">
									<layoutData>
										<l:GridData span="XL1 L3 M3 S4"/>
									</layoutData>
								</Input>
								<Text text="{Currency}" width="30%"/>
								<Label text="{i18n>lblTotMattBal}" required="true" design="Bold"/>
								<!--<Input value="{path:'jsonViewMod>/TotMattBal', formatter: '.formatter.numberUnit'}" id="idTotMattBal" enabled="false" width="70%"/>
							<Text text="{Currency}"  width="30%"/>-->
								<Input value="{parts: [ {path: 'jsonViewMod>/TotMattBal'}, {path: 'Currency'} ], formatter: '.formatter.currencyFormatter'}"
									editable="false" textAlign="Right">
									<layoutData>
										<l:GridData span="XL1 L3 M3 S4"/>
									</layoutData>
								</Input>
								<Text text="{Currency}" width="30%"/>
							</f:content>
						</f:SimpleForm>
					</l:BlockLayoutCell>
					<l:BlockLayoutCell class="sapUiNoContentPadding">
						<f:SimpleForm class="titleDist" minWidth="1024" maxContainerCols="2" editable="true" layout="ResponsiveGridLayout" labelSpanL="3"
							labelSpanM="5" emptySpanL="0" emptySpanM="0" columnsL="1" columnsM="1" title="{i18n>fTitleDestinationBank}">
							<f:content>
								<!--<core:Title text="Destination Bank"/>-->
								<Label text="{i18n>lblDestinationMatter}" required="true" design="Bold"/>
								<smartField:SmartField value="{DestMattDesc}" id="idDestinMatter" change="onChangeDestinationMatter" width="88%"/>
								<Label text="{i18n>lblDestinationClientNumber}" required="true" design="Bold"/>
								<Input value="{DestClntDesc}" id="idClientNumD" enabled="false" width="88%"/>
								<Label text="{i18n>lblDestinationAccountNumber}" required="true" design="Bold"/>
								<smartField:SmartField value="{DestAccNum}" id="idDestAccNum" change="onChnageDestiAccNo" width="80%"/>
								<Label text="{i18n>lblDestBankName}" required="true" design="Bold"/>
								<Input value="{HbankDescD}" enabled="false" width="90%"/>
							</f:content>
						</f:SimpleForm>
					</l:BlockLayoutCell>
				</l:BlockLayoutRow>
			</l:BlockLayout>
		</content>
		<footer id="footid">
			<Toolbar>
				<ToolbarSpacer/>
				<Button text="{i18n>BtnSave}" id="isSaveBank" type="Accept" press="onPressSave"/>
				<!--	<Button text="Cancel" type="Emphasized"/>-->
			</Toolbar>
		</footer>
	</Page>
</core:FragmentDefinition>