{
  "routes": [
    {
      "path": "/resources",
      "target": {
        "type": "service",
        "name": "sapui5",
        "entryPath": "/resources",
        "version": "1.54.8"
      },
      "description": "SAPUI5 Resources"
    },
    {
      "path": "/test-resources",
      "target": {
        "type": "service",
        "name": "sapui5",
        "entryPath": "/test-resources",
        "version": "1.54.8"
      },
      "description": "SAPUI5 Test Resources"
    },
    {
      "path": "/resources",
      "target": {
        "type": "service",
        "name": "sapui5",
        "entryPath": "/resources",
        "version": "1.54.8"
      },
      "description": "SAPUI5 Resources"
    },
    {
      "path": "/test-resources",
      "target": {
        "type": "service",
        "name": "sapui5",
        "entryPath": "/test-resources",
        "version": "1.54.8"
      },
      "description": "SAPUI5 Test Resources"
    },
    {
      "path": "/sap/opu/odata",
      "target": {
        "type": "destination",
        "name": "FSX",
        "entryPath": "/sap/opu/odata"
      },
      "description": "FSX"
    },
    {
      "path": "/sap/bc/ui5_ui5",
      "target": {
        "type": "destination",
        "name": "FSX",
        "entryPath": "/sap/bc/ui5_ui5"
      },
      "description": "FSX"
    },
    {
      "path": "/resources/billingoverview/Component",
      "target": {
        "type": "destination",
        "name": "FX3ac",
        "entryPath": "/sap/bc/lrep/flex/data/~goZbNeUciDct0KmhTG7kpY8x2GQ=~/billingoverview.Component",
        "preferLocal": true
      },
      "description": "billingoverview/Component Reuse Library"
    }
  ]
}