<edmx:Edmx
    xmlns:edmx="http://schemas.microsoft.com/ado/2007/06/edmx"
    xmlns:m="http://schemas.microsoft.com/ado/2007/08/dataservices/metadata"
    xmlns:sap="http://www.sap.com/Protocols/SAPData" Version="1.0">
    <edmx:DataServices m:DataServiceVersion="2.0">
        <Schema
            xmlns="http://schemas.microsoft.com/ado/2008/09/edm" Namespace="ZPRS_LSM_DB_SRV" xml:lang="en" sap:schema-version="1">
            <EntityType Name="Riskmatter" sap:content-version="1">
                <Key>
                    <PropertyRef Name="Lifnrk"/>
                    <PropertyRef Name="Matterk"/>
                </Key>
                <Property Name="Lifnrk" Type="Edm.String" Nullable="false" MaxLength="10" sap:aggregation-role="dimension" sap:label="Vendor"/>
                <Property Name="Matterk" Type="Edm.String" Nullable="false" MaxLength="24" sap:aggregation-role="dimension" sap:label="Matter"/>
                <Property Name="Lifnr" Type="Edm.String" Nullable="false" MaxLength="40" sap:aggregation-role="dimension" sap:label="Vendor Name"/>
                <Property Name="Matter" Type="Edm.String" Nullable="false" MaxLength="40" sap:aggregation-role="dimension" sap:label="Matter Name"/>
                <Property Name="Actual" Type="Edm.Decimal" Nullable="false" Precision="14" Scale="3" sap:aggregation-role="measure" sap:unit="Currency" sap:label="Actual" sap:filterable="false"/>
                <Property Name="Percent" Type="Edm.Decimal" Nullable="false" Precision="6" Scale="3" sap:aggregation-role="measure" sap:label="Percentage" sap:filterable="false"/>
                <Property Name="Budget" Type="Edm.Decimal" Nullable="false" Precision="14" Scale="3" sap:aggregation-role="measure" sap:unit="Currency" sap:label="Budget" sap:filterable="false"/>
                <Property Name="Currency" Type="Edm.String" Nullable="false" MaxLength="5" sap:aggregation-role="dimension" sap:label="Currency" sap:semantics="currency-code"/>
                <Property Name="Rank" Type="Edm.Byte" Nullable="false" sap:label="Rank" sap:creatable="false" sap:updatable="false" sap:sortable="false" sap:filterable="false"/>
            </EntityType>
            <EntityType Name="Totalfee" sap:content-version="1">
                <Key>
                    <PropertyRef Name="Quarter"/>
                </Key>
                <Property Name="Quarter" Type="Edm.String" Nullable="false" MaxLength="2" sap:aggregation-role="dimension" sap:label="Quarter"/>
                <Property Name="Percent" Type="Edm.Decimal" Nullable="false" Precision="5" Scale="2" sap:aggregation-role="measure" sap:label="Percentage"/>
                <Property Name="Actual" Type="Edm.Decimal" Nullable="false" Precision="14" Scale="3" sap:aggregation-role="measure" sap:unit="Currency" sap:label="Actual"/>
                <Property Name="Budget" Type="Edm.Decimal" Nullable="false" Precision="14" Scale="3" sap:aggregation-role="measure" sap:unit="Currency" sap:label="Budget"/>
                <Property Name="Currency" Type="Edm.String" Nullable="false" MaxLength="5" sap:aggregation-role="dimension" sap:label="Currency" sap:semantics="currency-code"/>
            </EntityType>
            <EntityType Name="InvoiceByStatus" sap:content-version="1">
                <Key>
                    <PropertyRef Name="Invoicestatus"/>
                </Key>
                <Property Name="Invoicestatus" Type="Edm.String" Nullable="false" MaxLength="2" sap:aggregation-role="dimension" sap:label="Invoice Verification Status"/>
                <Property Name="Feeamount" Type="Edm.Decimal" Nullable="false" Precision="14" Scale="3" sap:aggregation-role="measure" sap:unit="Currency" sap:label="Actual"/>
                <Property Name="Currency" Type="Edm.String" Nullable="false" MaxLength="5" sap:aggregation-role="dimension" sap:label="Currency" sap:semantics="currency-code"/>
                <Property Name="Text" Type="Edm.String" Nullable="false" MaxLength="20" sap:aggregation-role="dimension" sap:label="Description"/>
            </EntityType>
            <EntityType Name="Newmatter" sap:content-version="1">
                <Key>
                    <PropertyRef Name="Matter"/>
                </Key>
                <Property Name="Matter" Type="Edm.String" Nullable="false" MaxLength="24" sap:aggregation-role="dimension" sap:label="Matter#"/>
                <Property Name="Mattername" Type="Edm.String" Nullable="false" MaxLength="40" sap:aggregation-role="dimension" sap:label="Matter"/>
                <Property Name="Budget" Type="Edm.Decimal" Nullable="false" Precision="14" Scale="3" sap:aggregation-role="measure" sap:unit="Currency" sap:label="Budget"/>
                <Property Name="Currency" Type="Edm.String" Nullable="false" MaxLength="5" sap:aggregation-role="dimension" sap:label="Currency" sap:semantics="currency-code"/>
            </EntityType>
            <EntityContainer Name="ZPRS_LSM_DB_SRV_Entities" m:IsDefaultEntityContainer="true" sap:supported-formats="atom json xlsx">
                <EntitySet Name="Riskmatters" EntityType="ZPRS_LSM_DB_SRV.Riskmatter" sap:creatable="false" sap:updatable="false" sap:deletable="false" sap:pageable="false" sap:content-version="1"/>
                <EntitySet Name="Totalfees" EntityType="ZPRS_LSM_DB_SRV.Totalfee" sap:creatable="false" sap:updatable="false" sap:deletable="false" sap:pageable="false" sap:content-version="1"/>
                <EntitySet Name="InvoicesByStatus" EntityType="ZPRS_LSM_DB_SRV.InvoiceByStatus" sap:creatable="false" sap:updatable="false" sap:deletable="false" sap:pageable="false" sap:content-version="1"/>
                <EntitySet Name="Newmatters" EntityType="ZPRS_LSM_DB_SRV.Newmatter" sap:creatable="false" sap:updatable="false" sap:deletable="false" sap:pageable="false" sap:content-version="1"/>
            </EntityContainer>
            <atom:link
                xmlns:atom="http://www.w3.org/2005/Atom" rel="self" href="./sap/ZPRS_LSM_DB_SRV/$metadata"/>
                <atom:link
                    xmlns:atom="http://www.w3.org/2005/Atom" rel="latest-version" href="./sap/ZPRS_LSM_DB_SRV/$metadata"/>
                </Schema>
            </edmx:DataServices>
        </edmx:Edmx>