{
  "welcomeFile": "index.html",
  "routes": [
    {
      "path": "/sap/opu/odata",
      "target": {
        "type": "destination",
        "name": "FS7",
        "entryPath": "/sap/opu/odata"
      },
      "description": "FS7"
    },
    {
      "path": "/sap/bc/ui5_ui5",
      "target": {
        "type": "destination",
        "name": "FS7",
        "entryPath": "/sap/bc/ui5_ui5"
      },
      "description": "FS7"
    },
    {
      "path": "/resources",
      "target": {
        "type": "service",
        "name": "sapui5",
        "entryPath": "/resources"
      },
      "description": "SAPUI5 Resources"
    },
    {
      "path": "/test-resources",
      "target": {
        "type": "service",
        "name": "sapui5",
        "entryPath": "/test-resources"
      },
      "description": "SAPUI5 Test Resources"
    },
    {
      "path": "/resources/lsmclient/Component",
      "target": {
        "type": "destination",
        "name": "FS7",
        "entryPath": "/sap/bc/lrep/flex/data/~04NhEifIcu6kXR4arfSGIZw97U8=~/lsmclient.Component",
        "preferLocal": true
      },
      "description": "lsmclient/Component Reuse Library"
    }
  ]
}