<core:FragmentDefinition xmlns="sap.m" xmlns:core="sap.ui.core">
	<!--<Popover showHeader="false" title="{i18n>popOverAddComm}" class="sapUiNoContentPadding" placement="Left">-->
	<!--	<TextArea rows="2" cols="25" maxLength="241" placeholder="{i18n>commentPlcHolder}" value="{Comments}"/>-->
	<!--<FeedInput post="onPostComment" class="sapUiTinyMarginTopBottom"/>-->
	<!--<List showSeparators="Inner" items="{/EntryCollection}">-->
	<!--	<FeedListItem sender="{Username}" info="{Type}" timestamp="{Date}" text="{Usercomment}" senderActive="false"/>-->
	<!--</List>-->
	<!--</Popover>-->
	<ResponsivePopover title="{i18n>titleComment}" placement="Left">
		<!--<beginButton>-->
		<!--	<Button text="Post Comment" press="handlePostComment"/>-->
		<!--</beginButton>-->
		<endButton>
			<Button text="{i18n>commentSave}" press="handleAddComment"/>
		</endButton>
		<content>
			<TextArea rows="2" cols="25" maxLength="241" placeholder="{i18n>commentPlcHolder}" value="{worklistView>/NewComments}"/>
		<!--	<TextArea rows="2" cols="25" maxLength="241" placeholder="{i18n>commentPlcHolder}" value="{Comments}" change="handleComment"/>-->
		</content>
	</ResponsivePopover>
</core:FragmentDefinition>