<core:FragmentDefinition xmlns:core="sap.ui.core" xmlns:mvc="sap.ui.core.mvc" xmlns="sap.m"
	xmlns:app="http://schemas.sap.com/sapui5/extension/sap.ui.core.CustomData/1">
	<Popover showHeader="true" title="Draft Bill" class="sapUiNoContentPadding" placement="Right" contentWidth="20%">
		<VBox class="sapUiSmallMargin sapUiLargeMarginBegin">
			<Link text="My Worklist" app:linkStatus="WorkItem" press="onPressNavigation"></Link>
			<Link text="Draft Bill Editor" app:linkStatus="dbEditor" press="onPressNavigation"></Link>
			<Link text="Draft bill work list" app:linkStatus="worklist" press="onPressNavigation"></Link>
			<Link text="Work Flow Audit" app:linkStatus="wfAudit" press="onPressNavigation"></Link>
		</VBox>
	</Popover>
</core:FragmentDefinition>