<core:FragmentDefinition xmlns:core="sap.ui.core" xmlns:mvc="sap.ui.core.mvc"
	xmlns:app="http://schemas.sap.com/sapui5/extension/sap.ui.core.CustomData/1" xmlns="sap.m">
	<Popover showHeader="true" title="Click to Navigate" placement="Right" contentWidth="20%">
		<VBox class="sapUiSmallMargin sapUiLargeMarginBegin">
			<Link text="Wip Report" app:linkStatus="WipReport" press="onPressNavigation"></Link>
			<Link text="Wip Editor" app:linkStatus="WipEditor" press="onPressNavigation"></Link>
			<Link text="Firm Client" app:linkStatus="FirmClient" press="onPressNavigation"></Link>
			<Link text="Firm Matter" app:linkStatus="FirmMatter" press="onPressNavigation"></Link>
			
		</VBox>
	</Popover>
</core:FragmentDefinition>