<core:FragmentDefinition xmlns="sap.m" xmlns:custom="http://schemas.sap.com/sapui5/extension/sap.ui.core.CustomData/1"
	xmlns:core="sap.ui.core">
	<Popover title="{i18n>titleViewComments}" class="sapUiContentPadding" placement="Left">
		<List showSeparators="Inner" items="{/}" noDataText="No Comments">
			<FeedListItem senderActive="false" sender="{Username}" timestamp="{path: 'Date', type: 'sap.ui.model.type.DateTime', formatOptions: { style: 'medium',UTC: true } }" text="{Usercomment}"/>
		</List>
	<!--	<FeedInput post="handleCommentAdd" value="{detailView>/Usercomment}" class="sapUiSmallMarginTopBottom"/>-->
		<footer>
			<Toolbar>
				<ToolbarSpacer/>
				<!--<Button text="{i18n>btnAddComment}" press="handleCommentAdd"/>-->
				<Button text="Close"  press="handleCommentCancel"/>
			</Toolbar>
		</footer>
	</Popover>
</core:FragmentDefinition>