<core:FragmentDefinition xmlns="sap.m" xmlns:core="sap.ui.core">
	<Popover title="{i18n>ViewPopoverTittle}" class="sapUiContentPadding" placement="Left">
		<footer>
			<Toolbar>
				<ToolbarSpacer/>
				<Button text="{i18n>toolBarButton}" press="handlCommentClose"/>
			</Toolbar>
		</footer>
		<!--<TextArea value="{worklistView>/Comments}" cols="30" enabled="false" rows="4" />-->
		<List id="commentsList" showSeparators="Inner" items="{comModel>/WFCommentsSet}" noDataText="No Comments">
			<FeedListItem senderActive="false" sender="{comModel>Username}" timestamp="{ parts:[{ path: 'comModel>Date' },{ path: 'comModel>Time' }], formatter : '.formatter.convertTimestamp'}" text="{comModel>Usercomment}"/>
			</List>
		</Popover>
	</core:FragmentDefinition>