{
  "modules" : [
    {
      "name" : "fgt/trustdispdoc/control/comp/library.js",
      "description" : "Initialization Code and shared classes of library fgt.trustdispdoc.control.comp.outputitems",
      "required" : ["sap/m/library.js", "sap/ui/core/Core.js", "jquery.sap.global.js"],
      "includes" : []
    },
    {
      "name" : "fgt/trustdispdoc/control/comp/manifest.json",
      "required" : [],
      "includes" : []
    },
     {
      "name" : "fgt/trustdispdoc/control/comp/outputitems/Component.js",
      "description" : "FGTAll rights reserved.",
      "size" : 2613,
      "compressedSize" : 1907,
      "required" : ["sap/m/routing/RouteMatchedHandler.js", "sap/ui/core/UIComponent.js", "jquery.sap.global.js"],
      "includes" : []
    },{
      "name" : "fgt/trustdispdoc/control/comp/outputitems/i18n/i18n.properties",
      "size" : 2482,
      "required" : [],
      "includes" : []
    },
     {
      "name" : "fgt/trustdispdoc/control/comp/outputitems/controller/BaseController.js",
      "description" : "FGT All rights reserved.",
      "size" : 3657,
      "compressedSize" : 2192,
      "required" : ["sap/ui/core/mvc/Controller.js", "jquery.sap.global.js"],
      "includes" : []
    },
     {
      "name" : "fgt/trustdispdoc/control/comp/outputitems/controller/DispDoc.controller.js",
      "description" : "FGT All rights reserved.",
      "size" : 3657,
      "compressedSize" : 2192,
      "required" : ["sap/ui/core/mvc/Controller.js", "jquery.sap.global.js"],
      "includes" : []
    },
    {
      "name" : "fgt/trustdispdoc/control/comp/outputitems/view/DispDoc.view.xml",
      "size" : 6212,
      "required" : ["sap/ui/core/mvc/XMLView.js", "sap/m/Page.js","sap/m/Text.js"],
      "includes" : []
    }
  ]
}