<?xml version="1.0" ?>
<library version="2.0" name="fgt.trustdispdoc.control">
	<module name="fgt/trustdispdoc/control/comp/library.js">
		<description>Initialization Code and shared classes of library sap.ssuite.fnd.om.outputcontrol.outputitems.s1.</description>
		<requires>
			<module name="sap/m/library.js"/>
			<module name="sap/ui/core/Core.js"/>
			<module name="jquery.sap.global.js"/>
		</requires>
	</module>
	<module name="fgt/trustdispdoc/control/comp/manifest.json"></module>
	<module name="fgt/trustdispdoc/control/comp/outputitems/Component.js">
		<description>FGT All rights reserved.</description>
		<requires>
			<module name="sap/m/routing/RouteMatchedHandler.js"/>
			<module name="sap/ui/core/UIComponent.js"/>
			<module name="jquery.sap.global.js"/>
		</requires>
	</module>
	<module name="fgt/trustdispdoc/control/comp/outputitems/i18n/i18n.properties"></module>

	<module name="fgt/trustdispdoc/control/comp/outputitems/controller/DispDoc.controller.js">
		<description>FGT All rights reserved.</description>
		<requires>
			<module name="sap/ui/core/mvc/Controller.js"/>
			<module name="jquery.sap.global.js"/>
		</requires>
	</module>
	<module name="fgt/trustdispdoc/control/comp/outputitems/controller/BaseController.js">
		<description>FGT All rights reserved.</description>
		<requires>
			<module name="sap/ui/core/mvc/Controller.js"/>
			<module name="jquery.sap.global.js"/>
		</requires>
	</module>
	<module name="fgt/trustdispdoc/control/comp/outputitems/view/DispDoc.view.xml">
		<requires>
			<module name="sap/ui/core/mvc/XMLView.js"/>
			<module name="fgt/trustdispdoc/control/comp/outputitems/controller/DispDoc.controller.js"/>
			<module name="sap/m/Page.js"/>
			<module name="sap/m/Text.js"/>
		</requires>
	</module>
</library>