{
	"_version": "1.1.0",
	"resources": [{
		"name": ".library"
	}, {
		"name": "library.dependencies.json"
	}, {
		"name": "library.dependencies.xml"
	}, {
		"name": "library.js",
		"module": "fgt/trustdispdoc/control/comp/library.js",
		"required": [
			"sap/m/library.js",
			"sap/ui/core/Core.js",
			"sap/ui/core/library.js",
			"sap/ui/layout/library.js"
		]
	}, {
		"name": "manifest.json",
		"module": "fgt/trustdispdoc/control/comp/manifest.json"
	}, {
		"name": "outputitems/Component.js",
		"module": "fgt/trustdispdoc/control/comp/outputitems/Component.js",
		"required": [
			"sap/m/routing/RouteMatchedHandler.js",
			"sap/ui/core/UIComponent.js"
		]
	}, {
		"name": "outputitems/i18n/i18n.properties",
		"module": "fgt/trustdispdoc/control/comp/outputitems/i18n/i18n.properties",
		"locale": "",
		"raw": "outputitems/i18n/i18n.properties"
	}, {
		"name": "outputitems/controller/BaseController.js",
		"module": "fgt/trustdispdoc/control/comp/outputitems/controller/BaseController.js",
		"required": [
			"sap/ui/core/mvc/Controller.js"
		]
	}, {
		"name": "outputitems/controller/DispDoc.controller.js",
		"module": "fgt/trustdispdoc/control/comp/outputitems/controller/DispDoc.controller.js",
		"required": [
			"sap/ui/core/mvc/Controller.js"
		]
	}, {
		"name": "outputitems/view/DispDoc.view.xml",
		"module": "fgt/trustdispdoc/control/comp/outputitems/view/DispDoc.view.xml",
		"required": [
			"sap/ui/core/mvc/XMLView.js",
			"fgt/trustdispdoc/control/comp/outputitems/controller/DispDoc.controller.js",
			"sap/m/Page.js",
			"sap/m/Text.js"
		]
	}, {
		"name": "resources.json"
	}]
}