<core:FragmentDefinition xmlns="sap.m" xmlns:ux="sap.uxap" xmlns:mvc="sap.ui.core.mvc" xmlns:semantic="sap.m.semantic"
	xmlns:u="sap.ui.unified" xmlns:l="sap.ui.layout" xmlns:core="sap.ui.core" xmlns:forms="sap.ui.layout.form"
	xmlns:footerbar="sap.ushell.ui.footerbar" xmlns:html="http://www.w3.org/1999/xhtml"
	xmlns:app="http://schemas.sap.com/sapui5/extension/sap.ui.core.CustomData/1">
	<!--<UploadCollection id="UploadCollection" maximumFilenameLength="55" maximumFileSize="10" multiple="true" showSeparators="All"-->
	<!--	change="onChange" filenameLengthExceed="onFilenameLengthExceed" fileRenamed="onFileRenamed" fileSizeExceed="onFileSizeExceed"-->
	<!--	selectionChange="onSelectionChange" typeMissmatch="onTypeMissmatch" uploadComplete="onUploadComplete"-->
	<!--	beforeUploadStarts="onBeforeUploadStarts" uploadTerminated="onUploadTerminated" mode="SingleSelectMaster" items="{AttachJson>/results}">-->
	<!--	<items>-->
	<!--		<UploadCollectionItem enableEdit="true" enableDelete="true" visibleDelete="true" visibleEdit="false" contributor="{AttachJson>CreaUser}"-->
	<!--			documentId="{AttachJson>LoioId}" fileName="{AttachJson>Fname}" uploadedDate="{AttachJson>CrDate}" deletePress="onFileDeleted"-->
	<!--			url="{}" press="onFileUrlPress" />-->
	<!--	</items>-->
	<!--</UploadCollection>-->
	<UploadCollection id="UploadCollection" maximumFilenameLength="55" maximumFileSize="10" multiple="true" showSeparators="All"
		change="onChange" filenameLengthExceed="onFilenameLengthExceed" fileRenamed="onFileRenamed" fileSizeExceed="onFileSizeExceed"
		selectionChange="onSelectionChange" typeMissmatch="onTypeMissmatch" uploadComplete="onUploadComplete"
		beforeUploadStarts="onBeforeUploadStarts" uploadTerminated="onUploadTerminated" mode="SingleSelectMaster" 
		uploadButtonInvisible="{= ${appSettings>/actionEnabled} === false }">
		<items>
			<UploadCollectionItem enableEdit="true" enableDelete="true" visibleDelete="true" visibleEdit="false" contributor="{CreaUsername}, {path:'CrDate', type: 'sap.ui.model.type.Date', formatOptions: {UTC:true }}"
				documentId="{LoioId}" fileName="{Fname}"  deletePress="onFileDeleted" url="{}" press="onFileUrlPress"/>
			<!--	uploadedDate="{path:'CrDate', type: 'sap.ui.model.type.Date', formatOptions: { style: 'medium' }}"-->
		</items>
	</UploadCollection>
</core:FragmentDefinition>