<core:FragmentDefinition xmlns="sap.m" xmlns:ux="sap.uxap" xmlns:mvc="sap.ui.core.mvc" xmlns:semantic="sap.m.semantic"
	xmlns:u="sap.ui.unified" xmlns:l="sap.ui.layout" xmlns:core="sap.ui.core" xmlns:forms="sap.ui.layout.form"
	xmlns:footerbar="sap.ushell.ui.footerbar" xmlns:html="http://www.w3.org/1999/xhtml"
	xmlns:app="http://schemas.sap.com/sapui5/extension/sap.ui.core.CustomData/1">
	<Table mode="None" inset="false" id="AuditTrailId">
		<columns>
			<Column >
				<Label text="{i18n>LblDraftBill}" design="Bold" wrapping="true"/>
			</Column>
			<Column >
				<Label text="{i18n>LblTotalTime}" design="Bold" wrapping="true"/>
			</Column>
			<Column >
				<Label text="{i18n>LblRole}" design="Bold" wrapping="true"/>
			</Column>
			<Column >
				<Label text="{i18n>LblAgentName}" design="Bold" wrapping="true"/>
			</Column>
			<Column >
				<Label text="{i18n>LblAgentID}" design="Bold" wrapping="true"/>
			</Column>
			
			
			<Column >
				<Label text="{i18n>LblDelegFrom}" design="Bold" wrapping="true"/>
			</Column>
			
		<!--	<Column >
				<Label text="Delegated From" design="Bold" wrapping="true"/>
			</Column>
			
			<Column >
				<Label text="Delegated By Agent" design="Bold" wrapping="true"/>
			</Column>-->
			
			<Column >
				<Label text="{i18n>LblDelegBy}" design="Bold" wrapping="true"/>
			</Column>
			
			
			
			
			
			
			
			
			
			<Column >
				<Label text="Begin Date" design="Bold" wrapping="true"/>
			</Column>
			<Column >
				<Label text="End Date" design="Bold" wrapping="true"/>
			</Column>
			<Column >
				<Label text="Duration" design="Bold" wrapping="true"/>
			</Column>
			<Column >
				<Label text="Action Performed" design="Bold" wrapping="true"/>
			</Column>
		</columns>
		<items>
			<ColumnListItem>
				<cells>
					<Text text="{Vbeln}"/>
					<Text text="{TotDuration}"/>
					<Text text="{Role}"/>
					<Text text="{Agentname}"/>
					<Text text="{Agent}"/>
					
					<Text text="{Delegatedfrom}"/>
					<!--<Text text="{Delegatedfromk}"/>-->
					<!--<Text text="{Delegatedbyk}"/>-->
					<Text text="{Delegatedby}"/>
					
					
					
					<Text text="{ path: 'Begindate', type: 'sap.ui.model.type.Date', formatOptions: { style: 'medium' } }"/>
					<Text text="{ path: 'Enddate', type: 'sap.ui.model.type.Date', formatOptions: { style: 'medium' } }"/>
					<Text text="{Duration}"/>
					<Text text="{Action}" wrapping="true"/>
				</cells>
			</ColumnListItem>
		</items>
	</Table>
</core:FragmentDefinition>