<core:FragmentDefinition xmlns="sap.m" xmlns:ux="sap.uxap" xmlns:mvc="sap.ui.core.mvc" xmlns:semantic="sap.m.semantic"
	xmlns:u="sap.ui.unified" xmlns:l="sap.ui.layout" xmlns:core="sap.ui.core" xmlns:forms="sap.ui.layout.form"
	xmlns:footerbar="sap.ushell.ui.footerbar" xmlns:html="http://www.w3.org/1999/xhtml"
	xmlns:app="http://schemas.sap.com/sapui5/extension/sap.ui.core.CustomData/1">
	<VBox>
		<FeedInput placeholder="{i18n>LblPlaceHolderComments}" change="onPostHeaderComments" post="onPostHeaderComments" showIcon="false" id="headerCommentBox"/>
	<!--	<List headerText="Comments" showSeparators="Inner" items="{ path: 'CmtModel>/results' }">
			<FeedListItem showIcon="false" sender="{CmtModel>Username}"
				timestamp="{ path: 'CmtModel>Timestamp', type: 'sap.ui.model.type.DateTime', formatOptions: {style:'medium'} }"
				text="{CmtModel>Itemcomments}" convertLinksToAnchorTags="All"/>
		</List>-->
		
		<List id="headerCommentsList" headerText="{i18n>Comments}" showSeparators="Inner" >
			<FeedListItem showIcon="false" sender="{Username}"
				timestamp="{ path: 'Timestamp', type: 'sap.ui.model.type.DateTime', formatOptions: {style:'medium'} }"
				text="{Itemcomments}" convertLinksToAnchorTags="All"/>
		</List>
	</VBox>
</core:FragmentDefinition>