<core:FragmentDefinition xmlns="sap.m" xmlns:mvc="sap.ui.core.mvc" xmlns:semantic="sap.m.semantic" xmlns:u="sap.ui.unified"
	xmlns:l="sap.ui.layout" xmlns:core="sap.ui.core" xmlns:forms="sap.ui.layout.form" xmlns:footerbar="sap.ushell.ui.footerbar"
	xmlns:html="http://www.w3.org/1999/xhtml" xmlns:cinput="fgtdbworklist.customCtrl"
	xmlns:app="http://schemas.sap.com/sapui5/extension/sap.ui.core.CustomData/1" xmlns:smartField="sap.ui.comp.smartfield"
	xmlns:smartform="sap.ui.comp.smartform" xmlns:smartTable="sap.ui.comp.smarttable">
	<l:Grid defaultSpan="L12 M12 S12" hSpacing="0" vSpacing="0.5" class="fgtDvItemCtnr">
		<l:content >
			<!--<ScrollContainer vertical="false" focusable="true">-->
			<smartTable:SmartTable id="idProductsTable3" useExportToExcel="true" showRowCount="false" editTogglable="false"
				beforeRebindTable="onBeforeRebindTable" useTablePersonalisation="true" useVariantManagement="true" entitySet="Dbdetails"
				enableAutoBinding="false" tableType="ResponsiveTable" app:useSmartField="true" class="sapUiTinyMarginTop"
				requestAtLeastFields="RejReason,Narrative,Draftbill,Lineitem,Matterk,Fftaskcodek,Taskcodek,Actcodek,Ffactcodek,AhoursI,AhoursS,AhoursQ,AmendhoursDisp,Currency,Matnr"
				demandPopin="false" persistencyKey="idProductsTable3"
				ignoreFromPersonalisation="AhoursI,AhoursS,AhoursUnit,AmendhoursDisp,Currency,DisplayOnly,Draftbill,Itemcomments,Linetype,Matterk,Matter,Parentk,Qunit,Wrtdwncurr,RejReason,Taskcode,Actcode,Fftaskcode,Ffactcode"
				beforeExport="onBeforeExportExcel">
				<smartTable:layoutData>
						<FlexItemData growFactor="1" baseSize="0%"/>
				</smartTable:layoutData>
				<smartTable:customToolbar>
					<Toolbar width="auto" design="Transparent" class="itemToolbar" >
						<Button tooltip="{i18n>BtnHideShowLeft}"  icon="sap-icon://navigation-left-arrow" press=".rightColumn.onRightPanelFscreen"/>
						<Button tooltip="{i18n>BtnFullScreen}"  icon="sap-icon://full-screen" press=".middleColumn.onMiddleFscreen"/>
						<Button tooltip="{i18n>BtnHideShowRight}"  icon="sap-icon://navigation-right-arrow" press=".leftColumn.onMasterFscreen"/>
						<Label text="{Draftbill}" design="Bold"/>
							<!--	<Button tooltip="{i18n>Print}" icon="sap-icon://print" press="onexport"/>-->
						<ToolbarSpacer/>
						<Button tooltip="{i18n>refresh}" icon="sap-icon://synchronize" press=".refreshDetails"/>
						<Button tooltip="{i18n>pintotop}" icon="sap-icon://increase-line-height" press=".middleColumn.onMoveMainUp"/>
						<Button icon="sap-icon://{= ${appSettings>/narrativeCol} === true ? 'collapse-group' : 'expand-group'}" tooltip="{i18n>DisplayNarratives}" press=".middleColumn.onNarrativeExpand"/>
						<Button icon="sap-icon://detail-view" press=".middleColumn.openRightColumPopup" visible="false"/>
						<Button tooltip="{i18n>Print}" icon="sap-icon://print" press="onPressPrint"/>
				
						<!--<Button icon="sap-icon://save" tooltip="{i18n>SaveChanges}" enabled="{appSettings>/actionEnabled}" press="onPostTblData"/>-->
					</Toolbar>
				</smartTable:customToolbar>
				<Table id="idProductsTable3Inner" visibleRowCountMode="Auto" fixedLayout="true" alternateRowColors="false" class="sapUiSizeCompact mainTbl" mode="None" inset="false"
					 sticky="ColumnHeaders,HeaderToolbar">
					<columns>
						<Column hAlign="Begin" demandPopin="false" width="1.4rem" >
							<customData>
								<core:CustomData key="p13nData" value='\{"columnKey": "HasComments" , "type":"string" ,"columnIndex":"0" , "leadingProperty": "HasComments"}'/>
							</customData>
							<Label text="{i18n>LblComments}" visible="false" design="Bold"/>
						</Column>
						<Column demandPopin="false" hAlign="Begin">
							<customData>
								<core:CustomData key="p13nData" value='\{"columnKey": "Workingoffice","type":"string" ,"sortProperty": "Workingoffice" ,"filterProperty": "Workingoffice","columnIndex":"1" , "leadingProperty": "Workingoffice"}'/>
							</customData>
							<Label text="{i18n>LblWOffice}" design="Bold" wrapping="true"/>
						</Column>
						<Column demandPopin="false" hAlign="Begin">
							<customData>
								<core:CustomData key="p13nData" value='\{"columnKey": "Workdate" ,"sortProperty": "Workdate" ,"filterProperty": "Workdate" ,"columnIndex":"2" ,"type":"date", "leadingProperty": "Workdate"}'/>
							</customData>
							<Label text="{i18n>LblWorkDate}" design="Bold" wrapping="true"/>
						</Column>
						<Column hAlign="Begin" demandPopin="false">
							<customData>
								<core:CustomData key="p13nData" value='\{"columnKey": "Timekeeper","type":"string" ,"sortProperty": "Timekeeper" ,"filterProperty": "Timekeeper" ,"columnIndex":"3" , "leadingProperty": "Timekeeper"}'/>
							</customData>
							<Label text="{i18n>LblTkName}" design="Bold" wrapping="true"/>
						</Column>
						<Column hAlign="End" demandPopin="false">
							<customData>
								<core:CustomData key="p13nData" value='\{"columnKey": "Quantity" ,"sortProperty": "Quantity" ,"filterProperty": "Quantity","columnIndex":"4" ,"scale":"2", "leadingProperty": "Quantity"}'/>
							</customData>
							<Label text="{i18n>LblHoursQty}" design="Bold" wrapping="true"/>
						</Column>
						<Column hAlign="Begin" demandPopin="false" width="3.5rem" showFilterMenuEntry="true">
							<customData>
								<core:CustomData key="p13nData" value='\{"columnKey": "AhoursQ" ,"sortProperty": "AhoursS" ,"filterProperty": "AhoursS","columnIndex":"5", "scale":"2" , "leadingProperty": "AhoursQ"}'/>
							</customData>
							<Label text="{i18n>LblAmendedHours}" design="Bold" wrapping="true"/>
						</Column>
						<Column hAlign="End" demandPopin="false" >
							<customData>
								<core:CustomData key="p13nData" value='\{"columnKey": "Baserate" ,"sortProperty": "Baserate" ,"filterProperty": "Baserate" ,"columnIndex":"6" , "leadingProperty": "Baserate"}'/>
							</customData>
							<Label text="{i18n>LblBaseRate}" design="Bold" wrapping="true"/>
						</Column>
						<Column hAlign="End" demandPopin="false">
							<customData>
								<core:CustomData key="p13nData" value='\{"columnKey": "Writeupdown","sortProperty": "Writeupdown" ,"filterProperty": "Writeupdown" ,"columnIndex":"7" , "leadingProperty": "Writeupdown"}'/>
							</customData>
							<Label text="{i18n>LblWUpDown}" design="Bold" wrapping="true"/>
						</Column>
						<Column hAlign="End" demandPopin="false">
							<customData>
								<core:CustomData key="p13nData"  value='\{"columnKey": "Netvalue","sortProperty": "Netvalue" ,"filterProperty": "Netvalue"  ,"columnIndex":"8" , "leadingProperty": "Netvalue"}'/>
							</customData>
							<Label text="{i18n>LblNetValue}" design="Bold" wrapping="true"/>
						</Column>
						<Column hAlign="Begin" demandPopin="false" width="6rem">
							<customData>
								<core:CustomData key="p13nData" value='\{"columnKey": "Taskcodek","sortProperty": "Taskcodek" ,"filterProperty": "Taskcodek" ,"type":"string"  ,"columnIndex":"9" , "leadingProperty": "Taskcodek"}'/>
							</customData>
							<Label text="{i18n>LblTaskCode}" design="Bold" wrapping="true"/>
						</Column>
						<Column hAlign="Begin" demandPopin="false" width="6rem">
							<customData>
								<core:CustomData key="p13nData" value='\{"columnKey": "Actcodek" ,"sortProperty": "Actcodek" ,"filterProperty": "Actcodek" ,"type":"string" , "columnIndex":"10" , "leadingProperty": "Actcodek"}'/>
							</customData>
							<Label text="{i18n>LblActivityCode}" design="Bold" wrapping="true"/>
						</Column>
						<Column hAlign="Begin" demandPopin="false" width="6rem">
							<customData>
								<core:CustomData key="p13nData" value='\{"columnKey": "Fftaskcodek","sortProperty": "Fftaskcodek" ,"filterProperty": "Fftaskcodek","type":"string"  , "columnIndex":"11" , "leadingProperty": "Fftaskcodek"}'/>
							</customData>
							<Label text="{i18n>LblFFTCode}" design="Bold" wrapping="true"/>
						</Column>
						<Column hAlign="Begin" demandPopin="false" width="6rem">
							<customData>
								<core:CustomData key="p13nData" value='\{"columnKey": "Ffactcodek","sortProperty": "Ffactcodek" ,"filterProperty": "Ffactcodek","type":"string"   ,"columnIndex":"12" , "leadingProperty": "Ffactcodek"}'/>
							</customData>
							<Label text="{i18n>LblFFACode}" design="Bold" wrapping="true"/>
						</Column>
						<Column hAlign="Begin" demandPopin="false">
							<customData>
								<core:CustomData key="p13nData" value='\{"columnKey": "RejReasonText","sortProperty": "RejReasonText" ,"filterProperty": "RejReasonText" ,"type":"string" ,"columnIndex":"13" , "leadingProperty": "RejReasonText"}'/>
							</customData>
							<Label text="{i18n>LblRejReason}" design="Bold" wrapping="true"/>
						</Column>
						<Column hAlign="End" demandPopin="true" visible="{appSettings>/narrativeCol}" minScreenWidth="200rem">
							<customData>
								<core:CustomData key="p13nData" value='\{"columnKey": "Narrative" ,"columnIndex":"14" , "leadingProperty": "Narrative"}'/>
							</customData>
							<Label text="{i18n>LblNarrative}" design="Bold" wrapping="true"/>
						</Column>
					</columns>
					<items>
						<ColumnListItem highlight="{parts: [ 'Matnr'], formatter: '.rowHighlight'}">
							<cells>
								<cinput:ObjectStFocus mouseover="openCommentDisplayPopUp" state="{= ${HasComments}=== 'X' ? 'Success':'None'}" icon="sap-icon://comment"/>
								<Label text="{Workingoffice}" wrapping="true"/>
								<Label text="{path:'Workdate', type: 'sap.ui.model.type.Date', formatOptions: { style: 'medium' , UTC:true }}" wrapping="true"/>
								<Label text="{Timekeeper}" wrapping="true"/>
								<Label text="{parts: [ 'Quantity' ], formatter: '.hrsDefaultFormat'}"/>
								<!--<Label text="{Quantity}"/>-->
								<Input enabled="{= ${AmendhoursDisp} === 'X' ? false : true}" liveChange="onAmndHourKeyIn" change="onAmndHourChange"
									value="{parts: [ 'AhoursQ' ,'AhoursI' ], formatter: '.amndHrsDefaultFormat'}" editable="{= ${RejReason} === '' ? true : false}"/>
								<!--<smartField:SmartField value="{Amendedhours}" change="handelTblFieldChange" editable="{= ${RejReason} === '' ? true : false}"/>-->
								<!--<Input type="Number" value="{Amendedhours}" change="handelAmendedhoursChange" editable="{= ${RejReason} === '' ? true : false}"/>-->
								<ObjectNumber number="{ path: 'Baserate',type: 'sap.ui.model.type.Float'}"/>
								<ObjectNumber number="{ path: 'Writeupdown',type: 'sap.ui.model.type.Float'}"/>
								<ObjectNumber number="{ path: 'Netvalue',type: 'sap.ui.model.type.Float'}"/>
								<!--<Label text="{Baserate}"/>
								<Label text="{Writeupdown}"/>
								<Label text="{Netvalue}"/>-->
								<smartField:SmartField value="{Taskcodek}" change="smartDpDwnCahnge" editable="{= ${RejReason} === '' ? true : false}"
									app:entitySet="VL_SH_ZPRS_SC_DB_TASKCODE_SH" app:inOutParams='"vList":["TASKCODEK","TASKCODE"],"local":["Taskcodek","Taskcode"]'
									innerControlsCreated="samrtDpDwnCreated">
									<smartField:configuration>
										<smartField:Configuration controlType="dropDownList"/>
									</smartField:configuration>
								</smartField:SmartField>
								<smartField:SmartField value="{Actcodek}" change="smartDpDwnCahnge" editable="{= ${RejReason} === '' ? true : false}"
									app:entitySet="VL_SH_ZPRS_SC_DB_ACTCODE_SH" app:inOutParams='"vList":["ACTCODEK","ACTCODE"],"local":["Actcodek","Actcode"]'
									innerControlsCreated="samrtDpDwnCreated">
									<smartField:configuration>
										<smartField:Configuration controlType="dropDownList"/>
									</smartField:configuration>
								</smartField:SmartField>
								<smartField:SmartField value="{Fftaskcodek}" change="smartDpDwnCahnge" editable="{= ${RejReason} === '' ? true : false}"
									app:entitySet="VL_SH_ZPRS_SC_DB_FFTASKCODE_SH" app:inOutParams='"vList":["FFTASKCODEK","FFTASKCODE"],"local":["Fftaskcodek","Fftaskcode"]'
									innerControlsCreated="samrtDpDwnCreated" app:src="Fftaskcodek">
									<smartField:configuration>
										<smartField:Configuration controlType="dropDownList"/>
									</smartField:configuration>
								</smartField:SmartField>
								<smartField:SmartField value="{Ffactcodek}" change="smartDpDwnCahnge" editable="{= ${RejReason} === '' ? true : false}"
									app:entitySet="VL_SH_ZPRS_SC_DB_FFACTCODE_SH" app:inOutParams='"vList":["FFACTCODEK","FFACTCODE"],"local":["Ffactcodek","Ffactcode"]'
									innerControlsCreated="samrtDpDwnCreatedFFAct" app:src="Ffactcodek">
									<smartField:configuration>
										<smartField:Configuration controlType="dropDownList"/>
									</smartField:configuration>
								</smartField:SmartField>
								<Label text="{RejReason}"/>
								<TextArea cols="1000" growing="true" growingMaxLines="7" rows="1" value="{Narrative}" change="handelTblFieldChange"
									editable="{= ${RejReason} === '' ? true : false}"></TextArea>
							</cells>
						</ColumnListItem>
					</items>
				</Table>
			</smartTable:SmartTable>
			<!--</ScrollContainer>-->
		</l:content>
	</l:Grid>
</core:FragmentDefinition>