<core:FragmentDefinition xmlns="sap.m" xmlns:l="sap.ui.layout" xmlns:core="sap.ui.core" xmlns:smartField="sap.ui.comp.smartfield"
	xmlns:f="sap.ui.layout.form" xmlns:smartform="sap.ui.comp.smartform">
	<smartform:SmartForm binding="{Clients}" expandable="false" expanded="true" entityType="Cmiclient" id="idClientDetails"
		flexEnabled="false" labelSpanl="4" editable="true" >
		<smartform:customData>
			<core:CustomData key="dateFormatSettings" value='\{"UTC":true,"style":"short"\}'/>
		</smartform:customData>
			<smartform:Group id="cmiamendmentnew.section_header_clientDetails01">
			<smartform:GroupElement label="{i18n>CLIENTFORM_LBL_CLIENTNAME}" id="cmiamendmentnew.clientNameInput_">
				<smartField:SmartField  value="{ClientCa}" id="cmiamendmentnew.clientNameInput">
					<smartField:configuration>
						<smartField:Configuration preventInitialDataFetchInValueHelpDialog="false"/>
					</smartField:configuration>
				</smartField:SmartField>
			</smartform:GroupElement>
			<smartform:GroupElement label="{i18n>CLIENTFORM_LBL_CLIENTCLASSFICATION}" id="cmiamendmentnew.clientClassificationInput_">
				<smartField:SmartField  value="{Classification}" id="cmiamendmentnew.clientClassificationInput">
					<smartField:configuration>
						<smartField:Configuration controlType="dropDownList" displayBehaviour="idOnly"/>
					</smartField:configuration>
				</smartField:SmartField>
			</smartform:GroupElement>
			<smartform:GroupElement label="{i18n>CLIENTFORM_LBL_CLIENTCOUNTRY}" id="cmiamendmentnew.clientCountryInput_">
				<smartField:SmartField  value="{Country}" id="cmiamendmentnew.clientCountryInput">
					<smartField:configuration>
						<smartField:Configuration preventInitialDataFetchInValueHelpDialog="false"/>
					</smartField:configuration>
				</smartField:SmartField>
			</smartform:GroupElement>
			<smartform:GroupElement label="{i18n>CLIENTFORM_LBL_CLIENTADDR1}" id="cmiamendmentnew.clientAddrLine1Input_">
				<smartField:SmartField  value="{Addr1}" id="cmiamendmentnew.clientAddrLine1Input"/>
			</smartform:GroupElement>
			<smartform:GroupElement label="{i18n>CLIENTFORM_DETAIL_LBL_CLIENTADDR2}" id="cmiamendmentnew.clientAddrLine2Input_">
				<smartField:SmartField  value="{Addr2}" id="cmiamendmentnew.clientAddrLine2Input"/>
			</smartform:GroupElement>
		</smartform:Group>
		<smartform:Group id="cmiamendmentnew.section_header_clientDetails02">
			<smartform:GroupElement label="{i18n>CLIENTFORM_LBL_CLIENTCITY}" id="cmiamendmentnew.clientCityInput_">
				<smartField:SmartField  value="{City}" id="cmiamendmentnew.clientCityInput"/>
			</smartform:GroupElement>
			<smartform:GroupElement label="{i18n>CLIENTFORM_LBL_CLIENTREGION}" id="cmiamendmentnew.clientRegionInput_">
				<smartField:SmartField  value="{State}" id="cmiamendmentnew.clientRegionInput">
					<smartField:configuration>
						<smartField:Configuration preventInitialDataFetchInValueHelpDialog="false"/>
					</smartField:configuration>
				</smartField:SmartField>
			</smartform:GroupElement>
			<smartform:GroupElement label="{i18n>CLIENTFORM_LBL_CLIENTPOSTALCODE}" id="cmiamendmentnew.clientZipCodeInput_">
				<smartField:SmartField  value="{Zipcode}" id="cmiamendmentnew.clientZipCodeInput"/>
			</smartform:GroupElement>
			<smartform:GroupElement label="{i18n>CLIENTFORM_LBL_CLIENTBOFFICE}" id="cmiamendmentnew.clientBillOfficeInput_">
				<smartField:SmartField  value="{Boffice}" id="cmiamendmentnew.clientBillOfficeInput">
					<smartField:configuration>
						<smartField:Configuration preventInitialDataFetchInValueHelpDialog="false"/>
					</smartField:configuration>
				</smartField:SmartField>
			</smartform:GroupElement>
			<smartform:GroupElement label="{i18n>CLIENTFORM_LBL_CLIENTEMAIL}" id="cmiamendmentnew.clientMailInput_">
				<smartField:SmartField  value="{path:'Email',type :'sap.ui.model.type.String',constraints : { search : '\\S+@\\S+\\.\\S+' }}" id="cmiamendmentnew.clientMailInput"  valueStateText="Enter valid E-mail"/>
			</smartform:GroupElement>
		</smartform:Group>
	</smartform:SmartForm>
</core:FragmentDefinition>