<core:FragmentDefinition xmlns:core="sap.ui.core" xmlns:smartField="sap.ui.comp.smartfield" xmlns:f="sap.ui.layout.form"
	xmlns:l="sap.ui.layout" xmlns="sap.m">
	<l:Grid defaultSpan="L12 M12 S12" width="auto">
		<l:content>
			<f:SimpleForm class="editableForm" columnsL="2" columnsM="2" editable="true" emptySpanL="0" emptySpanM="0" id="FormChange354CD"
				labelSpanL="4" labelSpanM="4" layout="ResponsiveGridLayout" maxContainerCols="2" minWidth="1024" visible="true">
				<f:content>
					<core:Title text=""/>
					<Label text="{i18n>CdetailLELabelText22}" tooltip="{i18n>CdetailLELabelText22}"/>
					<!--<Input id="ChgCDAS" value="{Xausz}" valueStateText="{i18n>CdetailCDValueStateText1}" showValueHelp="true" description="{XauszDesc}" 
fieldWidth="35%" valueHelpRequest="handleValueHelpChgCDAS"/>-->
					<smartField:SmartField editable="{worklistView>/editScreen}"  change="changeInClientCoresspondence" value="{Xauszdesc}">
						<smartField:configuration>
					<smartField:Configuration preventInitialDataFetchInValueHelpDialog="false"/>
				</smartField:configuration>
			</smartField:SmartField>
					<!--
showSuggestion="true" suggestionItemSelected="handleSuggestChgCDASSel" suggestionItems="{oF4>/AcctStatSet}">
            <suggestionItems>
              <core:ListItem text="{oF4>Text1}" additionalText="{oF4>Xausz}" key="{oF4>Xausz}"/>
            </suggestionItems>
          </Input>
-->
					<!--

          <Label text="{i18n>CdetailLELabelText22}" tooltip="{i18n>CdetailLELabelText22}" required="true"/>
          <Input id="ChgCDAS" placeholder="{Xausz}" valueStateText="{i18n>CdetailCDValueStateText1}" liveChange="handleLiveChg" showValueHelp="true"
            value="{XauszDesc}" valueHelpRequest="handleValueHelpChgCDAS" showSuggestion="true" suggestionItemSelected="handleSuggestChgCDASSel"
            suggestionItems="{oF4>/AcctStatSet}">
            <suggestionItems>
              <core:ListItem text="{oF4>Text1}" additionalText="{oF4>Xausz}" key="{oF4>Xausz}"/>
            </suggestionItems>
          </Input>description
-->
					<!--

          <Label text="{i18n>CdetailLELabelText16}" tooltip="{i18n>CdetailLELabelText16}"/>
          <Input id="ChgCDDA" placeholder="{Maber}" showSuggestion="true" showValueHelp="true" suggestionItemSelected="handleSuggestChgCDDASel"
            suggestionItems="{oF4>/DunningAreaSet}" value="{MaberDesc}" valueHelpRequest="handleValueHelpChgCDDA">
            <suggestionItems>
              <core:ListItem key="{oF4>Maber}" text="{oF4>Text1}"/>
            </suggestionItems>
          </Input>
-->
					<!--

          <Label text="{i18n>CdetailLELabelText17}" tooltip="{i18n>CdetailLELabelText17}" required="true"/>
          <Input id="ChgCDDP" placeholder="{Mahna}" valueStateText="{i18n>CdetailCDValueStateText2}" liveChange="handleLiveChg" showValueHelp="true"
            value="{MahnaDesc}" valueHelpRequest="handleValueHelpChgCDDP" showSuggestion="true" suggestionItemSelected="handleSuggestChgCDDPSel"
            suggestionItems="{oF4>/DunningProcSet}">
            <suggestionItems>
              <core:ListItem text="{oF4>Textm}" additionalText="{oF4>Mahna}" key="{oF4>Mahna}"/>
            </suggestionItems>
          </Input>
          <Label text="{i18n>CdetailLELabelText18}" tooltip="{i18n>CdetailLELabelTex18}"/>
          <Input id="ChgCDDB" placeholder="{Mansp}" showValueHelp="true" value="{ManspDesc}" valueHelpRequest="handleValueHelpChgCDDB"
            showSuggestion="true" suggestionItemSelected="handleSuggestChgCDDBSel" suggestionItems="{oF4>/DunningBlockSet}">
            <suggestionItems>
              <core:ListItem text="{oF4>Text1}" additionalText="{oF4>Mansp}" key="{oF4>Mansp}"/>
            </suggestionItems>
          </Input>
-->
					<Label text="{i18n>CdetailLELabelText17}" tooltip="{i18n>CdetailLELabelText17}"/>
					<!--				<Input id="ChgCDDP" value="{Mahna}" valueStateText="{i18n>CdetailCDValueStateText2}" showValueHelp="true" description="{MahnaDesc}"
						fieldWidth="35%" valueHelpRequest="handleValueHelpChgCDDP"/>-->
					<smartField:SmartField editable="{worklistView>/editScreen}"  change="changeInClientCoresspondence" value="{Mahnadesc}"/>
					<!--
showSuggestion="true" suggestionItemSelected="handleSuggestChgCDDPSel" suggestionItems="{oF4>/DunningProcSet}">
            <suggestionItems>
              <core:ListItem text="{oF4>Textm}" additionalText="{oF4>Mahna}" key="{oF4>Mahna}"/>
            </suggestionItems>
          </Input>
-->
					<Label text="{i18n>CdetailLELabelText18}" tooltip="{i18n>CdetailLELabelText18}"/>
					<!--					<Input id="ChgCDDB" value="{Mansp}" showValueHelp="true" description="{ManspDesc}" fieldWidth="35%"
						valueHelpRequest="handleValueHelpChgCDDB"/>-->
					<smartField:SmartField editable="{worklistView>/editScreen}"  change="changeInClientCoresspondence" value="{Manspdesc}"/>
					<!--
showSuggestion="true" suggestionItemSelected="handleSuggestChgCDDBSel" suggestionItems="{oF4>/DunningBlockSet}">
            <suggestionItems>
              <core:ListItem text="{oF4>Text1}" additionalText="{oF4>Mansp}" key="{oF4>Mansp}"/>
            </suggestionItems>
          </Input>
-->
					<Label text="{i18n>CdetailLELabelText19}" tooltip="{i18n>CdetailLELabelText19}"/>
					<!--					<Input id="ChgCDDR" value="{Knrma}" showValueHelp="true" description="{KnrmaDesc}" fieldWidth="45%"
						valueHelpRequest="handleValueHelpChgCDDR"/>-->
					<smartField:SmartField editable="{worklistView>/editScreen}"  change="changeInClientCoresspondence" value="{Knrmadesc}"/>
					<!--
showSuggestion="true" suggestionItemSelected="handleSuggestChgCDDRSel" suggestionItems="{oF4>/CustomerSet}">
            <suggestionItems>
              <core:ListItem text="{oF4>Kunnr}" key="{oF4>Kunnr}"/>
            </suggestionItems>
          </Input>
-->
					<Label text="{i18n>CdetailLELabelText20}" tooltip="{i18n>CdetailLELabelText20}"/>
					<!--
<DatePicker id="ChgCDLD"
            value="{ path: 'Madat', type: 'sap.ui.model.type.Date', formatOptions: { style: 'medium', pattern: 'yyyy-MM-dd' } }"/>
-->
					<DatePicker id="ChgCDLD" change="changeInClientCoresspondence" enabled="{worklistView>/editScreen}"
					valueFormat="yyyy-MM-dd"  value="{path:'Madat',formatter:'.formatter.myDate1'}"  displayFormat="yyyy-MM-dd"/>
					<Label text="{i18n>CdetailLELabelText21}" tooltip="{i18n>CdetailLELabelText21}"/>
					<!--			<Input id="ChgCDDL" value="{Mahns}"/>-->
					<Input value="{Mahns}" liveChange="validLevel" enabled="{worklistView>/editScreen}"/>
					<!--

          <Label text="{i18n>CdetailLELabelText23}" tooltip="{i18n>CdetailLELabelText23}"/>
          <Switch customTextOff="{i18n>CdetailSwitchLabelN}" customTextOn="{i18n>CdetailSwitchLabelY}" id="ChgCDCI"
            state="{ path:'Zamim', formatter:'.formatter.myBoolean' }"/>
          
-->
					<core:Title text=""/>
					<Label text="{i18n>CdetailLELabelText26}" tooltip="{i18n>CdetailLELabelText26}"/>
					<!--	<Input id="ChgCDPT" value="{Zterm}" showValueHelp="true" fieldWidth="35%" description="{ZtermDesc}"
						valueHelpRequest="handleValueHelpChgCDPT" valueStateText="{i18n>CdetailCDValueStateText3}" liveChange="handleLiveChg"/>-->
					<smartField:SmartField editable="{worklistView>/editScreen}"  change="changeInClientCoresspondence" value="{Ztermdesc}">
						<smartField:configuration>
					<smartField:Configuration preventInitialDataFetchInValueHelpDialog="false"/>
				</smartField:configuration>
			</smartField:SmartField>
					<!--
showSuggestion="true" suggestionItemSelected="handleSuggestChgCDPTSel" suggestionItems="{oF4>/PaymentTermsSet}">
            <suggestionItems>
              <core:ListItem text="{oF4>Text1}" additionalText="{oF4>Zterm}" key="{oF4>Zterm}"/>
            </suggestionItems>
          </Input>
-->
					<Label text="{i18n>CdetailLELabelText30}" tooltip="{i18n>CdetailLELabelText30}"/>
					<!--	<Input id="ChgCDTG" value="{Togru}" showValueHelp="true" fieldWidth="35%" description="{TogruDesc}"
						valueHelpRequest="handleValueHelpChgCDTG"/>-->
					<smartField:SmartField editable="{worklistView>/editScreen}"  change="changeInClientCoresspondence" value="{Togrudesc}"/>
					<!--
showSuggestion="true" suggestionItemSelected="handleSuggestChgCDTGSel" suggestionItems="{oF4>/TolerGrpSet}">
            <suggestionItems>
              <core:ListItem text="{oF4>Txt30}" additionalText="{oF4>Togru}" key="{oF4>Togru}"/>
            </suggestionItems>
          </Input>
-->
					<Label text="{i18n>CdetailLELabelText25}" tooltip="{i18n>CdetailLELabelText25}"/>
					<!--           <Input id="ChgCDPM" value="{Zwels}"/> -->
					<!--			<Input id="ChgCDPM" value="{Zwels}" showValueHelp="true" fieldWidth="35%" description="{ZwelsDesc}"
						valueHelpRequest="handleValueHelpChgCDPM"/>-->
					<smartField:SmartField editable="{worklistView>/editScreen}"  change="changeInClientCoresspondence" value="{Zwelsdesc}"/>
					<!--
showSuggestion="true" suggestionItemSelected="handleSuggestChgCDPMSel" suggestionItems="{oF4>/PaymentMethSet}">
            <suggestionItems>
              <core:ListItem text="{oF4>Text1}" additionalText="{oF4>Zlsch}" key="{oF4>Zlsch}"/>
            </suggestionItems>
          </Input>
-->
					<!--

          <Label text="{i18n>CdetailLELabelText29}" tooltip="{i18n>CdetailLELabelText29}"/>
          <Input id="ChgCDPG" value="{Fdgrv}" showValueHelp="true" fieldWidth="35%" description="{FdgrvDesc}"
            valueHelpRequest="handleValueHelpChgCDPG"></Input>
          <Label text="{i18n>CdetailLELabelText27}" tooltip="{i18n>CdetailLELabelText27}"/>
          <Input id="ChgCDCU" value="{Zsabe}"/>
          <Label text="{i18n>CdetailLELabelText28}" tooltip="{i18n>CdetailLELabelText28}"/>
          <Input id="ChgCDTN" value="{Tlfns}"/>
          <Label text="{i18n>CdetailLELabelText24}" tooltip="{i18n>CdetailLELabelText24}"/>
          <Switch customTextOff="{i18n>CdetailSwitchLabelN}" customTextOn="{i18n>CdetailSwitchLabelY}" id="ChgCDLDT"
            state="{ path:'Zamir', formatter:'.formatter.myBoolean' }"/>
        
-->
				</f:content>
			</f:SimpleForm>
		</l:content>
	</l:Grid>
</core:FragmentDefinition>