<core:FragmentDefinition xmlns:core="sap.ui.core" xmlns="sap.m">
	<Table id="handleCellClickChgBPBP" mode="{path:'worklistView>/editScreen',formatter:'.formatter.showButton'}"
		delete="handleBillPartnerDelete">
		<columns>
			<Column>
				<Label text="{i18n>CdetailLELabelText5}"/>
			</Column>
			<Column>
				<Label text="{i18n>CdetailLELabelText6}"/>
			</Column>
			<Column>
				<Label text="{i18n>CdetailLELabelText7}"/>
			</Column>
			<Column >
				<Label text="{i18n>CdetailLELabelText8}"/>
			</Column>
			<Column hAlign="Right" width="7rem">
				<Label text=" "/>
			</Column>
		</columns>
	</Table>
</core:FragmentDefinition>