<core:FragmentDefinition xmlns="sap.m" xmlns:core="sap.ui.core"
	xmlns:template="http://schemas.sap.com/sapui5/extension/sap.ui.core.template/1" xmlns:build="sap.build" xmlns:sfi="sap.ui.comp.smartfield"
	xmlns:navpopover="sap.ui.comp.navpopover" xmlns:micro="sap.suite.ui.microchart">
	<items>
		<CustomListItem id="listItem" press="onListItemPress"
			build:metadata="#pattern:GenericCard>ExtendedBarList;set:ovpCardProperties>/annotationPath:com.sap.vocabularies.UI.v1.LineItem;set:ovpCardProperties>/listType:extended;set:ovpCardProperties>/listFlavor:bar">
			<HBox class="sapOvpBarListHBox sapOvpExtendedBarListHBox">
				<VBox class="sapOvpBarListVBoxLeft">
					<!-- if first data field contain semantic object then smartlink to show semantic object info else  first data field value -->
					<template:if
						test="{parts:[{path:'entitySet>'}, {path:'lineItem>'}], formatter: 'sap.ovp.cards.AnnotationHelper.semanticObjectOfFirstDataField'}">
						<template:then>
							<navpopover:SmartLink class="sapOvpExtendedBarListFirstDataField sapOvpOverflowEllipsisDataField"
								text="{parts:[{path:'lineItem>'}, {path:'ovpConstants>/firstDataFieldIndex'}], formatter: 'sap.ovp.cards.AnnotationHelper.formatDataFieldValueOnIndex'}"
								semanticObject="{parts:[{path:'entitySet>'}, {path:'lineItem>'}], formatter: 'sap.ovp.cards.AnnotationHelper.semanticObjectOfFirstDataField'}"></navpopover:SmartLink>
						</template:then>
						<template:else>
							<Text id="DataField1" tooltip="{parts:[{path:'lineItem>'}, {path:'ovpConstants>/firstDataFieldIndex'}], formatter: 'sap.ovp.cards.AnnotationHelper.formatDataFieldValueOnIndex'}" class="sapOvpExtendedBarListFirstDataField sapOvpOverflowEllipsisDataField sapUiTinyMarginBottom"
								text="{parts:[{path:'lineItem>'}, {path:'ovpConstants>/firstDataFieldIndex'}], formatter: 'sap.ovp.cards.AnnotationHelper.formatDataFieldValueOnIndex'}"
								build:metadata="#pattern:GenericCard>ExtendedBarList;prop::ItemFirstAttribute:\{lineItem>/0/Value\};"/>
						</template:else>
					</template:if>
					<!-- if second data field contain semantic object then smartlink to show semantic object info else  second data field value -->
					<template:if
						test="{parts:[{path:'entitySet>'}, {path:'lineItem>'}], formatter: 'sap.ovp.cards.AnnotationHelper.semanticObjectOfSecondDataField'}">
						<template:then>
							<navpopover:SmartLink class="sapOvpExtendedBarListFirstDataField sapOvpOverflowEllipsisDataField"
								text="{parts:[{path:'lineItem>'}, {path:'ovpConstants>/secondDataFieldIndex'}], formatter: 'sap.ovp.cards.AnnotationHelper.formatDataFieldValueOnIndex'}"
								semanticObject="{parts:[{path:'entitySet>'}, {path:'lineItem>'}], formatter: 'sap.ovp.cards.AnnotationHelper.semanticObjectOfSecondDataField'}"></navpopover:SmartLink>
						</template:then>
						<template:else>
							<Text id="DataField2" class="sapOvpBarListDataField sapOvpBarListSubDataField sapOvpExtendedBarListBlock sapOvpOverflowEllipsisDataField"
								text="{parts:[{path:'lineItem>'}, {path:'ovpConstants>/secondDataFieldIndex'}], formatter: 'sap.ovp.cards.AnnotationHelper.formatDataFieldValueOnIndex'}"
								tooltip="{parts:[{path:'lineItem>'}, {path:'ovpConstants>/secondDataFieldIndex'}], formatter: 'sap.ovp.cards.AnnotationHelper.formatDataFieldValueOnIndex'}"
								build:metadata="#pattern:GenericCard>ExtendedBarList;prop::ItemSecondAttribute:\{lineItem>/1/Value\};"/>
						</template:else>
					</template:if>
					<layoutData>
						<FlexItemData growFactor="1"/>
					</layoutData>
					<micro:ComparisonMicroChart id="BarChartDataPoint" class="sapOvpBarListComparisonMicroChartAlignment sapUiSmallMarginTop" width="100%"
						height="1rem" colorPalette="{path: 'lineItem>', formatter: 'sap.ovp.cards.AnnotationHelper.colorPaletteForComparisonMicroChart'}"
						minValue="{minMaxModel>/minValue}" maxValue="{minMaxModel>/maxValue}" tooltip="Margin">
						<micro:data>
							<micro:ComparisonMicroChartData displayValue=" "
								value="{= '{path: \'' + ${path: 'lineItem>', formatter: 'sap.ovp.cards.AnnotationHelper.getFirstDataPointValue'} + '\', formatter: \'.returnBarChartValue\'}' }"
								color="{path: 'lineItem>', formatter: 'sap.ovp.cards.AnnotationHelper.formatFirstDataPointColor'}"></micro:ComparisonMicroChartData>
						</micro:data>
					</micro:ComparisonMicroChart>
				</VBox>
				<VBox
					class="{= ${path: 'lineItem>', formatter: 'sap.ovp.cards.AnnotationHelper.getDataPointsCount'} > 0 ? 'sapOvpBarListVBoxRight' : 'sapOvpListEmptyField'}">
					<!-- if contact annotation then show link to display contact detail else second data point value -->
					<template:if test="{= ${path: 'lineItem>', formatter: 'sap.ovp.cards.AnnotationHelper.isFirstContactAnnotation'} === true}">
						<template:then>
							<template:repeat list="{path:'lineItem>'}" var="dataField">
								<template:if test="{= ${dataField>RecordType} === 'com.sap.vocabularies.UI.v1.DataFieldForAnnotation'}">
									<template:then>
										<template:if test="{= ${dataField>Target/AnnotationPath}.indexOf('com.sap.vocabularies.Communication.v1.Contact') >= 0}">
											<template:then>
												<template:with path="dataField>Target" helper="sap.ui.model.odata.AnnotationHelper.resolvePath" var="contact">
													<VBox class="textAlignRight" width="100%">
														<core:Fragment fragmentName="sap.ovp.cards.generic.ContactDetails" type="XML"/>
														<Link
															binding="{= ${ path: 'dataField>Target/AnnotationPath'}.indexOf('/') > -1 ? '{' + ${path: 'dataField>Target/AnnotationPath'}.slice(0, ${ path: 'dataField>Target/AnnotationPath'}.indexOf('/')) + '}' : null}"
															text="{path: 'contact>fn', formatter: 'sap.ui.model.odata.AnnotationHelper.format'}" textAlign="Right" press="onContactDetailsLinkPress"></Link>
													</VBox>
												</template:with>
											</template:then>
										</template:if>
									</template:then>
								</template:if>
							</template:repeat>
						</template:then>
						<template:else>
							<template:if test="{= ${path: 'lineItem>', formatter: 'sap.ovp.cards.AnnotationHelper.getDataPointsCount'} > 1}">
								<HBox alignItems="Start" justifyContent="SpaceBetween">
									<Label id="DataFieldc"
										class="sapOvpBarListDataField sapOvpBarListSubDataField sapOvpExtendedBarListBlock sapOvpOverflowEllipsisDataField sapUiTinyMarginEnd"
										text="Actual" build:metadata="#pattern:GenericCard>ExtendedBarList;prop::ItemThirdAttribute:\{lineItem>/3/Target@@Title\}"/>
									<ObjectNumber id="DataPoint2" tooltip="Actual"
										class="{= ${path: 'lineItem>', formatter: 'sap.ovp.cards.AnnotationHelper.formatFirstDataPointState'} === 'None' ? 'sapOvpBarListObjectNumber' : 'sapOvpBarListObjectNumber sapOvpBarListObjectNumberWithoutState'} sapOvpObjectNumber"
										textAlign="End"
										number="{parts:[{path:'lineItem>'}, {path:'ovpConstants>/secondDataPointIndex'}, {path:'ovpConstants>/dontIncludeUOM'}], formatter: 'sap.ovp.cards.AnnotationHelper.formatObjectNumber'}"
										unit="{parts:[{path:'lineItem>'}, {path:'ovpConstants>/secondDataPointIndex'}], formatter: 'sap.ovp.cards.AnnotationHelper.formatUnit'}"
										state="{path: 'lineItem>', formatter: 'sap.ovp.cards.AnnotationHelper.formatSecondDataPointState'}"
										build:metadata="#pattern:GenericCard>ExtendedBarList;prop::ItemThirdAttribute:\{lineItem>/3/Target@@Value\};prop::ItemThirdAttributeToleranceRangeLowValue:\{lineItem>/3/Target@@CriticalityCalculation/ToleranceRangeLowValue\};prop::ItemThirdAttributeDeviationRangeLowValue:\{lineItem>/3/Target@@CriticalityCalculation/DeviationRangeLowValue\}"/>
								</HBox>
							</template:if>
						</template:else>
					</template:if>
					<template:if test="{= ${path: 'lineItem>', formatter: 'sap.ovp.cards.AnnotationHelper.getDataPointsCount'} > 2}">
						<HBox alignItems="Start" justifyContent="SpaceBetween">
							<Label text="Budget"
								class="sapOvpBarListDataField sapOvpBarListSubDataField sapOvpExtendedBarListBlock sapOvpOverflowEllipsisDataField sapUiTinyMarginEnd"/>
							<ObjectNumber id="DataPoint3" tooltip="Budget"
								class="{= ${path: 'lineItem>', formatter: 'sap.ovp.cards.AnnotationHelper.formatFirstDataPointState'} === 'None' ? 'sapOvpBarListObjectNumber' : 'sapOvpBarListObjectNumber sapOvpBarListObjectNumberWithoutState'} sapOvpObjectNumber"
								textAlign="End"
								number="{parts:[{path:'lineItem>'}, {path:'ovpConstants>/thirdDataPointIndex'}, {path:'ovpConstants>/dontIncludeUOM'}], formatter: 'sap.ovp.cards.AnnotationHelper.formatObjectNumber'}"
								unit="{parts:[{path:'lineItem>'}, {path:'ovpConstants>/thirdDataPointIndex'}], formatter: 'sap.ovp.cards.AnnotationHelper.formatUnit'}"
								state="{path: 'lineItem>', formatter: 'sap.ovp.cards.AnnotationHelper.formatThirdDataPointState'}"
								build:metadata="#pattern:GenericCard>ExtendedBarList;prop::ItemFourthAttribute:\{lineItem>/4/Target@@Value\}"/>
						</HBox>
					</template:if>
					<template:if test="{= ${path: 'lineItem>', formatter: 'sap.ovp.cards.AnnotationHelper.getDataPointsCount'} > 3}">
						<HBox alignItems="Start" justifyContent="SpaceBetween">
							<Label text="Variance"
								class="sapOvpBarListDataField sapOvpBarListSubDataField sapOvpExtendedBarListBlock sapOvpOverflowEllipsisDataField sapUiTinyMarginEnd"/>
							<ObjectNumber id="DataPoint4" tooltip="Variance"
								class="{= ${path: 'lineItem>', formatter: 'sap.ovp.cards.AnnotationHelper.formatFirstDataPointState'} === 'None' ? 'sapOvpBarListObjectNumber' : 'sapOvpBarListObjectNumber sapOvpBarListObjectNumberWithoutState'} sapOvpObjectNumber"
								textAlign="End"
								number="{parts:[{path:'lineItem>'}, {path:'ovpConstants>/fourthDataPointIndex'}, {path:'ovpConstants>/dontIncludeUOM'}], formatter: 'sap.ovp.cards.AnnotationHelper.formatObjectNumber'}"
								unit="{parts:[{path:'lineItem>'}, {path:'ovpConstants>/fourthDataPointIndex'}], formatter: 'sap.ovp.cards.AnnotationHelper.formatUnit'}"
								build:metadata="#pattern:GenericCard>ExtendedBarList;prop::ItemFifthAttribute:\{lineItem>/5/Target@@Value\}"/>
						</HBox>
					</template:if>
					<template:if test="{= ${path: 'lineItem>', formatter: 'sap.ovp.cards.AnnotationHelper.isFirstDataPointPercentageUnit'}}">
						<template:then>
							<ObjectNumber id="BarChartValue" class="sapOvpBarListObjectNumber sapOvpBarListObjectNumberPercentage sapOvpObjectNumber" textAlign="End"
								number="{parts:[{path:'lineItem>'}, {path:'ovpConstants>/firstDataPointIndex'}], formatter: 'sap.ovp.cards.AnnotationHelper.formatDataPointValueOnIndex'}"
								build:metadata="#pattern:GenericCard>ExtendedBarList;prop::ItemProgressBarValue:\{lineItem>/2/Target@@Value\}"/>
						</template:then>
						<template:else>
							<ObjectNumber id="BarChartStateValue" class="sapOvpBarListObjectNumber valueStateText " textAlign="End"
								number="{parts:[{path:'lineItem>'}, {path:'ovpConstants>/firstDataPointIndex'}, {path:'ovpConstants>/dontIncludeUOM'}], formatter: 'sap.ovp.cards.AnnotationHelper.formatObjectNumber'}"
								unit="{parts:[{path:'lineItem>'}, {path:'ovpConstants>/firstDataPointIndex'}], formatter: 'sap.ovp.cards.AnnotationHelper.formatUnit'}"
								state="{path: 'lineItem>', formatter: 'sap.ovp.cards.AnnotationHelper.formatFirstDataPointState'}"></ObjectNumber>
						</template:else>
					</template:if>
				</VBox>
			</HBox>
		</CustomListItem>
	</items>
</core:FragmentDefinition>