<edmx:Edmx xmlns:edmx="http://schemas.microsoft.com/ado/2007/06/edmx"
	xmlns:m="http://schemas.microsoft.com/ado/2007/08/dataservices/metadata" xmlns:sap="http://www.sap.com/Protocols/SAPData" Version="1.0">
	<edmx:DataServices m:DataServiceVersion="2.0">
		<Schema xmlns="http://schemas.microsoft.com/ado/2008/09/edm" Namespace="ZPRS_ANTICIPATION_SRV" xml:lang="en" sap:schema-version="1">
			<EntityType Name="Anticipation" sap:content-version="1">
				<Key>
					<PropertyRef Name="Office"/>
					<PropertyRef Name="Tdate"/>
					<PropertyRef Name="Matter"/>
				</Key>
				<Property Name="Office" Type="Edm.String" Nullable="false" MaxLength="4" sap:unicode="false" sap:label="Office" sap:updatable="false"
					sap:sortable="false"/>
				<Property Name="Tdate" Type="Edm.DateTime" Nullable="false" Precision="7" sap:unicode="false" sap:label="Transaction Date"
					sap:updatable="false" sap:sortable="false"/>
				<Property Name="Totamt" Type="Edm.Decimal" Nullable="false" Precision="16" Scale="3" sap:unicode="false" sap:unit="Currency"
					sap:label="Total Amount" sap:updatable="false" sap:sortable="false"/>
				<Property Name="Currency" Type="Edm.String" Nullable="false" MaxLength="5" sap:unicode="false" sap:label="Currency" sap:updatable="false"
					sap:sortable="false" sap:semantics="currency-code"/>
				<Property Name="Matter" Type="Edm.String" Nullable="false" MaxLength="24" sap:unicode="false" sap:label="Matter" sap:updatable="false"
					sap:sortable="false"/>
				<Property Name="Kostl" Type="Edm.String" Nullable="false" MaxLength="10" sap:unicode="false" sap:label="Cost Center" sap:updatable="false"
					sap:sortable="false"/>
				<Property Name="Amount" Type="Edm.Decimal" Nullable="false" Precision="16" Scale="3" sap:unicode="false" sap:unit="Currency"
					sap:label="Amount" sap:updatable="false" sap:sortable="false"/>
				<Property Name="Taxcode" Type="Edm.String" Nullable="false" MaxLength="2" sap:unicode="false" sap:label="Tax Code" sap:updatable="false"
					sap:sortable="false"/>
				<Property Name="Narr" Type="Edm.String" Nullable="false" sap:unicode="false" sap:label="Narrative" sap:updatable="false"
					sap:sortable="false"/>
				<Property Name="Workdate" Type="Edm.DateTime" Nullable="false" Precision="7" sap:unicode="false" sap:label="Work Date" sap:updatable="false"
					sap:sortable="false"/>
				<Property Name="Reference" Type="Edm.String" Nullable="false" MaxLength="16" sap:unicode="false" sap:label="Reference" sap:updatable="false"
					sap:sortable="false"/>
			</EntityType>
			<EntityContainer Name="ZPRS_ANTICIPATION_SRV_Entities" m:IsDefaultEntityContainer="true" sap:supported-formats="atom json xlsx">
				<EntitySet Name="AnticipationS" EntityType="ZPRS_ANTICIPATION_SRV.Anticipation" sap:deletable="false" sap:searchable="true"
					sap:pageable="false" sap:addressable="false" sap:content-version="1"/>
			</EntityContainer>
			<atom:link xmlns:atom="http://www.w3.org/2005/Atom" rel="self"
				href="http://localhost:9090/webidedispatcher/destinations/G4B/sap/opu/odata/SAP/ZPRS_ANTICIPATION_SRV/$metadata"/>
			<atom:link xmlns:atom="http://www.w3.org/2005/Atom" rel="latest-version"
				href="http://localhost:9090/webidedispatcher/destinations/G4B/sap/opu/odata/SAP/ZPRS_ANTICIPATION_SRV/$metadata"/>
		</Schema>
	</edmx:DataServices>
</edmx:Edmx>