<core:FragmentDefinition xmlns:core="sap.ui.core" xmlns:smartField="sap.ui.comp.smartfield" xmlns:f="sap.ui.layout.form"
	xmlns:l="sap.ui.layout" xmlns="sap.m" xmlns:smartform="sap.ui.comp.smartform">
	<smartform:SmartForm binding="{Clientdetails}" editable="{path:'generalSettings>/Edit',formatter:'.formatter.editRequestScreen'}"
		expandable="false" expanded="true" entityType="Cmiclientdetails" id="cminewrequest.client.CmiClientAddress">
		<smartform:layout>
			<smartform:Layout labelSpanL="3" labelSpanM="6" labelSpanS="6" emptySpanL="2" emptySpanM="1">
			</smartform:Layout>
		</smartform:layout>
		<smartform:Group id="cminewrequest.client.section_header_Address3">
			<smartform:GroupElement id="cminewrequest.client.clientInternationalVersionInput_" label="">
				<smartform:elements>
					<VBox id="cminewrequest.client.Address">
						<HBox alignItems="Start" justifyContent="SpaceBetween">
							<Label class="sapUiTinyMarginTop" text="{i18n>CLIENT_ADDR_SMTFIELD_LBL_INTVERSION}" design="Bold"/>
							<Button icon="sap-icon://display" id="cminewrequest.client.displayAddress" press="addressEdit" visible="false" tooltip="Display"/>
							<Button icon="sap-icon://edit" id="cminewrequest.client.editAddress" press="addressDisplay" tooltip="Edit"
								enabled="{path:'generalSettings>/Edit',formatter:'.formatter.editRequestScreen'}"/>
						</HBox>
					</VBox>
				</smartform:elements>
			</smartform:GroupElement>
			<smartform:GroupElement >
				<smartField:SmartField  textLabel=" " value="{Iname1}" id="cminewrequest.client.addressIname1" placeholder="Name"></smartField:SmartField>
			</smartform:GroupElement>
			<smartform:GroupElement>
				<smartField:SmartField textLabel=" " value="{Iline1}" placeholder="{i18n>CLIENT_ADDR_PLCEHOLDER_LINE1}" id="cminewrequest.client.addressIline1"/>
			</smartform:GroupElement>
			<smartform:GroupElement>
				<smartField:SmartField textLabel=" " value="{Iline2}" placeholder="{i18n>CLIENT_ADDR_PLCEHOLDER_LINE2}" id="cminewrequest.client.addressIline2"/>
			</smartform:GroupElement>
			<smartform:GroupElement>
				<smartField:SmartField textLabel=" " value="{Iline3}" placeholder="{i18n>CLIENT_ADDR_PLCEHOLDER_CITY}" id="cminewrequest.client.addressIline3"/>
			</smartform:GroupElement>
			<smartform:GroupElement>
				<smartField:SmartField textLabel=" " value="{Iline4}" placeholder="{i18n>CLIENT_ADDR_PLCEHOLDER_STATE}" id="cminewrequest.client.addressIline4"/>
			</smartform:GroupElement>
		</smartform:Group>
			<smartform:Group id="cminewrequest.client.section_header_Address1">
				 <smartform:GroupElement >
    <smartField:SmartField textLabel=" " value="" ></smartField:SmartField>
   </smartform:GroupElement>
			<smartform:GroupElement id="cminewrequest.client.languageInput_">
				<smartField:SmartField mandatory="true" value="{Sptxt}" id="cminewrequest.client.languageInput"
					textLabel="{i18n>CLIENT_ADDR_SMTFIELD_LBL_LANG}">
					<smartField:configuration>
						<smartField:Configuration preventInitialDataFetchInValueHelpDialog="false"/>
					</smartField:configuration>
				</smartField:SmartField>
			</smartform:GroupElement>
				<smartform:GroupElement id="cminewrequest.client.faxInput_">
				<smartField:SmartField showValueHelp="false" showSuggestion="false" id="cminewrequest.client.faxInput" value="{Fax}"
					textLabel="{i18n>CLIENT_ADDR_SMTFIELD_LBL_FAX}" change="handleFaxValidation"/>
			</smartform:GroupElement>
			<smartform:GroupElement id="cminewrequest.client.phoneNumberInput_">
				<smartField:SmartField showValueHelp="false" showSuggestion="false" id="cminewrequest.client.phoneNumberInput" value="{Phone}"
					textLabel="{i18n>CLIENT_ADDR_SMTFIELD_LBL_PHONE}" change="handlePhoneValidation"/>
			</smartform:GroupElement>
			<smartform:GroupElement id="cminewrequest.client.emailInput_">
				<smartField:SmartField showValueHelp="false" showSuggestion="false" id="cminewrequest.client.emailInput" value="{Email}"
					textLabel="{i18n>CLIENT_ADDR_SMTFIELD_LBL_EMAIL}" change="handleEmailValidation"/>
			</smartform:GroupElement>
		</smartform:Group>
		
	</smartform:SmartForm>
</core:FragmentDefinition>