<core:FragmentDefinition xmlns="sap.m" xmlns:l="sap.ui.layout" xmlns:smartField="sap.ui.comp.smartfield" xmlns:f="sap.ui.layout.form"
	xmlns:core="sap.ui.core" xmlns:smartform="sap.ui.comp.smartform">
	<smartform:SmartForm binding="{Clientdetails}" editable="{path:'generalSettings>/Edit',formatter:'.formatter.editRequestScreen'}" expandable="false" expanded="true" entityType="Cmiclientdetails"
		id="cminewrequest.client.CmiClientBillingData">
		<smartform:customData>
			<core:CustomData key="dateFormatSettings" value='\{"UTC":true,"style":"medium"\}'/>
		</smartform:customData>
		<smartform:Group id="cminewrequest.client.section_header_ClientBillingData1">
			<smartform:GroupElement id="cminewrequest.client.clientPhaseTaskCodeInput_">
				<smartField:SmartField id="cminewrequest.client.clientPhaseTaskCodeInput" value="{Zzphasesetdesc}" textLabel="{i18n>CLIENT_BILLDATA_SMTFIELD_LBL_PTCS}">
					<smartField:configuration>
						<smartField:Configuration preventInitialDataFetchInValueHelpDialog="false"/>
					</smartField:configuration>
				</smartField:SmartField>
			</smartform:GroupElement>
			<smartform:GroupElement id="cminewrequest.client.clientValidFromInput_">
				<smartField:SmartField value="{Zzphbegda}" id="cminewrequest.client.clientValidFromInput" textLabel="{i18n>CLIENT_BILLDATA_SMTFIELD_LBL_PVALID}">
					<smartField:configuration>
						<smartField:Configuration controlType="datePicker"/>
					</smartField:configuration>
				</smartField:SmartField>
			</smartform:GroupElement>
			<smartform:GroupElement id="cminewrequest.client.clientActivityCodeInput_">
				<smartField:SmartField id="cminewrequest.client.clientActivityCodeInput" value="{Zzactsetdesc}" textLabel="{i18n>CLIENT_BILLDATA_SMTFIELD_LBL_ACS}">
					<smartField:configuration>
						<smartField:Configuration preventInitialDataFetchInValueHelpDialog="false"/>
					</smartField:configuration>
				</smartField:SmartField>
			</smartform:GroupElement>
			<smartform:GroupElement id="cminewrequest.client.clientValidFrom2Input_">
				<smartField:SmartField value="{Zzactbegda}" id="cminewrequest.client.clientValidFrom2Input" textLabel="{i18n>CLIENT_BILLDATA_SMTFIELD_LBL_AVALID}">
					<smartField:configuration>
						<smartField:Configuration controlType="datePicker"/>
					</smartField:configuration>
				</smartField:SmartField>
			</smartform:GroupElement>
			<smartform:GroupElement id="cminewrequest.client.clientExpenceCodeInput_">
				<smartField:SmartField id="cminewrequest.client.clientExpenceCodeInput" value="{Zzexpcodedesc}" textLabel="{i18n>CLIENT_BILLDATA_SMTFIELD_LBL_EXPENSE}">
					<smartField:configuration>
						<smartField:Configuration preventInitialDataFetchInValueHelpDialog="false"/>
					</smartField:configuration>
				</smartField:SmartField>
			</smartform:GroupElement>
		</smartform:Group>
		<smartform:Group id="cminewrequest.client.section_header_ClientBillingData2">
			<smartform:GroupElement id="cminewrequest.client.clientEbillingVendorInput_">
				<smartField:SmartField id="cminewrequest.client.clientEbillingVendorInput" value="{Zzebillvendor}" textLabel="{i18n>CLIENT_BILLDATA_SMTFIELD_LBL_EBILL}"></smartField:SmartField>
			</smartform:GroupElement>
			<smartform:GroupElement id="cminewrequest.client.purchaseOrderRequiredInput_" label="{i18n>CLIENT_BILLDATA_SMTFIELD_LBL_PURCHASE}">
				<Switch enabled="{path:'generalSettings>/Edit',formatter:'.formatter.editRequestScreen'}"  id="cminewrequest.client.purchaseOrderRequiredInput" customTextOn="{i18n>MI_SWITCH_ON}" customTextOff="{i18n>MI_SWITCH_OFF}" state="{Zzporqrd}" change="handleSwitchChange" 
					/>
			</smartform:GroupElement>
		<!--	<smartform:GroupElement id="cminewrequest.client.sanctionInput_" label="{i18n>CLIENT_BILLDATA_SMTFIELD_LBL_SANCTION}">
				<Switch enabled="{path:'generalSettings>/Edit',formatter:'.formatter.editRequestScreen'}"  id="cminewrequest.client.sanctionInput" customTextOn="{i18n>MI_SWITCH_ON}" customTextOff="{i18n>MI_SWITCH_OFF}" state="{Zzsanction}" change="handleSwitchChange" />
			</smartform:GroupElement>-->
		</smartform:Group>
	</smartform:SmartForm>
</core:FragmentDefinition>