<core:FragmentDefinition xmlns="sap.m" xmlns:l="sap.ui.layout" xmlns:core="sap.ui.core" xmlns:smartField="sap.ui.comp.smartfield"
	xmlns:f="sap.ui.layout.form" xmlns:smartform="sap.ui.comp.smartform">
	<smartform:SmartForm binding="{Clients}" editable="{path:'generalSettings>/Edit',formatter:'.formatter.editRequestScreen'}"
		expandable="false" expanded="true" entityType="Cmiclient" id="idClientDetails" flexEnabled="false" labelSpanl="4">
		<smartform:customData>
			<core:CustomData key="dateFormatSettings" value='\{"UTC":true,"style":"short"\}'/>
		</smartform:customData>
		<smartform:Group id="cminewrequest.section_header_clientDetails01">
			<smartform:GroupElement label="{i18n>CLIENTFORM_LBL_CLIENTNAME}" id="cminewrequest.clientNameInput_">
				<smartField:SmartField value="{Client}" id="cminewrequest.clientNameInput" showValueHelp="{generalSettings>/clientValueHelp}">
					<smartField:configuration>
						<smartField:Configuration preventInitialDataFetchInValueHelpDialog="false"/>
					</smartField:configuration>
				</smartField:SmartField>
			</smartform:GroupElement>
			<smartform:GroupElement label="{i18n>CLIENTFORM_LBL_CLIENTCLASSFICATION}" id="cminewrequest.clientClassificationInput_">
				<smartField:SmartField value="{Classification}" id="cminewrequest.clientClassificationInput">
					<smartField:configuration>
						<smartField:Configuration controlType="dropDownList" displayBehaviour="idOnly"/>
					</smartField:configuration>
				</smartField:SmartField>
			</smartform:GroupElement>
			<smartform:GroupElement label="{i18n>CLIENTFORM_LBL_CLIENTCOUNTRY}" id="cminewrequest.clientCountryInput_">
				<smartField:SmartField value="{Country}" id="cminewrequest.clientCountryInput">
					<smartField:configuration>
						<smartField:Configuration preventInitialDataFetchInValueHelpDialog="false"/>
					</smartField:configuration>
				</smartField:SmartField>
			</smartform:GroupElement>
			<smartform:GroupElement label="{i18n>CLIENTFORM_LBL_CLIENTADDR1}" id="cminewrequest.clientAddrLine1Input_">
				<smartField:SmartField value="{Addr1}" id="cminewrequest.clientAddrLine1Input"/>
			</smartform:GroupElement>
			<smartform:GroupElement label="{i18n>CLIENTFORM_DETAIL_LBL_CLIENTADDR2}" id="cminewrequest.clientAddrLine2Input_">
				<smartField:SmartField value="{Addr2}" id="cminewrequest.clientAddrLine2Input"/>
			</smartform:GroupElement>
		</smartform:Group>
		<smartform:Group id="cminewrequest.section_header_clientDetails02">
			<smartform:GroupElement label="{i18n>CLIENTFORM_LBL_CLIENTCITY}" id="cminewrequest.clientCityInput_">
				<smartField:SmartField value="{City}" id="cminewrequest.clientCityInput"/>
			</smartform:GroupElement>
			<smartform:GroupElement label="{i18n>CLIENTFORM_LBL_CLIENTREGION}" id="cminewrequest.clientRegionInput_">
				<smartField:SmartField value="{State}" id="cminewrequest.clientRegionInput">
					<smartField:configuration>
						<smartField:Configuration preventInitialDataFetchInValueHelpDialog="false"/>
					</smartField:configuration>
				</smartField:SmartField>
			</smartform:GroupElement>
			<smartform:GroupElement label="{i18n>CLIENTFORM_LBL_CLIENTPOSTALCODE}" id="cminewrequest.clientZipCodeInput_">
				<smartField:SmartField  value="{Zipcode}"
					id="cminewrequest.clientZipCodeInput"/>
			</smartform:GroupElement>
			<smartform:GroupElement label="{i18n>CLIENTFORM_LBL_CLIENTBOFFICE}" id="cminewrequest.clientBillOfficeInput_">
				<smartField:SmartField value="{Boffice}" id="cminewrequest.clientBillOfficeInput">
					<smartField:configuration>
						<smartField:Configuration preventInitialDataFetchInValueHelpDialog="false"/>
					</smartField:configuration>
				</smartField:SmartField>
			</smartform:GroupElement>
			<smartform:GroupElement label="{i18n>CLIENTFORM_LBL_CLIENTEMAIL}" id="cminewrequest.clientMailInput_">
				<smartField:SmartField value="{Email}" change="handleEmailValidation"
					id="cminewrequest.clientMailInput"/>
			</smartform:GroupElement>
		</smartform:Group>
	</smartform:SmartForm>
</core:FragmentDefinition>