<core:FragmentDefinition xmlns="sap.m" xmlns:l="sap.ui.layout" xmlns:smartField="sap.ui.comp.smartfield" xmlns:f="sap.ui.layout.form"
	xmlns:core="sap.ui.core" xmlns:smartform="sap.ui.comp.smartform">
	<smartform:SmartForm binding="{Clientdetails}" editable="{path:'generalSettings>/Edit',formatter:'.formatter.editRequestScreen'}"
		expandable="false" expanded="true" entityType="Cmiclientdetails" id="cminewrequest.client.CmiclientOutputData">
		<smartform:Group id="cminewrequest.client.section_header_OutputData1">
			<smartform:GroupElement id="cminewrequest.client.draftBillFormatInput_">
				<smartField:SmartField id="cminewrequest.client.draftBillFormatTypeInput_" value="{Dbvtext}"
					textLabel="{i18n>OUTDATA_SMTFIELD_LBL_DRAFTBILLFRMT}">
					<smartField:configuration>
						<smartField:Configuration preventInitialDataFetchInValueHelpDialog="false"/>
					</smartField:configuration>
				</smartField:SmartField>
			</smartform:GroupElement>
			<smartform:GroupElement id="cminewrequest.client.finalBillFormatInput_">
				<smartField:SmartField id="cminewrequest.client.finalBillFormat" value="{Fbvtext}" textLabel="{i18n>OUTDATA_SMTFIELD_LBL_FINALBILLFRMT}">
					<smartField:configuration>
						<smartField:Configuration preventInitialDataFetchInValueHelpDialog="false"/>
					</smartField:configuration>
				</smartField:SmartField>
			</smartform:GroupElement>
			<smartform:GroupElement id="cminewrequest.client.timeDetailInput_">
				<smartField:SmartField showValueHelp="false" showSuggestion="false" id="cminewrequest.client.timeDetail" value="{Tdtext}"
					textLabel="{i18n>OUTDATA_SMTFIELD_LBL_TMEDETAIL}"/>
			</smartform:GroupElement>
			<smartform:GroupElement id="cminewrequest.client.tkSummarizationInput_">
				<smartField:SmartField showValueHelp="false" showSuggestion="false" id="cminewrequest.client.tkSummarization" value="{Tstext}"
					textLabel="{i18n>OUTDATA_SMTFIELD_LBL_TKS}"/>
			</smartform:GroupElement>
		</smartform:Group>
		<smartform:Group id="cminewrequest.client.section_header_OutputData2">
			<smartform:GroupElement id="cminewrequest.client.costDetailSummaryInput_">
				<smartField:SmartField showValueHelp="false" showSuggestion="false" id="cminewrequest.client.costDetailSummary" value="{Zzcstdtsumry}"
					textLabel="{i18n>OUTDATA_SMTFIELD_LBL_CDS}"/>
			</smartform:GroupElement>
			<smartform:GroupElement id="cminewrequest.client.turnPageNumberInput_" label="{i18n>OUTDATA_SMTFIELD_LBL_TURNPGNO}">
				<Switch enabled="{path:'generalSettings>/Edit',formatter:'.formatter.editRequestScreen'}" id="cminewrequest.client.turnPageNumberInput"
					customTextOn="{i18n>MI_SWITCH_ON}" customTextOff="{i18n>MI_SWITCH_OFF}"
					state="{Zzpageno}" change="handleSwitchChange" />
			</smartform:GroupElement>
			<smartform:GroupElement id="cminewrequest.client.remittancePageInput_" label="{i18n>OUTDATA_SMTFIELD_LBL_REMIT}">
				<Switch enabled="{path:'generalSettings>/Edit',formatter:'.formatter.editRequestScreen'}" id="cminewrequest.client.remittancePageInput"
					customTextOn="{i18n>MI_SWITCH_ON}" customTextOff="{i18n>MI_SWITCH_OFF}" state="{Zzremit}"
					change="handleSwitchChange"/>
			</smartform:GroupElement>
		</smartform:Group>
	</smartform:SmartForm>
</core:FragmentDefinition>