<?xml version="1.0" encoding="utf-8" standalone="yes"?>
<edmx:Edmx Version="1.0" xmlns="http://schemas.microsoft.com/ado/2008/09/edm" xmlns:edmx="http://schemas.microsoft.com/ado/2007/06/edmx"
	xmlns:m="http://schemas.microsoft.com/ado/2007/08/dataservices/metadata"
	xmlns:edmanno="http://schemas.microsoft.com/ado/2009/02/edm/annotation">
	<edmx:DataServices m:DataServiceVersion="2.0">
		<Schema Namespace="DemoModel" xml:lang="en">
			<EntityType Name="Client">
				<Key>
					<PropertyRef Name="Client"/>
				</Key>
				<Property Name="Client" Type="Edm.String" Nullable="true"/>
				<Property Name="ClientName" Type="Edm.String" Nullable="true"/>
				<Property Name="ClientIDOverride" Type="Edm.String" Nullable="true"/>
				<Property Name="LawFirmName" Type="Edm.String" Nullable="true"/>
				<Property Name="eBillClientName" Type="Edm.String" Nullable="true"/>
				<Property Name="eBillVendor" Type="Edm.String" Nullable="true"/>
			</EntityType>
			<EntityType Name="Matter">
				<Key>
					<PropertyRef Name="Matter"/>
				</Key>
				<Property Name="Matter" Type="Edm.String" Nullable="true"/>
				<Property Name="MatterName" Type="Edm.String" Nullable="true"/>
				<Property Name="Client" Type="Edm.String" Nullable="true"/>
				<Property Name="ClientMatterID" Type="Edm.String" Nullable="true"/>
				<Property Name="ProfessionalEmail" Type="Edm.String" Nullable="true"/>
				<Property Name="InvoiceDesc" Type="Edm.String" Nullable="true"/>
				<Property Name="MatterIDOverride" Type="Edm.String" Nullable="true"/>
				<Property Name="ClaimNo" Type="Edm.String" Nullable="true"/>
				<Property Name="OpenDate" Type="Edm.DateTime"/>
				<Property Name="ClientIDOverride" Type="Edm.String" Nullable="true"/>
				<Property Name="InsuredName" Type="Edm.String" Nullable="true"/>
				<Property Name="BillingMethod" Type="Edm.String" Nullable="true"/>
				<Property Name="eBillVendor" Type="Edm.String" Nullable="true"/>
				<Property Name="MatterState" Type="Edm.String" Nullable="true"/>
				<Property Name="SetSpecialist" Type="Edm.String" Nullable="true"/>
				<Property Name="ClientIDOverride" Type="Edm.String" Nullable="true"/>
				<Property Name="LawFirmName" Type="Edm.String" Nullable="true"/>
				<Property Name="eBillClientName" Type="Edm.String" Nullable="true"/>
				<Property Name="eBillVendor" Type="Edm.String" Nullable="true"/>
				<Property Name="LawFirmNo" Type="Edm.String" Nullable="true"/>
				<Property Name="DivisionOffice" Type="Edm.String" Nullable="true"/>
				<Property Name="LOBCode" Type="Edm.String" Nullable="true"/>
				<Property Name="ClaimHandler" Type="Edm.String" Nullable="true"/>
				<Property Name="ClaimantName" Type="Edm.String" Nullable="true"/>
				<Property Name="Division" Type="Edm.String" Nullable="true"/>
				<Property Name="CaseLevelID" Type="Edm.String" Nullable="true"/>
				<Property Name="DateofLoss" Type="Edm.String" Nullable="true"/>
				<Property Name="eBillLocation" Type="Edm.String" Nullable="true"/>
				<Property Name="DraftBillNumber" Type="Edm.String" Nullable="true"/>
				<Property Name="Invoice" Type="Edm.String" Nullable="true"/>
				<Property Name="DraftBillAmount" Type="Edm.String" Nullable="true"/>
				<Property Name="InvoiceAmount" Type="Edm.String" Nullable="true"/>
			</EntityType>
			<EntityContainer Name="DemoEntities" edmanno:LazyLoadingEnabled="true" m:IsDefaultEntityContainer="true">
				<EntitySet Name="ClientSet" EntityType="DemoModel.Client"/>
				<EntitySet Name="MatterSet" EntityType="DemoModel.Matter"/>
			</EntityContainer>
		</Schema>
	</edmx:DataServices>
</edmx:Edmx>