<core:FragmentDefinition xmlns="sap.m" xmlns:l="sap.ui.layout" xmlns:core="sap.ui.core">
	<Popover showHeader="false" title="Comment" placement="Auto" initialFocus="itemComment" contentMinWidth="40rem">
		<l:VerticalLayout width="100%">
			<FeedInput placeholder="{i18n>LblPlaceHolderComments}" post="onPostComments" showIcon="false"/>
		
		<List headerText="{i18n>LblPrevComments}" showSeparators="Inner" >
				<FeedListItem showIcon="false" sender="{Username}"
					timestamp="{ path: 'Timestamp', type: 'sap.ui.model.type.DateTime', formatOptions: {style:'medium'} }"
					text="{Itemcomments}" convertLinksToAnchorTags="All"/>
			</List>
		
		
		<!--	<List headerText="Prev Comments" showSeparators="Inner" items="{ path: 'itemCommentsModel>/results' }">
				<FeedListItem showIcon="false" sender="{itemCommentsModel>Username}"
					timestamp="{ path: 'itemCommentsModel>Timestamp', type: 'sap.ui.model.type.DateTime', formatOptions: {style:'medium'} }"
					text="{itemCommentsModel>Itemcomments}" convertLinksToAnchorTags="All"/>
			</List>-->
		</l:VerticalLayout>
	</Popover>
</core:FragmentDefinition>