<core:FragmentDefinition xmlns="sap.m" xmlns:core="sap.ui.core" 
xmlns:cinput="fgtdbworklist.customCtrl">
	<CustomListItem >
		<!--	<core:Icon size="2rem" src="sap-icon://attachment-photo" class="sapUiSmallMarginBegin sapUiSmallMarginTopBottom" />-->
	
			<Table id="idProductsTable" class="custNarrTbl" inset="false">
				<columns>
					<Column></Column>
					<Column></Column>
					<Column></Column>
					<Column></Column>
					<Column></Column>
					<Column></Column>
					<Column></Column>
					<Column></Column>
					<Column></Column>
					<Column></Column>
					<!--<Column></Column>
					<Column></Column>
					<Column></Column>
					<Column></Column>-->
				</columns>
				<items>
					<ColumnListItem >
						<cells>
							<Label text="{detailDataModel>item}" design="{= ${detailDataModel>type} ? 'Bold' : 'Standard' }"/>
							<Label text="{detailDataModel>working}" design="{= ${detailDataModel>type} ? 'Bold' : 'Standard' }"/>
							<Label text="{detailDataModel>workingdate}" design="{= ${detailDataModel>type} ? 'Bold' : 'Standard' }"/>
							<Label text="{detailDataModel>timekeeper}" design="{= ${detailDataModel>type} ? 'Bold' : 'Standard' }"/>
							<!--<Label text="{detailDataModel>timekeeperNm}" design="{= ${detailDataModel>type} ? 'Bold' : 'Standard' }"/>-->
							<Label text="{detailDataModel>hrs}" design="{= ${detailDataModel>type} ? 'Bold' : 'Standard' }"/>
							<Label text="{detailDataModel>amhrs}" design="{= ${detailDataModel>type} ? 'Bold' : 'Standard' }"/>
						<!--	<Label text="{detailDataModel>baserate}" design="{= ${detailDataModel>type} ? 'Bold' : 'Standard' }"/>-->
							<Label text="{detailDataModel>basevalue}" design="{= ${detailDataModel>type} ? 'Bold' : 'Standard' }"/>
							<Label text="{detailDataModel>writeup}" design="{= ${detailDataModel>type} ? 'Bold' : 'Standard' }"/>
						<!--	<Label text="{detailDataModel>writeQty}" design="{= ${detailDataModel>type} ? 'Bold' : 'Standard' }"/>-->
							<Label text="{detailDataModel>netvalue}" design="{= ${detailDataModel>type} ? 'Bold' : 'Standard' }"/>
						<!--	<Label text="{detailDataModel>pCode}" design="{= ${detailDataModel>type} ? 'Bold' : 'Standard' }"/>-->
							
							<!--	mouseover="openCommentPopUp"  <Label text="Comment" design="{= ${detailDataModel>type} ? 'Bold' : 'Standard' }" visible="false"/>-->
							<cinput:InputFocus mouseover="openCommentPopUp" visible="{= ${detailDataModel>type} ? false : true }" 
							focus="openCommentPopUp" 
						
							type="Text" value="{path:'detailDataModel>comment',formatter:'.addFocusin'}" placeholder="Enter Text ..." showSuggestion="false" showValueHelp="false"/>
					     <!--	<Label text="Comment" design="{= ${detailDataModel>type} ? 'Bold' : 'Standard' }" visible="{= ${detailDataModel>type} ? true : false }"/>-->
							<!--<Input type ="text" value="{path:'detailDataModel>comment',formatter:'.addFocusin'}" design="{= ${detailDataModel>type} ? 'Bold' : 'Standard' }"/>-->
						</cells>
					</ColumnListItem>
				</items>
			</Table>
			<Panel width="auto" visible="{= (${generalSetting>/showRowDetail}===false &amp;&amp; !${detailDataModel>type}) ? true : false }">
				<content>
					<Input id="productInput1" type="Text" placeholder="Enter Text ..." showSuggestion="false" showValueHelp="false"></Input>
					<!--	<Button icon="sap-icon://full-screen" press="onNarrative"/>
					<Input id="productInput" type="Text" placeholder="Enter Comment ..." showSuggestion="false" showValueHelp="false"></Input>
			-->	</content>
			</Panel>
		
	</CustomListItem>
</core:FragmentDefinition>