<core:FragmentDefinition xmlns="sap.m" xmlns:l="sap.ui.layout" xmlns:core="sap.ui.core"
	xmlns:app="http://schemas.sap.com/sapui5/extension/sap.ui.core.CustomData/1" xmlns:smartField="sap.ui.comp.smartfield">
	<Dialog contentWidth="500px" contentHeight="28rem" showHeader="false" class="sapUiSizeCompact sapUiNoContentPadding">
		<content>
			
		</content>
		<beginButton>
			<Button text="{i18n>BtnCheck}" press="onNarrativeClose" />
		</beginButton>
		<endButton>
			<Button text="{i18n>BtnCancel}" press="onNarrativeClose" />
		</endButton>
	</Dialog>
</core:FragmentDefinition>