<core:FragmentDefinition xmlns="sap.m" xmlns:core="sap.ui.core">
	<Popover title="Add Comments" class="sapUiContentPadding" placement="Bottom" initialFocus="onPost">
		<footer>
			<Toolbar>
				<ToolbarSpacer/>
				<Button icon="sap-icon://sys-cancel" type="Reject" text="{i18n>BtnClose}" tooltip="{i18n>BtnClose}" press="closeComment"/>
			</Toolbar>
		</footer>
		<FeedInput post="onPost" showIcon="false" placeholder="{i18n>LblAddcomments}" class="sapUiSmallMarginTopBottom"/>
		<List items="">
			<FeedListItem/>
		</List>
	</Popover>
</core:FragmentDefinition>