<core:FragmentDefinition xmlns="sap.m" xmlns:core="sap.ui.core">
	<Popover showHeader="false" contentWidth="320px" contentHeight="500px" placement="Bottom">
		<NavContainer id="navCon">
			<Page id="detail1" showNavButton="false" title="Additional Details">
				<Table id="idProductsTable1" inset="false">
					<columns>
						<Column><Text text="Matter Category"/></Column>
						<Column><Text text="Hourly"/></Column>
					</columns>
					<items>
						<ColumnListItem>
							<cells>
								<Text text="Interim Bill"/>
								<Text text="0.00"/>
							</cells>
						</ColumnListItem>
						<ColumnListItem>
							<cells>
								<Text text="Capped Fee"/>
								<Text text="22.00"/>
							</cells>
						</ColumnListItem>
					</items>
				</Table>
				<Table id="idProductsTable2" inset="false" headerText="Billing Details">
					<columns>
						<Column></Column>
						<Column></Column>
					</columns>
					<items>
						<ColumnListItem>
							<cells>
								<Text text="Fee"/>
								<Text text="850.89"/>
							</cells>
						</ColumnListItem>
						<ColumnListItem>
							<cells>
								<Text text="Soft Costs"/>
								<Text text="0.00"/>
							</cells>
						</ColumnListItem>
						<ColumnListItem>
							<cells>
								<Text text="Hard Costs"/>
								<Text text="0.00"/>
							</cells>
						</ColumnListItem>
						<ColumnListItem>
							<cells>
								<Text text="Discount"/>
								<Text text="3.80"/>
							</cells>
						</ColumnListItem>
					</items>
				</Table>
				<Table id="idProductsTable3" inset="false" headerText="Budget Details">
					<columns>
						<Column></Column>
						<Column></Column>
					</columns>
					<items>
						<ColumnListItem>
							<cells>
								<Text text="Budget Type"/>
								<Text text="0.00"/>
							</cells>
						</ColumnListItem>
						<ColumnListItem>
							<cells>
								<Text text="Agrd Bdgt Cur"/>
								<Text text="USD"/>
							</cells>
						</ColumnListItem>
						<ColumnListItem>
							<cells>
								<Text text="Agrd Bdgt Fees"/>
								<Text text="12000.00"/>
							</cells>
						</ColumnListItem>
					</items>
				</Table>
			</Page>
		</NavContainer>
	</Popover>
</core:FragmentDefinition>