{
	"Booking": {
		"20170928132136931-HHHJBI": {
			"BookingsId"          : "20170928132136931-HHHJBI",
			"AirTicket"            : "",
			"ApplicationsId"      : "AA",
			"Booking_CreationDate" : "26-06-17",
			"BookingDestination"   : "",
			"BookingReference"     : "HHHJBI",
			"CarRef"               : "",
			"FileCreationDate"     : "26-06-17",
			"Filename"             : "20170626130339980HHHJBI.PNR",
			"HotelRef"             : "",
			"RailTicket"           : "",
			"CrName"				: "CMRFCUSER",
			"CrDate"				: "28-09-17",
			"CrTime"				: "13:21:37",
			"ChName"				: "",
			"ChDate"				: "",
			"ChTime"				: "",
			"Reversed"				: "",
			"ErrorCode"				: ""
		},
		"20170928132136937-IXDXPT": {
			"BookingsId"          : "20170928132136937-IXDXPT",
			"AirTicket"            : "",
			"ApplicationsId"      : "AA",
			"Booking_CreationDate" : "26-06-17",
			"BookingDestination"   : "",
			"BookingReference"     : "IXDXPT",
			"CarRef"               : "",
			"FileCreationDate"     : "22-06-17",
			"Filename"             : "20170626130339980HHHJBI.PNR",
			"HotelRef"             : "",
			"RailTicket"           : "",
			"CrName"				: "Test",
			"CrDate"				: "28-08-17",
			"CrTime"				: "13:21:37",
			"ChName"				: "",
			"ChDate"				: "",
			"ChTime"				: "",
			"Reversed"				: "",
			"ErrorCode"				: ""
		}
	},
	"Articles": {
		"20170928132136931-HHHJBI-4": {
			"BookingsId": "20170928132136931-HHHJBI",
			"ArticlesId": "20170928132136931-HHHJBI-4",
			"ArticleType": "AIRBSP",
			"Twofopindicator": "",
			"Account": "11074",
			"Agencylicencenumber": "91 26618 4",
			"Airlinepnrlocator": "UUIYIG",
			"BaseAmount": "2.595,0000000",
			"Billbackindicator": "",
			"Bookingagentcode": "WS",
			"Bookingcode": "7IDC",
			"Bookingmethods": "N",
			"Bookingsourcecreation": "00.00.0000",
			"Carhotelroomtype": "",
			"Commissionamount": "    .00",
			"Commissionpercentage": "0,000",
			"Conjunction": "00000000000000000001",
			"Creditcardamount": "0,0000000",
			"Creditcardauthorisation": "XXXXXX",
			"Creditcardexpiry": "1119",
			"Creditcardnumber": "00000374298016991000",
			"Creditcardtype": "AX",
			"Creditcardauthorisationmerchan": "",
			"Creditcardexpirymerchant": "",
			"Creditcardnumbermerchant": "00000000000000000000",
			"Creditcardtypemerchant": "",
			"Currency": "GBP",
			"Domintindicator": "X",
			"Einvoiceemailaddress": "MARK.SHIPLEY@MARSH.COM",
			"Emtypeindicator": "",
			"Exchangeamount": "0,0000000",
			"Exchangeindicator": "",
			"Exchangeticketedairline": "",
			"Exchangeticketreference": "",
			"Fareconstruction": "",
			"Farepaidamount": "3.118,7700000",
			"Foreigntariffindicator": "F",
			"Formofpayment": "CC",
			"Gdsbooking": "HK",
			"Hotelchaincode": "",
			"Hotelname": "",
			"Hotelpropertycode": "",
			"Ifaremarkup": "0,0000000",
			"Ifarepcc": "",
			"Ifarechargeaccount": "",
			"Issuedate": "00.00.0000",
			"Itnumber": "",
			"Totallocalamount": "0,0000000",
			"Lowestofferedfare": "3.118,7700000",
			"Mainarrical": "KHI",
			"Mainbookingclass": "",
			"Maindeparture": "",
			"Numberofpeople": "00000000000000000000",
			"Obfeeindicator": "1",
			"Orderedby": "MARK SHIPLEY#",
			"Passengername": " 1.1SHIPLEY MARK MR",
			"Passengertype": "ADT",
			"Productid": "AIR",
			"Productremarks": "",
			"Quantityofproduct": "00000000000000000000",
			"Ratetypes": "6",
			"Reasoncodes": "A",
			"Reasonforissuancecodes": "",
			"Refundauthorization": "",
			"Salepriceamount": "00000000000000000000",
			"Standardfare": "3.118,7700000",
			"Supplier": "",
			"Supplierfaxnumber": "",
			"Supplierphonenumber": "",
			"Ticketedairline": "BA",
			"Ticketingagentcode": "YA",
			"Ticketingcode": "7IDC",
			"Ticketreference": "3.118,7700000",
			"Tickettypes": "E",
			"Totalamount": "0,0000000",
			"Transactioncontrolnumber": "54217678320",
			"Transactiontype": "1",
			"Vouchernumber": "",
			"DpDocid": "000000000000",
			"CrName": "CMRFCDEBUG",
			"CrDate": "26.09.2017",
			"CrTime": "11:53:31",
			"ChName": "",
			"ChDate": "00.00.0000",
			"ChTime": "00:00:00",
			"Reversed": "",
			"CitTriggered": "",
			"Citid": "",
			"DrivingRecord": "M201",
			"ErrorCode": "01"
		},
		"20170928132136931-HHHJBI-1": {
			"BookingsId": "20170928132136931-HHHJBI",
			"ArticlesId": "20170928132136931-HHHJBI-1",
			"ArticleType": "HOTEL",
			"Twofopindicator": "",
			"Account": "11074",
			"Agencylicencenumber": "91 26618 4",
			"Airlinepnrlocator": "",
			"BaseAmount": "155,0000000",
			"Billbackindicator": "HR",
			"Bookingagentcode": "WS",
			"Bookingcode": "7IDC",
			"Bookingmethods": "M",
			"Bookingsourcecreation": "00.00.0000",
			"Carhotelroomtype": "",
			"Commissionamount": "",
			"Commissionpercentage": "0,000",
			"Conjunction": "00000000000000000001",
			"Creditcardamount": "0,0000000",
			"Creditcardauthorisation": "XXXXXX",
			"Creditcardexpiry": "1119",
			"Creditcardnumber": "00000374298016991000",
			"Creditcardtype": "AX",
			"Creditcardauthorisationmerchan": "",
			"Creditcardexpirymerchant": "",
			"Creditcardnumbermerchant": "00000000000000000000",
			"Creditcardtypemerchant": "",
			"Currency": "GBP",
			"Domintindicator": "INT",
			"Einvoiceemailaddress": "MARK.SHIPLEY@MARSH.COM",
			"Emtypeindicator": "",
			"Exchangeamount": "0,0000000",
			"Exchangeindicator": "",
			"Exchangeticketedairline": "",
			"Exchangeticketreference": "",
			"Fareconstruction": "",
			"Farepaidamount": "0,0000000",
			"Foreigntariffindicator": "",
			"Formofpayment": "",
			"Gdsbooking": "HK",
			"Hotelchaincode": "WV",
			"Hotelname": "AVARI TOWERS KARACH",
			"Hotelpropertycode": " 72209",
			"Ifaremarkup": "0,0000000",
			"Ifarepcc": "",
			"Ifarechargeaccount": "",
			"Issuedate": "00.00.0000",
			"Itnumber": "",
			"Totallocalamount": "0,0000000",
			"Lowestofferedfare": "155,0000000",
			"Mainarrical": "KHI",
			"Mainbookingclass": "",
			"Maindeparture": "KHI",
			"Numberofpeople": "00000000000000000001",
			"Obfeeindicator": "1",
			"Orderedby": "MARK SHIPLEY#",
			"Passengername": " 1.1SHIPLEY MARK MR",
			"Passengertype": "",
			"Productid": "HHL",
			"Productremarks": "",
			"Quantityofproduct": "00000000000000000000",
			"Ratetypes": "A",
			"Reasoncodes": "Z",
			"Reasonforissuancecodes": "",
			"Refundauthorization": "",
			"Salepriceamount": "00000000000000000000",
			"Standardfare": "155,0000000",
			"Supplier": "",
			"Supplierfaxnumber": "",
			"Supplierphonenumber": "",
			"Ticketedairline": "",
			"Ticketingagentcode": "YA",
			"Ticketingcode": "7IDC",
			"Ticketreference": "",
			"Tickettypes": "",
			"Totalamount": "0,0000000",
			"Transactioncontrolnumber": "",
			"Transactiontype": "1",
			"Vouchernumber": "",
			"DpDocid": "000000000000",
			"CrName": "CMRFCDEBUG",
			"CrDate": "26.09.2017",
			"CrTime": "11:53:31",
			"ChName": "",
			"ChDate": "00.00.0000",
			"ChTime": "00:00:00",
			"Reversed": "",
			"CitTriggered": "",
			"Citid": "",
			"DrivingRecord": "M303",
			"ErrorCode": ""
		},
		"20170928132136931-HHHJBI-2": {
			"BookingsId": "20170928132136931-HHHJBI",
			"ArticlesId": "20170928132136931-HHHJBI-2",
			"ArticleType": "HOTEL",
			"Twofopindicator": "",
			"Account": "11074",
			"Agencylicencenumber": "91 26618 4",
			"Airlinepnrlocator": "",
			"BaseAmount": "155,0000000",
			"Billbackindicator": "HR",
			"Bookingagentcode": "WS",
			"Bookingcode": "7IDC",
			"Bookingmethods": "M",
			"Bookingsourcecreation": "00.00.0000",
			"Carhotelroomtype": "",
			"Commissionamount": "",
			"Commissionpercentage": "0,000",
			"Conjunction": "00000000000000000001",
			"Creditcardamount": "0,0000000",
			"Creditcardauthorisation": "XXXXXX",
			"Creditcardexpiry": "1119",
			"Creditcardnumber": "00000374298016991000",
			"Creditcardtype": "AX",
			"Creditcardauthorisationmerchan": "",
			"Creditcardexpirymerchant": "",
			"Creditcardnumbermerchant": "00000000000000000000",
			"Creditcardtypemerchant": "",
			"Currency": "GBP",
			"Domintindicator": "INT",
			"Einvoiceemailaddress": "MARK.SHIPLEY@MARSH.COM",
			"Emtypeindicator": "",
			"Exchangeamount": "0,0000000",
			"Exchangeindicator": "",
			"Exchangeticketedairline": "",
			"Exchangeticketreference": "",
			"Fareconstruction": "",
			"Farepaidamount": "0,0000000",
			"Foreigntariffindicator": "",
			"Formofpayment": "",
			"Gdsbooking": "HK",
			"Hotelchaincode": "WV",
			"Hotelname": "AVARI TOWERS KARACH",
			"Hotelpropertycode": " 72209",
			"Ifaremarkup": "0,0000000",
			"Ifarepcc": "",
			"Ifarechargeaccount": "",
			"Issuedate": "00.00.0000",
			"Itnumber": "",
			"Totallocalamount": "0,0000000",
			"Lowestofferedfare": "155,0000000",
			"Mainarrical": "KHI",
			"Mainbookingclass": "",
			"Maindeparture": "KHI",
			"Numberofpeople": "00000000000000000001",
			"Obfeeindicator": "1",
			"Orderedby": "MARK SHIPLEY#",
			"Passengername": " 1.1SHIPLEY MARK MR",
			"Passengertype": "",
			"Productid": "HHL",
			"Productremarks": "",
			"Quantityofproduct": "00000000000000000000",
			"Ratetypes": "A",
			"Reasoncodes": "Z",
			"Reasonforissuancecodes": "",
			"Refundauthorization": "",
			"Salepriceamount": "00000000000000000000",
			"Standardfare": "155,0000000",
			"Supplier": "",
			"Supplierfaxnumber": "",
			"Supplierphonenumber": "",
			"Ticketedairline": "",
			"Ticketingagentcode": "YA",
			"Ticketingcode": "7IDC",
			"Ticketreference": "",
			"Tickettypes": "",
			"Totalamount": "0,0000000",
			"Transactioncontrolnumber": "",
			"Transactiontype": "1",
			"Vouchernumber": "",
			"DpDocid": "000000000000",
			"CrName": "CMRFCDEBUG",
			"CrDate": "26.09.2017",
			"CrTime": "11:53:31",
			"ChName": "",
			"ChDate": "00.00.0000",
			"ChTime": "00:00:00",
			"Reversed": "",
			"CitTriggered": "",
			"Citid": "",
			"DrivingRecord": "M303",
			"ErrorCode": ""
		},
		"20170928132136931-HHHJBI-3": {
			"BookingsId": "20170928132136931-HHHJBI",
			"ArticlesId": "20170928132136931-HHHJBI-3",
			"ArticleType": "CAR",
			"Twofopindicator": "",
			"Account": "11074",
			"Agencylicencenumber": "91 26618 4",
			"Airlinepnrlocator": "",
			"BaseAmount": "26,3100000",
			"Billbackindicator": "CR",
			"Bookingagentcode": "XS",
			"Bookingcode": "91226155",
			"Bookingmethods": "N",
			"Bookingsourcecreation": "00.00.0000",
			"Carhotelroomtype": "",
			"Commissionamount": "",
			"Commissionpercentage": "0,000",
			"Conjunction": "00000000000000000001",
			"Creditcardamount": "0,0000000",
			"Creditcardauthorisation": "XXXXXX",
			"Creditcardexpiry": "1119",
			"Creditcardnumber": "00000374298016991000",
			"Creditcardtype": "AX",
			"Creditcardauthorisationmerchan": "",
			"Creditcardexpirymerchant": "",
			"Creditcardnumbermerchant": "00000000000000000000",
			"Creditcardtypemerchant": "",
			"Currency": "GBP",
			"Domintindicator": "DOM",
			"Einvoiceemailaddress": "MARK.SHIPLEY@MARSH.COM",
			"Emtypeindicator": "",
			"Exchangeamount": "0,0000000",
			"Exchangeindicator": "",
			"Exchangeticketedairline": "",
			"Exchangeticketreference": "",
			"Fareconstruction": "",
			"Farepaidamount": "0,0000000",
			"Foreigntariffindicator": "",
			"Formofpayment": "",
			"Gdsbooking": "HK",
			"Hotelchaincode": "",
			"Hotelname": "",
			"Hotelpropertycode": "",
			"Ifaremarkup": "0,0000000",
			"Ifarepcc": "",
			"Ifarechargeaccount": "",
			"Issuedate": "00.00.0000",
			"Itnumber": "",
			"Totallocalamount": "0,0000000",
			"Lowestofferedfare": "26,3100000",
			"Mainarrical": "KHI",
			"Mainbookingclass": "",
			"Maindeparture": "",
			"Numberofpeople": "00000000000000000000",
			"Obfeeindicator": "",
			"Orderedby": "MARK SHIPLEY#",
			"Passengername": " 1.1SHIPLEY MARK MR",
			"Passengertype": "",
			"Productid": "CAR",
			"Productremarks": "",
			"Quantityofproduct": "00000000000000000001",
			"Ratetypes": "P",
			"Reasoncodes": "P",
			"Reasonforissuancecodes": "",
			"Refundauthorization": "",
			"Salepriceamount": "00000000000000000000",
			"Standardfare": "76,3100000",
			"Supplier": "",
			"Supplierfaxnumber": "",
			"Supplierphonenumber": "",
			"Ticketedairline": "",
			"Ticketingagentcode": "YB",
			"Ticketingcode": "C63G",
			"Ticketreference": "",
			"Tickettypes": "",
			"Totalamount": "0,0000000",
			"Transactioncontrolnumber": "",
			"Transactiontype": "3",
			"Vouchernumber": "",
			"DpDocid": "000000000000",
			"CrName": "CMRFCDEBUG",
			"CrDate": "26.09.2017",
			"CrTime": "11:53:31",
			"ChName": "",
			"ChDate": "00.00.0000",
			"ChTime": "00:00:00",
			"Reversed": "",
			"CitTriggered": "",
			"Citid": "",
			"DrivingRecord": "M301",
			"ErrorCode": ""
		}
	},
	"Segments": {
		"20170928132136931-HHHJBI-1-1": {
			"BookingsId": "20170928132136931-HHHJBI",
			"ArticlesId": "20170928132136931-HHHJBI-1",
			"ArticleType": "HOTEL",
			"SegmentId": "20170928132136931-HHHJBI-1-1",
			"ArrivalTerminal": "",
			"Codeshareoperator": "",
			"Departureterminal": "",
			"Electronicticketingindicator": "",
			"Segmentaircrafttypes": "",
			"Segmentarrivaldate": "16.07.2017",
			"Segmentarrivltime": "00:00:00",
			"Segmentarrival": "",
			"Segmentbaggageallowance": "",
			"Segmentclass": "",
			"Segmentcoach": "",
			"Segmentdeparturedate": "17.07.2017",
			"Segmentdeparturetime": "00:00:00",
			"Segmentdeparture": "",
			"Segmentdurationtime": "",
			"Segmentfarebasis": "",
			"Segmentfarebasisendorsement": "",
			"Segmentfarebasisvalidfrom": "00.00.0000",
			"Segmentfarebasisvalidfromtime": "00:00:00",
			"Segmentfarebasisvalidto": "00.00.0000",
			"Segmentfarebasisvalidtotime": "00:00:00",
			"Segmentflight": "",
			"Segmentflightcouponindicator": "",
			"Segmentfrequentflyermiles": "",
			"Segmentidentifier": "03",
			"Segmentintdeparturedate": "00.00.0000",
			"Segmentintdeparturetime": "00:00:00",
			"Segmentintnextdayarrivalind": "",
			"Segmentmealcode": "",
			"Segmentnauticlamiles": "",
			"Segmentnumberofdays": "  1",
			"Segmentprovider": "AVARI TOWERS KARACHI",
			"Segmentseatindicator": "",
			"Segmentsetnumber": "",
			"Segmentstatuscodes": "HK",
			"Segmentstopcount": "00000000000000000000",
			"Segmentstopover": "",
			"Segmentticketcouponidentifier": "00000000000000000000",
			"Segmentticketedindicator": "",
			"CrName": "CMRFCDEBUG",
			"CrDate": "26.09.2017",
			"CrTime": "11:53:31",
			"ChName": "",
			"ChDate": "00.00.0000",
			"ChTime": "00:00:00",
			"Reversed": "",
			"CitTriggered": ""
		},
		"20170928132136931-HHHJBI-2-1": {
			"BookingsId": "20170928132136931-HHHJBI",
			"ArticlesId": "20170928132136931-HHHJBI-2",
			"ArticleType": "HOTEL",
			"SegmentId": "20170928132136931-HHHJBI-2-1",
			"ArrivalTerminal": "",
			"Codeshareoperator": "",
			"Departureterminal": "",
			"Electronicticketingindicator": "",
			"Segmentaircrafttypes": "",
			"Segmentarrivaldate": "20.07.2017",
			"Segmentarrivltime": "00:00:00",
			"Segmentarrival": "",
			"Segmentbaggageallowance": "",
			"Segmentclass": "",
			"Segmentcoach": "",
			"Segmentdeparturedate": "27.07.2017",
			"Segmentdeparturetime": "00:00:00",
			"Segmentdeparture": "",
			"Segmentdurationtime": "",
			"Segmentfarebasis": "",
			"Segmentfarebasisendorsement": "",
			"Segmentfarebasisvalidfrom": "00.00.0000",
			"Segmentfarebasisvalidfromtime": "00:00:00",
			"Segmentfarebasisvalidto": "00.00.0000",
			"Segmentfarebasisvalidtotime": "00:00:00",
			"Segmentflight": "",
			"Segmentflightcouponindicator": "",
			"Segmentfrequentflyermiles": "",
			"Segmentidentifier": "04",
			"Segmentintdeparturedate": "00.00.0000",
			"Segmentintdeparturetime": "00:00:00",
			"Segmentintnextdayarrivalind": "",
			"Segmentmealcode": "",
			"Segmentnauticlamiles": "",
			"Segmentnumberofdays": "  1",
			"Segmentprovider": "AVARI TOWERS KARACHI",
			"Segmentseatindicator": "",
			"Segmentsetnumber": "",
			"Segmentstatuscodes": "HK",
			"Segmentstopcount": "00000000000000000000",
			"Segmentstopover": "",
			"Segmentticketcouponidentifier": "00000000000000000000",
			"Segmentticketedindicator": "",
			"CrName": "CMRFCDEBUG",
			"CrDate": "26.09.2017",
			"CrTime": "11:53:31",
			"ChName": "",
			"ChDate": "00.00.0000",
			"ChTime": "00:00:00",
			"Reversed": "",
			"CitTriggered": ""
		},
		"20170928132136931-HHHJBI-3-1": {
			"BookingsId": "20170928132136931-HHHJBI",
			"ArticlesId": "20170928132136931-HHHJBI-3",
			"ArticleType": "CAR",
			"SegmentId": "20170928132136931-HHHJBI-3-1",
			"ArrivalTerminal": "",
			"Codeshareoperator": "",
			"Departureterminal": "",
			"Electronicticketingindicator": "",
			"Segmentaircrafttypes": "",
			"Segmentarrivaldate": "15.07.2017",
			"Segmentarrivltime": "00:00:00",
			"Segmentarrival": "",
			"Segmentbaggageallowance": "",
			"Segmentclass": "",
			"Segmentcoach": "",
			"Segmentdeparturedate": "21.07.2017",
			"Segmentdeparturetime": "00:00:00",
			"Segmentdeparture": "",
			"Segmentdurationtime": "",
			"Segmentfarebasis": "",
			"Segmentfarebasisendorsement": "",
			"Segmentfarebasisvalidfrom": "00.00.0000",
			"Segmentfarebasisvalidfromtime": "00:00:00",
			"Segmentfarebasisvalidto": "00.00.0000",
			"Segmentfarebasisvalidtotime": "00:00:00",
			"Segmentflight": "",
			"Segmentflightcouponindicator": "",
			"Segmentfrequentflyermiles": "",
			"Segmentidentifier": "01",
			"Segmentintdeparturedate": "00.00.0000",
			"Segmentintdeparturetime": "00:00:00",
			"Segmentintnextdayarrivalind": "",
			"Segmentmealcode": "",
			"Segmentnauticlamiles": "",
			"Segmentnumberofdays": "",
			"Segmentprovider": "",
			"Segmentseatindicator": "",
			"Segmentsetnumber": "",
			"Segmentstatuscodes": "HK",
			"Segmentstopcount": "00000000000000000000",
			"Segmentstopover": "",
			"Segmentticketcouponidentifier": "00000000000000000000",
			"Segmentticketedindicator": "",
			"CrName": "CMRFCDEBUG",
			"CrDate": "26.09.2017",
			"CrTime": "11:53:31",
			"ChName": "",
			"ChDate": "00.00.0000",
			"ChTime": "00:00:00",
			"Reversed": "",
			"CitTriggered": ""
		},
		"20170928132136931-HHHJBI-4-1": {
			"BookingsId": "20170928132136931-HHHJBI",
			"ArticlesId": "20170928132136931-HHHJBI-4",
			"ArticleType": "AIRBSP",
			"SegmentId": "20170928132136931-HHHJBI-4-1",
			"ArrivalTerminal": "",
			"Codeshareoperator": "",
			"Departureterminal": "TERMINAL 4",
			"Electronicticketingindicator": "1",
			"Segmentaircrafttypes": "388",
			"Segmentarrivaldate": "16.07.2017",
			"Segmentarrivltime": "18:10:00",
			"Segmentarrival": "DOH",
			"Segmentbaggageallowance": "2PC",
			"Segmentclass": "C",
			"Segmentcoach": "",
			"Segmentdeparturedate": "16.07.2017",
			"Segmentdeparturetime": "09:15:00",
			"Segmentdeparture": "LHR",
			"Segmentdurationtime": " 6.55",
			"Segmentfarebasis": "R3BAQ",
			"Segmentfarebasisendorsement": "",
			"Segmentfarebasisvalidfrom": "16.07.2017",
			"Segmentfarebasisvalidfromtime": "00:00:00",
			"Segmentfarebasisvalidto": "16.07.2017",
			"Segmentfarebasisvalidtotime": "00:00:00",
			"Segmentflight": " 7010",
			"Segmentflightcouponindicator": "",
			"Segmentfrequentflyermiles": "",
			"Segmentidentifier": "01",
			"Segmentintdeparturedate": "00.00.0000",
			"Segmentintdeparturetime": "00:00:00",
			"Segmentintnextdayarrivalind": "0",
			"Segmentmealcode": "M",
			"Segmentnauticlamiles": "003240",
			"Segmentnumberofdays": "",
			"Segmentprovider": "BA",
			"Segmentseatindicator": "",
			"Segmentsetnumber": "",
			"Segmentstatuscodes": "HK",
			"Segmentstopcount": "00000000000000000000",
			"Segmentstopover": "",
			"Segmentticketcouponidentifier": "00000000000000000000",
			"Segmentticketedindicator": "",
			"CrName": "CMRFCDEBUG",
			"CrDate": "26.09.2017",
			"CrTime": "11:53:31",
			"ChName": "",
			"ChDate": "00.00.0000",
			"ChTime": "00:00:00",
			"Reversed": "",
			"CitTriggered": ""
		},
		"20170928132136931-HHHJBI-4-2": {
			"BookingsId": "20170928132136931-HHHJBI",
			"ArticlesId": "20170928132136931-HHHJBI-4",
			"ArticleType": "AIRBSP",
			"SegmentId": "20170928132136931-HHHJBI-4-2",
			"ArrivalTerminal": "JINNAH TERMINAL",
			"Codeshareoperator": "",
			"Departureterminal": "",
			"Electronicticketingindicator": "1",
			"Segmentaircrafttypes": "77L",
			"Segmentarrivaldate": "17.07.2017",
			"Segmentarrivltime": "02:20:00",
			"Segmentarrival": "KPI",
			"Segmentbaggageallowance": "2PC",
			"Segmentclass": "C",
			"Segmentcoach": "",
			"Segmentdeparturedate": "16.07.2017",
			"Segmentdeparturetime": "21:45:00",
			"Segmentdeparture": "DOH",
			"Segmentdurationtime": " 2.35",
			"Segmentfarebasis": "R3BAQ",
			"Segmentfarebasisendorsement": "",
			"Segmentfarebasisvalidfrom": "16.07.2017",
			"Segmentfarebasisvalidfromtime": "00:00:00",
			"Segmentfarebasisvalidto": "16.07.2017",
			"Segmentfarebasisvalidtotime": "00:00:00",
			"Segmentflight": " 6174",
			"Segmentflightcouponindicator": "",
			"Segmentfrequentflyermiles": "",
			"Segmentidentifier": "02",
			"Segmentintdeparturedate": "00.00.0000",
			"Segmentintdeparturetime": "00:00:00",
			"Segmentintnextdayarrivalind": "1",
			"Segmentmealcode": "M",
			"Segmentnauticlamiles": "000973",
			"Segmentnumberofdays": "",
			"Segmentprovider": "BA",
			"Segmentseatindicator": "",
			"Segmentsetnumber": "",
			"Segmentstatuscodes": "HK",
			"Segmentstopcount": "00000000000000000000",
			"Segmentstopover": "X",
			"Segmentticketcouponidentifier": "00000000000000000000",
			"Segmentticketedindicator": "",
			"CrName": "CMRFCDEBUG",
			"CrDate": "26.09.2017",
			"CrTime": "11:53:31",
			"ChName": "",
			"ChDate": "00.00.0000",
			"ChTime": "00:00:00",
			"Reversed": "",
			"CitTriggered": ""
		},
		"20170928132136931-HHHJBI-4-3": {
			"BookingsId": "20170928132136931-HHHJBI",
			"ArticlesId": "20170928132136931-HHHJBI-4",
			"ArticleType": "AIRBSP",
			"SegmentId": "20170928132136931-HHHJBI-4-3",
			"ArrivalTerminal": "",
			"Codeshareoperator": "",
			"Departureterminal": "JINNAH TERMINAL",
			"Electronicticketingindicator": "1",
			"Segmentaircrafttypes": "333",
			"Segmentarrivaldate": "21.07.2017",
			"Segmentarrivltime": "10:55:00",
			"Segmentarrival": "DOH",
			"Segmentbaggageallowance": "2PC",
			"Segmentclass": "C",
			"Segmentcoach": "",
			"Segmentdeparturedate": "21.07.2017",
			"Segmentdeparturetime": "10:25:00",
			"Segmentdeparture": "KHI",
			"Segmentdurationtime": " 2.30",
			"Segmentfarebasis": "R3BAQ",
			"Segmentfarebasisendorsement": "",
			"Segmentfarebasisvalidfrom": "21.07.2017",
			"Segmentfarebasisvalidfromtime": "00:00:00",
			"Segmentfarebasisvalidto": "21.07.2017",
			"Segmentfarebasisvalidtotime": "00:00:00",
			"Segmentflight": " 6181",
			"Segmentflightcouponindicator": "",
			"Segmentfrequentflyermiles": "",
			"Segmentidentifier": "05",
			"Segmentintdeparturedate": "00.00.0000",
			"Segmentintdeparturetime": "00:00:00",
			"Segmentintnextdayarrivalind": "0",
			"Segmentmealcode": "M",
			"Segmentnauticlamiles": "000973",
			"Segmentnumberofdays": "",
			"Segmentprovider": "BA",
			"Segmentseatindicator": "",
			"Segmentsetnumber": "",
			"Segmentstatuscodes": "HK",
			"Segmentstopcount": "00000000000000000000",
			"Segmentstopover": "O",
			"Segmentticketcouponidentifier": "00000000000000000000",
			"Segmentticketedindicator": "",
			"CrName": "CMRFCDEBUG",
			"CrDate": "26.09.2017",
			"CrTime": "11:53:31",
			"ChName": "",
			"ChDate": "00.00.0000",
			"ChTime": "00:00:00",
			"Reversed": "",
			"CitTriggered": ""
		},
		"20170928132136931-HHHJBI-4-4": {
			"BookingsId": "20170928132136931-HHHJBI",
			"ArticlesId": "20170928132136931-HHHJBI-4",
			"ArticleType": "AIRBSP",
			"SegmentId": "20170928132136931-HHHJBI-4-4",
			"ArrivalTerminal": "TERMINAL 4",
			"Codeshareoperator": "",
			"Departureterminal": "",
			"Electronicticketingindicator": "1",
			"Segmentaircrafttypes": "359",
			"Segmentarrivaldate": "21.07.2017",
			"Segmentarrivltime": "17:55:00",
			"Segmentarrival": "LHR",
			"Segmentbaggageallowance": "2PC",
			"Segmentclass": "C",
			"Segmentcoach": "",
			"Segmentdeparturedate": "21.07.2017",
			"Segmentdeparturetime": "12:20:00",
			"Segmentdeparture": "DOH",
			"Segmentdurationtime": " 7.35",
			"Segmentfarebasis": "R3BAQ",
			"Segmentfarebasisendorsement": "",
			"Segmentfarebasisvalidfrom": "21.07.2017",
			"Segmentfarebasisvalidfromtime": "00:00:00",
			"Segmentfarebasisvalidto": "21.07.2017",
			"Segmentfarebasisvalidtotime": "00:00:00",
			"Segmentflight": " 7001",
			"Segmentflightcouponindicator": "",
			"Segmentfrequentflyermiles": "",
			"Segmentidentifier": "06",
			"Segmentintdeparturedate": "00.00.0000",
			"Segmentintdeparturetime": "00:00:00",
			"Segmentintnextdayarrivalind": "0",
			"Segmentmealcode": "M",
			"Segmentnauticlamiles": "003240",
			"Segmentnumberofdays": "",
			"Segmentprovider": "BA",
			"Segmentseatindicator": "",
			"Segmentsetnumber": "",
			"Segmentstatuscodes": "HK",
			"Segmentstopcount": "00000000000000000000",
			"Segmentstopover": "X",
			"Segmentticketcouponidentifier": "00000000000000000000",
			"Segmentticketedindicator": "",
			"CrName": "CMRFCDEBUG",
			"CrDate": "26.09.2017",
			"CrTime": "11:53:31",
			"ChName": "",
			"ChDate": "00.00.0000",
			"ChTime": "00:00:00",
			"Reversed": "",
			"CitTriggered": ""
		}
	},
	"Reference": {
		"20170928132136931-HHHJBI-1-1":{
			"BookingsId": "20170928132136931-HHHJBI",
			"ArticlesId": "20170928132136931-HHHJBI-1",
			"ReferenceId": "REF1",
			"ReferencetypesId": "",
			"Value": "01",
			"CrName": "CMRFCDEBUG",
			"CrDate": "26.09.2017",
			"CrTime": "11:53:31",
			"ChName": "",
			"ChDate": "00.00.0000",
			"ChTime": "00:00:00",
			"Reversed": ""
		},
		"20170928132136931-HHHJBI-1-10":{
			"BookingsId": "20170928132136931-HHHJBI",
			"ArticlesId": "20170928132136931-HHHJBI-1",
			"ReferenceId": "REF10",
			"ReferencetypesId": "",
			"Value": "CLIENT",
			"CrName": "CMRFCDEBUG",
			"CrDate": "26.09.2017",
			"CrTime": "11:53:31",
			"ChName": "",
			"ChDate": "00.00.0000",
			"ChTime": "00:00:00",
			"Reversed": ""
		},
		"20170928132136931-HHHJBI-1-2":{
			"BookingsId": "20170928132136931-HHHJBI",
			"ArticlesId": "20170928132136931-HHHJBI-1",
			"ReferenceId": "REF2",
			"ReferencetypesId": "",
			"Value": "MARGB",
			"CrName": "CMRFCDEBUG",
			"CrDate": "26.09.2017",
			"CrTime": "11:53:31",
			"ChName": "",
			"ChDate": "00.00.0000",
			"ChTime": "00:00:00",
			"Reversed": ""
		},
		"20170928132136931-HHHJBI-1-3":{
			"BookingsId": "20170928132136931-HHHJBI",
			"ArticlesId": "20170928132136931-HHHJBI-1",
			"ReferenceId": "REF3",
			"ReferencetypesId": "",
			"Value": "707759",
			"CrName": "CMRFCDEBUG",
			"CrDate": "26.09.2017",
			"CrTime": "11:53:31",
			"ChName": "",
			"ChDate": "00.00.0000",
			"ChTime": "00:00:00",
			"Reversed": ""
		},
		"20170928132136931-HHHJBI-1-9":{
			"BookingsId": "20170928132136931-HHHJBI",
			"ArticlesId": "20170928132136931-HHHJBI-1",
			"ReferenceId": "REF9",
			"ReferencetypesId": "",
			"Value": "1080143",
			"CrName": "CMRFCDEBUG",
			"CrDate": "26.09.2017",
			"CrTime": "11:53:31",
			"ChName": "",
			"ChDate": "00.00.0000",
			"ChTime": "00:00:00",
			"Reversed": ""
		},
		"20170928132136931-HHHJBI-2-1":{
			"BookingsId": "20170928132136931-HHHJBI",
			"ArticlesId": "20170928132136931-HHHJBI-2",
			"ReferenceId": "REF1",
			"ReferencetypesId": "",
			"Value": "01",
			"CrName": "CMRFCDEBUG",
			"CrDate": "26.09.2017",
			"CrTime": "11:53:31",
			"ChName": "",
			"ChDate": "00.00.0000",
			"ChTime": "00:00:00",
			"Reversed": ""
		},
		"20170928132136931-HHHJBI-2-10":{
			"BookingsId": "20170928132136931-HHHJBI",
			"ArticlesId": "20170928132136931-HHHJBI-2",
			"ReferenceId": "REF10",
			"ReferencetypesId": "",
			"Value": "CLIENT",
			"CrName": "CMRFCDEBUG",
			"CrDate": "26.09.2017",
			"CrTime": "11:53:31",
			"ChName": "",
			"ChDate": "00.00.0000",
			"ChTime": "00:00:00",
			"Reversed": ""
		},
		"20170928132136931-HHHJBI-2-2":{
			"BookingsId": "20170928132136931-HHHJBI",
			"ArticlesId": "20170928132136931-HHHJBI-2",
			"ReferenceId": "REF2",
			"ReferencetypesId": "",
			"Value": "MARGB",
			"CrName": "CMRFCDEBUG",
			"CrDate": "26.09.2017",
			"CrTime": "11:53:31",
			"ChName": "",
			"ChDate": "00.00.0000",
			"ChTime": "00:00:00",
			"Reversed": ""
		},
		"20170928132136931-HHHJBI-2-3":{
			"BookingsId": "20170928132136931-HHHJBI",
			"ArticlesId": "20170928132136931-HHHJBI-2",
			"ReferenceId": "REF3",
			"ReferencetypesId": "",
			"Value": "707759",
			"CrName": "CMRFCDEBUG",
			"CrDate": "26.09.2017",
			"CrTime": "11:53:31",
			"ChName": "",
			"ChDate": "00.00.0000",
			"ChTime": "00:00:00",
			"Reversed": ""
		},
		"20170928132136931-HHHJBI-2-9":{
			"BookingsId": "20170928132136931-HHHJBI",
			"ArticlesId": "20170928132136931-HHHJBI-2",
			"ReferenceId": "REF9",
			"ReferencetypesId": "",
			"Value": "1080143",
			"CrName": "CMRFCDEBUG",
			"CrDate": "26.09.2017",
			"CrTime": "11:53:31",
			"ChName": "",
			"ChDate": "00.00.0000",
			"ChTime": "00:00:00",
			"Reversed": ""
		},
		"20170928132136931-HHHJBI-3-1":{
			"BookingsId": "20170928132136931-HHHJBI",
			"ArticlesId": "20170928132136931-HHHJBI-3",
			"ReferenceId": "REF1",
			"ReferencetypesId": "",
			"Value": "01",
			"CrName": "CMRFCDEBUG",
			"CrDate": "26.09.2017",
			"CrTime": "11:53:31",
			"ChName": "",
			"ChDate": "00.00.0000",
			"ChTime": "00:00:00",
			"Reversed": ""
		},
		"20170928132136931-HHHJBI-3-10":{
			"BookingsId": "20170928132136931-HHHJBI",
			"ArticlesId": "20170928132136931-HHHJBI-3",
			"ReferenceId": "REF10",
			"ReferencetypesId": "",
			"Value": "CLIENT",
			"CrName": "CMRFCDEBUG",
			"CrDate": "26.09.2017",
			"CrTime": "11:53:31",
			"ChName": "",
			"ChDate": "00.00.0000",
			"ChTime": "00:00:00",
			"Reversed": ""
		},
		"20170928132136931-HHHJBI-3-2":{
			"BookingsId": "20170928132136931-HHHJBI",
			"ArticlesId": "20170928132136931-HHHJBI-3",
			"ReferenceId": "REF2",
			"ReferencetypesId": "",
			"Value": "MARGB",
			"CrName": "CMRFCDEBUG",
			"CrDate": "26.09.2017",
			"CrTime": "11:53:31",
			"ChName": "",
			"ChDate": "00.00.0000",
			"ChTime": "00:00:00",
			"Reversed": ""
		},
		"20170928132136931-HHHJBI-3-3":{
			"BookingsId": "20170928132136931-HHHJBI",
			"ArticlesId": "20170928132136931-HHHJBI-3",
			"ReferenceId": "REF3",
			"ReferencetypesId": "",
			"Value": "707759",
			"CrName": "CMRFCDEBUG",
			"CrDate": "26.09.2017",
			"CrTime": "11:53:31",
			"ChName": "",
			"ChDate": "00.00.0000",
			"ChTime": "00:00:00",
			"Reversed": ""
		},
		"20170928132136931-HHHJBI-3-9":{
			"BookingsId": "20170928132136931-HHHJBI",
			"ArticlesId": "20170928132136931-HHHJBI-3",
			"ReferenceId": "REF9",
			"ReferencetypesId": "",
			"Value": "1080143",
			"CrName": "CMRFCDEBUG",
			"CrDate": "26.09.2017",
			"CrTime": "11:53:31",
			"ChName": "",
			"ChDate": "00.00.0000",
			"ChTime": "00:00:00",
			"Reversed": ""
		},
		"20170928132136931-HHHJBI-4-1":{
			"BookingsId": "20170928132136931-HHHJBI",
			"ArticlesId": "20170928132136931-HHHJBI-4",
			"ReferenceId": "REF1",
			"ReferencetypesId": "",
			"Value": "01",
			"CrName": "CMRFCDEBUG",
			"CrDate": "26.09.2017",
			"CrTime": "11:53:31",
			"ChName": "",
			"ChDate": "00.00.0000",
			"ChTime": "00:00:00",
			"Reversed": ""
		},
		"20170928132136931-HHHJBI-4-10":{
			"BookingsId": "20170928132136931-HHHJBI",
			"ArticlesId": "20170928132136931-HHHJBI-4",
			"ReferenceId": "REF10",
			"ReferencetypesId": "",
			"Value": "CLIENT",
			"CrName": "CMRFCDEBUG",
			"CrDate": "26.09.2017",
			"CrTime": "11:53:31",
			"ChName": "",
			"ChDate": "00.00.0000",
			"ChTime": "00:00:00",
			"Reversed": ""
		},
		"20170928132136931-HHHJBI-4-2":{
			"BookingsId": "20170928132136931-HHHJBI",
			"ArticlesId": "20170928132136931-HHHJBI-4",
			"ReferenceId": "REF2",
			"ReferencetypesId": "",
			"Value": "MARGB",
			"CrName": "CMRFCDEBUG",
			"CrDate": "26.09.2017",
			"CrTime": "11:53:31",
			"ChName": "",
			"ChDate": "00.00.0000",
			"ChTime": "00:00:00",
			"Reversed": ""
		},
		"20170928132136931-HHHJBI-4-3":{
			"BookingsId": "20170928132136931-HHHJBI",
			"ArticlesId": "20170928132136931-HHHJBI-4",
			"ReferenceId": "REF3",
			"ReferencetypesId": "",
			"Value": "707759",
			"CrName": "CMRFCDEBUG",
			"CrDate": "26.09.2017",
			"CrTime": "11:53:31",
			"ChName": "",
			"ChDate": "00.00.0000",
			"ChTime": "00:00:00",
			"Reversed": ""
		},
		"20170928132136931-HHHJBI-4-9":{
			"BookingsId": "20170928132136931-HHHJBI",
			"ArticlesId": "20170928132136931-HHHJBI-4",
			"ReferenceId": "REF9",
			"ReferencetypesId": "",
			"Value": "1080143",
			"CrName": "CMRFCDEBUG",
			"CrDate": "26.09.2017",
			"CrTime": "11:53:31",
			"ChName": "",
			"ChDate": "00.00.0000",
			"ChTime": "00:00:00",
			"Reversed": ""
		}
	},
	"Supplement": {
		"20170928132136931-HHHJBI-1-1":{
			"BookingsId": "0170928132136931-HHHJBI",
			"ArticlesId": "0170928132136931-HHHJBI-1",
			"TaxessupplementId": "1",
			"Amount": "21,700000",
			"Taxsupplementtypes": "Total",
			"Taxsupplementidcurrency": "",
			"CrName": "CMRFCDEBUS",
			"CrDate": "26.09.2017",
			"CrTime": "11:53:31",
			"ChName": "",
			"ChDate": "00.00.0000",
			"ChTime": "00:00:00",
			"Reversed": ""
		},
		"20170928132136931-HHHJBI-1-2":{
			"BookingsId": "0170928132136931-HHHJBI",
			"ArticlesId": "0170928132136931-HHHJBI-1",
			"TaxessupplementId": "2",
			"Amount": "21,700000",
			"Taxsupplementtypes": "Other",
			"Taxsupplementidcurrency": "",
			"CrName": "CMRFCDEBUS",
			"CrDate": "26.09.2017",
			"CrTime": "11:53:31",
			"ChName": "",
			"ChDate": "00.00.0000",
			"ChTime": "00:00:00",
			"Reversed": ""
		},
		"20170928132136931-HHHJBI-2-1":{
			"BookingsId": "0170928132136931-HHHJBI",
			"ArticlesId": "0170928132136931-HHHJBI-2",
			"TaxessupplementId": "1",
			"Amount": "21,700000",
			"Taxsupplementtypes": "Total",
			"Taxsupplementidcurrency": "",
			"CrName": "CMRFCDEBUS",
			"CrDate": "26.09.2017",
			"CrTime": "11:53:31",
			"ChName": "",
			"ChDate": "00.00.0000",
			"ChTime": "00:00:00",
			"Reversed": ""
		},
		"20170928132136931-HHHJBI-2-2":{
			"BookingsId": "0170928132136931-HHHJBI",
			"ArticlesId": "0170928132136931-HHHJBI-2",
			"TaxessupplementId": "2",
			"Amount": "21,700000",
			"Taxsupplementtypes": "Other",
			"Taxsupplementidcurrency": "",
			"CrName": "CMRFCDEBUS",
			"CrDate": "26.09.2017",
			"CrTime": "11:53:31",
			"ChName": "",
			"ChDate": "00.00.0000",
			"ChTime": "00:00:00",
			"Reversed": ""
		}
	}
}