<core:FragmentDefinition xmlns:core="sap.ui.core" xmlns:smartField="sap.ui.comp.smartfield" xmlns:f="sap.ui.layout.form"
	xmlns:l="sap.ui.layout" xmlns="sap.m">
	<l:Grid defaultSpan="L12 M12 S12" width="auto">
		<l:content>
			<f:SimpleForm class="editableForm" columnsL="2" columnsM="2" editable="true" emptySpanL="0" emptySpanM="0" id="FormChange354CD"
				labelSpanL="4" labelSpanM="4" layout="ResponsiveGridLayout" maxContainerCols="2" minWidth="1024" visible="true">
				<f:content>
					<core:Title text=""/>
					<Label text="{i18n>CdetailLELabelText22}" tooltip="{i18n>CdetailLELabelText22}"/>
					<smartField:SmartField change="changeInClientDetailsLECD" value="{Xauszdesc}" editable="{AmendmentViewMod>/isEditable}"/>
					<Label text="{i18n>CdetailLELabelText17}" tooltip="{i18n>CdetailLELabelText17}"/>
					<smartField:SmartField change="changeInClientDetailsLECD" value="{Mahnadesc}" editable="{AmendmentViewMod>/isEditable}"/>
					<Label text="{i18n>CdetailLELabelText18}" tooltip="{i18n>CdetailLELabelText18}"/>
					<smartField:SmartField change="changeInClientDetailsLECD" value="{Manspdesc}" editable="{AmendmentViewMod>/isEditable}"/>
					<Label text="{i18n>CdetailLELabelText19}" tooltip="{i18n>CdetailLELabelText19}"/>
					<smartField:SmartField change="changeInClientDetailsLECD" value="{Knrmadesc}" editable="{AmendmentViewMod>/isEditable}"/>
					<Label text="{i18n>CdetailLELabelText20}" tooltip="{i18n>CdetailLELabelText20}"/>
					<smartField:SmartField value="{Madat}" id="iddunneddate"  editable="{AmendmentViewMod>/isEditable}" change="ondatechange"	>
					<smartField:configuration>
      <smartField:Configuration controlType="datePicker" />
     </smartField:configuration>
				</smartField:SmartField>
					<!--<DatePicker id="ChgCDLD" valueFormat="yyyy-MM-dd" value="{ path: 'Madat', formatter: '.formatter.myDate1' }" displayFormat="short" editable="{AmendmentViewMod>/isEditable}"/>-->
					<Label text="{i18n>CdetailLELabelText21}" tooltip="{i18n>CdetailLELabelText21}" change="changeInClientDetailsLECD"/>
					<smartField:SmartField change="changeInClientDetailsLECD" value="{Mahns}" editable="{AmendmentViewMod>/isEditable}"/>
					<core:Title text=""/>
					<Label text="{i18n>CdetailLELabelText26}" tooltip="{i18n>CdetailLELabelText26}" required="true"/>
					<smartField:SmartField change="changeInClientDetailsLECD" value="{Ztermdesc}" editable="{AmendmentViewMod>/isEditable}"/>
					<Label text="{i18n>CdetailLELabelText30}" tooltip="{i18n>CdetailLELabelText30}"/>
					<smartField:SmartField change="changeInClientDetailsLECD" value="{Togrudesc}" editable="{AmendmentViewMod>/isEditable}"/>
					<Label text="{i18n>CdetailLELabelText25}" tooltip="{i18n>CdetailLELabelText25}"/>
					<smartField:SmartField change="changeInClientDetailsLECD" value="{Zwelsdesc}" editable="{AmendmentViewMod>/isEditable}"/>
				</f:content>
			</f:SimpleForm>
		</l:content>
	</l:Grid>
</core:FragmentDefinition>