<core:FragmentDefinition xmlns:core="sap.ui.core" xmlns:smartField="sap.ui.comp.smartfield" xmlns:f="sap.ui.layout.form"
	xmlns:l="sap.ui.layout" xmlns="sap.m">
	<l:Grid defaultSpan="L12 M12 S12" width="auto">
		<l:content>
			<Table xmlns="sap.ui.table" cellClick="handleCellClickChgCP" id="FormChange354CP" noDataText="{i18n>CdetailBCLabelText6}"
				selectionMode="MultiSelect" visible="true" visibleRowCount="5" title="{i18n>CdetailLETableTitle6}">
				<columns>
					<Column xmlns="sap.ui.table" visible="true">
						<template>
							<Text xmlns="sap.m" text="{Partner}"/>
						</template>
					</Column>
					<Column xmlns="sap.ui.table">
						<label>
							<Label xmlns="sap.m" text="{i18n>CdetailLELabelText31}" tooltip="{i18n>CdetailLELabelText31}"/>
						</label>
						<template>
							<Text xmlns="sap.m" text="{CollSegment}"/>
						</template>
					</Column>
					<Column xmlns="sap.ui.table">
						<label>
							<Label xmlns="sap.m" text="{i18n>CdetailLELabelText32}" tooltip="{i18n>CdetailLELabelText32}"/>
						</label>
						<template>
							<Text xmlns="sap.m" text="{CollSegmentTxt}"/>
						</template>
					</Column>
					<Column xmlns="sap.ui.table">
						<label>
							<Label xmlns="sap.m" text="{i18n>CdetailLELabelText33}" tooltip="{i18n>CdetailLELabelText33}"/>
						</label>
						<template>
							<Input xmlns="sap.m" showValueHelp="true" value="{CollGroup}" valueHelpRequest="handleValueHelpChgCPCG"/>
						</template>
					</Column>
					<Column xmlns="sap.ui.table">
						<label>
							<Label xmlns="sap.m" text="{i18n>CdetailLELabelText34}" tooltip="{i18n>CdetailLELabelText34}"/>
						</label>
						<template>
							<Text xmlns="sap.m" text="{CollGroupText}"/>
						</template>
					</Column>
					<Column xmlns="sap.ui.table">
						<label>
							<Label xmlns="sap.m" text="{i18n>CdetailLELabelText35}" tooltip="{i18n>CdetailLELabelText35}"/>
						</label>
						<template>
							<Input xmlns="sap.m" showValueHelp="true" value="{CollSpecialist}" valueHelpRequest="handleValueHelpChgCPCS"/>
						</template>
					</Column>
					<Column xmlns="sap.ui.table">
						<label>
							<Label xmlns="sap.m" text="{i18n>CdetailLELabelText36}" tooltip="{i18n>CdetailLELabelText36}"/>
						</label>
						<template>
							<Text xmlns="sap.m" text="{Fullname}"/>
						</template>
					</Column>
				</columns>
			</Table>
			<Table xmlns="sap.ui.table" cellClick="handleCellClickChgCPD" id="FormChange354CPD" noDataText="{i18n>CdetailBCLabelText6}"
				selectionMode="MultiSelect" visible="true" visibleRowCount="10" title="{i18n>CdetailLETableTitle7}">
				<toolbar>
					<Toolbar xmlns="sap.m">
						<content>
							<ToolbarSpacer xmlns="sap.m"/>
							<Button xmlns="sap.m" id="FormChange354CPDAddBtn" icon="sap-icon://add" enabled="false" press="handleAddRowChgCPD"
								tooltip="{i18n>CdetailBCLabelTooltip1}" type="Accept"/>
							<Button xmlns="sap.m" id="FormChange354CPDDelBtn" icon="sap-icon://less" enabled="false" press="handleDelRowChgCPD"
								tooltip="{i18n>CdetailBCLabelTooltip2}" type="Reject"/>
						</content>
					</Toolbar>
				</toolbar>
				<columns>
					<Column xmlns="sap.ui.table" visible="true">
						<template>
							<Text xmlns="sap.m" text="{Partner}"/>
						</template>
					</Column>
					<Column xmlns="sap.ui.table">
						<label>
							<Label xmlns="sap.m" text="{i18n>CdetailLELabelText39}" tooltip="{i18n>CdetailLELabelText39}" required="true"/>
						</label>
						<template>
							<DatePicker xmlns="sap.m" change="handleChgCP" enabled="{ValidFromE}" valueFormat="yyyy-MM-dd" value="{ValidFrom}"
								displayFormat="yyyy-MM-dd"/>
						</template>
					</Column>
					<Column xmlns="sap.ui.table">
						<label>
							<Label xmlns="sap.m" text="{i18n>CdetailLELabelText40}" tooltip="{i18n>CdetailLELabelText40}" required="true"/>
						</label>
						<template>
							<DatePicker xmlns="sap.m" change="handleChgCP" enabled="{ValidUntilE}" valueFormat="yyyy-MM-dd" value="{ValidUntil}"
								displayFormat="yyyy-MM-dd"/>
						</template>
					</Column>
					<Column xmlns="sap.ui.table">
						<label>
							<Label xmlns="sap.m" text="{i18n>CdetailLELabelText33}" tooltip="{i18n>CdetailLELabelText33}" required="true"/>
						</label>
						<template>
							<Input xmlns="sap.m" showValueHelp="true" enabled="{CollGroupE}" value="{CollGroup}" valueHelpRequest="handleValueHelpChgCPCGD"/>
						</template>
					</Column>
					<Column xmlns="sap.ui.table">
						<label>
							<Label xmlns="sap.m" text="{i18n>CdetailLELabelText34}" tooltip="{i18n>CdetailLELabelText34}"/>
						</label>
						<template>
							<Text xmlns="sap.m" text="{CollGroupText}"/>
						</template>
					</Column>
					<Column xmlns="sap.ui.table">
						<label>
							<Label xmlns="sap.m" text="{i18n>CdetailLELabelText35}" tooltip="{i18n>CdetailLELabelText35}"/>
						</label>
						<template>
							<Input xmlns="sap.m" showValueHelp="true" enabled="{CollSpecialistE}" value="{CollSpecialist}" valueHelpRequest="handleValueHelpChgCPCSD"/>
						</template>
					</Column>
					<Column xmlns="sap.ui.table">
						<label>
							<Label xmlns="sap.m" text="{i18n>CdetailLELabelText36}" tooltip="{i18n>CdetailLELabelText36}"/>
						</label>
						<template>
							<Text xmlns="sap.m" text="{Fullname}"/>
						</template>
					</Column>
				</columns>
			</Table>
		</l:content>
	</l:Grid>
</core:FragmentDefinition>