<core:FragmentDefinition xmlns:core="sap.ui.core" xmlns="sap.m">
		<Table id="handleCellClickChgBPBP"  mode="{path:'AmendmentViewMod>/isEditable',formatter:'.formatter.showButton'}" delete="handleBillPartnerDelete">
			<!--<headerToolbar>-->
			<!--		<Toolbar>-->
			<!--			<ToolbarSpacer/>-->
			<!--			<Button icon="sap-icon://add" press="onAddBusinessPartner"  type="Accept" enabled="{AmendmentViewMod>/isEditable}"/>-->
			<!--		</Toolbar>-->
			<!--	</headerToolbar>-->
		<columns>
			<Column>
				<Label text="{i18n>CdetailLELabelText5}"/>
			</Column>
			<Column>
				<Label text="{i18n>CdetailLELabelText6}"/>
			</Column>
			<!--<Column>-->
			<!--	<Label text="{i18n>detailWOLabelText3}"/>-->
			<!--</Column>-->
				<Column>
				<Label text="{i18n>CdetailLELabelText7}"/>
			</Column>
			<Column>
				<Label text="{i18n>CdetailLELabelText8}"/>
			</Column>
			<!--	<Column>-->
			<!--	<Label text="{i18n>detailLELabelTextC8}"/>-->
			<!--</Column>-->
			<Column width="6rem">
<Label xmlns="sap.m" text=""/>
</Column>
			
		</columns>
	</Table>
</core:FragmentDefinition>