<core:FragmentDefinition xmlns:core="sap.ui.core" xmlns:f="sap.ui.layout.form" xmlns:l="sap.ui.layout" xmlns="sap.m" >
<Table id="FormChange354WD" noDataText="{i18n>CdetailBCLabelText6}"  mode="{path:'AmendmentViewMod>/isEditable',formatter:'.formatter.showButton'}" delete="handleTaxDataDelete">

<!--<headerToolbar>-->
<!--					<Toolbar>-->
<!--						<ToolbarSpacer/>-->
<!--						<Button icon="sap-icon://add" press="onAddTaxData"  type="Accept" enabled = "{AmendmentViewMod>/isEditable}"/>-->
<!--					</Toolbar>-->
<!--				</headerToolbar>-->
		<columns>
<Column>
<Label  text="{i18n>CdetailLELabelText10}"/>
</Column>
<Column>
<Label  text="{i18n>CdetailLELabelText11}"/>
</Column>
<Column visible="false">
<Label  text="{i18n>CdetailLELabelText12}"/>
</Column>
<Column>
<Label text="{i18n>CdetailLELabelText13}"/>
</Column>
<Column>
<Label xmlns="sap.m" text="{i18n>CdetailLELabelText14}"/>
</Column>
<Column>
<Label xmlns="sap.m" text="{i18n>CdetailLELabelText15}"/>
</Column>
<Column width="6rem">
<Label xmlns="sap.m" text=""/>
</Column>
</columns>
</Table>

</core:FragmentDefinition>