<core:FragmentDefinition xmlns="sap.m" xmlns:l="sap.ui.layout" xmlns:f="sap.ui.layout.form" xmlns:core="sap.ui.core"
	xmlns:smartField="sap.ui.comp.smartfield" xmlns:smartTable="sap.ui.comp.smarttable" xmlns:u="sap.ui.unified" xmlns:table="sap.ui.table"
	xmlns:app="http://schemas.sap.com/sapui5/extension/sap.ui.core.CustomData/1">
	<Page class="sapUiSizeCompact" showHeader="true" title="{i18n>documentTitle}" enableScrolling="false">
		<content>
			<core:ComponentContainer id="idDispContainer"/>
		</content>
		<footer>
			<Toolbar>
				<ToolbarSpacer/>
				<!--<Button text="Print Document" press="handleOnPrint" icon="sap-icon://print"/>-->
				<Button text="{i18n>DocpButton}" press="handleOnNewDoc" icon="sap-icon://create-form"/>
			</Toolbar>
		</footer>
	</Page>
</core:FragmentDefinition>