<core:FragmentDefinition xmlns="sap.m" xmlns:layout="sap.ui.layout" xmlns:f="sap.ui.layout.form" xmlns:core="sap.ui.core"
	xmlns:smartField="sap.ui.comp.smartfield" xmlns:l="sap.ui.layout" class="sapUiSizeCompact">
	<Page class="sapUiSizeCompact" showHeader="false">
		<content>
			<l:BlockLayout class="sapUiNoContentPadding">
				<l:BlockLayoutRow>
					<l:BlockLayoutCell class="sapUiNoContentPadding">
						<f:SimpleForm minWidth="1024" editable="true" layout="ResponsiveGridLayout" labelSpanL="3" labelSpanM="3" emptySpanL="0" emptySpanM="0"
							columnsL="1" columnsM="1" title="{i18n>TLBLtitle}" class="editableForm">
							<f:content>
								<Label text="{i18n>LBLOffice}" design="Bold" required="true"/>
								<smartField:SmartField value="{OfficeT}" id="idOffice" width="75%" change="onChangeTrustoffice" valueState="{worklistView>/VSoffice}"/>
								<Label text="{i18n>LBLTRDate}" design="Bold" required="true"/>
								<DatePicker value="{worklistView>/PostDate}" valueFormat="yyyy-MM-ddTHH:mm:ss" displayFormat="short" width="40%"
									valueState="{worklistView>/VSPostDate}" change="changeDateState"/>
								<Label text="{i18n>LBLMatter}" design="Bold" required="true"/>
								<smartField:SmartField value="{MatterTxt}" id="idMatter" width="75%" change="onChangeMatterSourcce" valueState="{worklistView>/VSMatter}"/>
								<Label text="{i18n>LBLClient}" design="Bold"/>
								<Input value="{ClientT}" width="75%" enabled="false" valueState="{worklistView>/VSClient}"/>
							</f:content>
						</f:SimpleForm>
					</l:BlockLayoutCell>
					<l:BlockLayoutCell class="sapUiNoContentPadding">
						<f:SimpleForm minWidth="1024" maxContainerCols="1" editable="true" layout="ResponsiveGridLayout" labelSpanL="4" labelSpanM="4"
							emptySpanL="0" emptySpanM="0" columnsL="1" columnsM="1" title=" " class="editableForm">
							<f:content>
								<Label text="{i18n>LBLTRBACno}" design="Bold" required="true"/>
								<smartField:SmartField value="{TBankAccNo}" id="idTBankAccNo" width="auto" valueState="{worklistView>/VSTbankAcNo}" change="onChangeBankAc"/>
								<Label text="{i18n>LBLBankName}" design="Bold"/>
								<Input value="{TBankAccDesc}" width="75%" enabled="false" valueState="{worklistView>/VSClient}"/>
								<Label text="{i18n>LBLOPBAcNo}" design="Bold" required="true"/>
								<smartField:SmartField value="{OBankAccNo}" id="idOBankAccNo" width="auto" mandatory="true" change="onChangeBankAcno"
									valueState="{worklistView>/VSoBankAc}"/>
								<Label text="{i18n>LBLBankName}" design="Bold"/>
								<Input value="{OBankAccDesc}" width="75%" enabled="false" valueState="{worklistView>/VSClient}"/>
								<Label text="{i18n>LBLAuthorisedBy}" design="Bold" required="true"/>
								<smartField:SmartField value="{AuthorisedByT}" id="idAuthorisedBy" width="65%" valueState="{worklistView>/VSAuthBy}"
									change="onChangeVSAuthBy"/>
								<Label text="{i18n>LBLRESfTrs}" design="Bold" required="true"/>
								<smartField:SmartField value="{ResonPay}" width="65%" maxLength="50" valueState="{worklistView>/VSResnPay}" change="onChangeresPayState"/>
							</f:content>
						</f:SimpleForm>
					</l:BlockLayoutCell>
				</l:BlockLayoutRow>
				<l:BlockLayoutRow>
					<l:BlockLayoutCell class="sapUiNoContentPadding">
						<f:SimpleForm minWidth="1024" maxContainerCols="2" editable="true" layout="ResponsiveGridLayout" labelSpanL="3" labelSpanM="3"
							emptySpanL="0" emptySpanM="0" columnsL="1" columnsM="1" title="{i18n>TtileName}">
							<f:content>
								<Label text="{i18n>LBLCBINvoice}" design="Bold" required="true"/>
								<smartField:SmartField value="{Invoice}" id="idInvoice" width="60%" valueState="{worklistView>/VSClientInv}" change="onChangeInvoice"/>
								<!--<Text text="{i18n>textLBL}" class="textBols">-->
								<!--	<layoutData>-->
								<!--		<l:GridData indentL="2" span="XL1 L12 M12 S12"/>-->
								<!--	</layoutData>-->
								<!--</Text>-->
								<Label text="{i18n>LBLFeeAmount}" design="Bold"/>
								<Input value="{worklistView>/FeeAmt}" description="{worklistView>/Currency}" width="65%" liveChange="onFeeAmtval" fieldWidth="65%"
									valueState="{worklistView>/VSFeeAmt}" enabled="{worklistView>/editfeeAmt}" textAlign="Right"/>
								<Label text="{i18n>LBLHCamount}" design="Bold"/>
								<Input value="{worklistView>/HardCostAmt}" description="{worklistView>/Currency}" width="65%" liveChange="onFHardCostAmtval"
									fieldWidth="65%" valueState="{worklistView>/VSHDAmt}" enabled="{worklistView>/editHCAmt}" textAlign="Right"/>
								<Label text="{i18n>LBLSCAmt}" design="Bold"/>
								<Input value="{worklistView>/SoftCostAmt}" description="{worklistView>/Currency}" width="65%" liveChange="onSoftCostAmtval" fieldWidth="65%"
									enabled="{worklistView>/editSCAmt}" valueState="{worklistView>/VSSftCAmt}" textAlign="Right"/>
							</f:content>
						</f:SimpleForm>
					</l:BlockLayoutCell>
					<l:BlockLayoutCell class="sapUiNoContentPadding">
						<f:SimpleForm minWidth="1024" maxContainerCols="1" editable="true" layout="ResponsiveGridLayout" labelSpanL="3" labelSpanM="5"
							emptySpanL="0" emptySpanM="0" columnsL="1" columnsM="1" title=" " class="editableForm">
							<f:content>
								<Label text="{i18n>LBLOInsAmt}" design="Bold"/>
								<Input value="{parts:[{path:'worklistView>/InvoiceBal'},{path: 'Currency'}], formatter: '.formatter.currencyFormatter'}"
									description="{worklistView>/Currency}" width="70%" fieldWidth="65%" enabled="false" textAlign="Right"/>
								<Label text="{i18n>LBLOfeeamt}" design="Bold" textAlign="Right"/>
								<Input value="{parts:[{path:'worklistView>/FeeBal'}, {path: 'Currency'}] ,formatter: '.formatter.currencyFormatter'}"
									description="{worklistView>/Currency}" width="70%" fieldWidth="65%" enabled="false" textAlign="Right"/>
								<Label text="{i18n>LBLOHdAmt}" design="Bold"/>
								<Input value="{parts:[{path:'worklistView>/HardCostBal'},{path: 'Currency'}] ,formatter: '.formatter.currencyFormatter'}"
									description="{worklistView>/Currency}" width="70%" fieldWidth="65%" enabled="false" textAlign="Right"/>
								<Label text="{i18n>LBLoSCAmt}" design="Bold"/>
								<Input value="{parts:[{path:'worklistView>/SoftCostBal'},{path: 'Currency'}],formatter: '.formatter.currencyFormatter'}"
									description="{worklistView>/Currency}" width="70%" fieldWidth="65%" enabled="false" textAlign="Right"/>
								<Label text="{i18n>LBLAMBal}" design="Bold"/>
								<Input value="{parts:[{path:'worklistView>/AvailMattBal'} , {path: 'Currency'}], formatter: '.formatter.currencyFormatter'}"
									description="{Currency}" width="70%" fieldWidth="65%" enabled="false" textAlign="Right"/>
								<Label text="{i18n>LBLTMBal}" design="Bold"/>
								<Input value="{ parts:[{path:'worklistView>/TotMattBal'},{path: 'Currency'}], formatter: '.formatter.currencyFormatter'}"
									description="{Currency}" width="70%" fieldWidth="65%" enabled="false" textAlign="Right"/>
							</f:content>
						</f:SimpleForm>
					</l:BlockLayoutCell>
				</l:BlockLayoutRow>
			</l:BlockLayout>
		</content>
		<footer>
			<Toolbar>
				<ToolbarSpacer/>
				<Button text="Save" type="Accept" press="onSaveMatter" id="isSaveMatter"/>
			</Toolbar>
		</footer>
	</Page>
</core:FragmentDefinition>