<core:FragmentDefinition xmlns="sap.m" xmlns:l="sap.ui.layout" xmlns:core="sap.ui.core" xmlns:smartField="sap.ui.comp.smartfield"
	xmlns:f="sap.ui.layout.form" xmlns:smartform="sap.ui.comp.smartform">
	<l:Grid defaultSpan="L12 M12 S12">
		<l:content>
			<smartform:SmartForm editable="{generalSettings>/bNewClient}" binding="Clients" expandable="false" expanded="true" entityType="Cmiclient"
				id="idClientDetails" flexEnabled="false">
				<smartform:customData>
					<core:CustomData key="dateFormatSettings" value='\{"UTC":true,"style":"short"\}'/>
				</smartform:customData>
				<smartform:Group id="cminewrequest.section_header_clientDetails">
					<smartform:GroupElement id="cminewrequest.isRush_">
						<CheckBox text="{i18n>CLIENT_CHECKBOX_TXT_RUSHREQ}" select="onChangeRush"/>
					</smartform:GroupElement>
					<smartform:GroupElement id="cminewrequest.clientDetailsHeader_">
						<ObjectIdentifier title="{i18n>CLIENT_HEADER_CLIENTDETAILS}" class="sapUiTinyMarginTopBottom"/>
					</smartform:GroupElement>
					<smartform:GroupElement id="cminewrequest.clientNameInput_">
						<smartField:SmartField id="idClientName" showLabel="false" value="{Client}" placeholder="{i18n>CLIENTFORM_LBL_CLIENTNAME}" 
							showValueHelp="{= ${generalSettings>/bNewClient} ? false:true}" showSuggestion="{= ${generalSettings>/bNewClient} ? false:true}">
							<smartField:configuration>
								<smartField:Configuration preventInitialDataFetchInValueHelpDialog="false"/>
							</smartField:configuration>
						</smartField:SmartField>
					</smartform:GroupElement>
					<smartform:GroupElement id="cminewrequest.clientClassificationInput_">
						<smartField:SmartField placeholder="{i18n>CLIENTFORM_LBL_CLIENTCLASSFICATION}" showLabel="false" id="idClassification" value="{Classification}"
							>
							<smartField:configuration>
								<smartField:Configuration controlType="dropDownList" displayBehaviour="idOnly"/>
							</smartField:configuration>
						</smartField:SmartField>
					</smartform:GroupElement>
					<smartform:GroupElement id="cminewrequest.clientAddressLabel_">
						<Text id="idLabelAddress" text="{i18n>CLIENT_CHECKBOX_TXT_ADDRESS}" class="textBold sapMLabelRequired sapUiTinyMarginTopBottom"/>
					</smartform:GroupElement>
					<smartform:GroupElement id="cminewrequest.clientCountryInput_">
						<smartField:SmartField showLabel="false" placeholder="{i18n>CLIENTFORM_LBL_CLIENTCOUNTRY}" id="idcountry" value="{Country}">
							<smartField:configuration>
								<smartField:Configuration preventInitialDataFetchInValueHelpDialog="false"/>
							</smartField:configuration>
						</smartField:SmartField>
					</smartform:GroupElement>
					<smartform:GroupElement id="cminewrequest.clientAddrLine1Input_">
						<smartField:SmartField placeholder="{i18n>CLIENTFORM_LBL_CLIENTADDR1}" showLabel="false" id="idAddr1" value="{Addr1}"/>
					</smartform:GroupElement>
					<smartform:GroupElement id="cminewrequest.clientAddrLine2Input_">
						<smartField:SmartField showLabel="false" placeholder="{i18n>CLIENTFORM_LBL_CLIENTADDR2}" id="idAddr2" value="{Addr2}"/>
					</smartform:GroupElement>
					<smartform:GroupElement id="cminewrequest.clientCityInput_">
						<smartField:SmartField showLabel="false" placeholder="{i18n>CLIENTFORM_LBL_CLIENTCITY}" id="idCity" value="{City}"/>
					</smartform:GroupElement>
					<smartform:GroupElement id="cminewrequest.clientRegionInput_">
						<smartField:SmartField showLabel="false" placeholder="{i18n>CLIENTFORM_LBL_CLIENTREGION}" id="idState" value="{State}">
							<smartField:configuration>
								<smartField:Configuration preventInitialDataFetchInValueHelpDialog="false"/>
							</smartField:configuration>
						</smartField:SmartField>
					</smartform:GroupElement>
					<smartform:GroupElement id="cminewrequest.clientZipCodeInput_">
						<smartField:SmartField showLabel="false" placeholder="{i18n>CLIENTFORM_LBL_CLIENTPOSTALCODE}" id="idZipcode" value="{Zipcode}"/>
					</smartform:GroupElement>
					<smartform:GroupElement id="cminewrequest.clientBillOfficeInput_">
						<smartField:SmartField showLabel="false" placeholder="{i18n>CLIENTFORM_LBL_CLIENTBOFFICE}" id="idoffice" value="{Boffice}">
							<smartField:configuration>
								<smartField:Configuration preventInitialDataFetchInValueHelpDialog="false"/>
							</smartField:configuration>
						</smartField:SmartField>
					</smartform:GroupElement>
					<smartform:GroupElement id="cminewrequest.clientMailInput_">
						<smartField:SmartField showLabel="false" placeholder="{i18n>CLIENTFORM_LBL_CLIENTEMAIL}" id="idEmail" value="{Email}" change="handleEmailValidation"/>
					</smartform:GroupElement>
				</smartform:Group>
			</smartform:SmartForm>
		</l:content>
	</l:Grid>
</core:FragmentDefinition>