<!--<core:FragmentDefinition xmlns="sap.m" xmlns:l="sap.ui.layout" xmlns:core="sap.ui.core" xmlns:smartField="sap.ui.comp.smartfield">
	<Dialog title="{i18n>TITLE_KP_CONFLICTS}" xmlns:app="http://schemas.sap.com/sapui5/extension/sap.ui.core.CustomData/1"
		xmlns:smartTable="sap.ui.comp.smarttable" class="sapUiSizeCompact sapUiNoContentPadding" contentWidth="99%" contentHeight="65%">
		<content>
			<smartTable:SmartTable id="idKPConflictsTable" tableType="ResponsiveTable" useExportToExcel="false" entitySet="Cmigetconflicts"
				useVariantManagement="false" useTablePersonalisation="true" showRowCount="true" persistencyKey="SmartTableAnalytical_Explored"
				enableAutoBinding="false" app:useSmartField="true" beforeRebindTable="handlebeforeRebindKPConflictTable" requestAtLeastFields="Wfstatk,Conflictsequenceno">
				<Table mode="{= ${generalSettings>Edit} === '' ? 'None' : 'MultiSelect'}">
					<columns>
						<Column >
							<customData>
								<core:CustomData key="p13nData" value='\{"columnKey": "Client","leadingProperty": "Client"}'/>
							</customData>
							<Text text="{i18n>CONFLICTS_LBL_Client}"/></Column>
						<Column >
							<customData>
								<core:CustomData key="p13nData" value='\{"columnKey": "Matter","leadingProperty": "Matter"}'/>
							</customData>
							<Text text="{i18n>CONFLICTS_LBL_Matter}"/></Column>
						<Column >
							<customData>
								<core:CustomData key="p13nData" value='\{"columnKey": "Matterstatus","leadingProperty": "Matterstatus"}'/>
							</customData>
							<Text text="{i18n>CONFLICTS_LBL_MatterStatus}"/></Column>
						<Column >
							<customData>
								<core:CustomData key="p13nData" value='\{"columnKey": "Name","leadingProperty": "Name"}'/>
							</customData>
							<Text text="{i18n>CONFLICTS_LBL_Party}"/></Column>
						<Column >
							<customData>
								<core:CustomData key="p13nData" value='\{"columnKey": "Leadpartner","leadingProperty": "Leadpartner"}'/>
							</customData>
							<Text text="{i18n>CONFLICTS_LBL_LeadPartner}"/></Column>
						<Column >
							<customData>
								<core:CustomData key="p13nData" value='\{"columnKey": "Role","leadingProperty": "Role"}'/>
							</customData>
							<Text text="{i18n>CONFLICTS_LBL_Role}"/></Column>
						<Column >
							<customData>
								<core:CustomData key="p13nData" value='\{"columnKey": "Practicegroup","leadingProperty": "Practicegroup"}'/>
							</customData>
							<Text text="{i18n>CONFLICTS_LBL_PracticeGrpDesc}"/></Column>
					</columns>
					<ColumnListItem>
						<cells>
							<Text text="{Client}"/>
							<Text text="{Matter}"/>
							<Text text="{Matterstatus}"/>
							<Text text="{Name}"/>
							<Text text="{Leadpartner}"/>
							<Text text="{Role}"/>
							<Text text="{Practicegroup}"/>
						</cells>
					</ColumnListItem>
				</Table>
			</smartTable:SmartTable>
		</content>
		<beginButton>
			<Button text="Submit" app:tableId="idKPConflictsTable"  enabled="{path:'generalSettings>/Edit',formatter:'.formatter.editRequestScreen'}" visible="true" press="onSubmitViewConflicts" type="Emphasized"/>
		</beginButton>
		<endButton>
			<Button text="Cancel" press="onPressCloseKPConflicts" type="Emphasized"/>
		</endButton>
	</Dialog>
</core:FragmentDefinition>-->

<core:FragmentDefinition xmlns:m="sap.m" xmlns:l="sap.ui.layout" xmlns:core="sap.ui.core" xmlns:smartField="sap.ui.comp.smartfield"
	xmlns="sap.ui.table">
	<m:Dialog title="{i18n>TITLE_KP_CONFLICTS}" xmlns:app="http://schemas.sap.com/sapui5/extension/sap.ui.core.CustomData/1"
		xmlns:smartTable="sap.ui.comp.smarttable" class="sapUiSizeCompact sapUiNoContentPadding" contentWidth="99%" contentHeight="65%">
		<m:content>
			<smartTable:SmartTable entitySet="Cmigetconflicts" id="idKPConflictsTable" tableType="Table" useExportToExcel="false" useVariantManagement="false"
				useTablePersonalisation="true" showRowCount="true" persistencyKey="SmartTableAnalytical_Explored" enableAutoBinding="false"
				app:useSmartField="true"  beforeRebindTable="handlebeforeRebindKPConflictTable" requestAtLeastFields="Wfstatk,Conflictsequenceno">
				<Table mode="{= ${generalSettings>Edit} === '' ? 'None' : 'MultiSelect'}">
					<columns>
						<Column width="12rem">
							<customData>
								<core:CustomData key="p13nData" value='\{"columnKey": "Client","leadingProperty": "Client"}'/>
							</customData>
							<m:Label text="{i18n>CONFLICTS_LBL_Client}"/>
							<template>
								<m:Text text="{Client}"/>
							</template>
						</Column>
						<Column width="12rem">
							<customData>
								<core:CustomData key="p13nData" value='\{"columnKey": "Matter","leadingProperty": "Matter"}'/>
							</customData>
							<m:Text text="{i18n>CONFLICTS_LBL_Matter}"/>
							<template>
								<m:Text text="{Matter}"/>
							</template>
						</Column>
						<Column width="10rem">
							<customData>
								<core:CustomData key="p13nData" value='\{"columnKey": "Matterstatus","leadingProperty": "Matterstatus"}'/>
							</customData>
							<m:Text text="{i18n>CONFLICTS_LBL_MatterStatus}"/>
							<template>
								<m:Text text="{Matterstatus}"/>
							</template>
						</Column>
						<Column width="10rem">
							<customData>
								<core:CustomData key="p13nData" value='\{"columnKey": "Name","leadingProperty": "Name"}'/>
							</customData>
							<m:Text text="{i18n>CONFLICTS_LBL_Party}"/>
							<template>
								<m:Text text="{Name}"/>
							</template>
						</Column>
						<Column width="10rem">
							<customData>
								<core:CustomData key="p13nData" value='\{"columnKey": "Leadpartner","leadingProperty": "Leadpartner"}'/>
							</customData>
							<m:Text text="{i18n>CONFLICTS_LBL_LeadPartner}"/>
							<template>
								<m:Text text="{Leadpartner}"/>
							</template>
						</Column>
						<Column width="10rem">
							<customData>
								<core:CustomData key="p13nData" value='\{"columnKey": "Role","leadingProperty": "Role"}'/>
							</customData>
							<m:Text text="{i18n>CONFLICTS_LBL_Role}"/>
							<template>
								<m:Text text="{Role}"/>
							</template>
						</Column>
						<Column width="10rem">
							<customData>
								<core:CustomData key="p13nData" value='\{"columnKey": "Practicegroup","leadingProperty": "Practicegroup"}'/>
							</customData>
							<m:Text text="{i18n>CONFLICTS_LBL_PracticeGrpDesc}"/>
							<template>
								<m:Text text="{Practicegroup}"/>
							</template>
						</Column>
					</columns>
				</Table>
			</smartTable:SmartTable>
		</m:content>
		<m:beginButton>
			<m:Button text="{i18n>BUTTON_TEXT_SUBMIT}" app:tableId="idKPConflictsTable" enabled="{path:'generalSettings>/Edit',formatter:'.formatter.editRequestScreen'}" visible="true"
				press="onSubmitViewConflicts" type="Emphasized"/>
		</m:beginButton>
		<m:endButton>
			<m:Button text="{i18n>BUTTON_TXT_CANCEL}" press="onPressCloseKPConflicts" type="Emphasized"/>
		</m:endButton>
	</m:Dialog>
</core:FragmentDefinition>