<core:FragmentDefinition xmlns="sap.m" xmlns:l="sap.ui.layout" xmlns:core="sap.ui.core" xmlns:smartField="sap.ui.comp.smartfield"
	xmlns:f="sap.ui.layout.form" xmlns:smartform="sap.ui.comp.smartform" xmlns:app="http://schemas.sap.com/sapui5/extension/sap.ui.core.CustomData/1">
	<Dialog title="Please fill all required fields" contentWidth="80%" contentHeight="auto" type="Message" state="Error">
		<smartform:SmartForm binding="{Clients}" editable="true" expandable="false" expanded="true" entityType="Cmiclient"
			id="idClientDetails.valid" flexEnabled="false" labelSpanl="4" title="{i18n>wizClientInformation}">
			<smartform:customData>
				<core:CustomData key="dateFormatSettings" value='\{"UTC":true,"style":"short"\}'/>
			</smartform:customData>
			<smartform:Group id="cminewrequest.section_header_clientDetails01.valid">
				<smartform:GroupElement label="{i18n>CLIENTFORM_LBL_CLIENTNAME}" id="cminewrequest.clientNameInput_.valid">
					<smartField:SmartField visible="true" value="{Client}" id="cminewrequest.clientNameInput.valid">
						<smartField:configuration>
							<smartField:Configuration preventInitialDataFetchInValueHelpDialog="false"/>
						</smartField:configuration>
					</smartField:SmartField>
				</smartform:GroupElement>
				<smartform:GroupElement label="{i18n>CLIENTFORM_LBL_CLIENTCLASSFICATION}" id="cminewrequest.clientClassificationInput_.valid">
					<smartField:SmartField visible="true" value="{Classification}" id="cminewrequest.clientClassificationInput.valid">
						<smartField:configuration>
							<smartField:Configuration controlType="dropDownList" displayBehaviour="idOnly"/>
						</smartField:configuration>
					</smartField:SmartField>
				</smartform:GroupElement>
				<smartform:GroupElement label="{i18n>CLIENTFORM_LBL_CLIENTCOUNTRY}" id="cminewrequest.clientCountryInput_.valid">
					<smartField:SmartField visible="true" value="{Country}" id="cminewrequest.clientCountryInput.valid">
						<smartField:configuration>
							<smartField:Configuration preventInitialDataFetchInValueHelpDialog="false"/>
						</smartField:configuration>
					</smartField:SmartField>
				</smartform:GroupElement>
				<smartform:GroupElement label="{i18n>CLIENTFORM_LBL_CLIENTADDR1}" id="cminewrequest.clientAddrLine1Input_.valid">
					<smartField:SmartField visible="true" value="{Addr1}" id="cminewrequest.clientAddrLine1Input.valid"/>
				</smartform:GroupElement>
				<smartform:GroupElement label="{i18n>CLIENTFORM_DETAIL_LBL_CLIENTADDR2}" id="cminewrequest.clientAddrLine2Input_.valid">
					<smartField:SmartField visible="true" value="{Addr2}" id="cminewrequest.clientAddrLine2Input.valid"/>
				</smartform:GroupElement>
			</smartform:Group>
			<smartform:Group id="cminewrequest.section_header_clientDetails02.valid">
				<smartform:GroupElement label="{i18n>CLIENTFORM_LBL_CLIENTCITY}" id="cminewrequest.clientCityInput_.valid">
					<smartField:SmartField visible="true" value="{City}" id="cminewrequest.clientCityInput.valid"/>
				</smartform:GroupElement>
				<smartform:GroupElement label="{i18n>CLIENTFORM_LBL_CLIENTREGION}" id="cminewrequest.clientRegionInput_.valid">
					<smartField:SmartField visible="true" value="{State}" id="cminewrequest.clientRegionInput.valid">
						<smartField:configuration>
							<smartField:Configuration preventInitialDataFetchInValueHelpDialog="false"/>
						</smartField:configuration>
					</smartField:SmartField>
				</smartform:GroupElement>
				<smartform:GroupElement label="{i18n>CLIENTFORM_LBL_CLIENTPOSTALCODE}" id="cminewrequest.clientZipCodeInput_.valid">
					<smartField:SmartField visible="true" value="{Zipcode}" id="cminewrequest.clientZipCodeInput.valid"/>
				</smartform:GroupElement>
				<smartform:GroupElement label="{i18n>CLIENTFORM_LBL_CLIENTBOFFICE}" id="cminewrequest.clientBillOfficeInput_.valid">
					<smartField:SmartField visible="true" value="{Boffice}" id="cminewrequest.clientBillOfficeInput.valid">
						<smartField:configuration>
							<smartField:Configuration preventInitialDataFetchInValueHelpDialog="false"/>
						</smartField:configuration>
					</smartField:SmartField>
				</smartform:GroupElement>
				<smartform:GroupElement label="{i18n>CLIENTFORM_LBL_CLIENTEMAIL}" id="cminewrequest.clientMailInput_.valid">
					<smartField:SmartField visible="true" value="{Email}" id="cminewrequest.clientMailInput.valid"/>
				</smartform:GroupElement>
			</smartform:Group>
		</smartform:SmartForm>
		<smartform:SmartForm binding="{Clientdetails}" title="{i18n>wizClientDetails}" editable="{path:'generalSettings>/Edit',formatter:'.formatter.editRequestScreen'}"
			expandable="false" expanded="true" entityType="Cmiclientdetails" id="cminewrequest.client.CmiClientGeneralData.valid">
			<smartform:customData>
				<core:CustomData key="dateFormatSettings" value='\{"UTC":true,"style":"short"\}'/>
			</smartform:customData>
			<smartform:layout>
				<smartform:Layout singleContainerFullSize="false" columnsL="2" columnsM="2"/>
			</smartform:layout>
			<smartform:Group id="cminewrequest.client.section_header_GeneralData1.valid">
				<smartform:GroupElement id="cminewrequest.client.clientOpenDateInput_.valid">
					<smartField:SmartField value="{Zzopendate}" id="cminewrequest.client.clientOpenDateInput.valid" mandatory="true"
						textLabel="{i18n>CLIENT_GD_SMTFIELD_LBL_COD}" displayFormat="long">
						<smartField:configuration>
							<smartField:Configuration controlType="datePicker"/>
						</smartField:configuration>
					</smartField:SmartField>
				</smartform:GroupElement>
			</smartform:Group>
			<smartform:Group id="cminewrequest.client.section_header_Address1.valid">
				<smartform:GroupElement id="cminewrequest.client.languageInput_.valid">
					<smartField:SmartField mandatory="true" value="{Sptxt}" id="cminewrequest.client.languageInput.valid"
						textLabel="{i18n>CLIENT_ADDR_SMTFIELD_LBL_LANG}">
						<smartField:configuration>
							<smartField:Configuration preventInitialDataFetchInValueHelpDialog="false"/>
						</smartField:configuration>
					</smartField:SmartField>
				</smartform:GroupElement>
			</smartform:Group>
		</smartform:SmartForm>
		<smartform:SmartForm editable="{path:'generalSettings>/Edit',formatter:'.formatter.editRequestScreen'}" expandable="false" expanded="true"
			entityType="Cmimatter" binding="{Matters}" id="cminewrequest.matter.matterDetails.general.valid" title="{i18n>wizMatterDetails}">
			<smartform:customData>
				<core:CustomData key="dateFormatSettings" value='\{"UTC":true,"style":"medium"\}'/>
			</smartform:customData>
			<smartform:Group id="cminewrequest.matter.section_header_gen1.valid">
				<smartform:GroupElement id="cminewrequest.matter.matterOpenDateInput_.valid">
					<smartField:SmartField visible="true" value="{Zzplfaz}" id="cminewrequest.matter.matterOpenDateInput.valid"
						textLabel="{i18n>generalOpenDate}" mandatory="true">
						<smartField:configuration>
							<smartField:Configuration controlType="datePicker"/>
						</smartField:configuration>
					</smartField:SmartField>
				</smartform:GroupElement>
				<smartform:GroupElement id="cminewrequest.matter.matterNameInput_.valid">
					<smartField:SmartField visible="true" showValueHelp="false" showSuggestion="false" id="cminewrequest.matter.matterNameInput.valid"
						value="{Mattername}" textLabel="{i18n>generalMatterName}"/>
				</smartform:GroupElement>
			<!--	<smartform:GroupElement id="cminewrequest.matter.serviceAreaInput_.valid">
					<smartField:SmartField visible="true" id="cminewrequest.matter.serviceAreaInput.valid" value="{Servicearea}"
						textLabel="{i18n>generalServiceArea}">
						<smartField:configuration>
							<smartField:Configuration preventInitialDataFetchInValueHelpDialog="false"/>
						</smartField:configuration>
					</smartField:SmartField>
				</smartform:GroupElement>-->
			</smartform:Group>
			<smartform:Group id="cminewrequest.matter.section_header_gen2.valid">
				<smartform:GroupElement id="cminewrequest.matter.leadPartnerInput_.valid">
					<smartField:SmartField visible="true" value="{Mma}" textLabel="{i18n>generalLeadPartner}"
						id="cminewrequest.matter.leadPartnerInput.valid" valueListChanged="valueListChangedMatterLeadPartner" 
						app:tableId='\{"0":"cminewrequest.matter.internalContact.table_","1":"cminewrequest.matter.matterPartner.table_"\}'>
						<smartField:configuration>
							<smartField:Configuration preventInitialDataFetchInValueHelpDialog="false"/>
						</smartField:configuration>
					</smartField:SmartField>
				</smartform:GroupElement>
				<smartform:GroupElement id="cminewrequest.matter.officeNameInput_.valid">
					<smartField:SmartField visible="true" showValueHelp="false" textLabel="{i18n>generalOffice}" showSuggestion="false"
						id="cminewrequest.matter.officeNameInput.valid" value="{Mmoffice}"/>
				</smartform:GroupElement>
				<smartform:GroupElement id="cminewrequest.matter.matterDescInput_.valid">
					<smartField:SmartField visible="true" id="cminewrequest.matter.matterDescInput.valid" textLabel="{i18n>generalMatterDesc}"
						value="{Matterlongtext}" mandatory="true" width="100%"/>
				</smartform:GroupElement>
			</smartform:Group>
		</smartform:SmartForm>
		<smartform:SmartForm binding="{Matterdetails}" editable="{path:'generalSettings>/Edit',formatter:'.formatter.editRequestScreen'}"
			expandable="false" expanded="true" entityType="Cmimatterdetails" id="cminewrequest.matter.Cmimatterdetails.valid">
			<smartform:customData>
				<core:CustomData key="dateFormatSettings" value='\{"UTC":true,"style":"short"\}'/>
			</smartform:customData>
			<smartform:Group id="cminewrequest.matter.section_header_matterInfo1.valid" label="Matter Info">
				<smartform:GroupElement id="cminewrequest.matter.matterTypeInput_.valid">
					<smartField:SmartField visible="true" id="cminewrequest.matter.matterType.valid" value="{Zzmattertypedesc}"
						textLabel="{i18n>MI_SMTFIELD_LBL_MATTERTYPE}" mandatory="true">
						<smartField:configuration>
							<smartField:Configuration controlType="dropDownList" displayBehaviour="idOnly"/>
						</smartField:configuration>
					</smartField:SmartField>
				</smartform:GroupElement>
				<smartform:GroupElement id="cminewrequest.matter.entryTypeInput_.valid">
					<smartField:SmartField visible="true" id="cminewrequest.matter.entryType.valid" value="{Zzenttype}"
						textLabel="{i18n>MI_SMTFIELD_LBL_ENTRYTYPE}" mandatory="true"/>
				</smartform:GroupElement>
				<smartform:GroupElement id="cminewrequest.matter.matterCatInput_.valid">
					<smartField:SmartField visible="true" id="cminewrequest.matter.matterCat.valid" value="{Zzmattercatdesc}"
						textLabel="{i18n>MI_SMTFIELD_LBL_MATTERCAT}" mandatory="true">
						<smartField:configuration>
							<smartField:Configuration preventInitialDataFetchInValueHelpDialog="false"/>
						</smartField:configuration>
					</smartField:SmartField>
				</smartform:GroupElement>
				<smartform:GroupElement id="cminewrequest.matter.timeEntryInput_.valid">
					<smartField:SmartField visible="true" id="cminewrequest.matter.timeEntry.valid" value="{Zztimeentryunit}"
						textLabel="{i18n>MI_SMTFIELD_LBL_TIMEENTRYUNIT}" mandatory="true"/>
				</smartform:GroupElement>
				<smartform:GroupElement id="cminewrequest.matter.practiceGroupInput_.valid">
					<smartField:SmartField visible="true" id="cminewrequest.matter.practiceGroup.valid"
						value="{Zzpracticegroupdesc}" textLabel="{i18n>MI_SMTFIELD_LBL_PRACGRP}" mandatory="true">
						<smartField:configuration>
							<smartField:Configuration controlType="dropDownList" displayBehaviour="idOnly"/>
						</smartField:configuration>
					</smartField:SmartField>
				</smartform:GroupElement>
			</smartform:Group>
			<smartform:Group id="cminewrequest.matter.section_header_BillingData1.valid" label="Billing Data">
				<smartform:GroupElement id="cminewrequest.matter.billingFrequencyInput_.valid">
					<smartField:SmartField visible="true" showValueHelp="false" showSuggestion="false" id="cminewrequest.matter.billingFrequency.valid"
						value="{Zzbillfreqdesc}" textLabel="{i18n>BILLDATA_SMTFIELD_LBL_BILLFREQ}" mandatory="true">
						<smartField:configuration>
							<smartField:Configuration controlType="dropDownList" displayBehaviour="idOnly"/>
						</smartField:configuration>
					</smartField:SmartField>
				</smartform:GroupElement>
				<smartform:GroupElement id="cminewrequest.matter.billingMethodInput_.valid">
					<smartField:SmartField visible="true" showValueHelp="false" showSuggestion="false" id="cminewrequest.matter.billingMethod.valid"
						value="{Zzbillmthddesc}" textLabel="{i18n>BILLDATA_SMTFIELD_LBL_BILLMTD}" mandatory="true">
						<smartField:configuration>
							<smartField:Configuration controlType="dropDownList" displayBehaviour="idOnly"/>
						</smartField:configuration>
					</smartField:SmartField>
				</smartform:GroupElement>
				<smartform:GroupElement id="cminewrequest.matter.billingCurrencyInput_.valid">
					<smartField:SmartField visible="true" showValueHelp="true" showSuggestion="true" id="cminewrequest.matter.billingCurrency.valid"
						value="{Zzmcurrdesc}" textLabel="{i18n>BILLDATA_SMTFIELD_LBL_BILLCURR}" mandatory="true">
						<smartField:configuration>
							<smartField:Configuration preventInitialDataFetchInValueHelpDialog="false"/>
						</smartField:configuration>
					</smartField:SmartField>
				</smartform:GroupElement>
				<smartform:GroupElement id="cminewrequest.matter.billingLanguageInput_.valid">
					<smartField:SmartField visible="true" value="{Zzbsprasdesc}" showValueHelp="true" showSuggestion="true"
						id="cminewrequest.matter.billingLanguage.valid" textLabel="{i18n>OUTDATA_SMTFIELD_LBL_BILLLANG}" mandatory="true">
						<smartField:configuration>
							<smartField:Configuration preventInitialDataFetchInValueHelpDialog="false"/>
						</smartField:configuration>
					</smartField:SmartField>
				</smartform:GroupElement>
			</smartform:Group>
		</smartform:SmartForm>
		<beginButton>
			<Button text="Ok" press="onPressOk"/>
		</beginButton>
	</Dialog>
</core:FragmentDefinition>