{
    "resources": [
        {
            "name": "index.html"
        },
        {
            "name": "neo-app.json"
        },
        {
            "name": "manifest.json"
        },
        {
            "name": "Component.js"
        },
        {
            "name": "localService/metadata.xml"
        },
        {
            "name": "localService/mockserver.js"
        },
        {
            "name": "model/rout.json"
        },
        {
            "name": "model/models.js"
        },
        {
            "name": "model/GroupSortState.js"
        },
        {
            "name": "model/grouper.js"
        },
        {
            "name": "model/formatter.js"
        },
        {
            "name": "fragments/filterDialog.fragment.xml"
        },
        {
            "name": "fragments/Comment.fragment.xml"
        },
        {
            "name": "i18n/i18n_de.properties",
            "raw": "i18n/i18n.properties"
        },
        {
            "name": "i18n/i18n_es.properties",
            "raw": "i18n/i18n.properties"
        },
        {
            "name": "i18n/i18n.properties",
            "raw": "i18n/i18n.properties"
        },
        {
            "name": "i18n/i18n_it.properties",
            "raw": "i18n/i18n.properties"
        },
        {
            "name": "i18n/i18n_th.properties",
            "raw": "i18n/i18n.properties"
        },
        {
            "name": "i18n/i18n_fr.properties",
            "raw": "i18n/i18n.properties"
        },
        {
            "name": "i18n/i18n_ru.properties",
            "raw": "i18n/i18n.properties"
        },
        {
            "name": "css/style.css"
        },
        {
            "name": "Component-preload.js",
            "merged": true
        },
        {
            "name": "resources.json",
            "merged": true
        },
        {
            "name": "controller/BaseController.js"
        },
        {
            "name": "controller/Detail.controller.js"
        },
        {
            "name": "controller/App.controller.js"
        },
        {
            "name": "controller/Master.controller.js"
        },
        {
            "name": "controller/ListSelector.js"
        },
        {
            "name": "controller/ErrorHandler.js"
        },
        {
            "name": "controller/Master1.controller.js"
        },
        {
            "name": "view/App.view.xml"
        },
        {
            "name": "view/DetailObjectNotFound.view.xml"
        },
        {
            "name": "view/Master1.view.xml"
        },
        {
            "name": "view/Empty.view.xml"
        },
        {
            "name": "view/NotFound.view.xml"
        },
        {
            "name": "view/SplitContainer.view.xml"
        },
        {
            "name": "view/ViewSettingsDialog.fragment.xml"
        },
        {
            "name": "view/Detail.view.xml"
        },
        {
            "name": "view/Master.view.xml"
        },
        {
            "name": "view/NotSearched.view.xml"
        },
        {
            "name": "view/DetailNoObjectsAvailable.view.xml"
        },
        {
            "name": ".project.json"
        },
        {
            "name": ".user.project.json"
        }
    ]
}