<edmx:Edmx xmlns:edmx="http://schemas.microsoft.com/ado/2007/06/edmx"
	xmlns:m="http://schemas.microsoft.com/ado/2007/08/dataservices/metadata" xmlns:sap="http://www.sap.com/Protocols/SAPData" Version="1.0">
	<edmx:DataServices m:DataServiceVersion="2.0">
		<Schema xmlns="http://schemas.microsoft.com/ado/2008/09/edm" Namespace="ZPRS_S_TRUST_ACC_MAIN" xml:lang="en" sap:schema-version="1">
			<EntityType Name="ItemAcc" sap:content-version="1">
				<Key>
					<PropertyRef Name="Office"/>
					<PropertyRef Name="Matter"/>
					<PropertyRef Name="AccType"/>
					<PropertyRef Name="BankAccNu"/>
				</Key>
				<Property Name="Office" Type="Edm.String" Nullable="false" MaxLength="4" sap:unicode="false" sap:sortable="false"/>
				<Property Name="Results" Type="Edm.String" Nullable="false" MaxLength="10" sap:unicode="false" sap:creatable="false" sap:updatable="false"
					sap:sortable="false" sap:filterable="false"/>
				<Property Name="OfficeT" Type="Edm.String" Nullable="false" MaxLength="30" sap:unicode="false" sap:creatable="false" sap:updatable="false"
					sap:sortable="false" sap:filterable="false"/>
				<Property Name="Matter" Type="Edm.String" Nullable="false" MaxLength="24" sap:unicode="false" sap:sortable="false"/>
				<Property Name="MatterTxt" Type="Edm.String" Nullable="false" MaxLength="40" sap:unicode="false" sap:creatable="false" sap:updatable="false"
					sap:sortable="false" sap:filterable="false"/>
				<Property Name="AccType" Type="Edm.String" Nullable="false" MaxLength="1" sap:unicode="false" sap:label="Account type" sap:sortable="false"
					sap:filterable="false"/>
				<Property Name="BankAccNu" Type="Edm.String" Nullable="false" MaxLength="18" sap:unicode="false" sap:label="Bank Account Number"
					sap:sortable="false" sap:filterable="false"/>
				<Property Name="OpenDate" Type="Edm.DateTime" Precision="7" sap:unicode="false" sap:label="Open Date" sap:sortable="false"
					sap:filterable="false"/>
				<Property Name="CloseDate" Type="Edm.DateTime" Precision="7" sap:unicode="false" sap:label="Closed Date" sap:sortable="false"
					sap:filterable="false"/>
				<Property Name="Return" Type="Edm.String" Nullable="false" MaxLength="255" sap:unicode="false" sap:creatable="false" sap:updatable="false"
					sap:sortable="false" sap:filterable="false"/>
			</EntityType>
			<EntityType Name="HeaderAcc" sap:content-version="1">
				<Key>
					<PropertyRef Name="Office"/>
					<PropertyRef Name="Matter"/>
				</Key>
				<Property Name="Office" Type="Edm.String" Nullable="false" MaxLength="4" sap:unicode="false" sap:label="Plant" sap:creatable="false"
					sap:updatable="false" sap:sortable="false" sap:filterable="false"/>
				<Property Name="OfficeT" Type="Edm.String" Nullable="false" MaxLength="30" sap:unicode="false" sap:label="Name 1" sap:creatable="false"
					sap:updatable="false" sap:sortable="false" sap:filterable="false"/>
				<Property Name="Matter" Type="Edm.String" Nullable="false" MaxLength="24" sap:unicode="false" sap:label="Project Def." sap:creatable="false"
					sap:updatable="false" sap:sortable="false" sap:filterable="false"/>
				<Property Name="MatterTxt" Type="Edm.String" Nullable="false" MaxLength="40" sap:unicode="false" sap:label="Description"
					sap:creatable="false" sap:updatable="false" sap:sortable="false" sap:filterable="false"/>
				<NavigationProperty Name="ItemAccSet" Relationship="ZPRS_S_TRUST_ACC_MAIN.headeritem" FromRole="FromRole_headeritem"
					ToRole="ToRole_headeritem"/>
			</EntityType>
			<EntityType Name="VL_SH_ZPRS_TR_ACC_MAIN" sap:content-version="1">
				<Key>
					<PropertyRef Name="OFFICE"/>
					<PropertyRef Name="OFFICE_T"/>
					<PropertyRef Name="MATTER"/>
					<PropertyRef Name="MATTER_TXT"/>
					<PropertyRef Name="BANK_ACC_NU"/>
				</Key>
				<Property Name="OFFICE" Type="Edm.String" Nullable="false" MaxLength="4" sap:display-format="UpperCase" sap:label="Plant"/>
				<Property Name="OFFICE_T" Type="Edm.String" Nullable="false" MaxLength="30" sap:label="Name 1"/>
				<Property Name="MATTER" Type="Edm.String" Nullable="false" MaxLength="24" sap:display-format="UpperCase" sap:label="Project Def."/>
				<Property Name="MATTER_TXT" Type="Edm.String" Nullable="false" MaxLength="40" sap:label="Description"/>
				<Property Name="BANK_ACC_NU" Type="Edm.String" Nullable="false" MaxLength="18" sap:display-format="UpperCase" sap:label="Bank Account"/>
			</EntityType>
			<Association Name="headeritem" sap:content-version="1">
				<End Type="ZPRS_S_TRUST_ACC_MAIN.HeaderAcc" Multiplicity="1" Role="FromRole_headeritem"/>
				<End Type="ZPRS_S_TRUST_ACC_MAIN.ItemAcc" Multiplicity="1" Role="ToRole_headeritem"/>
				<ReferentialConstraint>
					<Principal Role="FromRole_headeritem">
						<PropertyRef Name="Matter"/>
						<PropertyRef Name="Office"/>
					</Principal>
					<Dependent Role="ToRole_headeritem">
						<PropertyRef Name="Matter"/>
						<PropertyRef Name="Office"/>
					</Dependent>
				</ReferentialConstraint>
			</Association>
			<EntityContainer Name="ZPRS_S_TRUST_ACC_MAIN_Entities" m:IsDefaultEntityContainer="true" sap:supported-formats="atom json xlsx">
				<EntitySet Name="VL_SH_ZPRS_TR_ACC_MAIN" EntityType="ZPRS_S_TRUST_ACC_MAIN.VL_SH_ZPRS_TR_ACC_MAIN" sap:creatable="false"
					sap:updatable="false" sap:deletable="false" sap:content-version="1" sap:countable="false"/>
				<EntitySet Name="ItemAccSet" EntityType="ZPRS_S_TRUST_ACC_MAIN.ItemAcc" sap:deletable="false" sap:pageable="false" sap:content-version="1"/>
				<EntitySet Name="HeaderAccSet" EntityType="ZPRS_S_TRUST_ACC_MAIN.HeaderAcc" sap:creatable="false" sap:updatable="false"
					sap:deletable="false" sap:pageable="false" sap:content-version="1"/>
				<AssociationSet Name="headeritemSet" Association="ZPRS_S_TRUST_ACC_MAIN.headeritem" sap:creatable="false" sap:updatable="false"
					sap:deletable="false" sap:content-version="1">
					<End EntitySet="HeaderAccSet" Role="FromRole_headeritem"/>
					<End EntitySet="ItemAccSet" Role="ToRole_headeritem"/>
				</AssociationSet>
			</EntityContainer>
			<Annotations xmlns="http://docs.oasis-open.org/odata/ns/edm" Target="ZPRS_S_TRUST_ACC_MAIN.ItemAcc/Office">
				<Annotation Term="com.sap.vocabularies.Common.v1.ValueList">
					<Record>
						<PropertyValue Property="Label" String="Trust Account maintains"/>
						<PropertyValue Property="CollectionPath" String="VL_SH_ZPRS_TR_ACC_MAIN"/>
						<PropertyValue Property="SearchSupported" Bool="true"/>
						<PropertyValue Property="Parameters">
							<Collection>
								<Record Type="com.sap.vocabularies.Common.v1.ValueListParameterInOut">
									<PropertyValue Property="LocalDataProperty" PropertyPath="Office"/>
									<PropertyValue Property="ValueListProperty" String="OFFICE"/>
								</Record>
								<Record Type="com.sap.vocabularies.Common.v1.ValueListParameterInOut">
									<PropertyValue Property="LocalDataProperty" PropertyPath="OfficeT"/>
									<PropertyValue Property="ValueListProperty" String="OFFICE_T"/>
								</Record>
								<Record Type="com.sap.vocabularies.Common.v1.ValueListParameterInOut">
									<PropertyValue Property="LocalDataProperty" PropertyPath="Matter"/>
									<PropertyValue Property="ValueListProperty" String="MATTER"/>
								</Record>
								<Record Type="com.sap.vocabularies.Common.v1.ValueListParameterInOut">
									<PropertyValue Property="LocalDataProperty" PropertyPath="MatterTxt"/>
									<PropertyValue Property="ValueListProperty" String="MATTER_TXT"/>
								</Record>
								<Record Type="com.sap.vocabularies.Common.v1.ValueListParameterInOut">
									<PropertyValue Property="LocalDataProperty" PropertyPath="BankAccNu"/>
									<PropertyValue Property="ValueListProperty" String="BANK_ACC_NU"/>
								</Record>
							</Collection>
						</PropertyValue>
					</Record>
				</Annotation>
			</Annotations>
			<Annotations xmlns="http://docs.oasis-open.org/odata/ns/edm" Target="ZPRS_S_TRUST_ACC_MAIN.ItemAcc/Matter">
				<Annotation Term="com.sap.vocabularies.Common.v1.ValueList">
					<Record>
						<PropertyValue Property="Label" String="Trust Account maintains"/>
						<PropertyValue Property="CollectionPath" String="VL_SH_ZPRS_TR_ACC_MAIN"/>
						<PropertyValue Property="SearchSupported" Bool="true"/>
						<PropertyValue Property="Parameters">
							<Collection>
								<Record Type="com.sap.vocabularies.Common.v1.ValueListParameterInOut">
									<PropertyValue Property="LocalDataProperty" PropertyPath="Office"/>
									<PropertyValue Property="ValueListProperty" String="OFFICE"/>
								</Record>
								<Record Type="com.sap.vocabularies.Common.v1.ValueListParameterInOut">
									<PropertyValue Property="LocalDataProperty" PropertyPath="OfficeT"/>
									<PropertyValue Property="ValueListProperty" String="OFFICE_T"/>
								</Record>
								<Record Type="com.sap.vocabularies.Common.v1.ValueListParameterInOut">
									<PropertyValue Property="LocalDataProperty" PropertyPath="Matter"/>
									<PropertyValue Property="ValueListProperty" String="MATTER"/>
								</Record>
								<Record Type="com.sap.vocabularies.Common.v1.ValueListParameterInOut">
									<PropertyValue Property="LocalDataProperty" PropertyPath="MatterTxt"/>
									<PropertyValue Property="ValueListProperty" String="MATTER_TXT"/>
								</Record>
								<Record Type="com.sap.vocabularies.Common.v1.ValueListParameterInOut">
									<PropertyValue Property="LocalDataProperty" PropertyPath="BankAccNu"/>
									<PropertyValue Property="ValueListProperty" String="BANK_ACC_NU"/>
								</Record>
							</Collection>
						</PropertyValue>
					</Record>
				</Annotation>
			</Annotations>
			<Annotations xmlns="http://docs.oasis-open.org/odata/ns/edm" Target="ZPRS_S_TRUST_ACC_MAIN.ItemAcc/BankAccNu">
				<Annotation Term="com.sap.vocabularies.Common.v1.ValueList">
					<Record>
						<PropertyValue Property="Label" String="Trust Account maintains"/>
						<PropertyValue Property="CollectionPath" String="VL_SH_ZPRS_TR_ACC_MAIN"/>
						<PropertyValue Property="SearchSupported" Bool="true"/>
						<PropertyValue Property="Parameters">
							<Collection>
								<Record Type="com.sap.vocabularies.Common.v1.ValueListParameterInOut">
									<PropertyValue Property="LocalDataProperty" PropertyPath="Office"/>
									<PropertyValue Property="ValueListProperty" String="OFFICE"/>
								</Record>
								<Record Type="com.sap.vocabularies.Common.v1.ValueListParameterInOut">
									<PropertyValue Property="LocalDataProperty" PropertyPath="OfficeT"/>
									<PropertyValue Property="ValueListProperty" String="OFFICE_T"/>
								</Record>
								<Record Type="com.sap.vocabularies.Common.v1.ValueListParameterInOut">
									<PropertyValue Property="LocalDataProperty" PropertyPath="Matter"/>
									<PropertyValue Property="ValueListProperty" String="MATTER"/>
								</Record>
								<Record Type="com.sap.vocabularies.Common.v1.ValueListParameterInOut">
									<PropertyValue Property="LocalDataProperty" PropertyPath="MatterTxt"/>
									<PropertyValue Property="ValueListProperty" String="MATTER_TXT"/>
								</Record>
								<Record Type="com.sap.vocabularies.Common.v1.ValueListParameterInOut">
									<PropertyValue Property="LocalDataProperty" PropertyPath="BankAccNu"/>
									<PropertyValue Property="ValueListProperty" String="BANK_ACC_NU"/>
								</Record>
							</Collection>
						</PropertyValue>
					</Record>
				</Annotation>
			</Annotations>
			<Annotations xmlns="http://docs.oasis-open.org/odata/ns/edm" Target="ZPRS_S_TRUST_ACC_MAIN.HeaderAcc/Office">
				<Annotation Term="com.sap.vocabularies.Common.v1.ValueList">
					<Record>
						<PropertyValue Property="Label" String="Trust Account maintains"/>
						<PropertyValue Property="CollectionPath" String="VL_SH_ZPRS_TR_ACC_MAIN"/>
						<PropertyValue Property="SearchSupported" Bool="true"/>
						<PropertyValue Property="Parameters">
							<Collection>
								<Record Type="com.sap.vocabularies.Common.v1.ValueListParameterInOut">
									<PropertyValue Property="LocalDataProperty" PropertyPath="Office"/>
									<PropertyValue Property="ValueListProperty" String="OFFICE"/>
								</Record>
								<Record Type="com.sap.vocabularies.Common.v1.ValueListParameterInOut">
									<PropertyValue Property="LocalDataProperty" PropertyPath="OfficeT"/>
									<PropertyValue Property="ValueListProperty" String="OFFICE_T"/>
								</Record>
								<Record Type="com.sap.vocabularies.Common.v1.ValueListParameterInOut">
									<PropertyValue Property="LocalDataProperty" PropertyPath="Matter"/>
									<PropertyValue Property="ValueListProperty" String="MATTER"/>
								</Record>
								<Record Type="com.sap.vocabularies.Common.v1.ValueListParameterInOut">
									<PropertyValue Property="LocalDataProperty" PropertyPath="MatterTxt"/>
									<PropertyValue Property="ValueListProperty" String="MATTER_TXT"/>
								</Record>
								<Record Type="com.sap.vocabularies.Common.v1.ValueListParameterInOut">
									<PropertyValue Property="LocalDataProperty" PropertyPath="BankAccNu"/>
									<PropertyValue Property="ValueListProperty" String="BANK_ACC_NU"/>
								</Record>
							</Collection>
						</PropertyValue>
					</Record>
				</Annotation>
			</Annotations>
			<Annotations xmlns="http://docs.oasis-open.org/odata/ns/edm" Target="ZPRS_S_TRUST_ACC_MAIN.HeaderAcc/Matter">
				<Annotation Term="com.sap.vocabularies.Common.v1.ValueList">
					<Record>
						<PropertyValue Property="Label" String="Trust Account maintains"/>
						<PropertyValue Property="CollectionPath" String="VL_SH_ZPRS_TR_ACC_MAIN"/>
						<PropertyValue Property="SearchSupported" Bool="true"/>
						<PropertyValue Property="Parameters">
							<Collection>
								<Record Type="com.sap.vocabularies.Common.v1.ValueListParameterInOut">
									<PropertyValue Property="LocalDataProperty" PropertyPath="Office"/>
									<PropertyValue Property="ValueListProperty" String="OFFICE"/>
								</Record>
								<Record Type="com.sap.vocabularies.Common.v1.ValueListParameterInOut">
									<PropertyValue Property="LocalDataProperty" PropertyPath="OfficeT"/>
									<PropertyValue Property="ValueListProperty" String="OFFICE_T"/>
								</Record>
								<Record Type="com.sap.vocabularies.Common.v1.ValueListParameterInOut">
									<PropertyValue Property="LocalDataProperty" PropertyPath="Matter"/>
									<PropertyValue Property="ValueListProperty" String="MATTER"/>
								</Record>
								<Record Type="com.sap.vocabularies.Common.v1.ValueListParameterInOut">
									<PropertyValue Property="LocalDataProperty" PropertyPath="MatterTxt"/>
									<PropertyValue Property="ValueListProperty" String="MATTER_TXT"/>
								</Record>
								<Record Type="com.sap.vocabularies.Common.v1.ValueListParameterInOut">
									<PropertyValue Property="LocalDataProperty" PropertyPath="BankAccNu"/>
									<PropertyValue Property="ValueListProperty" String="BANK_ACC_NU"/>
								</Record>
							</Collection>
						</PropertyValue>
					</Record>
				</Annotation>
			</Annotations>
			<atom:link xmlns:atom="http://www.w3.org/2005/Atom" rel="self"
				href="http://fgtappfs6.fgtinternal.com:8000/sap/opu/odata/SAP/ZPRS_TRUST_ACC_MAP_SRV/$metadata"/>
			<atom:link xmlns:atom="http://www.w3.org/2005/Atom" rel="latest-version"
				href="http://fgtappfs6.fgtinternal.com:8000/sap/opu/odata/SAP/ZPRS_TRUST_ACC_MAP_SRV/$metadata"/>
		</Schema>
	</edmx:DataServices>
</edmx:Edmx>