<edmx:Edmx xmlns:edmx="http://schemas.microsoft.com/ado/2007/06/edmx"
	xmlns:m="http://schemas.microsoft.com/ado/2007/08/dataservices/metadata" xmlns:sap="http://www.sap.com/Protocols/SAPData" Version="1.0">
	<edmx:DataServices m:DataServiceVersion="2.0">
		<Schema xmlns="http://schemas.microsoft.com/ado/2008/09/edm" Namespace="ZPRS_TRUST_PAYMENTS_SRV" xml:lang="en" sap:schema-version="1">
			<EntityType Name="Trustpayment" sap:content-version="1">
				<Key>
					<PropertyRef Name="Office"/>
				</Key>
				<Property Name="Office" Type="Edm.String" Nullable="false" MaxLength="4" sap:unicode="false" sap:label="Plant" sap:creatable="false"
					sap:updatable="false" sap:sortable="false" sap:filterable="false"/>
				<Property Name="OfficeT" Type="Edm.String" Nullable="false" MaxLength="30" sap:unicode="false" sap:label="Name 1" sap:creatable="false"
					sap:updatable="false" sap:sortable="false" sap:filterable="false"/>
				<Property Name="PostDate" Type="Edm.DateTime" Nullable="false" Precision="7" sap:unicode="false" sap:label="Posting Date"
					sap:creatable="false" sap:updatable="false" sap:sortable="false" sap:filterable="false"/>
				<Property Name="TBankAccNo" Type="Edm.String" Nullable="false" MaxLength="18" sap:unicode="false" sap:label="Bank Account"
					sap:creatable="false" sap:updatable="false" sap:sortable="false" sap:filterable="false"/>
				<Property Name="PayType" Type="Edm.String" Nullable="false" MaxLength="1" sap:unicode="false" sap:label="Type of Payment"
					sap:creatable="false" sap:updatable="false" sap:sortable="false" sap:filterable="false"/>
				<Property Name="PayMethod" Type="Edm.String" Nullable="false" MaxLength="1" sap:unicode="false" sap:label="Payment Method"
					sap:creatable="false" sap:updatable="false" sap:sortable="false" sap:filterable="false"/>
				<Property Name="PayerName" Type="Edm.String" Nullable="false" MaxLength="40" sap:unicode="false" sap:label="Payee Name"
					sap:creatable="false" sap:updatable="false" sap:sortable="false" sap:filterable="false"/>
				<Property Name="Vender" Type="Edm.String" Nullable="false" MaxLength="10" sap:unicode="false" sap:label="Vendor" sap:creatable="false"
					sap:updatable="false" sap:sortable="false" sap:filterable="false"/>
				<Property Name="Amount" Type="Edm.Decimal" Nullable="false" Precision="14" Scale="3" sap:unicode="false" sap:label="Difference amount"
					sap:creatable="false" sap:updatable="false" sap:sortable="false" sap:filterable="false"/>
				<Property Name="Currency" Type="Edm.String" Nullable="false" MaxLength="5" sap:unicode="false" sap:label="Currency" sap:creatable="false"
					sap:updatable="false" sap:sortable="false" sap:filterable="false" sap:semantics="currency-code"/>
				<Property Name="CurrencyT" Type="Edm.String" Nullable="false" MaxLength="40" sap:unicode="false" sap:label="Long Text" sap:creatable="false"
					sap:updatable="false" sap:sortable="false" sap:filterable="false"/>
				<Property Name="AuthorisedBy" Type="Edm.String" Nullable="false" MaxLength="8" sap:unicode="false" sap:label="Personnel No."
					sap:creatable="false" sap:updatable="false" sap:sortable="false" sap:filterable="false"/>
				<Property Name="AuthorisedByT" Type="Edm.String" Nullable="false" MaxLength="40" sap:unicode="false" sap:label="Empl./Appl.Name"
					sap:creatable="false" sap:updatable="false" sap:sortable="false" sap:filterable="false"/>
				<Property Name="RefDocNo" Type="Edm.String" Nullable="false" MaxLength="16" sap:unicode="false" sap:label="Reference" sap:creatable="false"
					sap:updatable="false" sap:sortable="false" sap:filterable="false"/>
				<Property Name="BranchCode" Type="Edm.String" Nullable="false" MaxLength="10" sap:unicode="false" sap:label="Reference Number"
					sap:creatable="false" sap:updatable="false" sap:sortable="false" sap:filterable="false"/>
				<NavigationProperty Name="TrustpaymatterSet" Relationship="ZPRS_TRUST_PAYMENTS_SRV.Paytomatter" FromRole="FromRole_Paytomatter"
					ToRole="ToRole_Paytomatter"/>
			</EntityType>
			<EntityType Name="Trustpaymatter" sap:content-version="1">
				<Key>
					<PropertyRef Name="Office"/>
				</Key>
				<Property Name="Office" Type="Edm.String" Nullable="false" MaxLength="4" sap:unicode="false" sap:label="Company Code" sap:creatable="false"
					sap:updatable="false" sap:sortable="false" sap:filterable="false"/>
				<Property Name="Matter" Type="Edm.String" Nullable="false" MaxLength="24" sap:unicode="false" sap:label="Project Def." sap:creatable="false"
					sap:updatable="false" sap:sortable="false" sap:filterable="false"/>
				<Property Name="MatterTxt" Type="Edm.String" Nullable="false" MaxLength="40" sap:unicode="false" sap:label="Description"
					sap:creatable="false" sap:updatable="false" sap:sortable="false" sap:filterable="false"/>
				<Property Name="Amt" Type="Edm.Decimal" Nullable="false" Precision="14" Scale="3" sap:unicode="false" sap:label="Difference amount"
					sap:creatable="false" sap:updatable="false" sap:sortable="false" sap:filterable="false"/>
				<Property Name="ResonPay" Type="Edm.String" Nullable="false" MaxLength="50" sap:unicode="false" sap:label="Resson for Payment"
					sap:creatable="false" sap:updatable="false" sap:sortable="false" sap:filterable="false"/>
				<Property Name="TotMattBal" Type="Edm.Decimal" Nullable="false" Precision="14" Scale="3" sap:unicode="false" sap:label="Amount"
					sap:creatable="false" sap:updatable="false" sap:sortable="false" sap:filterable="false"/>
				<Property Name="AvilMattBal" Type="Edm.Decimal" Nullable="false" Precision="14" Scale="3" sap:unicode="false" sap:label="Amount"
					sap:creatable="false" sap:updatable="false" sap:sortable="false" sap:filterable="false"/>
				<Property Name="Client" Type="Edm.String" Nullable="false" MaxLength="10" sap:unicode="false" sap:label="Customer" sap:creatable="false"
					sap:updatable="false" sap:sortable="false" sap:filterable="false"/>
				<Property Name="ClientT" Type="Edm.String" Nullable="false" MaxLength="30" sap:unicode="false" sap:label="Name 1" sap:creatable="false"
					sap:updatable="false" sap:sortable="false" sap:filterable="false"/>
			</EntityType>
			<Association Name="Paytomatter" sap:content-version="1">
				<End Type="ZPRS_TRUST_PAYMENTS_SRV.Trustpayment" Multiplicity="1" Role="FromRole_Paytomatter"/>
				<End Type="ZPRS_TRUST_PAYMENTS_SRV.Trustpaymatter" Multiplicity="*" Role="ToRole_Paytomatter"/>
				<ReferentialConstraint>
					<Principal Role="FromRole_Paytomatter">
						<PropertyRef Name="Office"/>
					</Principal>
					<Dependent Role="ToRole_Paytomatter">
						<PropertyRef Name="Office"/>
					</Dependent>
				</ReferentialConstraint>
			</Association>
			<EntityContainer Name="ZPRS_TRUST_PAYMENTS_SRV_Entities" m:IsDefaultEntityContainer="true" sap:supported-formats="atom json xlsx">
				<EntitySet Name="Trustpayments" EntityType="ZPRS_TRUST_PAYMENTS_SRV.Trustpayment" sap:creatable="false" sap:updatable="false"
					sap:deletable="false" sap:pageable="false" sap:content-version="1"/>
				<EntitySet Name="Trustpaymatters" EntityType="ZPRS_TRUST_PAYMENTS_SRV.Trustpaymatter" sap:creatable="false" sap:updatable="false"
					sap:deletable="false" sap:pageable="false" sap:content-version="1"/>
				<AssociationSet Name="PaytomatterSet" Association="ZPRS_TRUST_PAYMENTS_SRV.Paytomatter" sap:creatable="false" sap:updatable="false"
					sap:deletable="false" sap:content-version="1">
					<End EntitySet="Trustpayments" Role="FromRole_Paytomatter"/>
					<End EntitySet="Trustpaymatters" Role="ToRole_Paytomatter"/>
				</AssociationSet>
			</EntityContainer>
			<atom:link xmlns:atom="http://www.w3.org/2005/Atom" rel="self"
				href="http://localhost:8080/webidedispatcher/destinations/FS6/sap/opu/odata/SAP/ZPRS_TRUST_PAYMENTS_SRV/$metadata"/>
			<atom:link xmlns:atom="http://www.w3.org/2005/Atom" rel="latest-version"
				href="http://localhost:8080/webidedispatcher/destinations/FS6/sap/opu/odata/SAP/ZPRS_TRUST_PAYMENTS_SRV/$metadata"/>
		</Schema>
	</edmx:DataServices>
</edmx:Edmx>