<edmx:Edmx
    xmlns:edmx="http://schemas.microsoft.com/ado/2007/06/edmx"
    xmlns:m="http://schemas.microsoft.com/ado/2007/08/dataservices/metadata"
    xmlns:sap="http://www.sap.com/Protocols/SAPData" Version="1.0">
    <edmx:DataServices m:DataServiceVersion="2.0">
        <Schema
            xmlns="http://schemas.microsoft.com/ado/2008/09/edm" Namespace="ZPRS_CREC_UPLOAD_MS_SRV" xml:lang="en" sap:schema-version="1">
            <EntityType Name="Crecupd" sap:content-version="1">
                <Key>
                    <PropertyRef Name="Pspid"/>
                    <PropertyRef Name="Kunnr"/>
                    <PropertyRef Name="Pernr"/>
                </Key>
                <Property Name="Pspid" Type="Edm.String" Nullable="false" MaxLength="24" sap:label="Matter" sap:creatable="false" sap:updatable="false" sap:sortable="false" sap:filterable="false"/>
                <Property Name="Kunnr" Type="Edm.String" Nullable="false" MaxLength="10" sap:label="Client" sap:creatable="false" sap:updatable="false" sap:sortable="false" sap:filterable="false"/>
                <Property Name="Pernr" Type="Edm.String" Nullable="false" MaxLength="8" sap:label="Personnel No." sap:creatable="false" sap:updatable="false" sap:sortable="false" sap:filterable="false"/>
                <Property Name="Post1" Type="Edm.String" MaxLength="40" sap:label="Description" sap:creatable="false" sap:updatable="false" sap:sortable="false" sap:filterable="false"/>
                <Property Name="Name1" Type="Edm.String" Nullable="false" MaxLength="30" sap:label="Vendor Name" sap:creatable="false" sap:updatable="false" sap:sortable="false" sap:filterable="false"/>
                <Property Name="Sname" Type="Edm.String" Nullable="false" MaxLength="30" sap:label="Employee Name" sap:creatable="false" sap:updatable="false" sap:sortable="false" sap:filterable="false"/>
                <Property Name="Kbetr" Type="Edm.Decimal" Nullable="false" Precision="12" Scale="3" sap:unit="Konwa" sap:label="Amount" sap:creatable="false" sap:updatable="false" sap:sortable="false" sap:filterable="false"/>
                <Property Name="Konwa" Type="Edm.String" Nullable="false" MaxLength="5" sap:label="Cond. currency" sap:creatable="false" sap:updatable="false" sap:sortable="false" sap:filterable="false" sap:semantics="currency-code"/>
                <Property Name="Kpein" Type="Edm.Decimal" Nullable="false" Precision="8" Scale="3" sap:unit="Kmein" sap:label="Pricing unit" sap:creatable="false" sap:updatable="false" sap:sortable="false" sap:filterable="false"/>
                <Property Name="Kmein" Type="Edm.String" Nullable="false" MaxLength="3" sap:label="Unit of measure" sap:creatable="false" sap:updatable="false" sap:sortable="false" sap:filterable="false" sap:semantics="unit-of-measure"/>
                <Property Name="Datab" Type="Edm.DateTime" Precision="0" sap:label="Start Date" sap:creatable="false" sap:updatable="false" sap:sortable="false" sap:filterable="false"/>
                <Property Name="Datbi" Type="Edm.DateTime" Precision="0" sap:label="End Date" sap:creatable="false" sap:updatable="false" sap:sortable="false" sap:filterable="false"/>
                <Property Name="Status" Type="Edm.String" Nullable="false" MaxLength="10" sap:label="Status" sap:creatable="false" sap:updatable="false" sap:sortable="false" sap:filterable="false"/>
            </EntityType>
            <EntityType Name="Userdata" sap:content-version="1">
                <Key>
                    <PropertyRef Name="Uname"/>
                </Key>
                <Property Name="Uname" Type="Edm.String" Nullable="false" MaxLength="10" sap:label="User" sap:creatable="false" sap:updatable="false" sap:sortable="false" sap:filterable="false"/>
                <NavigationProperty Name="CrecToUser" Relationship="ZPRS_CREC_UPLOAD_MS_SRV.CrecToUser" FromRole="ToRole_CrecToUser" ToRole="FromRole_CrecToUser"/>
            </EntityType>
            <EntityType Name="VendorData" sap:content-version="1">
                <Key>
                    <PropertyRef Name="Kunnr"/>
                </Key>
                <Property Name="Kunnr" Type="Edm.String" Nullable="false" sap:creatable="false" sap:updatable="false" sap:sortable="false" sap:filterable="false"/>
                <Property Name="Name1" Type="Edm.String" Nullable="false" sap:creatable="false" sap:updatable="false" sap:sortable="false" sap:filterable="false"/>
                <NavigationProperty Name="CrecupdSet" Relationship="ZPRS_CREC_UPLOAD_MS_SRV.VendorToCrecupd" FromRole="FromRole_VendorToCrecupd" ToRole="ToRole_VendorToCrecupd"/>
            </EntityType>
            <EntityType Name="MatterData" sap:content-version="1">
                <Key>
                    <PropertyRef Name="Pspid"/>
                </Key>
                <Property Name="Pspid" Type="Edm.String" Nullable="false" sap:creatable="false" sap:updatable="false" sap:sortable="false" sap:filterable="false"/>
                <Property Name="Post1" Type="Edm.String" Nullable="false" sap:creatable="false" sap:updatable="false" sap:sortable="false" sap:filterable="false"/>
                <NavigationProperty Name="CrecupdSet" Relationship="ZPRS_CREC_UPLOAD_MS_SRV.MatterToCrecupd" FromRole="FromRole_MatterToCrecupd" ToRole="ToRole_MatterToCrecupd"/>
            </EntityType>
            <Association Name="CrecToUser" sap:content-version="1">
                <End Type="ZPRS_CREC_UPLOAD_MS_SRV.Crecupd" Multiplicity="*" Role="FromRole_CrecToUser"/>
                <End Type="ZPRS_CREC_UPLOAD_MS_SRV.Userdata" Multiplicity="*" Role="ToRole_CrecToUser"/>
            </Association>
            <Association Name="MatterToCrecupd" sap:content-version="1">
                <End Type="ZPRS_CREC_UPLOAD_MS_SRV.MatterData" Multiplicity="1" Role="FromRole_MatterToCrecupd"/>
                <End Type="ZPRS_CREC_UPLOAD_MS_SRV.Crecupd" Multiplicity="*" Role="ToRole_MatterToCrecupd"/>
                <ReferentialConstraint>
                    <Principal Role="FromRole_MatterToCrecupd">
                        <PropertyRef Name="Pspid"/>
                    </Principal>
                    <Dependent Role="ToRole_MatterToCrecupd">
                        <PropertyRef Name="Pspid"/>
                    </Dependent>
                </ReferentialConstraint>
            </Association>
            <Association Name="VendorToCrecupd" sap:content-version="1">
                <End Type="ZPRS_CREC_UPLOAD_MS_SRV.VendorData" Multiplicity="1" Role="FromRole_VendorToCrecupd"/>
                <End Type="ZPRS_CREC_UPLOAD_MS_SRV.Crecupd" Multiplicity="*" Role="ToRole_VendorToCrecupd"/>
                <ReferentialConstraint>
                    <Principal Role="FromRole_VendorToCrecupd">
                        <PropertyRef Name="Kunnr"/>
                    </Principal>
                    <Dependent Role="ToRole_VendorToCrecupd">
                        <PropertyRef Name="Kunnr"/>
                    </Dependent>
                </ReferentialConstraint>
            </Association>
            <EntityContainer Name="ZPRS_CREC_UPLOAD_MS_SRV_Entities" m:IsDefaultEntityContainer="true" sap:supported-formats="atom json xlsx">
                <EntitySet Name="UserdataSet" EntityType="ZPRS_CREC_UPLOAD_MS_SRV.Userdata" sap:creatable="false" sap:updatable="false" sap:deletable="false" sap:pageable="false" sap:addressable="false" sap:content-version="1"/>
                <EntitySet Name="VendorDataSet" EntityType="ZPRS_CREC_UPLOAD_MS_SRV.VendorData" sap:creatable="false" sap:updatable="false" sap:deletable="false" sap:pageable="false" sap:addressable="false" sap:content-version="1"/>
                <EntitySet Name="MatterDataSet" EntityType="ZPRS_CREC_UPLOAD_MS_SRV.MatterData" sap:creatable="false" sap:updatable="false" sap:deletable="false" sap:pageable="false" sap:addressable="false" sap:content-version="1"/>
                <EntitySet Name="CrecupdSet" EntityType="ZPRS_CREC_UPLOAD_MS_SRV.Crecupd" sap:creatable="false" sap:updatable="false" sap:deletable="false" sap:pageable="false" sap:content-version="1"/>
                <AssociationSet Name="MatterToCrecupdSet" Association="ZPRS_CREC_UPLOAD_MS_SRV.MatterToCrecupd" sap:creatable="false" sap:updatable="false" sap:deletable="false" sap:content-version="1">
                    <End EntitySet="MatterDataSet" Role="FromRole_MatterToCrecupd"/>
                    <End EntitySet="CrecupdSet" Role="ToRole_MatterToCrecupd"/>
                </AssociationSet>
                <AssociationSet Name="VendorToCrecupdSet" Association="ZPRS_CREC_UPLOAD_MS_SRV.VendorToCrecupd" sap:creatable="false" sap:updatable="false" sap:deletable="false" sap:content-version="1">
                    <End EntitySet="VendorDataSet" Role="FromRole_VendorToCrecupd"/>
                    <End EntitySet="CrecupdSet" Role="ToRole_VendorToCrecupd"/>
                </AssociationSet>
                <AssociationSet Name="CrecToUser_AssocSet" Association="ZPRS_CREC_UPLOAD_MS_SRV.CrecToUser" sap:creatable="false" sap:updatable="false" sap:deletable="false" sap:content-version="1">
                    <End EntitySet="CrecupdSet" Role="FromRole_CrecToUser"/>
                    <End EntitySet="UserdataSet" Role="ToRole_CrecToUser"/>
                </AssociationSet>
            </EntityContainer>
            <atom:link
                xmlns:atom="http://www.w3.org/2005/Atom" rel="self" href="./sap/ZPRS_CREC_UPLOAD_MS_SRV/$metadata"/>
                <atom:link
                    xmlns:atom="http://www.w3.org/2005/Atom" rel="latest-version" href="./sap/ZPRS_CREC_UPLOAD_MS_SRV/$metadata"/>
                </Schema>
            </edmx:DataServices>
        </edmx:Edmx>