{
  "mockpreview": {
    "mockUri": "/sap/opu/odata/sap/ZPRS_PARTNER_OVP_SRV",
    "metadataFilePath": "",
    "loadJSONFiles": false,
    "loadCustomRequests": false,
    "mockRequestsFilePath": ""
  },
  "deploy": {
    "destination": "FS7",
    "name": "ZPRS_MM_PDASH"
  },
  "projectType": [
    "sap.watt.saptoolsets.fiori.project.ui5template.smartProject",
    "sap.watt.uitools.ide.fiori",
    "com.watt.common.builder.sapui5clientbuild"
  ],
  "build": {
    "buildRequired": false,
    "targetFolder": "dist",
    "lastBuildDateTime": "Wed, 10 Jul 2019 17:16:20 GMT"
  },
  "generation": [
    {
      "templateId": "servicecatalog.connectivityComponent",
      "templateVersion": "0.0.0",
      "dateTimeStamp": "Wed, 10 Jul 2019 17:07:17 GMT"
    }
  ]
}