{
  "welcomeFile": "index.html",
  "routes": [
    {
      "path": "/sap/opu/odata/sap/ZPRS_PARTNER_OVP_SRV",
      "target": {
        "type": "destination",
        "name": "FS7",
        "entryPath": "/sap/opu/odata/sap/ZPRS_PARTNER_OVP_SRV"
      },
      "description": "FS7"
    },
    {
      "path": "/resources",
      "target": {
        "type": "service",
        "name": "sapui5",
        "preferLocal": true,
        "entryPath": "/resources",
        "version": "1.60.1"
      },
      "description": "SAPUI5 Resources"
    },
    {
      "path": "/test-resources",
      "target": {
        "type": "service",
        "name": "sapui5",
        "entryPath": "/test-resources",
        "version": "1.60.1"
      },
      "description": "SAPUI5 Test Resources"
    },
    {
      "path": "/sap/opu/odata",
      "target": {
        "type": "destination",
        "name": "FS7",
        "entryPath": "/sap/opu/odata"
      },
      "description": "FS7"
    },
    {
      "path": "/sap/bc/ui5_ui5",
      "target": {
        "type": "destination",
        "name": "FS7",
        "entryPath": "/sap/bc/ui5_ui5"
      },
      "description": "FS7"
    },
    {
      "path": "/resources/fgt/mmpartner/overview/Component",
      "target": {
        "type": "destination",
        "name": "FS7",
        "entryPath": "/sap/bc/lrep/flex/data/~GpKNr235r92M0WQvmbwR7LaqsQk=~/fgt.mmpartner.overview.Component",
        "preferLocal": true
      },
      "description": "fgt/mmpartner/overview/Component Reuse Library"
    }
  ]
}