{
    "resources": [
        {
            "name": "i18n/i18n.properties",
            "raw": "i18n/i18n.properties"
        },
        {
            "name": "localService/metadata.xml"
        },
        {
            "name": "localService/mockserver.js"
        },
        {
            "name": "localService/ZPRS_PARTNER_OVP_SRV/metadata.xml"
        },
        {
            "name": "annotations/annotation.xml"
        },
        {
            "name": "Component.js"
        },
        {
            "name": "css/style.css"
        },
        {
            "name": "manifest.json"
        },
        {
            "name": ".user.project.json"
        },
        {
            "name": "Component-preload.js",
            "merged": true
        },
        {
            "name": "neo-app.json"
        },
        {
            "name": "ext/readme.txt"
        },
        {
            "name": "ext/customAction.fragment.xml"
        },
        {
            "name": "ext/custom.controller.js"
        },
        {
            "name": "ext/customcard/CountHeader.fragment.xml"
        },
        {
            "name": "ext/customcard/List.controller.js"
        },
        {
            "name": "ext/customcard/Component-preload.js",
            "merged": true
        },
        {
            "name": "ext/customcard/ExtendedBarList.fragment.xml"
        },
        {
            "name": "ext/customcard/Component.js"
        },
        {
            "name": "ext/customcard/List.fragment.xml"
        },
        {
            "name": "resources.json",
            "merged": true
        },
        {
            "name": ".project.json"
        }
    ]
}