<edmx:Edmx
    xmlns:edmx="http://schemas.microsoft.com/ado/2007/06/edmx"
    xmlns:m="http://schemas.microsoft.com/ado/2007/08/dataservices/metadata"
    xmlns:sap="http://www.sap.com/Protocols/SAPData" Version="1.0">
    <edmx:DataServices m:DataServiceVersion="2.0">
        <Schema
            xmlns="http://schemas.microsoft.com/ado/2008/09/edm" Namespace="ZPRS_DB_WF01_SRV" xml:lang="en" sap:schema-version="1">
            <EntityType Name="MatterDetail" sap:content-version="1">
                <Key>
                    <PropertyRef Name="Pspid"/>
                </Key>
                <Property Name="BudatFrom" Type="Edm.DateTime" Precision="7" sap:label="Posting Date" sap:creatable="false" sap:updatable="false" sap:sortable="false"/>
                <Property Name="Zzgrpbillid" Type="Edm.String" Nullable="false" MaxLength="24" sap:label="Group Billing ID" sap:creatable="false" sap:updatable="false" sap:sortable="false" sap:filterable="false"/>
                <Property Name="Name1" Type="Edm.String" Nullable="false" MaxLength="35" sap:label="Name" sap:creatable="false" sap:updatable="false" sap:sortable="false" sap:filterable="false"/>
                <Property Name="Zzbillteam" Type="Edm.String" Nullable="false" MaxLength="3" sap:label="Billing Team" sap:creatable="false" sap:updatable="false" sap:sortable="false" sap:filterable="false"/>
                <Property Name="BillOfficeName" Type="Edm.String" Nullable="false" MaxLength="30" sap:label="Name 1" sap:creatable="false" sap:updatable="false" sap:sortable="false" sap:filterable="false"/>
                <Property Name="Bukrs" Type="Edm.String" Nullable="false" MaxLength="4" sap:label="Company Code" sap:creatable="false" sap:updatable="false" sap:sortable="false" sap:filterable="false"/>
                <Property Name="Vbeln" Type="Edm.String" Nullable="false" MaxLength="10" sap:label="Sales Document" sap:creatable="false" sap:updatable="false" sap:sortable="false" sap:filterable="false"/>
                <Property Name="Client" Type="Edm.String" Nullable="false" MaxLength="10" sap:label="Client" sap:creatable="false" sap:updatable="false" sap:sortable="false"/>
                <Property Name="Waers" Type="Edm.String" Nullable="false" MaxLength="5" sap:label="Currency" sap:creatable="false" sap:updatable="false" sap:sortable="false" sap:filterable="false" sap:semantics="currency-code"/>
                <Property Name="Post1" Type="Edm.String" Nullable="false" MaxLength="40" sap:label="Description" sap:creatable="false" sap:updatable="false" sap:sortable="false" sap:filterable="false"/>
                <Property Name="BudatTo" Type="Edm.DateTime" Precision="7" sap:label="Posting Date" sap:creatable="false" sap:updatable="false" sap:sortable="false"/>
                <Property Name="User" Type="Edm.String" Nullable="false" MaxLength="12" sap:label="User Name" sap:creatable="false" sap:updatable="false" sap:sortable="false"/>
                <Property Name="MpartnerParvw" Type="Edm.String" Nullable="false" MaxLength="2" sap:label="Partner Functn" sap:creatable="false" sap:updatable="false" sap:sortable="false"/>
                <Property Name="Pspid" Type="Edm.String" Nullable="false" MaxLength="24" sap:label="Project Def." sap:creatable="false" sap:updatable="false" sap:sortable="false"/>
                <Property Name="Budat" Type="Edm.DateTime" Precision="7" sap:label="Posting Date" sap:creatable="false" sap:updatable="false" sap:sortable="false"/>
                <Property Name="Mpartner" Type="Edm.String" Nullable="false" MaxLength="8" sap:label="Personnel No." sap:creatable="false" sap:updatable="false" sap:sortable="false"/>
                <Property Name="BillingPartner" Type="Edm.String" Nullable="false" MaxLength="40" sap:label="Empl./Appl.Name" sap:creatable="false" sap:updatable="false" sap:sortable="false" sap:filterable="false"/>
                <Property Name="BillOffice" Type="Edm.String" Nullable="false" MaxLength="4" sap:label="Office" sap:creatable="false" sap:updatable="false" sap:sortable="false"/>
                <Property Name="Submit" Type="Edm.String" Nullable="false" MaxLength="1" sap:label="Submit" sap:creatable="false" sap:updatable="false" sap:sortable="false" sap:filterable="false"/>
                <Property Name="Iserror" Type="Edm.String" Nullable="false" MaxLength="1" sap:label="Is Error" sap:creatable="false" sap:updatable="false" sap:sortable="false" sap:filterable="false"/>
                <Property Name="Message" Type="Edm.String" Nullable="false" MaxLength="1000" sap:label="Message String" sap:creatable="false" sap:updatable="false" sap:sortable="false" sap:filterable="false"/>
            </EntityType>
            <EntityType Name="BillDetail" sap:content-version="1">
                <Key>
                    <PropertyRef Name="Pspid"/>
                </Key>
                <Property Name="Vkorg" Type="Edm.String" Nullable="false" MaxLength="4" sap:label="Sales Org." sap:creatable="false" sap:updatable="false" sap:sortable="false" sap:filterable="false"/>
                <Property Name="Kunnr" Type="Edm.String" Nullable="false" MaxLength="10" sap:label="Client" sap:creatable="false" sap:updatable="false" sap:sortable="false" sap:filterable="false"/>
                <Property Name="Name1" Type="Edm.String" Nullable="false" MaxLength="35" sap:label="Name" sap:creatable="false" sap:updatable="false" sap:sortable="false" sap:filterable="false"/>
                <Property Name="Pspid" Type="Edm.String" Nullable="false" MaxLength="24" sap:label="Project Def." sap:creatable="false" sap:updatable="false" sap:sortable="false"/>
                <Property Name="Post1" Type="Edm.String" Nullable="false" MaxLength="40" sap:label="Description" sap:creatable="false" sap:updatable="false" sap:sortable="false" sap:filterable="false"/>
                <Property Name="Werks" Type="Edm.String" Nullable="false" MaxLength="4" sap:label="Office" sap:creatable="false" sap:updatable="false" sap:sortable="false" sap:filterable="false"/>
                <Property Name="BillAttrn" Type="Edm.String" Nullable="false" MaxLength="8" sap:label="Personnel No." sap:creatable="false" sap:updatable="false" sap:sortable="false" sap:filterable="false"/>
                <Property Name="Budat" Type="Edm.DateTime" Precision="7" sap:label="Posting Date" sap:creatable="false" sap:updatable="false" sap:sortable="false" sap:filterable="false"/>
                <Property Name="BudatFrom" Type="Edm.DateTime" Precision="7" sap:label="Posting Date" sap:creatable="false" sap:updatable="false" sap:sortable="false" sap:filterable="false"/>
                <Property Name="BudatTo" Type="Edm.DateTime" Precision="7" sap:label="Posting Date" sap:creatable="false" sap:updatable="false" sap:sortable="false" sap:filterable="false"/>
                <Property Name="Vbeln" Type="Edm.String" Nullable="false" MaxLength="10" sap:label="Sales Document" sap:creatable="false" sap:updatable="false" sap:sortable="false" sap:filterable="false"/>
                <Property Name="Client" Type="Edm.String" Nullable="false" MaxLength="10" sap:label="Client" sap:creatable="false" sap:updatable="false" sap:sortable="false" sap:filterable="false"/>
                <Property Name="MpatnerParvw" Type="Edm.String" Nullable="false" MaxLength="2" sap:label="Partner Functn" sap:creatable="false" sap:updatable="false" sap:sortable="false" sap:filterable="false"/>
                <Property Name="Mpatner" Type="Edm.String" Nullable="false" MaxLength="8" sap:label="Personnel No." sap:creatable="false" sap:updatable="false" sap:sortable="false" sap:filterable="false"/>
                <Property Name="Rptgroup" Type="Edm.String" Nullable="false" MaxLength="24" sap:label="Matter Reporting Grp" sap:creatable="false" sap:updatable="false" sap:sortable="false" sap:filterable="false"/>
                <Property Name="Mgbill" Type="Edm.String" Nullable="false" MaxLength="24" sap:label="Group Billing ID" sap:creatable="false" sap:updatable="false" sap:sortable="false" sap:filterable="false"/>
                <Property Name="MessageV1" Type="Edm.String" Nullable="false" MaxLength="1000" sap:label="Message String" sap:creatable="false" sap:updatable="false" sap:sortable="false" sap:filterable="false"/>
                <Property Name="Iserror" Type="Edm.String" Nullable="false" MaxLength="1" sap:label="Boolean" sap:creatable="false" sap:updatable="false" sap:sortable="false" sap:filterable="false"/>
                <Property Name="Message" Type="Edm.String" Nullable="false" MaxLength="1000" sap:label="Message String" sap:creatable="false" sap:updatable="false" sap:sortable="false" sap:filterable="false"/>
            </EntityType>
            <EntityType Name="ZprsShOfficeF" sap:content-version="1">
                <Key>
                    <PropertyRef Name="Werks"/>
                </Key>
                <Property Name="Werks" Type="Edm.String" Nullable="false" MaxLength="4" sap:label="Office" sap:creatable="false" sap:updatable="false" sap:sortable="false"/>
                <Property Name="Name1" Type="Edm.String" Nullable="false" MaxLength="30" sap:label="Name 1" sap:creatable="false" sap:updatable="false" sap:sortable="false"/>
            </EntityType>
            <EntityType Name="ZprsShKunnrF" sap:content-version="1">
                <Key>
                    <PropertyRef Name="Kunnr"/>
                </Key>
                <Property Name="Kunnr" Type="Edm.String" Nullable="false" MaxLength="10" sap:label="Client" sap:creatable="false" sap:updatable="false" sap:sortable="false"/>
                <Property Name="Name1" Type="Edm.String" Nullable="false" MaxLength="35" sap:label="Name" sap:creatable="false" sap:updatable="false" sap:sortable="false" sap:filterable="false"/>
            </EntityType>
            <EntityType Name="ZprsShTimekeeper" sap:content-version="1">
                <Key>
                    <PropertyRef Name="Pernr"/>
                </Key>
                <Property Name="Pernr" Type="Edm.String" Nullable="false" MaxLength="8" sap:label="Personnel no." sap:creatable="false" sap:updatable="false" sap:sortable="false"/>
                <Property Name="Ename" Type="Edm.String" Nullable="false" MaxLength="40" sap:label="Empl./Appl.Name" sap:creatable="false" sap:updatable="false" sap:sortable="false" sap:filterable="false"/>
            </EntityType>
            <EntityType Name="PartnerDetail" sap:content-version="1">
                <Key>
                    <PropertyRef Name="Pernr"/>
                    <PropertyRef Name="Parvw"/>
                </Key>
                <Property Name="Pernr" Type="Edm.String" Nullable="false" MaxLength="12" sap:label="Partner" sap:creatable="false" sap:updatable="false" sap:sortable="false" sap:filterable="false"/>
                <Property Name="Parvw" Type="Edm.String" Nullable="false" MaxLength="2" sap:label="Partner Functn" sap:creatable="false" sap:updatable="false" sap:sortable="false" sap:filterable="false"/>
                <Property Name="Name1" Type="Edm.String" Nullable="false" MaxLength="40" sap:label="Empl./Appl.Name" sap:creatable="false" sap:updatable="false" sap:sortable="false" sap:filterable="false"/>
            </EntityType>
            <EntityType Name="PartnerType" sap:content-version="1">
                <Key>
                    <PropertyRef Name="Parvw"/>
                </Key>
                <Property Name="Parvw" Type="Edm.String" Nullable="false" sap:label="Partner Type" sap:creatable="false" sap:updatable="false" sap:sortable="false" sap:filterable="false"/>
                <Property Name="Vtext" Type="Edm.String" Nullable="false" sap:label="Description" sap:creatable="false" sap:updatable="false" sap:sortable="false" sap:filterable="false"/>
            </EntityType>
            <EntityType Name="ZprsShBukrsF" sap:content-version="1">
                <Key>
                    <PropertyRef Name="Bukrs"/>
                </Key>
                <Property Name="Bukrs" Type="Edm.String" Nullable="false" MaxLength="4" sap:label="Company Code" sap:creatable="false" sap:updatable="false" sap:sortable="false" sap:filterable="false"/>
                <Property Name="Butxt" Type="Edm.String" Nullable="false" MaxLength="25" sap:label="Company Name" sap:creatable="false" sap:updatable="false" sap:sortable="false" sap:filterable="false"/>
            </EntityType>
            <EntityType Name="ZprsShZzbillteamWf" sap:content-version="1">
                <Key>
                    <PropertyRef Name="Zzbillteam"/>
                </Key>
                <Property Name="Zzbillteam" Type="Edm.String" Nullable="false" MaxLength="3" sap:label="Billing Team" sap:creatable="false" sap:updatable="false" sap:sortable="false" sap:filterable="false"/>
                <Property Name="Zzdesc" Type="Edm.String" Nullable="false" MaxLength="40" sap:label="Description" sap:creatable="false" sap:updatable="false" sap:sortable="false" sap:filterable="false"/>
            </EntityType>
            <EntityType Name="ZprsShZzgrpbillidWf" sap:content-version="1">
                <Key>
                    <PropertyRef Name="Zzgrpbillid"/>
                </Key>
                <Property Name="Zzgrpbillid" Type="Edm.String" Nullable="false" MaxLength="24" sap:label="Group Billing ID" sap:creatable="false" sap:updatable="false" sap:sortable="false" sap:filterable="false"/>
                <Property Name="Post1" Type="Edm.String" Nullable="false" MaxLength="40" sap:label="Description" sap:creatable="false" sap:updatable="false" sap:sortable="false" sap:filterable="false"/>
            </EntityType>
            <EntityType Name="ZprsShPspidF" sap:content-version="1">
                <Key>
                    <PropertyRef Name="Pspid"/>
                </Key>
                <Property Name="Pspid" Type="Edm.String" Nullable="false" MaxLength="24" sap:label="Project Def." sap:creatable="false" sap:updatable="false" sap:sortable="false" sap:filterable="false"/>
                <Property Name="Post1" Type="Edm.String" Nullable="false" MaxLength="40" sap:label="Description" sap:creatable="false" sap:updatable="false" sap:sortable="false" sap:filterable="false"/>
            </EntityType>
            <EntityType Name="ZprsShClientF" sap:content-version="1">
                <Key>
                    <PropertyRef Name="Kunnr"/>
                </Key>
                <Property Name="Kunnr" Type="Edm.String" Nullable="false" MaxLength="10" sap:label="Client" sap:creatable="false" sap:updatable="false" sap:sortable="false" sap:filterable="false"/>
                <Property Name="Name1" Type="Edm.String" Nullable="false" MaxLength="35" sap:label="Name" sap:creatable="false" sap:updatable="false" sap:sortable="false" sap:filterable="false"/>
            </EntityType>
            <EntityContainer Name="ZPRS_DB_WF01_SRV_Entities" m:IsDefaultEntityContainer="true" sap:supported-formats="atom json xlsx">
                <EntitySet Name="MatterDetailSet" EntityType="ZPRS_DB_WF01_SRV.MatterDetail" sap:creatable="false" sap:updatable="false" sap:deletable="false" sap:pageable="false" sap:content-version="1"/>
                <EntitySet Name="BillDetailSet" EntityType="ZPRS_DB_WF01_SRV.BillDetail" sap:creatable="false" sap:updatable="false" sap:deletable="false" sap:pageable="false" sap:addressable="false" sap:content-version="1"/>
                <EntitySet Name="ZprsShOfficeFSet" EntityType="ZPRS_DB_WF01_SRV.ZprsShOfficeF" sap:creatable="false" sap:updatable="false" sap:deletable="false" sap:pageable="false" sap:content-version="1"/>
                <EntitySet Name="ZprsShKunnrFSet" EntityType="ZPRS_DB_WF01_SRV.ZprsShKunnrF" sap:creatable="false" sap:updatable="false" sap:deletable="false" sap:pageable="false" sap:content-version="1"/>
                <EntitySet Name="ZprsShTimekeeperSet" EntityType="ZPRS_DB_WF01_SRV.ZprsShTimekeeper" sap:creatable="false" sap:updatable="false" sap:deletable="false" sap:pageable="false" sap:content-version="1"/>
                <EntitySet Name="PartnerDetailSet" EntityType="ZPRS_DB_WF01_SRV.PartnerDetail" sap:creatable="false" sap:updatable="false" sap:deletable="false" sap:pageable="false" sap:addressable="false" sap:content-version="1"/>
                <EntitySet Name="PartnerTypeSet" EntityType="ZPRS_DB_WF01_SRV.PartnerType" sap:creatable="false" sap:updatable="false" sap:deletable="false" sap:pageable="false" sap:addressable="false" sap:content-version="1"/>
                <EntitySet Name="ZprsShBukrsFSet" EntityType="ZPRS_DB_WF01_SRV.ZprsShBukrsF" sap:creatable="false" sap:updatable="false" sap:deletable="false" sap:pageable="false" sap:content-version="1"/>
                <EntitySet Name="ZprsShZzbillteamWfSet" EntityType="ZPRS_DB_WF01_SRV.ZprsShZzbillteamWf" sap:creatable="false" sap:updatable="false" sap:deletable="false" sap:pageable="false" sap:content-version="1"/>
                <EntitySet Name="ZprsShZzgrpbillidWfSet" EntityType="ZPRS_DB_WF01_SRV.ZprsShZzgrpbillidWf" sap:creatable="false" sap:updatable="false" sap:deletable="false" sap:pageable="false" sap:content-version="1"/>
                <EntitySet Name="ZprsShPspidFSet" EntityType="ZPRS_DB_WF01_SRV.ZprsShPspidF" sap:creatable="false" sap:updatable="false" sap:deletable="false" sap:pageable="false" sap:content-version="1"/>
                <EntitySet Name="ZprsShClientFSet" EntityType="ZPRS_DB_WF01_SRV.ZprsShClientF" sap:creatable="false" sap:updatable="false" sap:deletable="false" sap:pageable="false" sap:content-version="1"/>
                <FunctionImport Name="CreateDraft" ReturnType="Collection(ZPRS_DB_WF01_SRV.BillDetail)" EntitySet="BillDetailSet" m:HttpMethod="GET">
                    <Parameter Name="Submit" Type="Edm.String" Mode="In"/>
                    <Parameter Name="PSPID" Type="Edm.String" Mode="In"/>
                    <Parameter Name="budat_to" Type="Edm.String" Mode="In"/>
                    <Parameter Name="budat_from" Type="Edm.String" Mode="In"/>
                </FunctionImport>
            </EntityContainer>
            <atom:link
                xmlns:atom="http://www.w3.org/2005/Atom" rel="self" href="./sap/ZPRS_DB_WF01_SRV/$metadata"/>
                <atom:link
                    xmlns:atom="http://www.w3.org/2005/Atom" rel="latest-version" href="./sap/ZPRS_DB_WF01_SRV/$metadata"/>
                </Schema>
            </edmx:DataServices>
        </edmx:Edmx>