<core:FragmentDefinition xmlns="sap.m" xmlns:l="sap.ui.layout" xmlns:core="sap.ui.core" xmlns:f="sap.ui.layout.form"
	xmlns:smartField="sap.ui.comp.smartfield" xmlns:app="http://schemas.sap.com/sapui5/extension/sap.ui.core.CustomData/1">
	<Dialog contentHeight="10rem" contentWidth="400px" title="{i18n>AMENDMENT_DIALOG_TITLE}" class="sapUiSizeCompact" afterClose="onCloseDialog">
		<content>
			<l:Grid defaultSpan="L12 M12 S12">
				<l:content class="sapUiNoContentPadding">
					<VBox class="sapUiLargeMarginTop">
						<core:Icon src="sap-icon://request" size="5rem" color="#072B8A">
							<core:layoutData>
								<FlexItemData growFactor="1"/>
							</core:layoutData>
						</core:Icon>
						<layoutData>
							<l:GridData span="L3 M12 S12"/>
						</layoutData>
					</VBox>
					<VBox class="sapUiNoContentPadding">
						<f:SimpleForm layout="ResponsiveGridLayout" labelSpanXL="3" labelSpanL="3" labelSpanM="3"
							labelSpanS="12" adjustLabelSpan="false" emptySpanXL="4" emptySpanL="4" emptySpanM="4" emptySpanS="0" columnsXL="1" columnsL="1" columnsM="1"
							singleContainerFullSize="false">
							<f:content>
								<HBox>
									<RadioButton groupName="GroupA" text="{i18n>AMENDMENT_RADIOBTN_TEXT_CLIENT}" select="onSelect" app:selection="CA" selected="{generalSettings>/bclientRBtn}" />
									<RadioButton groupName="GroupA" text="{i18n>AMENDMENT_RADIOBTN_TEXT_MATTER}" select="onSelect" app:selection="MA" selected="{generalSettings>/bMatterRBtn}" class="sapUiMediumMarginBegin"/>
								</HBox>
								<smartField:SmartLabel labelFor="cmiamendment.idClientList" visible="true"/>
								<smartField:SmartField value="{ClientCa}" id="cmiamendment.idClientList" visible="{generalSettings>/bclientVisibility}" change="onClientChange">
									<smartField:configuration>
										<smartField:Configuration preventInitialDataFetchInValueHelpDialog="false"/>
									</smartField:configuration>
								</smartField:SmartField>
								<smartField:SmartLabel labelFor="cmiamendment.idMatterList" visible="true"/>
								<smartField:SmartField value="{Mattername}" id="cmiamendment.idMatterList" visible="{generalSettings>/bmatterVisibility}" change="onMatterChange">
									<smartField:configuration>
										<smartField:Configuration preventInitialDataFetchInValueHelpDialog="false"/>
									</smartField:configuration>
								</smartField:SmartField>
							</f:content>
						</f:SimpleForm>
						<layoutData>
							<l:GridData span="L9 M12 S12"/>
						</layoutData>
					</VBox>
				</l:content>
			</l:Grid>
		</content>
		<beginButton>
			<Button text="{i18n>BUTTON_TEXT_SUBMIT}" press="onPressSubmit" type="Emphasized" enabled="{generalSettings>/bSubBtnVisibility}"/>
		</beginButton>
		<endButton>
			<Button text="{i18n>BUTTON_TXT_CANCEL}" press="onCloseDialog" type="Emphasized"/>
		</endButton>
	</Dialog>
</core:FragmentDefinition>