<core:FragmentDefinition xmlns="sap.m" xmlns:core="sap.ui.core" xmlns:l="sap.ui.layout">
	<Dialog class="sapUiSizeCompact" contentWidth="30%">
		<content>
			<VBox>
				<HBox class="sapUiSmallMargin">
					<ObjectIdentifier title="Categories" class="sapUiTinyMarginEnd"/>
				</HBox>
				<List id="idCategoriesList" class="clHeader"
					items="{ path:'categories>/Terms', sorter: { path:'CategoryidDesc', descending: false, group: true }, groupHeaderFactory: '.getGroupHeader' }"
					itemPress="onPressSubCategorySelection">
					<StandardListItem title="{categories>SubcategoryidDesc}" type="Active"/>
				</List>
			</VBox>
		</content>
		<endButton>
			<Button text="{i18n>BUTTON_TXT_CANCEL}" press="onCategoryDialogClose" type="Emphasized"/>
		</endButton>
	</Dialog>
</core:FragmentDefinition>