<core:FragmentDefinition xmlns="sap.m" xmlns:l="sap.ui.layout" xmlns:core="sap.ui.core"
	xmlns:app="http://schemas.sap.com/sapui5/extension/sap.ui.core.CustomData/1" xmlns:smartField="sap.ui.comp.smartfield">
	<Dialog contentWidth="440px" contentHeight="38rem" showHeader="false" class="sapUiSizeCompact sapUiNoContentPadding">
		<content>
			<NavContainer id="cmiamendmentnew.masterPage" class="sapUiSizeCompact sapUiNoContentPadding">
				<Page showHeader="true" title="{i18n>newRequestTitle}">
					<List id="list" class="sapUiSizeCompact sapUiNoContentPadding">
						<StandardListItem app:masterPage="cmiamendmentnew.masterPage" app:source="NCNM" app:destination="cmiamendmentnew.clientInfo" title="{i18n>NCNM}" type="Navigation"
							press="onPressNewClient" iconDensityAware="false" iconInset="false"/>
						<StandardListItem app:masterPage="cmiamendmentnew.masterPage" app:source="ECNM" app:destination="cmiamendmentnew.clientInfo" title="{i18n>ECNM}"
							type="Navigation" press="onPressNewClient" iconDensityAware="false" iconInset="false"/>
						<StandardListItem app:masterPage="cmiamendmentnew.masterPage" app:destination="SUBM" title="{i18n>ClientAmendment}" type="Navigation"
							press="onPressClientAmendment" iconDensityAware="false" iconInset="false"/>
						<StandardListItem app:masterPage="cmiamendmentnew.masterPage" app:destination="SUBM" title="{i18n>MatterAmendment}" type="Navigation"
							press="onPressMatterAmendment" iconDensityAware="false" iconInset="false"/>
					</List>
				</Page>
				<Page id="cmiamendmentnew.clientInfo" showNavButton="true" navButtonPress="onPressClientFormNavBackButton" title="New Client New Matter">
					<core:Fragment fragmentName="cmiamendmentnew.fragment.Client" type="XML" class="sapUiTinyMarginTop"/>
				</Page>
			</NavContainer>
		</content>
		<beginButton>
			<Button text="Submit" press="onPressSubmit" type="Emphasized" visible="{generalSettings>/bClientSubmitButton}"/>
		</beginButton>
		<endButton>
			<Button text="Cancel" press="onCloseDialog" type="Emphasized"/>
		</endButton>
	</Dialog>
</core:FragmentDefinition>