<core:FragmentDefinition xmlns:core="sap.ui.core" xmlns="sap.m">
	<UploadCollection id="UploadCollection" maximumFilenameLength="55" maximumFileSize="10" multiple="true" showSeparators="All"
		change="onChange" fileDeleted="onFileDeleted" uploadComplete="onUploadComplete" beforeUploadStarts="onBeforeUploadStarts"
		filenameLengthExceed="onFilenameLengthExceed" fileRenamed="onFileRenamed" fileSizeExceed="onFileSizeExceed"
		selectionChange="onSelectionChange" typeMissmatch="onTypeMissmatch" uploadTerminated="onUploadTerminated" mode="SingleSelectMaster"
		items="{ path:'Ocgs', templateShareable: false }" uploadEnabled="{path:'generalSettings>/Edit',formatter:'.formatter.editRequestScreen'}">
		<items>
			<UploadCollectionItem documentId="{Filesize}" fileName="{Filename}" mimeType="{Mimetype}" enableEdit="false" enableDelete="false"
				visibleDelete="false" visibleEdit="false">
				<attributes>
					<ObjectAttribute title="{i18n>ATTACHEMNT_TXT_UploadBy}" text="{Uploadedby}"/>
					<ObjectAttribute title="{i18n>ATTACHEMNT_TXT_UploadOn}"
						text="{path:'Uploadeddate', type: 'sap.ui.model.type.Date', formatOptions: { style: 'medium',UTC: true } }"/>
					<ObjectAttribute text="{i18n>ADDTERMS_BTN_TXT_AddTerms}" active="true" visible="{path:'', formatter: '.showOcgAddterm'}" press="onPressAddTerms"  class="sapDisplayTermClass"/>
					
					<ObjectAttribute text="{i18n>ADDTERMS_BTN_TXT_ViewTerms}" active="true" visible="{= ${path:'', formatter: '.showOcgAddterm'} === false}" press="onPressAddTerms"  class="sapDisplayTermClass"/>
				
				
					<!--<ObjectAttribute text="Submit" class="sapDisplayTermClass sapUiSmallMarginBegin">-->
					<!--	<customContent>-->
					<!--		<Link press="onPressSubmitOcgTerms" text="Submit" class="sapUiSmallMarginEnd" enabled="{parts:[{path:'Ostatus'},{path:'generalSettings>/Edit'}],formatter:'.formatter.isSubmitTermsEnabled'}"/>-->
					<!--	</customContent>-->
					<!--</ObjectAttribute>-->
				</attributes>
					<statuses>
					<ObjectStatus class="sapUiSmallMarginBottom" text="{Ostatus}" state="Success"/>
				</statuses>
			</UploadCollectionItem>
		</items>
	</UploadCollection>
</core:FragmentDefinition>