<core:FragmentDefinition xmlns="sap.m" xmlns:mvc="sap.ui.core.mvc" xmlns:core="sap.ui.core" xmlns:ux="sap.uxap" xmlns:l="sap.ui.layout"
	xmlns:f="sap.ui.layout.form">
	<IconTabBar id="idAttachment" upperCase="false" select="onDocumentClick" expanded="{device>/isNoPhone}"
		class="sapUiResponsiveContentNoPadding">
		<items>
			<IconTabFilter key="CM" text="Comments">
				<l:Grid defaultSpan="L12 M12 S12" hSpacing="0" vSpacing="0">
					<l:content>
							<FeedInput enabled="{path:'generalSettings>/Edit',formatter:'.formatter.editRequestScreen'}" showIcon="false" post="onPostComments" placeholder="{i18n>commentPlcHolder}"/>
						<ScrollContainer id="scrollContainer" width="100%" horizontal="true" vertical="true" focusable="true">
							<List id="idCommentsList" class="sapUiSizeCompact" items="{ path:'Comments', templateShareable: false }"
								delete="handleDeleteComments"  mode="{= ${generalSettings>/Edit} === '' ? 'None' : 'Delete'}">
								<FeedListItem class="sapUiSizeCompact" showIcon="false" sender="{Addedby}"
									timestamp="{path:'Addedon',formatter:'.formatter.singleDates'}" 
									text="{UserComment}"/>
							</List>
						</ScrollContainer>
					</l:content>
				</l:Grid>
			</IconTabFilter>
			<IconTabFilter id="CD" key="CD" text="{i18n>ATTACHEMNT_TXT_ClntDocument}" visible="{=${Cmirequesttype} === 'CA' ? true:false}">
				<core:Fragment fragmentName="cmiamendmentnew.fragment.Documents" type="XML"/>
			</IconTabFilter>
			<IconTabFilter id="MD" key="MD" text="{i18n>ATTACHEMNT_TXT_MtrDocument}" visible="{=${Cmirequesttype} === 'MA' ? true:false}">
				<core:Fragment fragmentName="cmiamendmentnew.fragment.Documents" type="XML"/>
			</IconTabFilter>
		</items>
	</IconTabBar>
</core:FragmentDefinition>