<core:FragmentDefinition xmlns="sap.m" xmlns:mvc="sap.ui.core.mvc" xmlns:ux="sap.uxap" xmlns:l="sap.ui.layout" xmlns:f="sap.ui.layout.form"
	xmlns:core="sap.ui.core">
	<UploadCollection class="attachName" maximumFilenameLength="55" multiple="false" showSeparators="All" change="onChangeDocuments"
		fileDeleted="handleDeleteDocuments" selectionChange="onSelectionChange" typeMissmatch="onTypeMissmatch" uploadComplete="onUploadCompleteDocuments"
		beforeUploadStarts="onBeforeDocumentUploadStarts" uploadTerminated="onUploadTerminated" items="{ path:'Documents', templateShareable: false }"
		numberOfAttachmentsText="" mode="SingleSelectMaster" uploadUrl="/sap/opu/odata/SAP/ZPRS_CMI_SRV/Cmidocuments" uploadEnabled="{path:'generalSettings>/Edit',formatter:'.formatter.editRequestScreen'}" noDataText="No Documents">
		<items>
			<UploadCollectionItem fileName="{Filename}" documentId="{Docseq}" mimeType="{MimeType}"
				url="{url}" enableEdit="false" enableDelete="true" visibleDelete="{path:'generalSettings>/Edit',formatter:'.formatter.editRequestScreen'}" visibleEdit="false">
					<attributes>
					<ObjectAttribute title="{i18n>ATTACHEMNT_TXT_UploadBy}" text="{Uploadedby}"/>
					<ObjectAttribute title="{i18n>ATTACHEMNT_TXT_UploadOn}" text="{path:'Uploadeddate', type: 'sap.ui.model.type.Date', formatOptions: { style: 'medium',UTC: true } }"/>
				</attributes>
			</UploadCollectionItem>
		</items>
	</UploadCollection>

</core:FragmentDefinition>