<core:FragmentDefinition xmlns:m="sap.m" xmlns:l="sap.ui.layout" xmlns:core="sap.ui.core" xmlns:smartField="sap.ui.comp.smartfield" xmlns="sap.ui.table">
	<m:Dialog title="Known Party Conflicts" xmlns:app="http://schemas.sap.com/sapui5/extension/sap.ui.core.CustomData/1"
		xmlns:smartTable="sap.ui.comp.smarttable" class="sapUiSizeCompact sapUiNoContentPadding" contentWidth="99%" contentHeight="65%">
		<m:content>
			<smartTable:SmartTable id="idViewConflictsTable" tableType="Table" useExportToExcel="false"
				useVariantManagement="false" useTablePersonalisation="true" showRowCount="true" persistencyKey="SmartTableAnalytical_Explored"
				enableAutoBinding="false" app:useSmartField="true" beforeRebindTable="handlebeforeRebindTable" requestAtLeastFields="Wfstatk,Conflictsequenceno">
				<Table mode="{= ${generalSettings>Edit} === '' ? 'None' : 'MultiSelect'}" >
					<columns>
						<Column width="12rem">
							<customData>
								<core:CustomData key="p13nData" value='\{"columnKey": "Client","leadingProperty": "Client"}'/>
							</customData>
							<m:Label text="{i18n>CONFLICTS_LBL_Client}"/>
							<template>
									<m:Text text="{Client}"/>
							</template>
							</Column>
						<Column  width="12rem">
							<customData>
								<core:CustomData key="p13nData" value='\{"columnKey": "Matter","leadingProperty": "Matter"}'/>
							</customData>
							<m:Text text="{i18n>CONFLICTS_LBL_Matter}"/>
								<template>
									<m:Text text="{Matter}"/>
							</template>
							</Column>
						<Column  width="10rem">
							<customData>
								<core:CustomData key="p13nData" value='\{"columnKey": "Matterstatus","leadingProperty": "Matterstatus"}'/>
							</customData>
							<m:Text text="{i18n>CONFLICTS_LBL_MatterStatus}"/>
								<template>
									<m:Text text="{Matterstatus}"/>
							</template>
							</Column>
						<Column  width="10rem">
							<customData>
								<core:CustomData key="p13nData" value='\{"columnKey": "Name","leadingProperty": "Name"}'/>
							</customData>
							<m:Text text="{i18n>CONFLICTS_LBL_Party}"/>
							<template>
									<m:Text text="{Name}"/>
							</template>
							</Column>
						<Column  width="10rem">
							<customData>
								<core:CustomData key="p13nData" value='\{"columnKey": "Leadpartner","leadingProperty": "Leadpartner"}'/>
							</customData>
							<m:Text text="{i18n>CONFLICTS_LBL_LeadPartner}"/>
							<template>
									<m:Text text="{Leadpartner}"/>
							</template>
							</Column>
						<Column  width="10rem">
							<customData>
								<core:CustomData key="p13nData" value='\{"columnKey": "Role","leadingProperty": "Role"}'/>
							</customData>
							<m:Text text="{i18n>CONFLICTS_LBL_Role}"/>
							<template>
									<m:Text text="{Role}"/>
							</template>
							</Column>
						<Column  width="10rem">
							<customData>
								<core:CustomData key="p13nData" value='\{"columnKey": "Practicegroup","leadingProperty": "Practicegroup"}'/>
							</customData>
							<m:Text text="{i18n>CONFLICTS_LBL_PracticeGrpDesc}"/>
							<template>
									<m:Text text="{Practicegroup}"/>
							</template>
							</Column>
					</columns>
				</Table>
			</smartTable:SmartTable>
		</m:content>
		<m:beginButton>
			<m:Button text="{i18n>BUTTON_TEXT_SUBMIT}" enabled="{path:'generalSettings>/Edit',formatter:'.formatter.editRequestScreen'}" visible="true" press="onSubmitViewConflicts" type="Emphasized"/>
		</m:beginButton>
		<m:endButton>
			<m:Button text="{i18n>BUTTON_TXT_CANCEL}" press="onPressCloseConflicts" type="Emphasized"/>
		</m:endButton>
	</m:Dialog>
</core:FragmentDefinition>