{
	"CMIHDR": [{
		"Cmino": "0001",
		"Requestuser": "John",
		"Requesttime": "10:10",
		"Cmirequesttype": ""
	}],
	"AddTerms": [{
		"DocumentId": "Doc0001",
		"DocumentTitle": "Client Outside Counsel Guidelines II",
		"Status": "Submitted",
		"FileName": "Client OCGs.doc",
		"Date": "01/20/2017",
		"FileSize": "19.68 KB",
		"MimeType": "application/pdf",
		"url": "file:///C:/Users/FGT0036/Desktop/List%20of%20Holiday%20-%202017%20-%20Fulcrum.pdf"

	}, {
		"DocumentId": "Doc0002",
		"DocumentTitle": "Client Outside Counsel Guidelines II",
		"Status": "Submitted",
		"FileName": "Client OCGs.doc",
		"Date": "01/20/2017",
		"FileSize": "19.68 KB",
		"MimeType": "application/pdf",
		"url": "file:///C:/Users/FGT0036/Desktop/List%20of%20Holiday%20-%202017%20-%20Fulcrum.pdf"
	}, {
		"DocumentId": "Doc0003",
		"DocumentTitle": "Client Outside Counsel Guidelines II",
		"Status": "Submitted",
		"FileName": "Client OCGs.doc",
		"Date": "01/20/2017",
		"FileSize": "19.68 KB",
		"MimeType": "application/pdf",
		"url": "file:///C:/Users/FGT0036/Desktop/List%20of%20Holiday%20-%202017%20-%20Fulcrum.pdf"
	}, {
		"DocumentId": "Doc0004",
		"DocumentTitle": "Client Outside Counsel Guidelines II",
		"Status": "Submitted",
		"FileName": "Client OCGs.doc",
		"Date": "01/20/2017",
		"FileSize": "19.68 KB",
		"MimeType": "application/pdf",
		"url": "file:///C:/Users/FGT0036/Desktop/List%20of%20Holiday%20-%202017%20-%20Fulcrum.pdf"
	}, {
		"DocumentId": "Doc0005",
		"DocumentTitle": "Client Outside Counsel Guidelines II",
		"Status": "Submitted",
		"FileName": "Client OCGs.doc",
		"Date": "01/20/2017",
		"FileSize": "19.68 KB",
		"MimeType": "application/pdf",
		"url": "file:///C:/Users/FGT0036/Desktop/List%20of%20Holiday%20-%202017%20-%20Fulcrum.pdf"
	}],
	"Classification": [{
		"Key": "Individual",
		"Classificationk": "Individual"
	}, {
		"Key": "Organization",
		"Classificationk": "Organization"
	}],
	"BillingOffice": [{
		"Key": "Chicago",
		"Bofficek": "Chicago"
	}, {
		"Key": "Hoffman Estates",
		"Bofficek": "Hoffman Estates"
	}],
	"CMICLIENT": [{
		"Cmino": "0001",
		"Client#": "001",
		"Name": "John Doe",
		"Classificationk": "Individual",
		"Notes": false,
		"Addr1": "2820 Greenspoint Pkwy",
		"Addr2": "Hoffman Estates",
		"City": "Hoffmen Estate",
		"Statek": "Illinois",
		"Zip": "60196",
		"Countryk": "USA",
		"Email": "asmith@emailaddress.com",
		"Bofficek": "Chicago",
		"Clnttype": "",
		"CMICLNTCONTACT": [{
			"Cmino": "0001",
			"Contactseq": "",
			"Name": "Adam Smith",
			"Contacttype": "",
			"Email": "smith @emailaddress.com",
			"Phone": "812-234-4445"
		}, {
			"Cmino": "0001",
			"Contactseq": "",
			"Name": "John",
			"Contacttype": "",
			"Email": "John @emailaddress.com",
			"Phone": "812-234-4445"
		}],
		"CMILEADPARTNER": [{
			"Cmino": "",
			"Rank": "1",
			"Office": "CHI1",
			"Leadpartnerk": "Jane Don",
			"Phone": "312-212-8499",
			"Email": "abc@emailsddress.com"
		}, {
			"Cmino": "",
			"Rank": "2",
			"Office": "CHI1",
			"Leadpartnerk": "Adam Smith",
			"Phone": "312-212-8499",
			"Email": "Adam@emailsddress.com"
		}]
	}, {
		"Cmino": "0001",
		"Client#": "0002",
		"Name": "Mpeg La, L.L.C",
		"Classificationk": "Organization",
		"Notes": false,
		"Addr1": "4589 GreenPoint",
		"Addr2": "PM Estates, IL 698940",
		"City": "Hoffmen Estate",
		"Statek": "Illinois",
		"Zip": "60196",
		"Countryk": "USA",
		"Email": "asmith@emailaddress.com",
		"Bofficek": "Chicago, IL",
		"CMICLNTCONTACT": [{
			"Cmino": "0001",
			"Contactseq": "",
			"Name": "Adam Smith",
			"Contacttype": "",
			"Email": "smith @emailaddress.com",
			"Phone": "812-234-4445"
		}, {
			"Cmino": "0001",
			"Contactseq": "",
			"Name": "John",
			"Contacttype": "",
			"Email": "John@emailaddress.com",
			"Phone": "812-234-4445"
		}],
		"CMILEADPARTNER": [{
			"Cmino": "",
			"Rank": "1",
			"Office": "Chicago",
			"LeadPartner": "Jane Don",
			"Phone": "312-212-8499",
			"Email": "abc@emailsddress.com"
		}, {
			"Cmino": "",
			"Rank": "2",
			"Office": "Chicago",
			"Leadpartnerk": "Adam Smith",
			"Phone": "312-212-8499",
			"Email": "Adam@emailsddress.com"
		}]
	}],
	"CMICLNTCONTACT": [{
		"Cmino": "0001",
		"Contactseq": "",
		"Name": "Adam Smith",
		"Contacttype": "",
		"Email": "smith @emailaddress.com",
		"Phone": "812-234-4445"
	}],
	"CMILEADPARTNER": [{
		"Cmino": "0001",
		"Rank": "1",
		"Office": "CHI1",
		"LeadPartner": "Jane Don",
		"Phone": "312-212-8499",
		"Email": "abc@emailsddress.com"
	}],
	"CMIKNOWNPARTY": [{
		"Cmino": "0001",
		"Knownpartyseq": "John Doe",
		"Classificationk": "Individual",
		"Rolek": "Client",
		"Designation": "Clients Other Business",
		"Notes": false,
		"Attachements": ""
	}, {
		"Cmino": "0001",
		"Knownpartyseq": "Thrifty Supply CO",
		"Classificationk": "Organization",
		"Rolek": "Client",
		"Designation": "Clients Other Business",
		"Notes": false,
		"Attachements": ""

	}, {
		"Cmino": "0001",
		"Knownpartyseq": "Natasha Ruiz, Jan Hunt",
		"Classificationk": "Collaboration",
		"Rolek": "Client",
		"Designation": "Clients Other Business",
		"Notes": false,
		"Attachements": ""
	}],
	"CMIMATTER": [{

		"Cmino": "0001",
		"Quote#": "01",
		"Mattername": "Marbury v. Madison",
		"Servicearea": "Commercial Litigation",
		"Practicegroup ": "Intellectual Property",
		"Mmak": "Natasha Ruiz",
		"Mmoffice": "",
		"Estimatedfees": "50,000",
		"Estimatedfeecurr": "",
		"Matterdesc": "Lorem ipsum dolor sit amet, consectetur adipisicing elit.",
		"Alternatepayor": "",
		"Altpayorname": "John Doe",
		"Altpayoraddr1": "2820 Greenspoint Pkwy",
		"Altpayoraddr2": "2820 Greenspoint Pkwy",
		"Altpayorcityk": "Hoffman Estates",
		"Altpayorstatek": "Illinois",
		"Altpayorzip": "60169",
		"Altpayorcountryk": "United States",
		"Altpayorphone": "312-212-8499",
		"documents": ""
	}, {

		"Cmino": "0001",
		"Quote#": "02",
		"Mattername": "Gibbons v. Ogden",
		"Servicearea": "Commercial Litigation",
		"Practicegroup ": "Intellectual Property",
		"Mmak": "Natasha Ruiz",
		"Mmoffice": "",
		"Estimatedfees": "50,000",
		"Estimatedfeecurr": "",
		"Matterdesc": "Lorem ipsum dolor sit amet, consectetur adipisicing elit.",
		"Alternatepayor": "",
		"Altpayorname": "John Doe",
		"Altpayoraddr1": "2820 Greenspoint Pkwy",
		"Altpayoraddr2": "2820 Greenspoint Pkwy",
		"Altpayorcityk": "Hoffman Estates",
		"Altpayorstatek": "Illinois",
		"Altpayorzip": "60169",
		"Altpayorcountryk": "United States",
		"Altpayorphone": "312-212-8499",
		"documents": ""

	}],
	"CMICONSIDERATION": [{
		"Cmino": "",
		"Considerationseq": "",
		"Considerationtype": "",
		"Consderationk": "",
		"Consideration": "",
		"Countryrequired": "",
		"Countryk": "",
		"Explainationrequired": "",
		"Explaination": ""
	}],
	"CMIOCGTERM": [{
		"Cmino": "",
		"Cmicogseq": "Doc0001",
		"Termhdrk": "Client Outside Counsel Guidelines II",
		"Status": "Submitted",
		"Termitemk": "Client OCGs.doc",
		"Terms": ""
	}, {
		"Cmino": "",
		"Cmicogseq": "Doc0002",
		"Termhdrk": "Client Outside Counsel Guidelines II",
		"Status": "Submitted",
		"Termitemk": "Client OCGs.doc",
		"Terms": ""
	}],
	"CMIOCG": [{
		"Cmino": "",
		"Cmiocgseq": "",
		"ostatus": "",
		"Uploadeddate": "",
		"Uploadedby": ""
	}],
	"CMICONFLICTSEL": [{
		"Cmino": "",
		"Conflictselseq": "",
		"Partyname": "Marbury Corporation",
		"Role": "Related Party",
		"Conflictasclient": "Apple Inc.",
		"Conflictasap": "",
		"Conflictaskp": "",
		"Conflictasrp": ""

	}],
	"CategoriesCollection": [{
		"CategoryName": "Billing",
		"Name": "Hourly Rate"
	}, {
		"CategoryName": "Billing",
		"Name": "Most Favored"
	}, {
		"CategoryName": "Billing",
		"Name": "Required Fees"
	}, {
		"CategoryName": "Billing",
		"Name": "Budgeting"
	}, {
		"CategoryName": "Conflicts",
		"Name": "Waivers"
	}, {
		"CategoryName": "Conflicts",
		"Name": "Adversity"
	}],
	"MatterMgmtPartner": [{
		"Mattername": "Curtis Powell"
	}, {
		"Mattername": "Jan Hunt"
	}, {
		"Mattername": "Adem Alexander"
	}, {
		"Mattername": "Angie Vega"
	}, {
		"Mattername": "Patric Simon"
	}, {
		"Mattername": "Marion Stephens"
	}],
	"ServiceArea": [{
		"Servicearea": "Acquistion Finace"
	}, {
		"Servicearea": "Administrative Law"
	}, {
		"Servicearea": "Aircraft Finance"
	}, {
		"Servicearea": "Asset Finace"
	}, {
		"Servicearea": "Banking & Finace"
	}, {
		"Servicearea": "Banking & Finace Litigation"
	}, {
		"Servicearea": "Bankruptcy"
	}],
	"PracticeGroup": [{
		"Practicegroup": "3MLST-Phase"
	}, {
		"Practicegroup": "AntiTrust-Comp"
	}, {
		"Practicegroup": "Banking & Finance"
	}, {
		"Practicegroup": "Capital Markets"
	}, {
		"Practicegroup": "Compliance"
	}, {
		"Practicegroup": "Employment"
	}],
	"MatterMgmtOffice": [{
		"Mmoffice": "Global"
	}, {
		"Mmoffice": "Abu DHabi"
	}, {
		"Mmoffice": "Australia"
	}, {
		"Mmoffice": "Bankok"
	}, {
		"Mmoffice": "Canada"
	}, {
		"Mmoffice": "Germany"
	}],
	"StateSet": [{
		"Altpayorstatek": "Illinois"
	}],
	"CountrySet": [{
		"Altpayorcountryk": "USA"
	}, {
		"Altpayorcountryk": "Moscow"
	}]

}