<core:FragmentDefinition xmlns="sap.m" xmlns:mvc="sap.ui.core.mvc" xmlns:ux="sap.uxap" xmlns:l="sap.ui.layout" xmlns:f="sap.ui.layout.form"
	xmlns:core="sap.ui.core" xmlns:unified="sap.ui.unified">
	<l:BlockLayout id="DOID" class="sapUiNoContentPadding LabelAlign">
		<l:BlockLayoutRow>
			<l:BlockLayoutCell class="sapUiNoContentPadding">
				<l:Grid defaultSpan="L4 M6 S12" vSpacing="0" width="auto">
					<l:content class="sapUiNoContentPadding">
						<Label text="{i18n>CurrentOffer}" design="Bold" class="labelTopPad" textAlign="Right">
							<layoutData>
								<l:GridData span="L4 M6 S6"/>
							</layoutData>
						</Label>
						<!--<unified:Currency value="{path:'oMDLocal>/Invoice', type:'sap.ui.model.type.String'}" currency="{oMDLocal>/BudgetCurr}" useSymbol="true"/>-->
						<Input
							value="{path:'onDemandModel>/CurrentOffer' , type:'sap.ui.model.type.Float'} {path:'onDemandModel>/MatterCuky', formatter:'.formatter.currencyformate'}"
							width="auto" editable="{detailView>/editMatter}">
							<layoutData>
								<l:GridData span="L8 M6 S6"/>
							</layoutData>
						</Input>
						<Label text="{i18n>Authorization}" design="Bold" class="labelTopPad" textAlign="Right">
							<layoutData>
								<l:GridData span="L4 M6 S6"/>
							</layoutData>
						</Label>
						<Input
							value="{path:'onDemandModel>/AuthorizationAmount' ,type:'sap.ui.model.type.Float'} {path:'onDemandModel>/MatterCuky', formatter:'.formatter.currencyformate'}"
							width="auto" editable="{detailView>/editMatter}">
							<layoutData>
								<l:GridData span="L8 M6 S6"/>
							</layoutData>
						</Input>
						<Label text="{i18n>DemandAmount}" design="Bold" class="labelTopPad" textAlign="Right">
							<layoutData>
								<l:GridData span="L4 M6 S6"/>
							</layoutData>
						</Label>
						<Input
							value="{path:'onDemandModel>/DemandAmount',type:'sap.ui.model.type.Float'} {path:'onDemandModel>/MatterCuky', formatter:'.formatter.currencyformate'}"
							width="auto" editable="{detailView>/editMatter}">
							<layoutData>
								<l:GridData span="L8 M6 S6"/>
							</layoutData>
						</Input>
					</l:content>
				</l:Grid>
			</l:BlockLayoutCell>
		</l:BlockLayoutRow>
	</l:BlockLayout>
</core:FragmentDefinition>