<core:FragmentDefinition xmlns="sap.m" xmlns:mvc="sap.ui.core.mvc" xmlns:ux="sap.uxap" xmlns:l="sap.ui.layout" xmlns:f="sap.ui.layout.form"
	xmlns:core="sap.ui.core" xmlns:app="http://schemas.sap.com/sapui5/extension/sap.ui.core.CustomData/1">
	<l:BlockLayout id="FRID" class="LabelAlign">
		<l:BlockLayoutRow>
			<l:BlockLayoutCell>
				<l:Grid defaultSpan="L12 M12 S12" vSpacing="0" width="auto">
					<l:content>
						<Label text="{i18n>Outcome}" design="Bold" class="labelTopPad" textAlign="Right">
							<layoutData>
								<l:GridData span="L5 M6 S6"/>
							</layoutData>
						</Label>
						<Input value="{onFRModel>/Outcome} {onFRModel>/OutcomeDesc}" editable="{detailView>/editMatter}" showValueHelp="true"
							valueHelpRequest="_onSelectSearchHelpSrvF4" app:fName="Outcome" app:ffName="Outcome">
							<layoutData>
								<l:GridData span="L7 M6 S6"/>
							</layoutData>
						</Input>
						<Label text="{i18n>OutcomeSType}" design="Bold" class="labelTopPad" textAlign="Right">
							<layoutData>
								<l:GridData span="L5 M6 S6"/>
							</layoutData>
						</Label>
						<Input value="{onFRModel>/OutcomeSub} {onFRModel>/OutcomeSubDesc}" editable="{detailView>/editMatter}" showValueHelp="true"
							valueHelpRequest="_onSelectSearchHelpSrvF4" app:fName="OutcomeSType" app:ffName="OutcomeSType">
							<layoutData>
								<l:GridData span="L7 M6 S6"/>
							</layoutData>
						</Input>
						<Label text="{i18n>ResolutionDate}" design="Bold" class="labelTopPad" textAlign="Right">
							<layoutData>
								<l:GridData span="L5 M6 S6"/>
							</layoutData>
						</Label>
						<DatePicker dateValue="{path:'onFRModel>ResolutionDate',type: 'sap.ui.model.type.Date', formatOptions: {style:'medium',UTC:true}}"
							editable="{detailView>/editMatter}">
							<layoutData>
								<l:GridData span="L7 M6 S6"/>
							</layoutData>
						</DatePicker>
						<Label text="{i18n>TotalResAmount}" design="Bold" class="labelTopPad" textAlign="Right" width="auto">
							<layoutData>
								<l:GridData span="L5 M6 S6"/>
							</layoutData>
						</Label>
						<Input
							value="{path:'onFRModel>/TotResAmt' ,type:'sap.ui.model.type.Float'} {path:'onFRModel>/MatterCuky', formatter:'.formatter.currencyformate'}"
							editable="{detailView>/editMatter}">
							<layoutData>
								<l:GridData span="L7 M6 S6"/>
							</layoutData>
						</Input>
					</l:content>
				</l:Grid>
			</l:BlockLayoutCell>
			<l:BlockLayoutCell>
				<l:Grid defaultSpan="L12 M12 S12" vSpacing="0" class="sapUiNoContentPadding" textAlign="Right">
					<l:content>
						<Bar>
							<contentLeft>
								<Text text="{i18n>Payments}" textAlign="Right"/>
							</contentLeft>
						</Bar>
						<Label text="{i18n>FinalResolutionAmount}" design="Bold" class="labelTopPad" textAlign="Right">
							<layoutData>
								<l:GridData span="L5 M6 S6"/>
							</layoutData>
						</Label>
						<Input
							value="{path:'onFRModel>/FinResAmt' ,type:'sap.ui.model.type.Float'} {path:'onFRModel>/MatterCuky', formatter:'.formatter.currencyformate'}"
							editable="{detailView>/editMatter}">
							<layoutData>
								<l:GridData span="L7 M6 S6"/>
							</layoutData>
						</Input>
						<Label text="{i18n>Payer}" design="Bold" class="labelTopPad" textAlign="Right">
							<layoutData>
								<l:GridData span="L5 M6 S6"/>
							</layoutData>
						</Label>
						<Input id="PayerId" value="{onFRModel>/Payer} {onFRModel>/PayerDesc}" editable="{detailView>/editMatter}" showValueHelp="true"
							valueHelpRequest="_onValueHelpRequestPayer" app:fName="Payer">
							<layoutData>
								<l:GridData span="L7 M6 S6"/>
							</layoutData>
						</Input>
						<Label text="{i18n>PaymentAmount}" design="Bold" class="labelTopPad" textAlign="Right">
							<layoutData>
								<l:GridData span="L5 M6 S6"/>
							</layoutData>
						</Label>
						<Input
							value="{path:'onFRModel>/PaymentAmount',type:'sap.ui.model.type.Float'} {path:'onFRModel>/MatterCuky', formatter:'.formatter.currencyformate'}"
							editable="{detailView>/editMatter}">
							<layoutData>
								<l:GridData span="L7 M6 S6"/>
							</layoutData>
						</Input>
						<Label text="{i18n>PaymentDate}" design="Bold" class="labelTopPad" textAlign="Right">
							<layoutData>
								<l:GridData span="L5 M6 S6"/>
							</layoutData>
						</Label>
						<DatePicker dateValue="{path:'onFRModel>PaymentDate',type: 'sap.ui.model.type.Date', formatOptions: {style:'medium',UTC:true}}"
							editable="{detailView>/editMatter}">
							<layoutData>
								<l:GridData span="L7 M6 S6"/>
							</layoutData>
						</DatePicker>
					</l:content>
				</l:Grid>
			</l:BlockLayoutCell>
		</l:BlockLayoutRow>
	</l:BlockLayout>
</core:FragmentDefinition>