<core:FragmentDefinition xmlns="sap.m" xmlns:mvc="sap.ui.core.mvc" xmlns:ux="sap.uxap" xmlns:l="sap.ui.layout" xmlns:f="sap.ui.layout.form"
	xmlns:core="sap.ui.core" xmlns:app="http://schemas.sap.com/sapui5/extension/sap.ui.core.CustomData/1">
	<l:BlockLayout id="LawSuiteID" class="LabelAlign">
		<l:BlockLayoutRow>
			<l:BlockLayoutCell>
				<l:Grid defaultSpan="L12 M12 S12" vSpacing="0" width="auto">
					<l:content>
						<Label text="{i18n>CourtName}" design="Bold" class="labelTopPad" textAlign="Right">
							<layoutData>
								<l:GridData span="L4 M6 S6"/>
							</layoutData>
						</Label>
						<Input value="{onlawModel>/Court}" editable="{detailView>/editMatter}">
							<layoutData>
								<l:GridData span="L8 M6 S6"/>
							</layoutData>
						</Input>
						<Label text="{i18n>PrimaryIssue}" design="Bold" class="labelTopPad" textAlign="Right">
							<layoutData>
								<l:GridData span="L4 M6 S6"/>
							</layoutData>
						</Label>
						<Input value="{onlawModel>/PrimaryIssues} {onlawModel>/PrimaryIssuesDesc}" editable="{detailView>/editMatter}" showValueHelp="true"
							valueHelpRequest="_onSelectSearchHelpSrvF4" app:fName="PrimaryIssues" app:ffName="PrimaryIssues">
							<layoutData>
								<l:GridData span="L8 M6 S6"/>
							</layoutData>
						</Input>
						<Label text="{i18n>State}" design="Bold" class="labelTopPad" textAlign="Right">
							<layoutData>
								<l:GridData span="L4 M6 S6"/>
							</layoutData>
						</Label>
						<Input value="{onlawModel>/State} {onlawModel>/StateDesc}" editable="{detailView>/editMatter}" showValueHelp="true"
							valueHelpRequest="_onSelectSearchHelpSrvF4" app:fName="State" app:ffName="State">
							<layoutData>
								<l:GridData span="L8 M6 S6"/>
							</layoutData>
						</Input>
						<Label text="{i18n>FacilityNumber}" design="Bold" class="labelTopPad" textAlign="Right">
							<layoutData>
								<l:GridData span="L4 M4 S6"/>
							</layoutData>
						</Label>
						<Input value="{onlawModel>/Facility} {onlawModel>/FacilityDesc}" editable="{detailView>/editMatter}" showValueHelp="true"
							valueHelpRequest="_onSelectSearchHelpSrvF4" app:fName="Facility" app:ffName="Facility">
							<layoutData>
								<l:GridData span="L8 M6 S6"/>
							</layoutData>
						</Input>
						<Label text="{i18n>SecondaryIssue}" design="Bold" class="labelTopPad" textAlign="Right">
							<layoutData>
								<l:GridData span="L4 M6 S6"/>
							</layoutData>
						</Label>
						<Input value="{onlawModel>/SecondaryIssues}" description="{onlawModel/SecondaryIssuesDesc}" editable="{detailView>/editMatter}"
							showValueHelp="true" valueHelpRequest="_onSelectSearchHelpSrvF4" app:fName="SecondaryIssues" app:ffName="SecondaryIssues">
							<layoutData>
								<l:GridData span="L8 M6 S6"/>
							</layoutData>
						</Input>
						<Label text="{i18n>Country}" design="Bold" class="labelTopPad" textAlign="Right">
							<layoutData>
								<l:GridData span="L4 M6 S6"/>
							</layoutData>
						</Label>
						<Input value="{onlawModel>/County} {onlawModel>/CountyDesc}" editable="{detailView>/editMatter}" showValueHelp="true"
							valueHelpRequest="_onSelectSearchHelpSrvF4" app:fName="County" app:ffName="County">
							<layoutData>
								<l:GridData span="L8 M6 S6"/>
							</layoutData>
						</Input>
					</l:content>
				</l:Grid>
			</l:BlockLayoutCell>
			<l:BlockLayoutCell>
				<l:Grid defaultSpan="L12 M12 S12" vSpacing="0" class="sapUiNoContentPadding" width="auto">
					<l:content>
						<Bar>
							<contentLeft>
								<Text text="{i18n>ImpDate}" textAlign="Right"/>
							</contentLeft>
						</Bar>
						<Label text="{i18n>TrailDate}" design="Bold" class="labelTopPad" textAlign="Right">
							<layoutData>
								<l:GridData span="L4 M4 S6"/>
							</layoutData>
						</Label>
						<DatePicker dateValue="{path:'onlawModel>TrialDate',type: 'sap.ui.model.type.Date', formatOptions: {style:'medium',UTC:true}}"
							editable="{detailView>/editMatter}">
							<layoutData>
								<l:GridData span="L8 M6 S6"/>
							</layoutData>
						</DatePicker>
						<Label text="{i18n>SettelmentDate}" design="Bold" class="labelTopPad" textAlign="Right">
							<layoutData>
								<l:GridData span="L4 M4 S6"/>
							</layoutData>
						</Label>
						<DatePicker dateValue="{path:'onlawModel>SettlementDate',type: 'sap.ui.model.type.Date', formatOptions: {style:'medium',UTC:true}}"
							editable="{detailView>/editMatter}">
							<layoutData>
								<l:GridData span="L8 M6 S6"/>
							</layoutData>
						</DatePicker>
						<Label text="{i18n>ConferenceDate}" design="Bold" class="labelTopPad" textAlign="Right">
							<layoutData>
								<l:GridData span="L4 M4 S6"/>
							</layoutData>
						</Label>
						<DatePicker dateValue="{path:'onlawModel>ConferenceDate',type: 'sap.ui.model.type.Date', formatOptions: {style:'medium',UTC:true}}"
							editable="{detailView>/editMatter}">
							<layoutData>
								<l:GridData span="L8 M6 S6"/>
							</layoutData>
						</DatePicker>
						<Label text="{i18n>MediationDate}" design="Bold" class="labelTopPad" textAlign="Right">
							<layoutData>
								<l:GridData span="L4 M4 S6"/>
							</layoutData>
						</Label>
						<DatePicker dateValue="{path:'onlawModel>MediationDate',type: 'sap.ui.model.type.Date', formatOptions: {style:'medium',UTC:true}}"
							editable="{detailView>/editMatter}">
							<layoutData>
								<l:GridData span="L8 M6 S6"/>
							</layoutData>
						</DatePicker>
					</l:content>
				</l:Grid>
			</l:BlockLayoutCell>
		</l:BlockLayoutRow>
	</l:BlockLayout>
</core:FragmentDefinition>