<core:FragmentDefinition xmlns:core="sap.ui.core" xmlns="sap.m" xmlns:l="sap.ui.layout">
	<l:VerticalLayout class="sapUiContentPadding" width="100%">
		<List>
			<CustomListItem class="sapUiTinyMargin">
				<HBox justifyContent="SpaceBetween">
					<Label text="{i18n>LBLsucesstext}" design="Bold"/>
					<Switch state="{path: 'SCAModel>/SuccessfulOutcome', formatter: '.formatter.stateSwitch'}" customTextOn="Yes" customTextOff="No"
						enabled="{detailView>/editMatter}" change="onChangeSwitchstate"/>
				</HBox>
				<HBox justifyContent="SpaceBetween">
					<Label text="{i18n>LBLRatingVendor}" design="Bold"/>
					<RatingIndicator maxValue="10" class="sapUiSmallMarginBottom"
						value="{path:'SCAModel>/VendorService', formatter:'.formatter.RatingIndicator'}" tooltip="Vendor Srevice Rating"
						editable="{detailView>/editMatter}" change="onRatingChange"/>
				</HBox>
				<HBox justifyContent="SpaceBetween">
					<Label text="{i18n>LBLRatingResQalty}" design="Bold"/>
					<RatingIndicator maxValue="10" class="sapUiSmallMarginBottom"
						value="{path:'SCAModel>/ResourceQuality', formatter:'.formatter.RatingIndicator'}" tooltip="Resource Quality Rating"
						editable="{detailView>/editMatter}" change="onRatingChange"/>
				</HBox>
			</CustomListItem>
		</List>
		<TextArea value="{SCAModel>/Resourcecomments}" placeholder="{i18n>ResNoteComments}" class="sapUiTinyMargin"
			enabled="{detailView>/editMatter}" width="100%"/>
		<List>
			<CustomListItem class="sapUiTinyMargin">
				<HBox justifyContent="SpaceBetween">
					<Label text="{i18n>LBLBudMain}" design="Bold"/>
					<Switch state="{path:'SCAModel>/BudgetMaintain',formatter: '.formatter.stateSwitch'}" customTextOn="Yes" customTextOff="No"
						enabled="{detailView>/editMatter}" change="onChangeSwitchstate"/>
				</HBox>
				<HBox justifyContent="SpaceBetween">
					<Label text="{i18n>LBLTimeline}" design="Bold"/>
					<Switch state="{path:'SCAModel>/TimelineMet',formatter: '.formatter.stateSwitch'}" customTextOn="Yes" customTextOff="No"
						enabled="{detailView>/editMatter}" change="onChangeSwitchstate"/>
				</HBox>
				<HBox justifyContent="SpaceBetween">
					<Label text="{i18n>LBLEffMatstr}" design="Bold"/>
					<Switch state="{path:'SCAModel>/EffectMattStruct',formatter: '.formatter.stateSwitch'}" customTextOn="Yes" customTextOff="No"
						enabled="{detailView>/editMatter}" change="onChangeSwitchstate"/>
				</HBox>
				<HBox justifyContent="SpaceBetween">
					<Label text="{i18n>LBLMatteTypeSc}" design="Bold"/>
					<Switch state="{path:'SCAModel>/UseVndrAgain',formatter: '.formatter.stateSwitch'}" customTextOn="Yes" customTextOff="No"
						enabled="{detailView>/editMatter}" change="onChangeSwitchstate"/>
				</HBox>
			</CustomListItem>
		</List>
		<TextArea value="{SCAModel>/Overallcomments}" placeholder="{i18n>commentPlcHolderSC}" maxLength="50" editable="{detailView>/editMatter}"
			width="100%"/>
	</l:VerticalLayout>
</core:FragmentDefinition>