{
  "projectType": [
    "sap.watt.uitools.ide.fiori",
    "com.watt.common.builder.sapui5clientbuild"
  ],
  "build": {
    "targetFolder": "dist",
    "sourceFolder": "webapp",
    "excludedFolders": [
      "test"
    ],
    "excludedFiles": [
      "test.html"
    ],
    "buildRequired": false,
    "lastBuildDateTime": "Tue, 16 Apr 2019 13:52:15 GMT"
  },
  "dataBinding": {
    "/webapp/view/App.view.xml": {
      "entitySet": "UNBINDKEY"
    },
    "/webapp/view/NotFound.view.xml": {
      "entitySet": "UNBINDKEY"
    },
    "/webapp/view/DetailObjectNotFound.view.xml": {
      "entitySet": "UNBINDKEY"
    },
    "/webapp/view/DetailNoObjectsAvailable.view.xml": {
      "entitySet": "UNBINDKEY"
    },
    "/webapp/view/Master.view.xml": {
      "entitySet": "RecordSummarySet"
    },
    "/webapp/view/Detail.view.xml": {
      "entitySet": "RecordSummarySet"
    }
  },
  "generation": [
    {
      "templateId": "sap.ui.ui5-template-plugin.2masterdetail",
      "templateVersion": "1.38.3",
      "dateTimeStamp": "Fri, 29 Mar 2019 10:11:05 GMT"
    }
  ],
  "translation": {
    "translationDomain": "",
    "supportedLanguages": "en,fr,de",
    "defaultLanguage": "en",
    "defaultI18NPropertyFile": "i18n.properties",
    "resourceModelName": "i18n"
  },
  "mockpreview": {
    "mockUri": "/sap/opu/odata/sap/ZPRS_RW_INBOX_SRV",
    "metadataFilePath": "",
    "loadJSONFiles": false,
    "loadCustomRequests": false,
    "mockRequestsFilePath": ""
  },
  "basevalidator": {
    "services": {
      "js": "fioriJsValidator",
      "xml": "fioriXmlAnalysis"
    }
  },
  "codeCheckingTriggers": {
    "notifyBeforePush": true,
    "notifyBeforePushLevel": "Error",
    "blockPush": false,
    "blockPushLevel": "Error"
  },
  "deploy": {
    "destination": "G4B",
    "name": "ZPRS_RW_WRKLIST"
  }
}