{
	"_version": "1.3.0",
	"sap.app": {
		"_version": "1.3.0",
		"id": "myworklist1",
		"type": "application",
		"i18n": "i18n/i18n.properties",
		"title": "{{appTitle}}",
		"description": "{{appDescription}}",
		"applicationVersion": {
			"version": "1.0.0"
		},
		"dataSources": {
			"mainService": {
				"uri": "/sap/opu/odata/sap/ZPRS_MY_WORKLIST_SRV/",
				"type": "OData",
				"settings": {
					"odataVersion": "2.0",
					"localUri": "localService/metadata.xml"
				}
			}
		},
		"sourceTemplate": {
			"id": "sap.ui.ui5-template-plugin.2masterdetail",
			"version": "1.36.2"
		}
	},
	"sap.ui": {
		"_version": "1.3.0",
		"technology": "UI5",
		"icons": {
			"icon": "sap-icon://detail-view",
			"favIcon": "",
			"phone": "",
			"phone@2": "",
			"tablet": "",
			"tablet@2": ""
		},
		"deviceTypes": {
			"desktop": true,
			"tablet": true,
			"phone": true
		},
		"supportedThemes": [
			"sap_hcb",
			"sap_bluecrystal"
		]
	},
	"sap.ui5": {
		"_version": "1.2.0",
		"rootView": {
			"viewName": "myworklist1.view.App",
			"type": "XML",
			"id": "app"
		},
		"dependencies": {
			"minUI5Version": "1.36.0",
			"libs": {
				"sap.ui.core": {
					"minVersion": "1.36.0"
				},
				"sap.m": {
					"minVersion": "1.36.0"
				}
			}
		},
		"contentDensities": {
			"compact": true,
			"cozy": true
		},
		"models": {
			"i18n": {
				"type": "sap.ui.model.resource.ResourceModel",
				"settings": {
					"bundleName": "myworklist1.i18n.i18n"
				}
			},
			"": {
				"dataSource": "mainService",
				"settings": {
					"metadataUrlParams": {
						"sap-documentation": "heading"
					}
				}
			}
		},
		"routing": {
		
			"routes": [{
				"pattern": "",
				"name": "master1",
				"view": "master1",
				"targetAggregation": "masterPages",
				"targetControl": "idAppControl"
			}, {
				"pattern": "{client}",
				"name": "master",
				"view": "Master",
				"targetAggregation": "masterPages",
				"targetControl": "idSplitContainerControl",
				"subroutes": [{
					"pattern": "DBListSet/{objectId}",
					"name": "Detail",
					"view": "Detail",
					"targetAggregation": "detailPages"
				}]
			}],
			"targets": {
				"master1": {
					"viewName": "Master1",
					"viewLevel": 1,
					"viewId": "master1",
					"controlAggregation": "masterPages"
				},
				"master": {
					"viewName": "Master",
					"viewLevel": 2,
					"viewId": "master",
					"controlAggregation": "masterPages"
				},
				"object": {
					"viewName": "Detail",
					"viewId": "detail",
					"viewLevel": 3
				},
				"detailObjectNotFound": {
					"viewName": "DetailObjectNotFound",
					"viewId": "detailObjectNotFound"
				},
				"detailNoObjectsAvailable": {
					"viewName": "DetailNoObjectsAvailable",
					"viewId": "detailNoObjectsAvailable"
				},
				"notFound": {
					"viewName": "NotFound",
					"viewId": "notFound"
				},
				"empty": {
					"viewName": "Empty",
					"viewId": "empty"
				}
			}
		}
	},
	"sap.platform.abap": {
		"uri": "/sap/bc/ui5_ui5/sap/zprs_my_wklist/webapp",
		"_version": "1.1.0"
	}
}