<core:FragmentDefinition xmlns="sap.m" xmlns:layout="sap.ui.layout" xmlns:f="sap.ui.layout.form" xmlns:core="sap.ui.core"
	xmlns:html="http://www.w3.org/1999/xhtml" xmlns:smartField="sap.ui.comp.smartfield">
	<Page class="sapUiSizeCompact" showHeader="true" title="{i18n>appTitle}">
		<html:style>
			.lblRequiredClass.sapMLabelRequired:before { content: " "; color: #c14646; font-size: 1.25rem; font-weight: bold; line-height: 0; position:
			relative; top: 0.15rem; }
		</html:style>
		<content>
			<f:SimpleForm minWidth="1024" maxContainerCols="2" editable="true" layout="ResponsiveGridLayout" labelSpanL="4" labelSpanM="4"
				emptySpanL="0" emptySpanM="0" columnsL="2" columnsM="2" class="gridClass">
				<f:content>
					<core:Title text="{i18n>LBLtranDetail}"/>
					<Label text="{i18n>LBLOffice}" design="Bold" required="true"/>
					<smartField:SmartField value="{OfficeDesc}" id="idOffice" width="75%" change="onChangeTransferDetails" valueState="{worklistView>/VSoffice}"/>
					<Label text="{i18n>LBLTrnsfDate}" design="Bold" required="true"/>
					<!--<smartField:SmartField value="{TransferDate}" id="idTdate" width="35%" valueState="{worklistView>/VSTrDate}"/>-->
					<DatePicker value="{worklistView>/TransferDate}" valueFormat="yyyy-MM-ddTHH:mm:ss" displayFormat="short" width="40%"
						valueState="{worklistView>/VSTrDate}" change="changeDateState"/>
					<Label text="{i18n>LBLSClientNo}" design="Bold" class="lblRequiredClass"/>
					<!--<Input value="{ClntNumSDesc}" width="55%" enabled="false" valueState="{worklistView>/valueState}"/>-->
					<smartField:SmartField value="{ClntNumSDesc}" id="idClient" change="ChangeTrustClient" width="80%" valueState="{worklistView>/VSClient}"/>
					<Label text="{i18n>LBlSCMatter}" design="Bold" class="lblRequiredClass"/>
					<smartField:SmartField value="{SorcMattDesc}" mandatory="false" id="idMatter" width="80%" change="ChangeTrustMatter" textLabel="dsfsdf"/>
					<Label text="{i18n>LBLbankNo}" design="Bold" required="true"/>
					<smartField:SmartField value="{AccNum}" id="idAccNum" width="55%" change="onChangeBankAccount" valueState="{worklistView>/VSAccNum}"/>
					<Label text="{i18n>LBLBankDesc}" design="Bold"/>
					<Input value="{HbankDesc}" width="80%" enabled="false" valueState="{worklistView>/valueState}"/>
					<Label text="{i18n>LBLAmount}" design="Bold" required="true"/>
					<Input value="{worklistView>/Amount}" type="Number" description="{Currency}" width="55%" fieldWidth="75%" liveChange="onAmountValidate"
						change="onChangeState" valueState="{worklistView>/VSAmount}" textAlign="Right"/>
					<core:Title text=""/>
					<Label text="{i18n>LBLAMBlance}" design="Bold"/>
					<Input value="{parts: [ {path: 'worklistView>/AvailMattBal'}, {path: 'Currency'} ], formatter: '.formatter.currencyFormatter'}"
						description="{Currency}" width="55%" fieldWidth="75%" enabled="false" valueState="{worklistView>/VSCAvBal}" textAlign="Right"/>
					<Label text="{i18n>LBLTMBalance}" design="Bold"/>
					<Input value="{parts:[ {path:'worklistView>/TotMattBal'} , {path: 'Currency'} ], formatter: '.formatter.currencyFormatter'}"
						description="{Currency}" width="55%" fieldWidth="75%" enabled="false" valueState="{worklistView>/VSCTotBal}" textAlign="Right"/>
					<Label text="{i18n>LBLDClientNo}" class="lblRequiredClass" design="Bold"/>
					<!--<Input value="{DestClntDesc}" width="55%" enabled="false" valueState="{worklistView>/VSClientDes}"/>-->
					<smartField:SmartField value="{DestClntDesc}" id="idDestClntDesc" width="55%" change="ChangeDestClient"
						valueState="{worklistView>/VSClientDes}"/>
					<Label text="{i18n>LBLDsMatter}" class="lblRequiredClass" design="Bold"/>
					<smartField:SmartField value="{DestMattDesc}" id="idDestinMatter" width="75%" change="onChangeSrcMatter"
						valueListChanged="onUpdateDestValue"/>
					<Label text="{i18n>LBLAuthorisedBy}" design="Bold" required="true"/>
					<smartField:SmartField value="{AuthByDesc}" id="idAuthBy" width="77%" change="onChangeAuthBy" valueState="{worklistView>/VSAuthBy}"/>
					<Label text="{i18n>LBLResTransfer}" design="Bold" required="true"/>
					<smartField:SmartField value="{ReasonForTrns}" width="55%" valueState="{worklistView>/VSResTras}" change="onResTransChange" maxLength="50"/>
				</f:content>
			</f:SimpleForm>
		</content>
		<footer>
			<Toolbar>
				<ToolbarSpacer/>
				<Button text="{i18n>BTSave}" type="Accept" press="onSaveMatter" id="isSaveMatter"/>
			</Toolbar>
		</footer>
	</Page>
</core:FragmentDefinition>