<edmx:Edmx xmlns:edmx="http://schemas.microsoft.com/ado/2007/06/edmx"
	xmlns:m="http://schemas.microsoft.com/ado/2007/08/dataservices/metadata" xmlns:sap="http://www.sap.com/Protocols/SAPData" Version="1.0">
	<edmx:DataServices m:DataServiceVersion="2.0">
		<Schema xmlns="http://schemas.microsoft.com/ado/2008/09/edm" Namespace="ZPRS_CMI_ADMIN_TABS_SRV" xml:lang="en" sap:schema-version="1">
			<EntityType Name="Busconsideration" sap:content-version="1">
				<Key>
					<PropertyRef Name="Attributetypek"/>
					<PropertyRef Name="Questiontypek"/>
					<PropertyRef Name="Uniqueid"/>
				</Key>
				<Property Name="Attributetypek" Type="Edm.String" Nullable="false" MaxLength="2" sap:unicode="false" sap:label="Att. type"
					sap:creatable="false" sap:updatable="false" sap:sortable="false" sap:filterable="false"/>
				<Property Name="Questiontypek" Type="Edm.String" Nullable="false" MaxLength="2" sap:unicode="false" sap:label="Ques. Type"
					sap:creatable="false" sap:updatable="false" sap:sortable="false" sap:filterable="false"/>
				<Property Name="Questiontype" Type="Edm.String" Nullable="false" MaxLength="100" sap:unicode="false" sap:label="Question type desc."
					sap:creatable="false" sap:updatable="false" sap:sortable="false" sap:filterable="false"/>
				<Property Name="Uniqueid" Type="Edm.Int32" Nullable="false" sap:unicode="false" sap:label="Number" sap:creatable="false"
					sap:updatable="false" sap:sortable="false" sap:filterable="false"/>
				<Property Name="Requiredquestion" Type="Edm.String" Nullable="false" MaxLength="1" sap:unicode="false" sap:label="Req. Ques."
					sap:creatable="false" sap:updatable="false" sap:sortable="false" sap:filterable="false"/>
				<Property Name="QuestionText" Type="Edm.String" Nullable="false" MaxLength="500" sap:unicode="false" sap:label="Ques. Text"
					sap:creatable="false" sap:updatable="false" sap:sortable="false" sap:filterable="false"/>
				<Property Name="DefaultAnswer" Type="Edm.String" Nullable="false" MaxLength="3" sap:unicode="false" sap:label="Def. Ans."
					sap:creatable="false" sap:updatable="false" sap:sortable="false" sap:filterable="false"/>
				<Property Name="DefaultRoutingRecipient" Type="Edm.String" Nullable="false" MaxLength="2" sap:unicode="false" sap:label="Def. Recip."
					sap:creatable="false" sap:updatable="false" sap:sortable="false" sap:filterable="false"/>
				<Property Name="Personid" Type="Edm.String" Nullable="false" MaxLength="8" sap:unicode="false" sap:label="Personnel No."
					sap:creatable="false" sap:updatable="false" sap:sortable="false" sap:filterable="false"/>
				<Property Name="Name" Type="Edm.String" Nullable="false" MaxLength="60" sap:unicode="false" sap:label="Person Name" sap:creatable="false"
					sap:updatable="false" sap:sortable="false" sap:filterable="false"/>
				<Property Name="Groupk" Type="Edm.String" Nullable="false" MaxLength="3" sap:unicode="false" sap:label="Group" sap:creatable="false"
					sap:updatable="false" sap:sortable="false" sap:filterable="false"/>
				<Property Name="Group" Type="Edm.String" Nullable="false" MaxLength="60" sap:unicode="false" sap:label="Group" sap:creatable="false"
					sap:updatable="false" sap:sortable="false" sap:filterable="false"/>
				<Property Name="RiskLevelResp" Type="Edm.String" Nullable="false" MaxLength="2" sap:unicode="false" sap:label="Risk level resp."
					sap:creatable="false" sap:updatable="false" sap:sortable="false" sap:filterable="false"/>
				<Property Name="Answerchoice1" Type="Edm.String" Nullable="false" MaxLength="500" sap:unicode="false" sap:label="Ans. choice 1"
					sap:creatable="false" sap:updatable="false" sap:sortable="false" sap:filterable="false"/>
				<Property Name="Answerchoice1Risk" Type="Edm.String" Nullable="false" MaxLength="2" sap:unicode="false" sap:label="Risk level resp."
					sap:creatable="false" sap:updatable="false" sap:sortable="false" sap:filterable="false"/>
				<Property Name="Answerchoice2" Type="Edm.String" Nullable="false" MaxLength="500" sap:unicode="false" sap:label="Ans. choice 2"
					sap:creatable="false" sap:updatable="false" sap:sortable="false" sap:filterable="false"/>
				<Property Name="Answerchoice2Risk" Type="Edm.String" Nullable="false" MaxLength="2" sap:unicode="false" sap:label="Risk level resp."
					sap:creatable="false" sap:updatable="false" sap:sortable="false" sap:filterable="false"/>
				<Property Name="Answerchoice3" Type="Edm.String" Nullable="false" MaxLength="500" sap:unicode="false" sap:label="Ans. choice 3"
					sap:creatable="false" sap:updatable="false" sap:sortable="false" sap:filterable="false"/>
				<Property Name="Answerchoice3Risk" Type="Edm.String" Nullable="false" MaxLength="2" sap:unicode="false" sap:label="Risk level resp."
					sap:creatable="false" sap:updatable="false" sap:sortable="false" sap:filterable="false"/>
				<Property Name="AllowMoreQuestions" Type="Edm.String" Nullable="false" MaxLength="1" sap:unicode="false" sap:label="Allow extr. ques."
					sap:creatable="false" sap:updatable="false" sap:sortable="false" sap:filterable="false"/>
				<Property Name="AddAnswerOrComment" Type="Edm.String" Nullable="false" MaxLength="1" sap:unicode="false" sap:label="Add ans. or comm."
					sap:creatable="false" sap:updatable="false" sap:sortable="false" sap:filterable="false"/>
				<Property Name="Createdon" Type="Edm.Decimal" Nullable="false" Precision="15" Scale="0" sap:unicode="false" sap:label="Created On"
					sap:creatable="false" sap:updatable="false" sap:sortable="false" sap:filterable="false"/>
				<Property Name="Scalerangeleft" Type="Edm.Int16" Nullable="false" sap:unicode="false" sap:label="Scale left" sap:creatable="false"
					sap:updatable="false" sap:sortable="false" sap:filterable="false"/>
				<Property Name="Scalerangecenter" Type="Edm.Int16" Nullable="false" sap:unicode="false" sap:label="Scale center" sap:creatable="false"
					sap:updatable="false" sap:sortable="false" sap:filterable="false"/>
				<Property Name="Scalerangeright" Type="Edm.Int16" Nullable="false" sap:unicode="false" sap:label="Scale right" sap:creatable="false"
					sap:updatable="false" sap:sortable="false" sap:filterable="false"/>
				<Property Name="Textfield" Type="Edm.String" Nullable="false" MaxLength="1000" sap:unicode="false" sap:label="Text box"
					sap:creatable="false" sap:updatable="false" sap:sortable="false" sap:filterable="false"/>
				<Property Name="RankChoice1" Type="Edm.String" Nullable="false" MaxLength="100" sap:unicode="false" sap:label="Rank choice"
					sap:creatable="false" sap:updatable="false" sap:sortable="false" sap:filterable="false"/>
				<Property Name="RankChoice2" Type="Edm.String" Nullable="false" MaxLength="100" sap:unicode="false" sap:label="Rank choice"
					sap:creatable="false" sap:updatable="false" sap:sortable="false" sap:filterable="false"/>
				<Property Name="RankChoice3" Type="Edm.String" Nullable="false" MaxLength="100" sap:unicode="false" sap:label="Rank choice"
					sap:creatable="false" sap:updatable="false" sap:sortable="false" sap:filterable="false"/>
				<Property Name="AddNaColumn" Type="Edm.String" Nullable="false" MaxLength="1" sap:unicode="false" sap:label="Add N/A Column"
					sap:creatable="false" sap:updatable="false" sap:sortable="false" sap:filterable="false"/>
				<Property Name="Questioncategoryk" Type="Edm.String" Nullable="false" MaxLength="2" sap:unicode="false" sap:label="Question Catg."
					sap:creatable="false" sap:updatable="false" sap:sortable="false" sap:filterable="false"/>
			</EntityType>
			<EntityType Name="Riskconsideration" sap:content-version="1">
				<Key>
					<PropertyRef Name="Attributetypek"/>
					<PropertyRef Name="Questiontypek"/>
					<PropertyRef Name="Uniqueid"/>
				</Key>
				<Property Name="Attributetypek" Type="Edm.String" Nullable="false" MaxLength="2" sap:unicode="false" sap:label="Att. type"
					sap:creatable="false" sap:updatable="false" sap:sortable="false" sap:filterable="false"/>
				<Property Name="Questiontypek" Type="Edm.String" Nullable="false" MaxLength="2" sap:unicode="false" sap:label="Ques. Type"
					sap:creatable="false" sap:updatable="false" sap:sortable="false" sap:filterable="false"/>
				<Property Name="Questiontype" Type="Edm.String" Nullable="false" MaxLength="100" sap:unicode="false" sap:label="Question type desc."
					sap:creatable="false" sap:updatable="false" sap:sortable="false" sap:filterable="false"/>
				<Property Name="Uniqueid" Type="Edm.Int32" Nullable="false" sap:unicode="false" sap:label="Number" sap:creatable="false"
					sap:updatable="false" sap:sortable="false" sap:filterable="false"/>
				<Property Name="Requiredquestion" Type="Edm.String" Nullable="false" MaxLength="1" sap:unicode="false" sap:label="Req. Ques."
					sap:creatable="false" sap:updatable="false" sap:sortable="false" sap:filterable="false"/>
				<Property Name="QuestionText" Type="Edm.String" Nullable="false" MaxLength="500" sap:unicode="false" sap:label="Ques. Text"
					sap:creatable="false" sap:updatable="false" sap:sortable="false" sap:filterable="false"/>
				<Property Name="DefaultAnswer" Type="Edm.String" Nullable="false" MaxLength="3" sap:unicode="false" sap:label="Def. Ans."
					sap:creatable="false" sap:updatable="false" sap:sortable="false" sap:filterable="false"/>
				<Property Name="DefaultRoutingRecipient" Type="Edm.String" Nullable="false" MaxLength="2" sap:unicode="false" sap:label="Def. Recip."
					sap:creatable="false" sap:updatable="false" sap:sortable="false" sap:filterable="false"/>
				<Property Name="Personid" Type="Edm.String" Nullable="false" MaxLength="8" sap:unicode="false" sap:label="Personnel No."
					sap:creatable="false" sap:updatable="false" sap:sortable="false" sap:filterable="false"/>
				<Property Name="Name" Type="Edm.String" Nullable="false" MaxLength="60" sap:unicode="false" sap:label="Person Name" sap:creatable="false"
					sap:updatable="false" sap:sortable="false" sap:filterable="false"/>
				<Property Name="Groupk" Type="Edm.String" Nullable="false" MaxLength="3" sap:unicode="false" sap:label="Group" sap:creatable="false"
					sap:updatable="false" sap:sortable="false" sap:filterable="false"/>
				<Property Name="Group" Type="Edm.String" Nullable="false" MaxLength="60" sap:unicode="false" sap:label="Group" sap:creatable="false"
					sap:updatable="false" sap:sortable="false" sap:filterable="false"/>
				<Property Name="RiskLevelResp" Type="Edm.String" Nullable="false" MaxLength="2" sap:unicode="false" sap:label="Risk level resp."
					sap:creatable="false" sap:updatable="false" sap:sortable="false" sap:filterable="false"/>
				<Property Name="Answerchoice1" Type="Edm.String" Nullable="false" MaxLength="500" sap:unicode="false" sap:label="Ans. choice 1"
					sap:creatable="false" sap:updatable="false" sap:sortable="false" sap:filterable="false"/>
				<Property Name="Answerchoice1Risk" Type="Edm.String" Nullable="false" MaxLength="2" sap:unicode="false" sap:label="Risk level resp."
					sap:creatable="false" sap:updatable="false" sap:sortable="false" sap:filterable="false"/>
				<Property Name="Answerchoice2" Type="Edm.String" Nullable="false" MaxLength="500" sap:unicode="false" sap:label="Ans. choice 2"
					sap:creatable="false" sap:updatable="false" sap:sortable="false" sap:filterable="false"/>
				<Property Name="Answerchoice2Risk" Type="Edm.String" Nullable="false" MaxLength="2" sap:unicode="false" sap:label="Risk level resp."
					sap:creatable="false" sap:updatable="false" sap:sortable="false" sap:filterable="false"/>
				<Property Name="Answerchoice3" Type="Edm.String" Nullable="false" MaxLength="500" sap:unicode="false" sap:label="Ans. choice 3"
					sap:creatable="false" sap:updatable="false" sap:sortable="false" sap:filterable="false"/>
				<Property Name="Answerchoice3Risk" Type="Edm.String" Nullable="false" MaxLength="2" sap:unicode="false" sap:label="Risk level resp."
					sap:creatable="false" sap:updatable="false" sap:sortable="false" sap:filterable="false"/>
				<Property Name="AllowMoreQuestions" Type="Edm.String" Nullable="false" MaxLength="1" sap:unicode="false" sap:label="Allow extr. ques."
					sap:creatable="false" sap:updatable="false" sap:sortable="false" sap:filterable="false"/>
				<Property Name="AddAnswerOrComment" Type="Edm.String" Nullable="false" MaxLength="1" sap:unicode="false" sap:label="Add ans. or comm."
					sap:creatable="false" sap:updatable="false" sap:sortable="false" sap:filterable="false"/>
				<Property Name="Createdon" Type="Edm.Decimal" Nullable="false" Precision="15" Scale="0" sap:unicode="false" sap:label="Created On"
					sap:creatable="false" sap:updatable="false" sap:sortable="false" sap:filterable="false"/>
				<Property Name="Scalerangeleft" Type="Edm.Int16" Nullable="false" sap:unicode="false" sap:label="Scale left" sap:creatable="false"
					sap:updatable="false" sap:sortable="false" sap:filterable="false"/>
				<Property Name="Scalerangecenter" Type="Edm.Int16" Nullable="false" sap:unicode="false" sap:label="Scale center" sap:creatable="false"
					sap:updatable="false" sap:sortable="false" sap:filterable="false"/>
				<Property Name="Scalerangeright" Type="Edm.Int16" Nullable="false" sap:unicode="false" sap:label="Scale right" sap:creatable="false"
					sap:updatable="false" sap:sortable="false" sap:filterable="false"/>
				<Property Name="Textfield" Type="Edm.String" Nullable="false" MaxLength="1000" sap:unicode="false" sap:label="Text box"
					sap:creatable="false" sap:updatable="false" sap:sortable="false" sap:filterable="false"/>
				<Property Name="RankChoice1" Type="Edm.String" Nullable="false" MaxLength="100" sap:unicode="false" sap:label="Rank choice"
					sap:creatable="false" sap:updatable="false" sap:sortable="false" sap:filterable="false"/>
				<Property Name="RankChoice2" Type="Edm.String" Nullable="false" MaxLength="100" sap:unicode="false" sap:label="Rank choice"
					sap:creatable="false" sap:updatable="false" sap:sortable="false" sap:filterable="false"/>
				<Property Name="RankChoice3" Type="Edm.String" Nullable="false" MaxLength="100" sap:unicode="false" sap:label="Rank choice"
					sap:creatable="false" sap:updatable="false" sap:sortable="false" sap:filterable="false"/>
				<Property Name="AddNaColumn" Type="Edm.String" Nullable="false" MaxLength="1" sap:unicode="false" sap:label="Add N/A Column"
					sap:creatable="false" sap:updatable="false" sap:sortable="false" sap:filterable="false"/>
				<Property Name="Questioncategoryk" Type="Edm.String" Nullable="false" MaxLength="2" sap:unicode="false" sap:label="Question Catg."
					sap:creatable="false" sap:updatable="false" sap:sortable="false" sap:filterable="false"/>
			</EntityType>
			<EntityType Name="Riskmatrix" sap:content-version="1">
				<Key>
					<PropertyRef Name="Uniqueid"/>
				</Key>
				<Property Name="Uniqueid" Type="Edm.Int32" Nullable="false" sap:unicode="false" sap:label="Number" sap:creatable="false"
					sap:updatable="false" sap:sortable="false" sap:filterable="false"/>
				<Property Name="RiskdefroutingVl" Type="Edm.String" Nullable="false" MaxLength="2" sap:unicode="false" sap:label="Role for RM"
					sap:creatable="false" sap:updatable="false" sap:sortable="false" sap:filterable="false"/>
				<Property Name="VerylowriskRange" Type="Edm.String" Nullable="false" MaxLength="3" sap:unicode="false" sap:label="CMI Risk range"
					sap:creatable="false" sap:updatable="false" sap:sortable="false" sap:filterable="false"/>
				<Property Name="RiskdefroutingL" Type="Edm.String" Nullable="false" MaxLength="2" sap:unicode="false" sap:label="Role for RM"
					sap:creatable="false" sap:updatable="false" sap:sortable="false" sap:filterable="false"/>
				<Property Name="LowriskRange" Type="Edm.String" Nullable="false" MaxLength="3" sap:unicode="false" sap:label="CMI Risk range"
					sap:creatable="false" sap:updatable="false" sap:sortable="false" sap:filterable="false"/>
				<Property Name="RiskdefroutingM" Type="Edm.String" Nullable="false" MaxLength="2" sap:unicode="false" sap:label="Role for RM"
					sap:creatable="false" sap:updatable="false" sap:sortable="false" sap:filterable="false"/>
				<Property Name="MediumriskRange" Type="Edm.String" Nullable="false" MaxLength="3" sap:unicode="false" sap:label="CMI Risk range"
					sap:creatable="false" sap:updatable="false" sap:sortable="false" sap:filterable="false"/>
				<Property Name="RiskdefroutingH" Type="Edm.String" Nullable="false" MaxLength="2" sap:unicode="false" sap:label="Role for RM"
					sap:creatable="false" sap:updatable="false" sap:sortable="false" sap:filterable="false"/>
				<Property Name="HighriskRange" Type="Edm.String" Nullable="false" MaxLength="3" sap:unicode="false" sap:label="CMI Risk range"
					sap:creatable="false" sap:updatable="false" sap:sortable="false" sap:filterable="false"/>
				<Property Name="RiskdefroutingVh" Type="Edm.String" Nullable="false" MaxLength="2" sap:unicode="false" sap:label="Role for RM"
					sap:creatable="false" sap:updatable="false" sap:sortable="false" sap:filterable="false"/>
				<Property Name="VeryhighriskRange" Type="Edm.String" Nullable="false" MaxLength="3" sap:unicode="false" sap:label="CMI Risk range"
					sap:creatable="false" sap:updatable="false" sap:sortable="false" sap:filterable="false"/>
			</EntityType>
			<EntityType Name="Term" sap:content-version="1">
				<Key>
					<PropertyRef Name="Categoryid"/>
					<PropertyRef Name="Subcategoryid"/>
				</Key>
				<Property Name="Categoryid" Type="Edm.String" Nullable="false" MaxLength="2" sap:unicode="false" sap:label="Category ID"
					sap:creatable="false" sap:updatable="false" sap:sortable="false" sap:filterable="false"/>
				<Property Name="CategoryidDesc" Type="Edm.String" Nullable="false" MaxLength="100" sap:unicode="false" sap:label="Category"
					sap:creatable="false" sap:updatable="false" sap:sortable="false" sap:filterable="false"/>
				<Property Name="Subcategoryid" Type="Edm.String" Nullable="false" MaxLength="2" sap:unicode="false" sap:label="Sub Category ID"
					sap:creatable="false" sap:updatable="false" sap:sortable="false" sap:filterable="false"/>
				<Property Name="SubcategoryidDesc" Type="Edm.String" Nullable="false" MaxLength="100" sap:unicode="false" sap:creatable="false"
					sap:updatable="false" sap:sortable="false" sap:filterable="false"/>
			</EntityType>
			<EntityType Name="VL_SH_ZPRS_SH_CMI_QUESTION_TYPE_F" sap:content-version="1">
				<Key>
					<PropertyRef Name="QUESTIONTYPEK"/>
					<PropertyRef Name="QUESTIONTYPE"/>
				</Key>
				<Property Name="QUESTIONTYPEK" Type="Edm.String" Nullable="false" MaxLength="2" sap:label="Ques. Type"/>
				<Property Name="QUESTIONTYPE" Type="Edm.String" Nullable="false" MaxLength="100" sap:label="Question type desc."/>
			</EntityType>
			<EntityType Name="VL_SH_ZPRS_SH_CMI_QUES_PERSON_F" sap:content-version="1">
				<Key>
					<PropertyRef Name="PERSONID"/>
					<PropertyRef Name="NAME"/>
				</Key>
				<Property Name="PERSONID" Type="Edm.String" Nullable="false" MaxLength="12" sap:display-format="UpperCase" sap:label="Person ID"/>
				<Property Name="NAME" Type="Edm.String" Nullable="false" MaxLength="60" sap:label="Person Name"/>
			</EntityType>
			<EntityType Name="VL_SH_ZPRS_SH_CMI_QUES_GROUP_F" sap:content-version="1">
				<Key>
					<PropertyRef Name="GROUPK"/>
					<PropertyRef Name="GROUP"/>
				</Key>
				<Property Name="GROUPK" Type="Edm.String" Nullable="false" MaxLength="3" sap:display-format="UpperCase" sap:label="Group"/>
				<Property Name="GROUP" Type="Edm.String" Nullable="false" MaxLength="60" sap:label="Group"/>
			</EntityType>
			<EntityType Name="VL_FV_ZPRS_CMI_ATTRIB_TYPE" sap:content-version="1">
				<Key>
					<PropertyRef Name="Code"/>
				</Key>
				<Property Name="Code" Type="Edm.String" Nullable="false" MaxLength="2" sap:text="Text"/>
				<Property Name="Text" Type="Edm.String" MaxLength="60" sap:label="Short Descript."/>
			</EntityType>
			<EntityType Name="VL_FV_BOOLEAN" sap:content-version="1">
				<Key>
					<PropertyRef Name="Code"/>
				</Key>
				<Property Name="Code" Type="Edm.String" Nullable="false" MaxLength="1" sap:text="Text"/>
				<Property Name="Text" Type="Edm.String" MaxLength="60" sap:label="Short Descript."/>
			</EntityType>
			<EntityType Name="VL_FV_ZPRS_CMI_DEF_ANS" sap:content-version="1">
				<Key>
					<PropertyRef Name="Code"/>
				</Key>
				<Property Name="Code" Type="Edm.String" Nullable="false" MaxLength="3" sap:text="Text"/>
				<Property Name="Text" Type="Edm.String" MaxLength="60" sap:label="Short Descript."/>
			</EntityType>
			<EntityType Name="VL_FV_ZPRS_CMI_ROUT_RECIP" sap:content-version="1">
				<Key>
					<PropertyRef Name="Code"/>
				</Key>
				<Property Name="Code" Type="Edm.String" Nullable="false" MaxLength="2" sap:text="Text"/>
				<Property Name="Text" Type="Edm.String" MaxLength="60" sap:label="Short Descript."/>
			</EntityType>
			<EntityContainer Name="ZPRS_CMI_ADMIN_TABS_SRV_Entities" m:IsDefaultEntityContainer="true" sap:supported-formats="atom json xlsx">
				<EntitySet Name="Busconsiderations" EntityType="ZPRS_CMI_ADMIN_TABS_SRV.Busconsideration" sap:deletable="false" sap:searchable="true"
					sap:pageable="false" sap:content-version="1"/>
				<EntitySet Name="Riskconsiderations" EntityType="ZPRS_CMI_ADMIN_TABS_SRV.Riskconsideration" sap:deletable="false" sap:searchable="true"
					sap:pageable="false" sap:content-version="1"/>
				<EntitySet Name="Riskmatrices" EntityType="ZPRS_CMI_ADMIN_TABS_SRV.Riskmatrix" sap:deletable="false" sap:searchable="true"
					sap:pageable="false" sap:content-version="1"/>
				<EntitySet Name="Terms" EntityType="ZPRS_CMI_ADMIN_TABS_SRV.Term" sap:deletable="false" sap:searchable="true" sap:pageable="false"
					sap:content-version="1"/>
				<EntitySet Name="VL_SH_ZPRS_SH_CMI_QUESTION_TYPE_F" EntityType="ZPRS_CMI_ADMIN_TABS_SRV.VL_SH_ZPRS_SH_CMI_QUESTION_TYPE_F"
					sap:creatable="false" sap:updatable="false" sap:deletable="false" sap:content-version="1" sap:countable="false"/>
				<EntitySet Name="VL_SH_ZPRS_SH_CMI_QUES_PERSON_F" EntityType="ZPRS_CMI_ADMIN_TABS_SRV.VL_SH_ZPRS_SH_CMI_QUES_PERSON_F" sap:creatable="false"
					sap:updatable="false" sap:deletable="false" sap:content-version="1" sap:countable="false"/>
				<EntitySet Name="VL_SH_ZPRS_SH_CMI_QUES_GROUP_F" EntityType="ZPRS_CMI_ADMIN_TABS_SRV.VL_SH_ZPRS_SH_CMI_QUES_GROUP_F" sap:creatable="false"
					sap:updatable="false" sap:deletable="false" sap:content-version="1" sap:countable="false"/>
				<EntitySet Name="VL_FV_ZPRS_CMI_ATTRIB_TYPE" EntityType="ZPRS_CMI_ADMIN_TABS_SRV.VL_FV_ZPRS_CMI_ATTRIB_TYPE" sap:content-version="1"
					sap:semantics="fixed-values"/>
				<EntitySet Name="VL_FV_BOOLEAN" EntityType="ZPRS_CMI_ADMIN_TABS_SRV.VL_FV_BOOLEAN" sap:content-version="1" sap:semantics="fixed-values"/>
				<EntitySet Name="VL_FV_ZPRS_CMI_DEF_ANS" EntityType="ZPRS_CMI_ADMIN_TABS_SRV.VL_FV_ZPRS_CMI_DEF_ANS" sap:content-version="1"
					sap:semantics="fixed-values"/>
				<EntitySet Name="VL_FV_ZPRS_CMI_ROUT_RECIP" EntityType="ZPRS_CMI_ADMIN_TABS_SRV.VL_FV_ZPRS_CMI_ROUT_RECIP" sap:content-version="1"
					sap:semantics="fixed-values"/>
			</EntityContainer>
			<Annotations xmlns="http://docs.oasis-open.org/odata/ns/edm" Target="ZPRS_CMI_ADMIN_TABS_SRV.Busconsideration/Attributetypek">
				<Annotation Term="com.sap.vocabularies.Common.v1.ValueList">
					<Record>
						<PropertyValue Property="Label" String="CMI Attribute - BC or RC"/>
						<PropertyValue Property="CollectionPath" String="VL_FV_ZPRS_CMI_ATTRIB_TYPE"/>
						<PropertyValue Property="Parameters">
							<Collection>
								<Record Type="com.sap.vocabularies.Common.v1.ValueListParameterInOut">
									<PropertyValue Property="LocalDataProperty" PropertyPath="Attributetypek"/>
									<PropertyValue Property="ValueListProperty" String="Code"/>
								</Record>
								<Record Type="com.sap.vocabularies.Common.v1.ValueListParameterDisplayOnly">
									<PropertyValue Property="ValueListProperty" String="Text"/>
								</Record>
							</Collection>
						</PropertyValue>
					</Record>
				</Annotation>
			</Annotations>
			<Annotations xmlns="http://docs.oasis-open.org/odata/ns/edm" Target="ZPRS_CMI_ADMIN_TABS_SRV.Busconsideration/Questiontype">
				<Annotation Term="com.sap.vocabularies.Common.v1.ValueList">
					<Record>
						<PropertyValue Property="Label" String="CMI Question type search help"/>
						<PropertyValue Property="CollectionPath" String="VL_SH_ZPRS_SH_CMI_QUESTION_TYPE_F"/>
						<PropertyValue Property="Parameters">
							<Collection>
								<Record Type="com.sap.vocabularies.Common.v1.ValueListParameterOut">
									<PropertyValue Property="LocalDataProperty" PropertyPath="Questiontypek"/>
									<PropertyValue Property="ValueListProperty" String="QUESTIONTYPEK"/>
								</Record>
								<Record Type="com.sap.vocabularies.Common.v1.ValueListParameterOut">
									<PropertyValue Property="LocalDataProperty" PropertyPath="Questiontype"/>
									<PropertyValue Property="ValueListProperty" String="QUESTIONTYPE"/>
								</Record>
							</Collection>
						</PropertyValue>
					</Record>
				</Annotation>
			</Annotations>
			<Annotations xmlns="http://docs.oasis-open.org/odata/ns/edm" Target="ZPRS_CMI_ADMIN_TABS_SRV.Busconsideration/Requiredquestion">
				<Annotation Term="com.sap.vocabularies.Common.v1.ValueList">
					<Record>
						<PropertyValue Property="Label" String="Required Question"/>
						<PropertyValue Property="CollectionPath" String="VL_FV_BOOLEAN"/>
						<PropertyValue Property="Parameters">
							<Collection>
								<Record Type="com.sap.vocabularies.Common.v1.ValueListParameterInOut">
									<PropertyValue Property="LocalDataProperty" PropertyPath="Requiredquestion"/>
									<PropertyValue Property="ValueListProperty" String="Code"/>
								</Record>
								<Record Type="com.sap.vocabularies.Common.v1.ValueListParameterDisplayOnly">
									<PropertyValue Property="ValueListProperty" String="Text"/>
								</Record>
							</Collection>
						</PropertyValue>
					</Record>
				</Annotation>
			</Annotations>
			<Annotations xmlns="http://docs.oasis-open.org/odata/ns/edm" Target="ZPRS_CMI_ADMIN_TABS_SRV.Busconsideration/DefaultAnswer">
				<Annotation Term="com.sap.vocabularies.Common.v1.ValueList">
					<Record>
						<PropertyValue Property="Label" String="CMI Default Answer"/>
						<PropertyValue Property="CollectionPath" String="VL_FV_ZPRS_CMI_DEF_ANS"/>
						<PropertyValue Property="Parameters">
							<Collection>
								<Record Type="com.sap.vocabularies.Common.v1.ValueListParameterInOut">
									<PropertyValue Property="LocalDataProperty" PropertyPath="DefaultAnswer"/>
									<PropertyValue Property="ValueListProperty" String="Code"/>
								</Record>
								<Record Type="com.sap.vocabularies.Common.v1.ValueListParameterDisplayOnly">
									<PropertyValue Property="ValueListProperty" String="Text"/>
								</Record>
							</Collection>
						</PropertyValue>
					</Record>
				</Annotation>
			</Annotations>
			<Annotations xmlns="http://docs.oasis-open.org/odata/ns/edm" Target="ZPRS_CMI_ADMIN_TABS_SRV.Busconsideration/DefaultRoutingRecipient">
				<Annotation Term="com.sap.vocabularies.Common.v1.ValueList">
					<Record>
						<PropertyValue Property="Label" String="Default routing recipient"/>
						<PropertyValue Property="CollectionPath" String="VL_FV_ZPRS_CMI_ROUT_RECIP"/>
						<PropertyValue Property="Parameters">
							<Collection>
								<Record Type="com.sap.vocabularies.Common.v1.ValueListParameterInOut">
									<PropertyValue Property="LocalDataProperty" PropertyPath="DefaultRoutingRecipient"/>
									<PropertyValue Property="ValueListProperty" String="Code"/>
								</Record>
								<Record Type="com.sap.vocabularies.Common.v1.ValueListParameterDisplayOnly">
									<PropertyValue Property="ValueListProperty" String="Text"/>
								</Record>
							</Collection>
						</PropertyValue>
					</Record>
				</Annotation>
			</Annotations>
			<Annotations xmlns="http://docs.oasis-open.org/odata/ns/edm" Target="ZPRS_CMI_ADMIN_TABS_SRV.Busconsideration/Name">
				<Annotation Term="com.sap.vocabularies.Common.v1.ValueList">
					<Record>
						<PropertyValue Property="Label" String="CMI Default routing recipient search help - Persons"/>
						<PropertyValue Property="CollectionPath" String="VL_SH_ZPRS_SH_CMI_QUES_PERSON_F"/>
						<PropertyValue Property="Parameters">
							<Collection>
								<Record Type="com.sap.vocabularies.Common.v1.ValueListParameterOut">
									<PropertyValue Property="LocalDataProperty" PropertyPath="Personid"/>
									<PropertyValue Property="ValueListProperty" String="PERSONID"/>
								</Record>
								<Record Type="com.sap.vocabularies.Common.v1.ValueListParameterOut">
									<PropertyValue Property="LocalDataProperty" PropertyPath="Name"/>
									<PropertyValue Property="ValueListProperty" String="NAME"/>
								</Record>
							</Collection>
						</PropertyValue>
					</Record>
				</Annotation>
			</Annotations>
			<Annotations xmlns="http://docs.oasis-open.org/odata/ns/edm" Target="ZPRS_CMI_ADMIN_TABS_SRV.Busconsideration/Group">
				<Annotation Term="com.sap.vocabularies.Common.v1.ValueList">
					<Record>
						<PropertyValue Property="Label" String="CMI Default routing recipient search help - Group"/>
						<PropertyValue Property="CollectionPath" String="VL_SH_ZPRS_SH_CMI_QUES_GROUP_F"/>
						<PropertyValue Property="Parameters">
							<Collection>
								<Record Type="com.sap.vocabularies.Common.v1.ValueListParameterOut">
									<PropertyValue Property="LocalDataProperty" PropertyPath="Groupk"/>
									<PropertyValue Property="ValueListProperty" String="GROUPK"/>
								</Record>
								<Record Type="com.sap.vocabularies.Common.v1.ValueListParameterOut">
									<PropertyValue Property="LocalDataProperty" PropertyPath="Group"/>
									<PropertyValue Property="ValueListProperty" String="GROUP"/>
								</Record>
							</Collection>
						</PropertyValue>
					</Record>
				</Annotation>
			</Annotations>
			<Annotations xmlns="http://docs.oasis-open.org/odata/ns/edm" Target="ZPRS_CMI_ADMIN_TABS_SRV.Busconsideration/AllowMoreQuestions">
				<Annotation Term="com.sap.vocabularies.Common.v1.ValueList">
					<Record>
						<PropertyValue Property="Label" String="CMI allow extra question"/>
						<PropertyValue Property="CollectionPath" String="VL_FV_BOOLEAN"/>
						<PropertyValue Property="Parameters">
							<Collection>
								<Record Type="com.sap.vocabularies.Common.v1.ValueListParameterInOut">
									<PropertyValue Property="LocalDataProperty" PropertyPath="AllowMoreQuestions"/>
									<PropertyValue Property="ValueListProperty" String="Code"/>
								</Record>
								<Record Type="com.sap.vocabularies.Common.v1.ValueListParameterDisplayOnly">
									<PropertyValue Property="ValueListProperty" String="Text"/>
								</Record>
							</Collection>
						</PropertyValue>
					</Record>
				</Annotation>
			</Annotations>
			<Annotations xmlns="http://docs.oasis-open.org/odata/ns/edm" Target="ZPRS_CMI_ADMIN_TABS_SRV.Busconsideration/AddAnswerOrComment">
				<Annotation Term="com.sap.vocabularies.Common.v1.ValueList">
					<Record>
						<PropertyValue Property="Label" String="CMI Add answer or comment"/>
						<PropertyValue Property="CollectionPath" String="VL_FV_BOOLEAN"/>
						<PropertyValue Property="Parameters">
							<Collection>
								<Record Type="com.sap.vocabularies.Common.v1.ValueListParameterInOut">
									<PropertyValue Property="LocalDataProperty" PropertyPath="AddAnswerOrComment"/>
									<PropertyValue Property="ValueListProperty" String="Code"/>
								</Record>
								<Record Type="com.sap.vocabularies.Common.v1.ValueListParameterDisplayOnly">
									<PropertyValue Property="ValueListProperty" String="Text"/>
								</Record>
							</Collection>
						</PropertyValue>
					</Record>
				</Annotation>
			</Annotations>
			<Annotations xmlns="http://docs.oasis-open.org/odata/ns/edm" Target="ZPRS_CMI_ADMIN_TABS_SRV.Busconsideration/AddNaColumn">
				<Annotation Term="com.sap.vocabularies.Common.v1.ValueList">
					<Record>
						<PropertyValue Property="Label" String="Add N/A column"/>
						<PropertyValue Property="CollectionPath" String="VL_FV_BOOLEAN"/>
						<PropertyValue Property="Parameters">
							<Collection>
								<Record Type="com.sap.vocabularies.Common.v1.ValueListParameterInOut">
									<PropertyValue Property="LocalDataProperty" PropertyPath="AddNaColumn"/>
									<PropertyValue Property="ValueListProperty" String="Code"/>
								</Record>
								<Record Type="com.sap.vocabularies.Common.v1.ValueListParameterDisplayOnly">
									<PropertyValue Property="ValueListProperty" String="Text"/>
								</Record>
							</Collection>
						</PropertyValue>
					</Record>
				</Annotation>
			</Annotations>
			<Annotations xmlns="http://docs.oasis-open.org/odata/ns/edm" Target="ZPRS_CMI_ADMIN_TABS_SRV.Riskconsideration/Attributetypek">
				<Annotation Term="com.sap.vocabularies.Common.v1.ValueList">
					<Record>
						<PropertyValue Property="Label" String="CMI Attribute - BC or RC"/>
						<PropertyValue Property="CollectionPath" String="VL_FV_ZPRS_CMI_ATTRIB_TYPE"/>
						<PropertyValue Property="Parameters">
							<Collection>
								<Record Type="com.sap.vocabularies.Common.v1.ValueListParameterInOut">
									<PropertyValue Property="LocalDataProperty" PropertyPath="Attributetypek"/>
									<PropertyValue Property="ValueListProperty" String="Code"/>
								</Record>
								<Record Type="com.sap.vocabularies.Common.v1.ValueListParameterDisplayOnly">
									<PropertyValue Property="ValueListProperty" String="Text"/>
								</Record>
							</Collection>
						</PropertyValue>
					</Record>
				</Annotation>
			</Annotations>
			<Annotations xmlns="http://docs.oasis-open.org/odata/ns/edm" Target="ZPRS_CMI_ADMIN_TABS_SRV.Riskconsideration/Questiontype">
				<Annotation Term="com.sap.vocabularies.Common.v1.ValueList">
					<Record>
						<PropertyValue Property="Label" String="CMI Question type search help"/>
						<PropertyValue Property="CollectionPath" String="VL_SH_ZPRS_SH_CMI_QUESTION_TYPE_F"/>
						<PropertyValue Property="Parameters">
							<Collection>
								<Record Type="com.sap.vocabularies.Common.v1.ValueListParameterOut">
									<PropertyValue Property="LocalDataProperty" PropertyPath="Questiontypek"/>
									<PropertyValue Property="ValueListProperty" String="QUESTIONTYPEK"/>
								</Record>
								<Record Type="com.sap.vocabularies.Common.v1.ValueListParameterOut">
									<PropertyValue Property="LocalDataProperty" PropertyPath="Questiontype"/>
									<PropertyValue Property="ValueListProperty" String="QUESTIONTYPE"/>
								</Record>
							</Collection>
						</PropertyValue>
					</Record>
				</Annotation>
			</Annotations>
			<Annotations xmlns="http://docs.oasis-open.org/odata/ns/edm" Target="ZPRS_CMI_ADMIN_TABS_SRV.Riskconsideration/Requiredquestion">
				<Annotation Term="com.sap.vocabularies.Common.v1.ValueList">
					<Record>
						<PropertyValue Property="Label" String="Required Question"/>
						<PropertyValue Property="CollectionPath" String="VL_FV_BOOLEAN"/>
						<PropertyValue Property="Parameters">
							<Collection>
								<Record Type="com.sap.vocabularies.Common.v1.ValueListParameterInOut">
									<PropertyValue Property="LocalDataProperty" PropertyPath="Requiredquestion"/>
									<PropertyValue Property="ValueListProperty" String="Code"/>
								</Record>
								<Record Type="com.sap.vocabularies.Common.v1.ValueListParameterDisplayOnly">
									<PropertyValue Property="ValueListProperty" String="Text"/>
								</Record>
							</Collection>
						</PropertyValue>
					</Record>
				</Annotation>
			</Annotations>
			<Annotations xmlns="http://docs.oasis-open.org/odata/ns/edm" Target="ZPRS_CMI_ADMIN_TABS_SRV.Riskconsideration/DefaultAnswer">
				<Annotation Term="com.sap.vocabularies.Common.v1.ValueList">
					<Record>
						<PropertyValue Property="Label" String="CMI Default Answer"/>
						<PropertyValue Property="CollectionPath" String="VL_FV_ZPRS_CMI_DEF_ANS"/>
						<PropertyValue Property="Parameters">
							<Collection>
								<Record Type="com.sap.vocabularies.Common.v1.ValueListParameterInOut">
									<PropertyValue Property="LocalDataProperty" PropertyPath="DefaultAnswer"/>
									<PropertyValue Property="ValueListProperty" String="Code"/>
								</Record>
								<Record Type="com.sap.vocabularies.Common.v1.ValueListParameterDisplayOnly">
									<PropertyValue Property="ValueListProperty" String="Text"/>
								</Record>
							</Collection>
						</PropertyValue>
					</Record>
				</Annotation>
			</Annotations>
			<Annotations xmlns="http://docs.oasis-open.org/odata/ns/edm" Target="ZPRS_CMI_ADMIN_TABS_SRV.Riskconsideration/DefaultRoutingRecipient">
				<Annotation Term="com.sap.vocabularies.Common.v1.ValueList">
					<Record>
						<PropertyValue Property="Label" String="Default routing recipient"/>
						<PropertyValue Property="CollectionPath" String="VL_FV_ZPRS_CMI_ROUT_RECIP"/>
						<PropertyValue Property="Parameters">
							<Collection>
								<Record Type="com.sap.vocabularies.Common.v1.ValueListParameterInOut">
									<PropertyValue Property="LocalDataProperty" PropertyPath="DefaultRoutingRecipient"/>
									<PropertyValue Property="ValueListProperty" String="Code"/>
								</Record>
								<Record Type="com.sap.vocabularies.Common.v1.ValueListParameterDisplayOnly">
									<PropertyValue Property="ValueListProperty" String="Text"/>
								</Record>
							</Collection>
						</PropertyValue>
					</Record>
				</Annotation>
			</Annotations>
			<Annotations xmlns="http://docs.oasis-open.org/odata/ns/edm" Target="ZPRS_CMI_ADMIN_TABS_SRV.Riskconsideration/Name">
				<Annotation Term="com.sap.vocabularies.Common.v1.ValueList">
					<Record>
						<PropertyValue Property="Label" String="CMI Default routing recipient search help - Persons"/>
						<PropertyValue Property="CollectionPath" String="VL_SH_ZPRS_SH_CMI_QUES_PERSON_F"/>
						<PropertyValue Property="Parameters">
							<Collection>
								<Record Type="com.sap.vocabularies.Common.v1.ValueListParameterOut">
									<PropertyValue Property="LocalDataProperty" PropertyPath="Personid"/>
									<PropertyValue Property="ValueListProperty" String="PERSONID"/>
								</Record>
								<Record Type="com.sap.vocabularies.Common.v1.ValueListParameterOut">
									<PropertyValue Property="LocalDataProperty" PropertyPath="Name"/>
									<PropertyValue Property="ValueListProperty" String="NAME"/>
								</Record>
							</Collection>
						</PropertyValue>
					</Record>
				</Annotation>
			</Annotations>
			<Annotations xmlns="http://docs.oasis-open.org/odata/ns/edm" Target="ZPRS_CMI_ADMIN_TABS_SRV.Riskconsideration/Group">
				<Annotation Term="com.sap.vocabularies.Common.v1.ValueList">
					<Record>
						<PropertyValue Property="Label" String="CMI Default routing recipient search help - Group"/>
						<PropertyValue Property="CollectionPath" String="VL_SH_ZPRS_SH_CMI_QUES_GROUP_F"/>
						<PropertyValue Property="Parameters">
							<Collection>
								<Record Type="com.sap.vocabularies.Common.v1.ValueListParameterOut">
									<PropertyValue Property="LocalDataProperty" PropertyPath="Groupk"/>
									<PropertyValue Property="ValueListProperty" String="GROUPK"/>
								</Record>
								<Record Type="com.sap.vocabularies.Common.v1.ValueListParameterOut">
									<PropertyValue Property="LocalDataProperty" PropertyPath="Group"/>
									<PropertyValue Property="ValueListProperty" String="GROUP"/>
								</Record>
							</Collection>
						</PropertyValue>
					</Record>
				</Annotation>
			</Annotations>
			<Annotations xmlns="http://docs.oasis-open.org/odata/ns/edm" Target="ZPRS_CMI_ADMIN_TABS_SRV.Riskconsideration/AllowMoreQuestions">
				<Annotation Term="com.sap.vocabularies.Common.v1.ValueList">
					<Record>
						<PropertyValue Property="Label" String="CMI allow extra question"/>
						<PropertyValue Property="CollectionPath" String="VL_FV_BOOLEAN"/>
						<PropertyValue Property="Parameters">
							<Collection>
								<Record Type="com.sap.vocabularies.Common.v1.ValueListParameterInOut">
									<PropertyValue Property="LocalDataProperty" PropertyPath="AllowMoreQuestions"/>
									<PropertyValue Property="ValueListProperty" String="Code"/>
								</Record>
								<Record Type="com.sap.vocabularies.Common.v1.ValueListParameterDisplayOnly">
									<PropertyValue Property="ValueListProperty" String="Text"/>
								</Record>
							</Collection>
						</PropertyValue>
					</Record>
				</Annotation>
			</Annotations>
			<Annotations xmlns="http://docs.oasis-open.org/odata/ns/edm" Target="ZPRS_CMI_ADMIN_TABS_SRV.Riskconsideration/AddAnswerOrComment">
				<Annotation Term="com.sap.vocabularies.Common.v1.ValueList">
					<Record>
						<PropertyValue Property="Label" String="CMI Add answer or comment"/>
						<PropertyValue Property="CollectionPath" String="VL_FV_BOOLEAN"/>
						<PropertyValue Property="Parameters">
							<Collection>
								<Record Type="com.sap.vocabularies.Common.v1.ValueListParameterInOut">
									<PropertyValue Property="LocalDataProperty" PropertyPath="AddAnswerOrComment"/>
									<PropertyValue Property="ValueListProperty" String="Code"/>
								</Record>
								<Record Type="com.sap.vocabularies.Common.v1.ValueListParameterDisplayOnly">
									<PropertyValue Property="ValueListProperty" String="Text"/>
								</Record>
							</Collection>
						</PropertyValue>
					</Record>
				</Annotation>
			</Annotations>
			<Annotations xmlns="http://docs.oasis-open.org/odata/ns/edm" Target="ZPRS_CMI_ADMIN_TABS_SRV.Riskconsideration/AddNaColumn">
				<Annotation Term="com.sap.vocabularies.Common.v1.ValueList">
					<Record>
						<PropertyValue Property="Label" String="Add N/A column"/>
						<PropertyValue Property="CollectionPath" String="VL_FV_BOOLEAN"/>
						<PropertyValue Property="Parameters">
							<Collection>
								<Record Type="com.sap.vocabularies.Common.v1.ValueListParameterInOut">
									<PropertyValue Property="LocalDataProperty" PropertyPath="AddNaColumn"/>
									<PropertyValue Property="ValueListProperty" String="Code"/>
								</Record>
								<Record Type="com.sap.vocabularies.Common.v1.ValueListParameterDisplayOnly">
									<PropertyValue Property="ValueListProperty" String="Text"/>
								</Record>
							</Collection>
						</PropertyValue>
					</Record>
				</Annotation>
			</Annotations>
			<atom:link xmlns:atom="http://www.w3.org/2005/Atom" rel="self"
				href="http://fgtappfs6.fgtinternal.com:8000/sap/opu/odata/sap/ZPRS_CMI_ADMIN_TABS_SRV/$metadata"/>
			<atom:link xmlns:atom="http://www.w3.org/2005/Atom" rel="latest-version"
				href="http://fgtappfs6.fgtinternal.com:8000/sap/opu/odata/sap/ZPRS_CMI_ADMIN_TABS_SRV/$metadata"/>
		</Schema>
	</edmx:DataServices>
</edmx:Edmx>