<core:FragmentDefinition xmlns="sap.m" xmlns:core="sap.ui.core">
	<Table id="cmiamendmentnew.clientPartner.table_" items="{Leadpartners}" class="sapUiTinyMarginTop" mode="{= ${generalSettings>/Edit} === '' ? 'None' : 'Delete'}"
		delete="onPressDeleteConfirm">
		<headerToolbar>
			<Toolbar visible="{path:'generalSettings>/Edit',formatter:'.formatter.editRequestScreen'}">
				<ToolbarSpacer/>
				<Button icon="sap-icon://add-activity" text="{i18n>CONTACTSTABLE_BTN_TXT_ADDClientPartner}" type="Accept"  press="onpressaddClientPartner"/>
			</Toolbar>
		</headerToolbar>
		<columns>
			<Column>
				<Label text="{i18n>TAB_CLIENTPARTNER_HDR_PARTNERTYPE}" design="Bold" required="true"/>
			</Column>
			<Column>
				<Label text="{i18n>TAB_CLIENTPARTNER_HDR_OFFICE}" design="Bold" required="true"/>
			</Column>
			<Column>
				<Label text="{i18n>TAB_CLIENTPARTNER_HDR_PARTNERS}" design="Bold" required="true"/>
			</Column>
			<Column>
				<Label design="Bold" text="{i18n>TAB_CLIENTPARTNER_HDR_PHONE}" />
			</Column>
			<Column>
				<Label design="Bold" text="{i18n>TAB_CLIENTPARTNER_HDR_EMAIL}" />
			</Column>
			<Column  hAlign="Right">
				<Label text="{i18n>TAB_CLIENTPARTNER_HDR_ALLOCPERC}" design="Bold" required="true"/>
			</Column>
		</columns>
		<items>
			<ColumnListItem type="{=${generalSettings>/Edit} === '' ? 'Inactive': 'DetailAndActive'}" detailPress="onClientPartnerEdit">
				<cells>
					<Text text="{Parvwdesc}"/>
					<Text text="{Office}"/>
					<Text text="{Firstname} {Lastname}"/>
					<Text text="{Phone}"/>
					<Text text="{Email}"/>
					<Text text="{Percentage}"/>
				</cells>
			</ColumnListItem>
		</items>
	</Table>
</core:FragmentDefinition>