<core:FragmentDefinition xmlns:core="sap.ui.core" xmlns:smartField="sap.ui.comp.smartfield" xmlns:f="sap.ui.layout.form"
	xmlns:l="sap.ui.layout" xmlns="sap.m" xmlns:smartform="sap.ui.comp.smartform">
	<smartform:SmartForm binding="{Clientdetails}" editable="{path:'generalSettings>/Edit',formatter:'.formatter.editRequestScreen'}"
		expandable="false" expanded="true" entityType="Cmiclientdetails" id="cmiamendmentnew.client.CmiClientAddress">
		<smartform:layout>
			<smartform:Layout labelSpanL="3" labelSpanM="6" labelSpanS="6" emptySpanL="2" emptySpanM="1"></smartform:Layout>
		</smartform:layout>
		<smartform:Group id="cmiamendmentnew.client.section_header_Address3">
			<smartform:GroupElement id="cmiamendmentnew.client.clientInternationalVersionInput_" label="">
				<smartform:elements>
					<VBox id="cmiamendmentnew.client.Address">
						<HBox alignItems="Start" justifyContent="SpaceBetween">
							<Label text="{i18n>CLIENT_ADDR_SMTFIELD_LBL_INTVERSION}" design="Bold" class="sapUiTinyMarginTop"/>
							<Button icon="sap-icon://display" id="cmiamendmentnew.client.displayAddress" press="addressEdit" visible="false" tooltip="Display"/>
							<Button icon="sap-icon://edit" id="cmiamendmentnew.client.editAddress" press="addressDisplay" tooltip="Edit"
								enabled="{path:'generalSettings>/Edit',formatter:'.formatter.editRequestScreen'}"/>
						</HBox>
					</VBox>
				</smartform:elements>
			</smartform:GroupElement>
			
			<smartform:GroupElement >
				<smartField:SmartField textLabel=" " value="{Iname1}" id="cmiamendmentnew.client.addressIname1" placeholder="Name"></smartField:SmartField>
			</smartform:GroupElement>
			<smartform:GroupElement>
				<smartField:SmartField textLabel=" " value="{Iline1}" placeholder="{i18n>CLIENT_ADDR_PLCEHOLDER_LINE1}"
					id="cmiamendmentnew.client.addressIline1"/>
			</smartform:GroupElement>
			<smartform:GroupElement>
				<smartField:SmartField textLabel=" " value="{Iline2}" placeholder="{i18n>CLIENT_ADDR_PLCEHOLDER_LINE2}"
					id="cmiamendmentnew.client.addressIline2"/>
			</smartform:GroupElement>
			<smartform:GroupElement>
				<smartField:SmartField textLabel=" " value="{Iline3}" placeholder="{i18n>CLIENT_ADDR_PLCEHOLDER_CITY}"
					id="cmiamendmentnew.client.addressIline3"/>
			</smartform:GroupElement>
			<smartform:GroupElement>
				<smartField:SmartField textLabel=" " value="{Iline4}" placeholder="{i18n>CLIENT_ADDR_PLCEHOLDER_STATE}"
					id="cmiamendmentnew.client.addressIline4"/>
			</smartform:GroupElement>
		</smartform:Group>
		<smartform:Group id="cmiamendmentnew.client.section_header_Address1">
				<smartform:GroupElement >
				<smartField:SmartField textLabel=" " value="" ></smartField:SmartField>
			</smartform:GroupElement>
			<smartform:GroupElement id="cmiamendmentnew.client.languageInput_">
				<smartField:SmartField mandatory="true" value="{Sptxt}" id="cmiamendmentnew.client.languageInput"
					textLabel="{i18n>CLIENT_ADDR_SMTFIELD_LBL_LANG}">
					<smartField:configuration>
						<smartField:Configuration preventInitialDataFetchInValueHelpDialog="false"/>
					</smartField:configuration>
				</smartField:SmartField>
			</smartform:GroupElement>
			<smartform:GroupElement id="cmiamendmentnew.client.faxInput_">
				<smartField:SmartField showValueHelp="false" showSuggestion="false" id="cmiamendmentnew.client.faxInput" value="{Fax}"
					textLabel="{i18n>CLIENT_ADDR_SMTFIELD_LBL_FAX}" change="handleFaxValidation"/>
			</smartform:GroupElement>
			<smartform:GroupElement id="cmiamendmentnew.client.phoneNumberInput_">
				<smartField:SmartField showValueHelp="false" showSuggestion="false" id="cmiamendmentnew.client.phoneNumberInput" value="{Phone}"
					textLabel="{i18n>CLIENT_ADDR_SMTFIELD_LBL_PHONE}" change="handlePhoneValidation"/>
			</smartform:GroupElement>
			<smartform:GroupElement id="cmiamendmentnew.client.emailInput_">
				<smartField:SmartField showValueHelp="false" showSuggestion="false" id="cmiamendmentnew.client.emailInput" value="{Email}"
					textLabel="{i18n>CLIENT_ADDR_SMTFIELD_LBL_EMAIL}" change="handleEmailValidation"/>
			</smartform:GroupElement>
		</smartform:Group>
	</smartform:SmartForm>
</core:FragmentDefinition>