<core:FragmentDefinition xmlns="sap.m" xmlns:mvc="sap.ui.core.mvc" xmlns:core="sap.ui.core">
	<IconTabBar expanded="true" id="cmiamendmentnew.clientDetails.iconTabBar" class="sapUiSizeCompact sapUiNoContentPadding">
		<items>
			<IconTabFilter id="cmiamendmentnew.clientDetails.clientContacts.tab_" text="{i18n>tabBarContacts}">
				<content>
					<core:Fragment fragmentName="cmiamendmentnew.fragment.Client.clientContacts.ContactsTable" type="XML"/>
				</content>
			</IconTabFilter>
			<IconTabFilter id="cmiamendmentnew.clientDetails.generalData.tab_" text="{i18n>tabBarGeneralData}">
				<content>
					<core:Fragment fragmentName="cmiamendmentnew.fragment.Client.GeneralData" type="XML"/>
				</content>
			</IconTabFilter>
			<IconTabFilter id="cmiamendmentnew.clientDetails.address.tab_" text="{i18n>tabBarAddress}">
				<content>
					<core:Fragment fragmentName="cmiamendmentnew.fragment.Client.Address" type="XML"/>
				</content>
			</IconTabFilter>
			<IconTabFilter id="cmiamendmentnew.clientDetails.clientPartners.tab_" text="{i18n>tabBarclientPartners}">
				<content>
					<core:Fragment fragmentName="cmiamendmentnew.fragment.Client.clientPartners.ClientPartnerTable" type="XML"/>
				</content>
			</IconTabFilter>
			<IconTabFilter id="cmiamendmentnew.clientDetails.billingData.tab_" text="{i18n>tabBarbillingData}">
				<content>
					<core:Fragment fragmentName="cmiamendmentnew.fragment.Client.BillingData" type="XML"/>
				</content>
			</IconTabFilter>
			<IconTabFilter id="cmiamendmentnew.clientDetails.outputData.tab_" text="{i18n>tabBaroutputData}">
				<content>
					<core:Fragment fragmentName="cmiamendmentnew.fragment.Client.OutputData" type="XML"/>
				</content>
			</IconTabFilter>
			<core:ExtensionPoint name="extIconTabFilter"/>
		</items>
	</IconTabBar>
</core:FragmentDefinition>