<core:FragmentDefinition xmlns:core="sap.ui.core" xmlns:smartField="sap.ui.comp.smartfield" xmlns:f="sap.ui.layout.form"
	xmlns:l="sap.ui.layout" xmlns="sap.m" xmlns:smartform="sap.ui.comp.smartform">
	<smartform:SmartForm binding="{Clientdetails}" editable="{path:'generalSettings>/Edit',formatter:'.formatter.editRequestScreen'}" expandable="false" expanded="true" entityType="Cmiclientdetails"
		id="cmiamendmentnew.client.CmiClientGeneralData">
		<smartform:customData>
			<core:CustomData key="dateFormatSettings" value='\{"UTC":true,"style":"medium"\}'/>
		</smartform:customData>
		<smartform:Group id="cmiamendmentnew.client.section_header_GeneralData1">
			<smartform:GroupElement id="cmiamendmentnew.client.clientTypeInput_">
				<smartField:SmartField value="{Kukladesc}" id="cmiamendmentnew.client.clientTypeInput" textLabel="{i18n>CLIENT_GD_SMTFIELD_LBL_CLIENTTYPE}">
					<!--<smartField:configuration>-->
					<!--	<smartField:Configuration preventInitialDataFetchInValueHelpDialog="false"/>-->
					<!--</smartField:configuration>-->
					<smartField:configuration>
        <smartField:Configuration controlType="dropDownList" displayBehaviour="idOnly"/>
       </smartField:configuration>
				</smartField:SmartField>
			</smartform:GroupElement>
			<smartform:GroupElement id="cmiamendmentnew.client.clientOpenDateInput_">
				<smartField:SmartField value="{Zzopendate}" id="cmiamendmentnew.client.clientOpenDateInput" mandatory="true"
					textLabel="{i18n>CLIENT_GD_SMTFIELD_LBL_COD}" displayFormat="long">
					<smartField:configuration>
						<smartField:Configuration controlType="datePicker"/>
					</smartField:configuration>
				</smartField:SmartField>
			</smartform:GroupElement>
			<smartform:GroupElement id="cmiamendmentnew.client.clientCloseDateInput_">
				<smartField:SmartField value="{Zzclosedate}" id="cmiamendmentnew.client.clientCloseDateInput" textLabel="{i18n>CLIENT_GD_SMTFIELD_LBL_CCD}">
					<smartField:configuration>
						<smartField:Configuration controlType="datePicker"/>
					</smartField:configuration>
				</smartField:SmartField>
			</smartform:GroupElement>
			<smartform:GroupElement id="cmiamendmentnew.client.globalUltimateInput_">
				<smartField:SmartField value="{Zzglobalultimate}" id="cmiamendmentnew.client.globalUltimateInput"
					textLabel="{i18n>CLIENT_GD_SMTFIELD_LBL_GUDNO}"></smartField:SmartField>
			</smartform:GroupElement>
			<smartform:GroupElement id="cmiamendmentnew.client.dunsNumberInput_">
				<smartField:SmartField value="{Zzdunsnumber}" id="cmiamendmentnew.client.dunsNumberInput" textLabel="{i18n>CLIENT_GD_SMTFIELD_LBL_DUNSNO}"></smartField:SmartField>
			</smartform:GroupElement>
			<smartform:GroupElement id="cmiamendmentnew.client.clientGroupInput_">
				<smartField:SmartField value="{Zzclntgrp}" id="cmiamendmentnew.client.clientGroupInput" textLabel="{i18n>CLIENT_GD_SMTFIELD_LBL_CLNTGRP}"></smartField:SmartField>
			</smartform:GroupElement>
			<smartform:GroupElement id="cmiamendmentnew.client.clientProgramInput_">
				<smartField:SmartField value="{Zzclntprgdesc}" id="cmiamendmentnew.client.clientProgramInput"
					textLabel="{i18n>CLIENT_GD_SMTFIELD_LBL_CLNTPRGM}">
					<!--<smartField:configuration>-->
					<!--	<smartField:Configuration preventInitialDataFetchInValueHelpDialog="false"/>-->
					<!--</smartField:configuration>-->
					<smartField:configuration>
        <smartField:Configuration controlType="dropDownList" displayBehaviour="idOnly"/>
       </smartField:configuration>
				</smartField:SmartField>
			</smartform:GroupElement>
			<smartform:GroupElement id="cmiamendmentnew.client.clientTradingInput_">
				<smartField:SmartField showValueHelp="false" showSuggestion="false" id="cmiamendmentnew.client.clientTradingInput" value="{Zzclnttradeas}"
					textLabel="{i18n>CLIENT_GD_SMTFIELD_LBL_CLNTTRADEAS}"/>
			</smartform:GroupElement>
			<smartform:GroupElement id="cmiamendmentnew.client.sicCodeInput_">
				<smartField:SmartField value="{Zzsiccddesc}" id="cmiamendmentnew.client.sicCodeInput" textLabel="{i18n>CLIENT_GD_SMTFIELD_LBL_SIC}">
					<smartField:configuration>
						<smartField:Configuration preventInitialDataFetchInValueHelpDialog="false"/>
					</smartField:configuration>
				</smartField:SmartField>
			</smartform:GroupElement>
		</smartform:Group>
		<smartform:Group id="cmiamendmentnew.client.section_header_GeneralData2">
			<smartform:GroupElement id="cmiamendmentnew.client.taxNumber1Input_">
				<smartField:SmartField showValueHelp="false" showSuggestion="false" id="cmiamendmentnew.client.taxNumber1Input" value="{Stcd1}"
					textLabel="{i18n>CLIENT_GD_SMTFIELD_LBL_TAXNO1}"/>
			</smartform:GroupElement>
			<smartform:GroupElement id="cmiamendmentnew.client.taxNumber2Input_">
				<smartField:SmartField showValueHelp="false" showSuggestion="false" id="cmiamendmentnew.client.taxNumber2Input" value="{Stcd2}"
					textLabel="{i18n>CLIENT_GD_SMTFIELD_LBL_TAXNO2}"/>
			</smartform:GroupElement>
			<smartform:GroupElement id="cmiamendmentnew.client.taxNumber3Input_">
				<smartField:SmartField showValueHelp="false" showSuggestion="false" id="cmiamendmentnew.client.taxNumber3Input" value="{Stcd3}"
					textLabel="{i18n>CLIENT_GD_SMTFIELD_LBL_TAXNO3}"/>
			</smartform:GroupElement>
			<smartform:GroupElement id="cmiamendmentnew.client.taxNumber4Input_">
				<smartField:SmartField showValueHelp="false" showSuggestion="false" id="cmiamendmentnew.client.taxNumber4Input" value="{Stcd4}"
					textLabel="{i18n>CLIENT_GD_SMTFIELD_LBL_TAXNO4}"/>
			</smartform:GroupElement>
			<smartform:GroupElement id="cmiamendmentnew.client.taxNumber5Input_">
				<smartField:SmartField showValueHelp="false" showSuggestion="false" id="cmiamendmentnew.client.taxNumber5Input" value="{Stcd5}"
					textLabel="{i18n>CLIENT_GD_SMTFIELD_LBL_TAXNO5}"/>
			</smartform:GroupElement>
			<smartform:GroupElement id="cmiamendmentnew.client.vatRegNumberInput_">
				<smartField:SmartField showValueHelp="false" showSuggestion="false" id="cmiamendmentnew.client.vatRegNumberInput" value="{Stceg}"
					textLabel="{i18n>CLIENT_GD_SMTFIELD_LBL_VATREG}"/>
			</smartform:GroupElement>
			<smartform:GroupElement id="cmiamendmentnew.client.vatValidationDateInput_">
				<smartField:SmartField value="{Zzvatvaldt}" id="cmiamendmentnew.client.vatValidationDateInput"
					textLabel="{i18n>CLIENT_GD_SMTFIELD_LBL_VATVALID}">
					<smartField:configuration>
						<smartField:Configuration controlType="datePicker"/>
					</smartField:configuration>
				</smartField:SmartField>
			</smartform:GroupElement>
			<smartform:GroupElement id="cmiamendmentnew.client.clientTaxJurisdictionInput_">
				<smartField:SmartField showValueHelp="false" showSuggestion="false" id="cmiamendmentnew.client.clientTaxJurisdictionInput" value="{Txjcddesc}"
					textLabel="{i18n>CLIENT_GD_SMTFIELD_LBL_TAXJURIS}"/>
			</smartform:GroupElement>
			<smartform:GroupElement id="cmiamendmentnew.client.informationBarrierInput_" label="{i18n>CLIENT_GD_SMTFIELD_LBL_INFOBAR}">
				<Switch enabled="{path:'generalSettings>/Edit',formatter:'.formatter.editRequestScreen'}"  id="cmiamendmentnew.client.informationBarrierInput" customTextOn="{i18n>MI_SWITCH_ON}" customTextOff="{i18n>MI_SWITCH_OFF}"  state="{Zzpriconf}" change="handleSwitchChange"/>
			</smartform:GroupElement>
		</smartform:Group>
	</smartform:SmartForm>
	<core:InvisibleText id="ChgGDUD" text="{Udmbp}"/>
	<core:InvisibleText id="ChgGDAU" text="{Auth}"/>
</core:FragmentDefinition>