<core:FragmentDefinition xmlns="sap.m" xmlns:l="sap.ui.layout" xmlns:smartField="sap.ui.comp.smartfield" xmlns:f="sap.ui.layout.form"
	xmlns:core="sap.ui.core" xmlns:smartform="sap.ui.comp.smartform">
	<smartform:SmartForm binding="{Clientdetails}" editable="true" expandable="false" expanded="true" entityType="Cmiclientdetails" id="cmiamendmentnew.client.CmiclientOutputData">
		<smartform:Group id="cmiamendmentnew.client.section_header_OutputData1">
			<smartform:GroupElement id="cmiamendmentnew.client.draftBillFormatInput_">
				<smartField:SmartField  id="cmiamendmentnew.client.draftBillFormatTypeInput_" value="{Dbvtext}"
					  textLabel="{i18n>OUTDATA_SMTFIELD_LBL_DRAFTBILLFRMT}">
						<smartField:configuration>
						<smartField:Configuration preventInitialDataFetchInValueHelpDialog="false"/>
					</smartField:configuration>
				</smartField:SmartField>
			</smartform:GroupElement>
			<smartform:GroupElement id="cmiamendmentnew.client.finalBillFormatInput_">
				<smartField:SmartField  id="cmiamendmentnew.client.finalBillFormat" value="{Fbvtext}"
					  textLabel="{i18n>OUTDATA_SMTFIELD_LBL_FINALBILLFRMT}">
						<smartField:configuration>
						<smartField:Configuration preventInitialDataFetchInValueHelpDialog="false"/>
					</smartField:configuration>
				</smartField:SmartField>
			</smartform:GroupElement>
			<smartform:GroupElement id="cmiamendmentnew.client.timeDetailInput_">
				<smartField:SmartField showValueHelp="false" showSuggestion="false" id="cmiamendmentnew.client.timeDetail" value="{Tdtext}"
					  textLabel="{i18n>OUTDATA_SMTFIELD_LBL_TMEDETAIL}"/>
			</smartform:GroupElement>
			<smartform:GroupElement id="cmiamendmentnew.client.tkSummarizationInput_">
				<smartField:SmartField showValueHelp="false" showSuggestion="false" id="cmiamendmentnew.client.tkSummarization" value="{Tstext}"
					  textLabel="{i18n>OUTDATA_SMTFIELD_LBL_TKS}"/>
			</smartform:GroupElement>
		</smartform:Group>
		<smartform:Group id="cmiamendmentnew.client.section_header_OutputData2">
					<smartform:GroupElement id="cmiamendmentnew.client.costDetailSummaryInput_">
				<smartField:SmartField showValueHelp="false" showSuggestion="false" id="cmiamendmentnew.client.costDetailSummary" value="{Zzcstdtsumry}"
					  textLabel="{i18n>OUTDATA_SMTFIELD_LBL_CDS}"/>
			</smartform:GroupElement>
			<smartform:GroupElement id="cmiamendmentnew.client.turnPageNumberInput_" label="{i18n>OUTDATA_SMTFIELD_LBL_TURNPGNO}">
				<Switch enabled="{path:'generalSettings>/Edit',formatter:'.formatter.editRequestScreen'}"  id="cmiamendmentnew.client.turnPageNumberInput" change="handleSwitchChange"
					state="{Zzpageno}" customTextOn="{i18n>MI_SWITCH_ON}"
					customTextOff="{i18n>MI_SWITCH_OFF}"/>
			</smartform:GroupElement>
			<smartform:GroupElement id="cmiamendmentnew.client.remittancePageInput_" label="{i18n>OUTDATA_SMTFIELD_LBL_REMIT}">
				<Switch enabled="{path:'generalSettings>/Edit',formatter:'.formatter.editRequestScreen'}"  id="cmiamendmentnew.client.remittancePageInput" change="handleSwitchChange"
					state="{Zzremit}" customTextOn="{i18n>MI_SWITCH_ON}"
					customTextOff="{i18n>MI_SWITCH_OFF}"/>
			</smartform:GroupElement>
		</smartform:Group>
	</smartform:SmartForm>
</core:FragmentDefinition>