<core:FragmentDefinition xmlns="sap.m" xmlns:core="sap.ui.core" xmlns:l="sap.ui.layout" xmlns:f="sap.ui.layout.form"
	xmlns:smartField="sap.ui.comp.smartfield">
	<Dialog title="{i18n>titleAddQuestion}" contentHeight="auto" contentWidth="60%">
		<content>
			<VBox id="idAddQueVBox">
				<f:SimpleForm editable="true" layout="ResponsiveGridLayout" labelSpanXL="4" labelSpanL="6" labelSpanM="4" labelSpanS="12"
					adjustLabelSpan="false" emptySpanXL="0" emptySpanL="0" emptySpanM="2" emptySpanS="0" columnsXL="0" columnsL="0" columnsM="0"
					singleContainerFullSize="true">
					<f:content>
						<smartField:SmartLabel labelFor="idQT" design="Bold"/>
						<smartField:SmartField id="idQT" value="{Questiontype}" change="onQueTypeChange"/>
					</f:content>
				</f:SimpleForm>
			</VBox>
		</content>
		<beginButton>
			<Button text="Submit" press="onAddQueSubmit"/>
		</beginButton>
		<endButton>
			<Button text="Cancel" press="onAddQueCancel"/>
		</endButton>
	</Dialog>
</core:FragmentDefinition>