<core:FragmentDefinition xmlns="sap.m" xmlns:core="sap.ui.core" xmlns:l="sap.ui.layout" xmlns:t="sap.ui.table"
	xmlns:smartField="sap.ui.comp.smartfield">
	<l:Grid defaultSpan="L12 M12 S12" hSpacing="0">
		<l:content>
			<VBox>
				<layoutData>
					<l:GridData span="L3 M3 S12"/>
				</layoutData>
				<List headerText="{i18n>txtQueBank}">
					<CustomListItem>
						<Panel expandable="true">
							<headerToolbar>
								<Toolbar>
									<Title text="{i18n>txtRQ} {adminModel>/RQCount}" titleStyle="H5"/>
								</Toolbar>
							</headerToolbar>
							<List items="{ path : '/Busconsiderations', filters : [ { path : 'Questioncategoryk', operator : 'EQ', value1 : 'RQ'} ] }"
								updateFinished="onRQUpdateFinished">
								<CustomListItem>
									<HBox class="sapUiTinyMarginBottom" justifyContent="SpaceBetween">
										<Text text="{QuestionText}"/>
										<Button icon="sap-icon://add" tooltip="{i18n>txtAdd}" press="onAddPress"/>
									</HBox>
								</CustomListItem>
							</List>
						</Panel>
					</CustomListItem>
					<CustomListItem>
						<Panel expandable="true">
							<headerToolbar>
								<Toolbar>
									<Title text="{i18n>txtPQ} {adminModel>/PQCount}" titleStyle="H5"/>
								</Toolbar>
							</headerToolbar>
							<List items="{ path : '/Busconsiderations', filters : [ { path : 'Questioncategoryk', operator : 'EQ', value1 : 'PQ'} ] }"
								updateFinished="onPQUpdateFinished">
								<CustomListItem>
									<HBox class="sapUiTinyMarginBottom" justifyContent="SpaceBetween">
										<Text text="{QuestionText}"/>
										<Button icon="sap-icon://add" tooltip="{i18n>txtAdd}" press="onAddPress"/>
									</HBox>
								</CustomListItem>
							</List>
						</Panel>
					</CustomListItem>
					<CustomListItem>
						<Panel expandable="true">
							<headerToolbar>
								<Toolbar>
									<Title text="{i18n>txtAF} {adminModel>/AFCount}" titleStyle="H5"/>
								</Toolbar>
							</headerToolbar>
							<List items="{ path : '/Busconsiderations', filters : [ { path : 'Questioncategoryk', operator : 'EQ', value1 : 'AF'} ] }"
								updateFinished="onAFUpdateFinished">
								<CustomListItem>
									<HBox class="sapUiTinyMarginBottom" justifyContent="SpaceBetween">
										<Text text="{QuestionText}"/>
										<Button icon="sap-icon://add" tooltip="{i18n>txtAdd}" press="onAddPress"/>
									</HBox>
								</CustomListItem>
							</List>
						</Panel>
					</CustomListItem>
					<CustomListItem>
						<Panel expandable="true">
							<headerToolbar>
								<Toolbar>
									<Title text="{i18n>txtAL} {adminModel>/ALCount}" titleStyle="H5"/>
								</Toolbar>
							</headerToolbar>
							<List items="{ path : '/Busconsiderations', filters : [ { path : 'Questioncategoryk', operator : 'EQ', value1 : 'AL'} ] }"
								updateFinished="onALUpdateFinished">
								<CustomListItem>
									<HBox class="sapUiTinyMarginBottom" justifyContent="SpaceBetween">
										<Text text="{QuestionText}"/>
										<Button icon="sap-icon://add" tooltip="{i18n>txtAdd}" press="onAddPress"/>
									</HBox>
								</CustomListItem>
							</List>
						</Panel>
					</CustomListItem>
					<CustomListItem>
						<Panel expandable="true">
							<headerToolbar>
								<Toolbar>
									<Title text="{i18n>txtMisc} {adminModel>/MiscCount}" titleStyle="H5"/>
								</Toolbar>
							</headerToolbar>
							<List items="{ path : '/Busconsiderations', filters : [ { path : 'Questioncategoryk', operator : 'EQ', value1 : ''} ] }"
								updateFinished="onMiscUpdateFinished">
								<CustomListItem>
									<HBox class="sapUiTinyMarginBottom" justifyContent="SpaceBetween">
										<Text text="{QuestionText}"/>
										<Button icon="sap-icon://add" tooltip="{i18n>txtAdd}" press="onAddPress"/>
									</HBox>
								</CustomListItem>
							</List>
						</Panel>
					</CustomListItem>
				</List>
			</VBox>
			<VBox>
				<layoutData>
					<l:GridData span="L9 M9 S12"/>
				</layoutData>
				<t:Table id="idAQuestionsTable" selectionMode="None" rows="{ path : '/Busconsiderations', filters : [ { path : 'Isactive', operator : 'EQ', value1 : 'X'} ] }" noData="Add Questions from Question Bank" class="sapUiSmallMarginTop">
					<t:toolbar>
						<Toolbar>
							<ToolbarSpacer/>
							<!--<Button icon="sap-icon://sys-add" type="Emphasized" text="{i18n>btnAddQue}" press="handleAddQuestions"/>-->
						</Toolbar>
					</t:toolbar>
					<t:columns>
						<t:Column width="10%" hAlign="Center">
							<Label design="Bold" text="{i18n>txtUniqId}"/>
							<t:template>
								<Text text="{Uniqueid}"/>
							</t:template>
						</t:Column>
						<t:Column width="40%">
							<Label design="Bold" text="{i18n>txtQueText}"/>
							<t:template>
								<Text
									text="{parts:[{ path: 'QuestionText'}, {path: 'Requiredquestion'}], formatter:'myFormatter.requiredQuestion'}"/>
							</t:template>
						</t:Column>
						<t:Column width="10%">
							<Label design="Bold" text="{i18n>txtAnsChoice}"/>
							<t:template>
								<Text text=""/>
							</t:template>
						</t:Column>
						<t:Column width="20%">
							<Label design="Bold" text="{i18n>txtGrpPractMgr}"/>
							<t:template>
								<Text text="{DefaultRoutingRecipient}"/>
							</t:template>
						</t:Column>
						<t:Column width="10%">
							<Label design="Bold" text=""/>
							<t:template>
								<HBox>
									<!--<Button icon="sap-icon://edit" tooltip="{i18n>txtEdit}" class="sapUiTinyMarginBegin"/>-->
									<Button icon="sap-icon://sys-cancel" tooltip="{i18n>txtDelete}" class="sapUiTinyMarginBegin" press="onBusConsRowDelete"/>
								</HBox>
							</t:template>
						</t:Column>
					</t:columns>
				</t:Table>
				<!--<Bar design="Footer">
					<contentRight>
						<Button icon="sap-icon://save" type="Emphasized" text="{i18n>btnSave}" press="handleBusConsSave"/>
						<Button icon="sap-icon://cancel" text="{i18n>btnCancel}" press="handleBusConsCancel"/>
					</contentRight>
				</Bar>-->
			</VBox>
		</l:content>
	</l:Grid>
</core:FragmentDefinition>