<core:FragmentDefinition xmlns="sap.m" xmlns:core="sap.ui.core" xmlns:smartField="sap.ui.comp.smartfield">
	<Toolbar height="0.5rem">
		<ToolbarSpacer/>
	</Toolbar>
	<HBox class="sapUiLargeMarginBeginEnd">
		<Text text="{i18n>txtDefRoutRec}" class="sapUiTinyMarginTop sapUiLargeMarginBegin"/>
		<RadioButtonGroup columns="2" select="onRadioDefRoutSelect">
			<buttons>
				<RadioButton text="Group"/>
				<RadioButton text="Practice Manager"/>
			</buttons>
		</RadioButtonGroup>
	</HBox>
	<HBox class="sapUiLargeMarginBeginEnd sapUiTinyMarginTopBottom">
		<ToolbarSpacer width="13rem"/>
		<smartField:SmartField id="idSFDefRoutGroup" value="{Group}" visible="{adminModel>/groupVisible}"/>
		<smartField:SmartField id="idSFDefRoutPractMgr" value="{Name}" visible="{adminModel>/PractMgrVisible}"/>
	</HBox>
</core:FragmentDefinition>