<core:FragmentDefinition xmlns="sap.m" xmlns:core="sap.ui.core" xmlns:l="sap.ui.layout" xmlns:f="sap.f"
	xmlns:smartField="sap.ui.comp.smartfield">
	<l:Grid class="sapUiSmallMarginTop" defaultSpan="L12 M12 S12" hSpacing="0">
		<l:content>
			<HBox>
				<layoutData>
					<l:GridData span="L2 M1 S12"/>
				</layoutData>
				<f:Avatar src="{imageModel>/path}/images/risk-meter-very-good.png" displaySize="M" displayShape="Square"/>
				<VBox class="sapUiTinyMarginBegin">
					<Label text="Very Low Risk"/>
					<Text text="Default Routing :"/>
					<Select width="100%">
						<core:Item text="None"/>
						<core:Item text="NBI Manager"/>
						<core:Item text="NBI Director"/>
						<core:Item text="General Counsel"/>
					</Select>
				</VBox>
			</HBox>
			<VBox>
				<layoutData>
					<l:GridData span="L10 M11 S12"/>
				</layoutData>
				<RangeSlider id="r1" min="0" max="25" range="{path : 'riskMatrixModel>/results/0/VerylowriskRange' ,formatter: '.formatter.returnFloat'}" enableTickmarks="true" class="sapUiLargeMarginBottom sapProgressColorVeryLowRisk">
					<ResponsiveScale tickmarksBetweenLabels="1"/>
				</RangeSlider>
			</VBox>
			<HBox>
				<layoutData>
					<l:GridData span="L2 M1 S12"/>
				</layoutData>
				<f:Avatar src="{imageModel>/path}/images/risk-meter-good.png" displaySize="M" displayShape="Square"/>
				<VBox class="sapUiTinyMarginBegin">
					<Label text="Low Risk"/>
					<Text text="Default Routing :"/>
					<Select width="100%">
						<core:Item text="None"/>
						<core:Item text="NBI Manager"/>
						<core:Item text="NBI Director"/>
						<core:Item text="General Counsel"/>
					</Select>
				</VBox>
			</HBox>
			<VBox>
				<layoutData>
					<l:GridData span="L10 M11 S12"/>
				</layoutData>
				<RangeSlider min="0" max="25" range="{path:'riskMatrixModel>/results/0/LowriskRange', formatter:'.formatter.returnFloat'}" enableTickmarks="true" class="sapUiLargeMarginBottom sapProgressColorLowRisk">
					<ResponsiveScale tickmarksBetweenLabels="1"/>
				</RangeSlider>
			</VBox>
			<HBox>
				<layoutData>
					<l:GridData span="L2 M1 S12"/>
				</layoutData>
				<f:Avatar src="{imageModel>/path}/images/risk-meter-medium.png" displaySize="M" displayShape="Square"/>
				<VBox class="sapUiTinyMarginBegin">
					<Label text="Medium Risk"/>
					<Text text="Default Routing :"/>
					<Select width="100%">
						<core:Item text="None"/>
						<core:Item text="NBI Manager"/>
						<core:Item text="NBI Director"/>
						<core:Item text="General Counsel"/>
					</Select>
				</VBox>
			</HBox>
			<VBox>
				<layoutData>
					<l:GridData span="L10 M11 S12"/>
				</layoutData>
				<RangeSlider min="0" max="25" range="{path:'riskMatrixModel>/results/0/MediumriskRange', formatter:'.formatter.returnFloat'}" enableTickmarks="true" class="sapUiLargeMarginBottom sapProgressColorMedium">
					<ResponsiveScale tickmarksBetweenLabels="1"/>
				</RangeSlider>
			</VBox>
			<HBox>
				<layoutData>
					<l:GridData span="L2 M1 S12"/>
				</layoutData>
				<f:Avatar src="{imageModel>/path}/images/risk-meter-bad.png" displaySize="M" displayShape="Square"/>
				<VBox class="sapUiTinyMarginBegin">
					<Label text="High Risk"/>
					<Label text="Default Routing :"/>
					<Select width="100%">
						<core:Item text="None"/>
						<core:Item text="NBI Manager"/>
						<core:Item text="NBI Director"/>
						<core:Item text="General Counsel"/>
					</Select>
				</VBox>
			</HBox>
			<VBox>
				<layoutData>
					<l:GridData span="L10 M11 S12"/>
				</layoutData>
				<RangeSlider min="0" max="25" range="{path:'riskMatrixModel>/results/0/HighriskRange', formatter:'.formatter.returnFloat'}" enableTickmarks="true" class="sapUiLargeMarginBottom sapProgressColorHighRisk">
					<ResponsiveScale tickmarksBetweenLabels="1"/>
				</RangeSlider>
			</VBox>
			<HBox>
				<layoutData>
					<l:GridData span="L2 M1 S12"/>
				</layoutData>
				<f:Avatar src="{imageModel>/path}/images/risk-meter-very-bad.png" displaySize="M" displayShape="Square"/>
				<VBox class="sapUiTinyMarginBegin">
					<Label text="Very High Risk"/>
					<Label text="Default Routing :"/>
					<Select width="100%">
						<core:Item text="None"/>
						<core:Item text="NBI Manager"/>
						<core:Item text="NBI Director"/>
						<core:Item text="General Counsel"/>
					</Select>
				</VBox>
			</HBox>
			<VBox>
				<layoutData>
					<l:GridData span="L10 M11 S12"/>
				</layoutData>
				<RangeSlider min="0" max="25" range="{path:'riskMatrixModel>/results/0/VeryhighriskRange', formatter:'.formatter.returnFloat'}" enableTickmarks="true" class="sapUiLargeMarginBottom sapProgressColorVeryHighRisk">
					<ResponsiveScale tickmarksBetweenLabels="1"/>
				</RangeSlider>
			</VBox>
		</l:content>
	</l:Grid>
</core:FragmentDefinition>