<core:FragmentDefinition xmlns="sap.m" xmlns:core="sap.ui.core" xmlns:l="sap.ui.layout" xmlns:smartField="sap.ui.comp.smartfield">
	<ScrollContainer class="sapUiNoContentPadding sapUiNoMargin" horizontal="false" vertical="true">
		<MessageStrip text="{i18n>txtTermsMsgStrip}" showIcon="true" type="Information" showCloseButton="true" class="sapUiMediumMarginBottom"/>
		<l:Splitter class="sapUiTinyMarginTop">
			<VBox height="100%">
				<Label text="Parent Category" class="sapUiTinyMarginTop"/>
				<smartField:SmartField entitySet="Terms" value="{Categoryid}" change=""/>
				<Label text="Category Name"/>
				<Input/>
				<Button text="Add Category" class="sapUiTinyMarginTop" icon="sap-icon://add"/>
				<!--<ScrollContainer height="40%" class="sapUiNoContentPadding sapUiNoMargin">
					<Tree items="{path: 'adminModel>/RecommendedCategories'}" headerText="Recommended Categories">
						<StandardTreeItem title="{adminModel>Category}"/>
					</Tree>
				</ScrollContainer>-->
				<ScrollContainer height="19.5rem" vertical="true" class="sapUiNoContentPadding sapUiNoMargin">
					<List items="{ path: '/Terms', sorter: { path: 'CategoryidDesc', descending: false, group: true } }" headerText="Recommended Categories">
						<StandardListItem title="{SubcategoryidDesc}" type="Active"/>
					</List>
				</ScrollContainer>
				<layoutData>
					<l:SplitterLayoutData size="22%" resizable="false"/>
				</layoutData>
			</VBox>
			<!--<VBox height="100%">
				<Tree id="idTermsTree" items="{path: 'adminModel>/SelectedCategories'}" mode="Delete">
					<StandardTreeItem title="{adminModel>Category}"/>
				</Tree>
			</VBox>-->
			<ScrollContainer height="28.2rem" vertical="true" class="sapUiNoContentPadding sapUiNoMargin">
				<List items="{ path: '/Terms', sorter: { path: 'CategoryidDesc', descending: false, group: true } }" headerText="">
					<StandardListItem title="{SubcategoryidDesc}" type="Active"/>
				</List>
			</ScrollContainer>
		</l:Splitter>
	</ScrollContainer>
</core:FragmentDefinition>