<core:FragmentDefinition xmlns:core="sap.ui.core" xmlns="sap.m" xmlns:f="sap.ui.layout.form">
	<Dialog title="{i18n>DialogTitle}"  xmlns:smartField="sap.ui.comp.smartfield">
		<endButton>
			<Button text="{i18n>DLBLOk}" press="onPressOk"/>
		</endButton>
		<beginButton>
			<Button text="{i18n>DLblCancel}" press="onCloseDialog"/>
		</beginButton>
		<content>
			<f:SimpleForm id="SimpleFormDisplay354" editable="true" layout="ResponsiveGridLayout" labelSpanXL="12" labelSpanL="12" labelSpanM="12"
				labelSpanS="12" adjustLabelSpan="false" emptySpanXL="4" emptySpanL="4" emptySpanM="4" emptySpanS="0" columnsXL="1" columnsL="1" columnsM="1"
				singleContainerFullSize="false">
				<f:content>
					<!--<HBox>-->
					<Label text="{i18n>TBLDDDue}" />
					<DatePicker width="70%" value="{detailView>/duedate}" displayFormat="medium" valueFormat="yyyy-MM-ddTHH:mm:ss"></DatePicker>
					<!--<smartField:SmartField value="{Destructionduen}" contextEditable="true" editable="true" change="onChangeDueDate">-->
					<!--	<smartField:configuration>-->
					<!--		<smartField:Configuration controlType="datePicker"/>-->
					<!--	</smartField:configuration>-->
					<!--</smartField:SmartField>-->
					<!--</HBox>-->
				</f:content>
			</f:SimpleForm>
		</content>
	</Dialog>
</core:FragmentDefinition>