{
    "resources": [
        {
            "name": "Component.js"
        },
        {
            "name": "controller/BaseController.js"
        },
        {
            "name": "controller/DispDoc.controller.js"
        },
        {
            "name": "controller/ErrorHandler.js"
        },
        {
            "name": "css/style.css"
        },
        {
            "name": "i18n/i18n.properties",
            "raw": "i18n/i18n.properties"
        },
        {
            "name": "manifest.json"
        },
        {
            "name": "model/formatter.js"
        },
        {
            "name": "neo-app.json"
        },
        {
            "name": "view/DispDoc.view.xml"
        }
    ]
}