<core:FragmentDefinition xmlns="sap.m" xmlns:core="sap.ui.core" xmlns:l="sap.ui.layout" xmlns:f="sap.ui.layout.form"
	xmlns:smartField="sap.ui.comp.smartfield">
	<VBox id="idQuesTypes">
		<f:SimpleForm editable="true" layout="ResponsiveGridLayout" labelSpanXL="4" labelSpanL="6" labelSpanM="4" labelSpanS="12"
			adjustLabelSpan="false" emptySpanXL="0" emptySpanL="0" emptySpanM="2" emptySpanS="0" columnsXL="0" columnsL="0" columnsM="0"
			singleContainerFullSize="true">
			<f:content>
				<Label text="Is this a required question?"/>
				<Switch state="true" customTextOn="Yes" customTextOff="No"/>
				<Label text="Enter your question text"/>
				<Input value=""/>
			</f:content>
		</f:SimpleForm>
		<ToolbarSpacer/>
		<Toolbar height="0.5rem">
			<ToolbarSpacer/>
		</Toolbar>
		<ObjectIdentifier title="Ranking Choices" class="sapUiTinyMarginBegin sapUiTinyMarginTop"/>
		<List items="{adminModel>/AddRow}">
			<CustomListItem>
				<HBox direction="Row">
					<Text text="{adminModel>Choice}" class="sapUiLargeMarginBeginEnd sapUiTinyMarginTop" width="16rem"/>
					<ToolbarSpacer/>
					<TextArea value="{adminModel>Answer}" rows="1" width="15rem"/>
					<ToolbarSpacer width="11rem"/>
					<!--<Button text="Add"/>-->
				</HBox>
			</CustomListItem>
		</List>
		<ToolbarSpacer/>
		<VBox class="sapUiSmallMarginTopBottom sapUiLargeMarginBeginEnd">
			<CheckBox text="Add a N/A column"/>
		</VBox>
		<core:Fragment fragmentName="cmiadmin.fragments.DefRoutRec" type="XML"/>
	</VBox>
</core:FragmentDefinition>