<core:FragmentDefinition xmlns="sap.m" xmlns:core="sap.ui.core" xmlns:l="sap.ui.layout" xmlns:f="sap.ui.layout.form"
	xmlns:smartField="sap.ui.comp.smartfield">
	<VBox id="idQuesTypes">
		<f:SimpleForm editable="true" layout="ResponsiveGridLayout" labelSpanXL="4" labelSpanL="6" labelSpanM="4" labelSpanS="12"
			adjustLabelSpan="false" emptySpanXL="0" emptySpanL="0" emptySpanM="2" emptySpanS="0" columnsXL="0" columnsL="0" columnsM="0"
			singleContainerFullSize="true">
			<f:content>
				<Label text="Is this a required question?"/>
				<Switch state="true" customTextOn="Yes" customTextOff="No"/>
				<Label text="Enter your question text"/>
				<Input value=""/>
			</f:content>
		</f:SimpleForm>
		<ToolbarSpacer/>
		<Toolbar height="0.5rem">
			<ToolbarSpacer/>
		</Toolbar>
		<ObjectIdentifier title="Scale Range Labels" class="sapUiTinyMarginBegin sapUiTinyMarginTop"/>
		<f:SimpleForm editable="true" layout="ResponsiveGridLayout" labelSpanXL="4" labelSpanL="6" labelSpanM="4" labelSpanS="12"
			adjustLabelSpan="false" emptySpanXL="0" emptySpanL="0" emptySpanM="2" emptySpanS="0" columnsXL="0" columnsL="0" columnsM="0"
			singleContainerFullSize="true">
			<f:content>
				<Label text="Left Side"/>
				<Input value="0" width="15rem"/>
				<Label text="Center"/>
				<Input value="" width="15rem"/>
				<Label text="Right Side"/>
				<Input value="100" width="15rem"/>
			</f:content>
		</f:SimpleForm>
		<core:Fragment fragmentName="cmiadmin.fragments.DefRoutRec" type="XML"/>
	</VBox>
</core:FragmentDefinition>