<core:FragmentDefinition xmlns="sap.m" xmlns:core="sap.ui.core" xmlns:f="sap.ui.layout.form" xmlns:rte="sap.ui.richtexteditor">
	<VBox id="idQuesTypes">
		<f:SimpleForm editable="true" layout="ResponsiveGridLayout" labelSpanXL="4" labelSpanL="6" labelSpanM="4" labelSpanS="12"
			adjustLabelSpan="false" emptySpanXL="0" emptySpanL="0" emptySpanM="2" emptySpanS="0" columnsXL="0" columnsL="0" columnsM="0"
			singleContainerFullSize="true">
			<f:content>
				<rte:RichTextEditor/>
			</f:content>
		</f:SimpleForm>
		<ToolbarSpacer/>
	</VBox>
</core:FragmentDefinition>