<core:FragmentDefinition xmlns="sap.m" xmlns:core="sap.ui.core" xmlns:f="sap.ui.layout.form" xmlns:smartField="sap.ui.comp.smartfield">
	<VBox id="idQuesTypes">
		<f:SimpleForm editable="true" layout="ResponsiveGridLayout" labelSpanXL="4" labelSpanL="6" labelSpanM="4" labelSpanS="12"
			adjustLabelSpan="false" emptySpanXL="0" emptySpanL="0" emptySpanM="2" emptySpanS="0" columnsXL="0" columnsL="0" columnsM="0"
			singleContainerFullSize="true">
			<f:content>
				<Label text="Is this a required question?"/>
				<Switch state="true" customTextOn="Yes" customTextOff="No"/>
				<Label text="Enter your question text"/>
				<Input value=""/>
				<Label text="What is your default answer?"/>
				<RadioButtonGroup columns="2">
					<buttons>
						<RadioButton id="idRBYes" text="Yes"/>
						<RadioButton id="idRBNo" text="No"/>
					</buttons>
				</RadioButtonGroup>
			</f:content>
		</f:SimpleForm>
		<ToolbarSpacer/>
		<core:Fragment fragmentName="cmiadmin.fragments.DefRoutRec" type="XML"/>
	</VBox>
</core:FragmentDefinition>