<core:FragmentDefinition xmlns="sap.m" xmlns:core="sap.ui.core" xmlns:table="sap.ui.table" xmlns:l="sap.ui.layout"
	xmlns:f="sap.ui.layout.form">
	<Dialog title="{i18n>compf4Title}" resizable="true" verticalScrolling="false" beforeOpen="onbeforeOpen" afterOpen="onafterOpen"
		contentHeight="72%" contentWidth="64%" draggable="true" horizontalScrolling="false">
		<content>
			<Toolbar>
				<ToolbarSpacer/>
				<Button text="{i18n>compf3BtnClear}" type="Default" press="onPressClearInputsCompny"/>
				<Button text="{i18n>compf3BtnGo}" type="Emphasized" press="onPressGoCompany"/>
			</Toolbar>
			<f:Form id="FormChange480_12120Company" editable="true">
				<f:layout>
					<f:ResponsiveGridLayout labelSpanXL="-1" labelSpanL="4" labelSpanM="5" labelSpanS="12" adjustLabelSpan="true" emptySpanXL="-1"
						emptySpanL="0" emptySpanM="0" emptySpanS="0" columnsXL="-1" columnsL="2" columnsM="2" singleContainerFullSize="true"/>
				</f:layout>
				<f:FormContainer >
					<f:formElements>
						<f:FormElement label="{i18n>LBLCompaycode}">
							<f:fields>
								<Input value="{oVCModel>/iCCompany}" submit="onSubmitCompanyCF4"/>
							</f:fields>
						</f:FormElement>
						<f:FormElement label="{i18n>Lblcompanyname}">
							<f:fields>
								<Input value="{oVCModel>/iCCompanyName}" submit="onSubmitCompanyCF4"/>
							</f:fields>
						</f:FormElement>
					</f:formElements>
				</f:FormContainer>
				<f:FormContainer >
					<f:formElements>
						<f:FormElement label="{i18n>LBLvendorno}">
							<f:fields>
								<Input value="{oVCModel>/iCVendorNo}" editable="false"/>
							</f:fields>
						</f:FormElement>
						<f:FormElement label="{i18n>LBLvendorname}">
							<f:fields>
								<Input value="{oVCModel>/iCVendorName}" editable="false"/>
							</f:fields>
						</f:FormElement>
					</f:formElements>
				</f:FormContainer>
			</f:Form>
			<table:Table title="{i18n>TBLTitle}" selectionMode="Single" alternateRowColors="true" visibleRowCount="8" minAutoRowCount="8"
				rows="{ path: '/VDCCF4helpSet',sorter: { path: 'Lifnr', descending: true }}" rowSelectionChange="onRowSelectionChangeCC"
				class="sapUiTinyMarginBegin sapUiTinyMarginEnd" enableBusyIndicator="true">
				<table:Column width="8rem">
					<table:label>
						<Label text="{i18n>LBLCompaycode}"/>
					</table:label>
					<table:template>
						<Text text="{Bukrs}"/>
					</table:template>
				</table:Column>
				<table:Column width="18rem">
					<table:label>
						<Label text="{i18n>Lblcompanyname}"/>
					</table:label>
					<table:template>
						<Text text="{Butxt}"/>
					</table:template>
				</table:Column>
				<table:Column width="8rem">
					<table:label>
						<Label text="{i18n>LBLvendorno}"/>
					</table:label>
					<table:template>
						<Text text="{Lifnr}"/>
					</table:template>
				</table:Column>
				<table:Column width="19rem">
					<table:label>
						<Label text="{i18n>LBLvendorname}"/>
					</table:label>
					<table:template>
						<Text text="{Name1}"/>
					</table:template>
				</table:Column>
			</table:Table>
		</content>
		<endButton>
			<Button text="{i18n>BtnCancel}" press="onPressCompanyClose" type="Reject"/>
		</endButton>
	</Dialog>
</core:FragmentDefinition>