<core:FragmentDefinition xmlns="sap.m" xmlns:core="sap.ui.core">
	<Popover title="{i18n>popUpTitle}" class="sapUiResponsivePadding--header sapUiResponsivePadding--footer" placement="Left"
		contentHeight="40%" contentWidth="35%">
		<List mode="None" showSeparators="Inner" items="{localModel>/sucerrorlist}" class="sapUiSmallMarginTop">
			<CustomListItem>
				<HBox>
					<core:Icon src="sap-icon://message-error" class="sapUiTinyMarginBegin sapUiTinyMarginEnd"
						color="{path: 'localModel>Msgtyp', formatter:'.formatter.iconstate'}"/>
					<Text text="{localModel>Msg}"/>
				</HBox>
			</CustomListItem>
		</List>
	</Popover>
</core:FragmentDefinition>