<core:FragmentDefinition xmlns="sap.m" xmlns:l="sap.ui.layout" xmlns:core="sap.ui.core"
	xmlns:app="http://schemas.sap.com/sapui5/extension/sap.ui.core.CustomData/1" xmlns:smartField="sap.ui.comp.smartfield"
	xmlns:smartform="sap.ui.comp.smartform">
	<Dialog beforeClose="beforeCloseAddEditDialog" contentWidth="800px" showHeader="true" title="Add Internal Contact"
		class="sapUiSizeCompact sapUiNoContentPadding">
		<content>
			<smartform:SmartForm editable="true" expandable="false" expanded="true" entityType="Cmialtpayer"
				id="cminewrequest.matter.internalContacts.form_" flexEnabled="false">
				<smartform:customData>
					<core:CustomData key="dateFormatSettings" value='\{"UTC":true,"style":"short"\}'/>
				</smartform:customData>
				<smartform:Group id="cminewrequest.matter.internalContacts.header1_">
					<smartform:GroupElement label="{i18n>INTCONTACTSENTRY_SMARTFIELD_LBL_PARTNERTYPE}"
						id="cminewrequest.matter.internalContacts.parvwDesc.input_">
			<!--			<smartField:SmartField showLabel="true" value="{Parvwdesc}">
							<smartField:configuration>
								<smartField:Configuration preventInitialDataFetchInValueHelpDialog="false"/>
							</smartField:configuration>
						</smartField:SmartField>-->
							<smartField:SmartField  showLabel="true" change="smartDpDwnCahnge" value="{Parvwdesc}" app:cFilterVal="MIC"
							app:inOutParams='"vList":["PARVW","PARVWDESC"],"local":["Parvw","Parvwdesc"]' innerControlsCreated="samrtDpDwnInternalContactCreated"
							>
							<smartField:configuration>
								<smartField:Configuration controlType="dropDownList"/>
							</smartField:configuration>
						</smartField:SmartField>
					</smartform:GroupElement >
					<smartform:GroupElement label="{i18n>INTCONTACTSENTRYFORM_SMARTFIELD_LBL_OFFICE}"
						id="cminewrequest.matter.internalContacts.officeName.input_">
						<smartField:SmartField showLabel="true" value="{OfficeName}">
							<smartField:configuration>
								<smartField:Configuration preventInitialDataFetchInValueHelpDialog="false"/>
							</smartField:configuration>
						</smartField:SmartField>
					</smartform:GroupElement>
					<smartform:GroupElement label="{i18n>INTCONTACTSENTRYFORM_SMARTFIELD_LBL_FIRSTNAME}"
						id="cminewrequest.matter.internalContacts.firstName.input_">
						<smartField:SmartField showLabel="true" value="{Firstname}">
							<smartField:configuration>
								<smartField:Configuration preventInitialDataFetchInValueHelpDialog="false"/>
							</smartField:configuration>
						</smartField:SmartField>
					</smartform:GroupElement>
					<smartform:GroupElement label="{i18n>INTCONTACTSENTRYFORM_SMARTFIELD_LBL_LASTNAME}"
						id="cminewrequest.matter.internalContacts.lastName.input_">
						<smartField:SmartField showLabel="true" value="{Lastname}"></smartField:SmartField>
					</smartform:GroupElement>
				</smartform:Group>
				<smartform:Group id="cminewrequest.matter.internalContacts.header2_">
					<smartform:GroupElement label="{i18n>INTCONTACTSENTRYFORM_SMARTFIELD_LBL_PHONE}" id="cminewrequest.matter.internalContacts.phone.input_">
						<smartField:SmartField showLabel="true" change="handlePhoneValidation" value="{Phone}"></smartField:SmartField>
					</smartform:GroupElement >
					<smartform:GroupElement label="{i18n>INTCONTACTSENTRYFORM_SMARTFIELD_LBL_EMAIL}" id="cminewrequest.matter.internalContacts.email.input_">
						<smartField:SmartField showLabel="true" change="handleEmailValidation" value="{Email}"></smartField:SmartField>
					</smartform:GroupElement>
					<smartform:GroupElement label="{i18n>INTCONTACTSENTRYFORM_SMARTFIELD_LBL_COMMENTS}"
						id="cminewrequest.matter.internalContacts.comments.input_">
						<smartField:SmartField showLabel="true" value="{Comments}"></smartField:SmartField>
					</smartform:GroupElement>
				</smartform:Group>
			</smartform:SmartForm>
		</content>
		<beginButton>
			<Button text="{i18n>BUTTON_TEXT_SUBMIT}" app:btnType="SUB" press="onPressSubmitInternalContact" type="Emphasized"
				visible="{generalSettings>/bClientSubmitButton}"/>
		</beginButton>
		<endButton>
			<Button text="{i18n>BUTTON_TXT_CANCEL}" app:btnType="CNL" press="closeInternalContact" type="Emphasized"/>
		</endButton>
	</Dialog>
</core:FragmentDefinition>