<core:FragmentDefinition xmlns="sap.m" xmlns:core="sap.ui.core">
	<Table id="cminewrequest.matter.internalContact.table_" mode="{= ${generalSettings>/Edit} === '' ? 'None' : 'Delete'}"
		items="{path: 'Altpayers', filters: [{ path: 'Partnertype', operator: 'EQ', value1: 'MIC' }]}" delete="onPressDeleteConfirm"
		class="sapUiTinyMarginTop">
		<headerToolbar>
			<Toolbar visible="{path:'generalSettings>/Edit',formatter:'.formatter.editRequestScreen'}">
				<ToolbarSpacer/>
				<Button icon="sap-icon://add-activity" text="{i18n>INTERNALCONTACT_BUTTON_TXT_ADDINTCONTACT}" type="Accept"
					press="onpressaddInternalContact"/>
			</Toolbar>
		</headerToolbar>
		<columns>
			<Column>
				<Label text="{i18n>TAB_INTPARTNR_HDR_PARTNERTYPE}" design="Bold" required="true"/>
			</Column>
			<Column>
				<Label text="{i18n>TAB_INTPARTNR_HDR_OFFICE}" design="Bold" required="true"/>
			</Column>
			<Column>
				<Label text="{i18n>TAB_INTPARTNR_HDR_PARTNERS}" design="Bold" required="true"/>
			</Column>
			<Column>
				<Label text="{i18n>TAB_INTPARTNR_HDR_PHONE}" design="Bold"/>
			</Column>
			<Column>
				<Label text="{i18n>TAB_INTPARTNR_HDR_EMAIL}" design="Bold"/>
			</Column>
			<Column>
				<Label text="{i18n>TAB_INTPARTNR_HDR_COMMENT}" design="Bold"/>
			</Column>
		</columns>
		<items>
			<ColumnListItem type="{= ${generalSettings>/Edit} === '' ? 'Inactive' : 'DetailAndActive'}" detailPress="onInternalContactEdit">
				<cells>
					<Text text="{Parvwdesc}"/>
					<Text text="{OfficeName}"/>
					<Text text="{Firstname} {Lastname}"/>
					<Text text="{Phone}"/>
					<Text text="{Email}"/>
					<Text text="{Comments}"/>
				</cells>
			</ColumnListItem>
		</items>
	</Table>
</core:FragmentDefinition>