[{
	"Airportcode": "LHR",
	"Airportname": "London Heathrow",
	"Airportcity": "London",
	"Countrycode": "EN",
	"Countryname": "England",
	"Continentname": "Europe",
	"Airportid": 1
}, {
	"Airportid": 2,
	"Airportcode": "AMS",
	"Airportname": "Schiphol Amsterdam",
	"Airportcity": "Amsterdam",
	"Stateprovincename": "Noord-Holland",
	"Countrycode": "NL",
	"Countryname": "Netherlands",
	"Continentname": "Europe"
}, {
	"Airportid": 3,
	"Airportcode": "EHV",
	"Airportname": "Eindhoven Airport",
	"Airportcity": "Eindhoven",
	"Stateprovincename": "Noord-Brabant",
	"Countrycode": "NL",
	"Countryname": "Netherlands",
	"Continentname": "Europe"
}, {
	"Airportid": 4,
	"Airportcode": "MST",
	"Airportname": "Maastricht-Aachen Airport",
	"Airportcity": "Maastricht-Airport",
	"Stateprovincename": "Limburg",
	"Countrycode": "NL",
	"Countryname": "Netherlands",
	"Continentname": "Europe"
},{
	"Airportid": 5,
	"Airportcode": "CRL",
	"Airportname": "Brussels South Charleroi Airport",
	"Airportcity": "Brussels",
	"Stateprovincename": "",
	"Countrycode": "BE",
	"Countryname": "Beglium",
	"Continentname": "Europe"
}, {
	"Airportid": 6,
	"Airportcode": "BRU",
	"Airportname": "Brussels Airport",
	"Airportcity": "Brussels",
	"Stateprovincename": "",
	"Countrycode": "BE",
	"Countryname": "Belgium",
	"Continentname": "Europe"
}, {
	"Airportid": 7,
	"Airportcode": "CGN",
	"Airportname": "Flughafen Koeln-Bonn",
	"Airportcity": "Cologne",
	"Stateprovincename": "",
	"Countrycode": "DE",
	"Countryname": "Germany",
	"Continentname": "Europe"
}, {
	"Airportid": 8,
	"Airportcode": "FRA",
	"Airportname": "Flughafen Frankfurt am Main",
	"Airportcity": "Frankfurt",
	"Stateprovincename": "",
	"Countrycode": "DE",
	"Countryname": "Germany",
	"Continentname": "Europe"
}]