[{
	"BookingsId": "20170928132136931-HHHJBI",
	"NoBilling" : "X",
	"DpDocid": "",
	"ArticlesId": 4,
	"ArticleType": "AIRBSP",
	"ArticleCategory": "Air",
	"Twofopindicator": "Twofopindicator 1",
	"Account": "Account 1",
	"Agencylicencenumber": "Agencylicencenumber 1",
	"Airlinepnrlocator": "",
	"Baseamount": 2252.95,
	"Baseamountlocal": 3998.32,
	"Billbackindicator": "B1",
	"Bookingagentcode": "Bookingagentcode 1",
	"Bookingcode": "Bookingcode 1",
	"Bookingmethods": "",
	"Bookingsourcecreation": "/Date(1167473608000)/",
	"Bookingsourcecreationtime": "PT18H58M32S",
	"BillbackNotReleased": "X",
	"Carhotelroomtype": "CCAR",
	"Commissionamount": "Commissionamount 1",
	"Commissionpercentage": 6727.52,
	"Conjunction": "1",
	"Creditcardamount": 7029.098000,
	"Creditcardauthorisation": "Creditcardauthorisation 1",
	"Creditcardexpiry": "Creditcardexpiry 1",
	"Creditcardnumber": "Creditcardnumber 1",
	"Creditcardtype": "CT2",
	"Creditcardauthorisationmerchan": "Creditcardauthorisationmerchan 1",
	"Creditcardexpirymerchant": "Creditcardexpirymerchant 1",
	"Creditcardnumbermerchant": "Creditcardnumbermerchant 1",
	"Creditcardtypemerchant": "TestNotInMapping",
	"Currency": "EUR",
	"Domintindicator": "DI1",
	"Einvoiceemailaddress": "Einvoiceemailaddress 1",
	"DtelGefInvnr": "",
	"Emdtypeindicator": "ET1",
	"Exchangeamount": 1179.5,
	"Exchangeindicator": "Exchangeindicator 1",
	"Exchangeticketedairline": "Z8",
	"Exchangeticketreference": "Exchangeticketreference 1",
	"Fareconstruction": "Fareconstruction 1",
	"Farepaidamount": 3030.83,
	"Foreigntariffindicator": "FT1",
	"Formofpayment": "FP1",
	"Gdsbooking": "Gdsbooking 1",
	"Hotelchaincode": "Hotelchaincode 1",
	"Hotelname": "Hotelname 1",
	"Hotelpropertycode": "Hotelpropertycode 1",
	"Ifaremarkup": 5996.73,
	"Ifarepcc": "Ifarepcc 1",
	"Ifarerechargeaccount": "Ifarerechargeaccount 1",
	"Issuedate": "/Date(1230977608000)/",
	"Itnumber": "Itnumber 1",
	"Totallocalamount": 7498.63,
	"Lowestofferedfare": 5740.08,
	"Mainarrival": "AMS",
	"Mainbookingclass": "MB1",
	"Maindeparture": "BRU",
	"Numberofpeople": "",
	"Obfeeindicator": "Obfeeindicator 1",
	"Orderedby": "Orderedby 1",
	"Passengername": "Passengername 1",
	"Passengertype": "Passengertype 1",
	"Productid": "Productid 1",
	"Productremarks": "Productremarks 1",
	"Quantityofproduct": "1",
	"Ratetypes": "RT1",
	"Reasoncodes": "RT1",
	"Reasonforissuancecodes": "RI1",
	"Refundauthorization": "Refundauthorization 1",
	"Salespriceamount": "1000000",
	"Standardfare": 1609.16,
	"Supplier": "342",
	"Supplierfaxnumber": "Supplierfaxnumber 1",
	"Supplierphonenumber": "Supplierphonenumber 1",
	"Ticketedairline": "KL",
	"Ticketingagentcode": "Ticketingagentcode 1",
	"Ticketingcode": "TC1",
	"Ticketreference": "A",
	"Tickettypes": "T1",
	"Totalamount": 2252.95,
	"Transactioncontrolnumber": "Transactioncontrolnumber 1",
	"Transactiontype": "TT1",
	"Vouchernumber": "Vouchernumber 1",
	"CrName": "CrName 1",
	"CrDate": "/Date(1550571208000)/",
	"CrTime": "PT7H20M45S",
	"ChName": "ChName 1",
	"ChDate": "/Date(1444900408000)/",
	"ChTime": "PT4H5M55S",
	"Reversed": "Reversed 1",
	"CitTriggered": "CitTriggered 1",
	"Citid": "Citid 1",
	"DrivingRecord": "DrivingRecord 1",
	"ErrorCode": "ErrorCode 1",
	"__metadata": {
		"uri": "articlesSet(BookingsId='BookingsId%201',ArticlesId=4)",
		"type": "ZLSZ_SRV.articles"
	},
	"booking": {
		"__deferred": {
			"uri": "articlesSet(BookingsId='BookingsId%201',ArticlesId=4)/booking"
		}
	},
	"segmentSet": {
		"__deferred": {
			"uri": "articlesSet(BookingsId='BookingsId%201',ArticlesId=4)/segmentSet"
		}
	},
	"referenceSet": {
		"__deferred": {
			"uri": "articlesSet(BookingsId='BookingsId%201',ArticlesId=4)/referenceSet"
		}
	},
	"supplementSet": {
		"__deferred": {
			"uri": "articlesSet(BookingsId='BookingsId%201',ArticlesId=4)/supplementSet"
		}
	},
	"Bukrs": "12"
}, {
	"BookingsId": "20170928132136931-HHHJBI",
	"NoBilling" : "",
	"DpDocid": "",
	"ArticlesId": 3,
	"ArticleType": "HOTEL",
	"ArticleCategory": "Hotel",
	"Twofopindicator": "Twofopindicator 2",
	"Account": "Account 2",
	"Agencylicencenumber": "Agencylicencenumber 2",
	"Airlinepnrlocator": "Airlinepnrlocator 2",
	"Baseamount": 5487.9,
	"Baseamountlocal": 3195.23,
	"Billbackindicator": "Billbackindicator 2",
	"Bookingagentcode": "Bookingagentcode 2",
	"BillbackNotReleased": "",
	"Bookingcode": "Bookingcode 2",
	"Bookingmethods": "Bookingmethods 2",
	"Bookingsourcecreation": "/Date(1170497608000)/",
	"Bookingsourcecreationtime": "PT1H51M36S",
	"Carhotelroomtype": "Carhotelroomtype 2",
	"Commissionamount": "Commissionamount 2",
	"Commissionpercentage": 5181.12,
	"Conjunction": "2",
	"Creditcardamount": 5208.93,
	"Creditcardauthorisation": "Creditcardauthorisation 2",
	"Creditcardexpiry": "Creditcardexpiry 2",
	"Creditcardnumber": "Creditcardnumber 2",
	"Creditcardtype": "CT1",
	"Creditcardauthorisationmerchan": "Creditcardauthorisationmerchan 2",
	"Creditcardexpirymerchant": "Creditcardexpirymerchant 2",
	"Creditcardnumbermerchant": "Creditcardnumbermerchant 2",
	"Creditcardtypemerchant": "CT1",
	"Currency": "EUR",
	"Domintindicator": "Domintindicator 2",
	"Einvoiceemailaddress": "Einvoiceemailaddress 2",
	"DtelGefInvnr": "",
	"Emdtypeindicator": "Emdtypeindicator 2",
	"Exchangeamount": 9491.22,
	"Exchangeindicator": "Exchangeindicator 2",
	"Exchangeticketedairline": "Exchangeticketedairline 2",
	"Exchangeticketreference": "Exchangeticketreference 2",
	"Fareconstruction": "Fareconstruction 2",
	"Farepaidamount": 1918.38,
	"Foreigntariffindicator": "Foreigntariffindicator 2",
	"Formofpayment": "Formofpayment 2",
	"Gdsbooking": "Gdsbooking 2",
	"Hotelchaincode": "Hotelchaincode 2",
	"Hotelname": "Hotelname 2",
	"Hotelpropertycode": "Hotelpropertycode 2",
	"Ifaremarkup": 2663.74,
	"Ifarepcc": "Ifarepcc 2",
	"Ifarerechargeaccount": "Ifarerechargeaccount 2",
	"Issuedate": "/Date(1026465208000)/",
	"Itnumber": "Itnumber 2",
	"Totallocalamount": 1597.54,
	"Lowestofferedfare": 2009.99,
	"Mainarrival": "Mainarrival 2",
	"Mainbookingclass": "Mainbookingclass 2",
	"Maindeparture": "Maindeparture 2",
	"Numberofpeople": "2",
	"Obfeeindicator": "Obfeeindicator 2",
	"Orderedby": "Orderedby 2",
	"Passengername": "Passengername 2",
	"Passengertype": "Passengertype 2",
	"Productid": "Productid 2",
	"Productremarks": "Productremarks 2",
	"Quantityofproduct": "2",
	"Ratetypes": "Ratetypes 2",
	"Reasoncodes": "Reasoncodes 2",
	"Reasonforissuancecodes": "Reasonforissuancecodes 2",
	"Refundauthorization": "Refundauthorization 2",
	"Salespriceamount": 1875.1,
	"Standardfare": 5335.67,
	"Supplier": "Supplier 2",
	"Supplierfaxnumber": "Supplierfaxnumber 2",
	"Supplierphonenumber": "Supplierphonenumber 2",
	"Ticketedairline": "Ticketedairline 2",
	"Ticketingagentcode": "Ticketingagentcode 2",
	"Ticketingcode": "Ticketingcode 2",
	"Ticketreference": "Ticketreference 2",
	"Tickettypes": "T2",
	"Totalamount": 6359.29,
	"Transactioncontrolnumber": "Transactioncontrolnumber 2",
	"Transactiontype": "Transactiontype 2",
	"Vouchernumber": "Vouchernumber 2",
	"CrName": "CrName 2",
	"CrDate": "/Date(1294481608000)/",
	"CrTime": "PT7H46M51S",
	"ChName": "ChName 2",
	"ChDate": "/Date(1453976008000)/",
	"ChTime": "PT10H33M22S",
	"Reversed": "Reversed 2",
	"CitTriggered": "CitTriggered 2",
	"Citid": "Citid 2",
	"DrivingRecord": "DrivingRecord 2",
	"ErrorCode": "ErrorCode 2",
	"__metadata": {
		"uri": "articlesSet(BookingsId='BookingsId%202',ArticlesId=3)",
		"type": "ZLSZ_SRV.articles"
	},
	"booking": {
		"__deferred": {
			"uri": "articlesSet(BookingsId='BookingsId%202',ArticlesId=3)/booking"
		}
	},
	"segmentSet": {
		"__deferred": {
			"uri": "articlesSet(BookingsId='BookingsId%202',ArticlesId=3)/segmentSet"
		}
	},
	"referenceSet": {
		"__deferred": {
			"uri": "articlesSet(BookingsId='BookingsId%202',ArticlesId=3)/referenceSet"
		}
	},
	"supplementSet": {
		"__deferred": {
			"uri": "articlesSet(BookingsId='BookingsId%202',ArticlesId=3)/supplementSet"
		}
	},
	"Bukrs": "12"
}, {
	"BookingsId": "20170928132136931-HHHJBI",
	"NoBilling" : "",
	"DpDocid": "",
	"ArticlesId": 2,
	"ArticleType": "CAR",
	"ArticleCategory": "Car",
	"Twofopindicator": "Twofopindicator 3",
	"Account": "Account 3",
	"Agencylicencenumber": "Agencylicencenumber 3",
	"Airlinepnrlocator": "Airlinepnrlocator 3",
	"Baseamount": 7071.26,
	"Baseamountlocal": 1160.82,
	"Billbackindicator": "Billbackindicator 3",
	"BillbackNotReleased": "",
	"Bookingagentcode": "Bookingagentcode 3",
	"Bookingcode": "Bookingcode 3",
	"Bookingmethods": "Bookingmethods 3",
	"Bookingsourcecreation": "/Date(1166264008000)/",
	"Bookingsourcecreationtime": "PT7H5M35S",
	"Carhotelroomtype": "Carhotelroomtype 3",
	"Commissionamount": "Commissionamount 3",
	"Commissionpercentage": 477.51,
	"Conjunction": "3",
	"Creditcardamount": 4335.29,
	"Creditcardauthorisation": "Creditcardauthorisation 3",
	"Creditcardexpiry": "Creditcardexpiry 3",
	"Creditcardnumber": "Creditcardnumber 3",
	"Creditcardtype": "Creditcardtype 3",
	"Creditcardauthorisationmerchan": "Creditcardauthorisationmerchan 3",
	"Creditcardexpirymerchant": "Creditcardexpirymerchant 3",
	"Creditcardnumbermerchant": "Creditcardnumbermerchant 3",
	"Creditcardtypemerchant": "Creditcardtypemerchant 3",
	"Currency": "EUR",
	"Domintindicator": "Domintindicator 3",
	"Einvoiceemailaddress": "Einvoiceemailaddress 3",
	"DtelGefInvnr": "",
	"Emdtypeindicator": "Emdtypeindicator 3",
	"Exchangeamount": 1555.51,
	"Exchangeindicator": "Exchangeindicator 3",
	"Exchangeticketedairline": "Exchangeticketedairline 3",
	"Exchangeticketreference": "Exchangeticketreference 3",
	"Fareconstruction": "Fareconstruction 3",
	"Farepaidamount": 2459.08,
	"Foreigntariffindicator": "Foreigntariffindicator 3",
	"Formofpayment": "Formofpayment 3",
	"Gdsbooking": "Gdsbooking 3",
	"Hotelchaincode": "Hotelchaincode 3",
	"Hotelname": "Hotelname 3",
	"Hotelpropertycode": "Hotelpropertycode 3",
	"Ifaremarkup": 1863.38,
	"Ifarepcc": "Ifarepcc 3",
	"Ifarerechargeaccount": "Ifarerechargeaccount 3",
	"Issuedate": "/Date(1308388408000)/",
	"Itnumber": "Itnumber 3",
	"Totallocalamount": 9330.08,
	"Lowestofferedfare": 1912.68,
	"Mainarrival": "Mainarrival 3",
	"Mainbookingclass": "Mainbookingclass 3",
	"Maindeparture": "Maindeparture 3",
	"Numberofpeople": "3",
	"Obfeeindicator": "Obfeeindicator 3",
	"Orderedby": "Orderedby 3",
	"Passengername": "Passengername 3",
	"Passengertype": "Passengertype 3",
	"Productid": "Productid 3",
	"Productremarks": "Productremarks 3",
	"Quantityofproduct": "3",
	"Ratetypes": "Ratetypes 3",
	"Reasoncodes": "Reasoncodes 3",
	"Reasonforissuancecodes": "Reasonforissuancecodes 3",
	"Refundauthorization": "Refundauthorization 3",
	"Salespriceamount": 4116.21,
	"Standardfare": 4706.02,
	"Supplier": "Supplier 3",
	"Supplierfaxnumber": "Supplierfaxnumber 3",
	"Supplierphonenumber": "Supplierphonenumber 3",
	"Ticketedairline": "Ticketedairline 3",
	"Ticketingagentcode": "Ticketingagentcode 3",
	"Ticketingcode": "Ticketingcode 3",
	"Ticketreference": "Ticketreference 3",
	"Tickettypes": "T1",
	"Totalamount": 5063.67,
	"Transactioncontrolnumber": "Transactioncontrolnumber 3",
	"Transactiontype": "Transactiontype 3",
	"Vouchernumber": "Vouchernumber 3",
	"CrName": "CrName 3",
	"CrDate": "/Date(998817208000)/",
	"CrTime": "PT17H56M11S",
	"ChName": "ChName 3",
	"ChDate": "/Date(1525684408000)/",
	"ChTime": "PT14H19M47S",
	"Reversed": "Reversed 3",
	"CitTriggered": "CitTriggered 3",
	"Citid": "Citid 3",
	"DrivingRecord": "DrivingRecord 3",
	"ErrorCode": "ErrorCode 3",
	"__metadata": {
		"uri": "articlesSet(BookingsId='BookingsId%203',ArticlesId=2)",
		"type": "ZLSZ_SRV.articles"
	},
	"booking": {
		"__deferred": {
			"uri": "articlesSet(BookingsId='BookingsId%203',ArticlesId=2)/booking"
		}
	},
	"segmentSet": {
		"__deferred": {
			"uri": "articlesSet(BookingsId='BookingsId%203',ArticlesId=2)/segmentSet"
		}
	},
	"referenceSet": {
		"__deferred": {
			"uri": "articlesSet(BookingsId='BookingsId%203',ArticlesId=2)/referenceSet"
		}
	},
	"supplementSet": {
		"__deferred": {
			"uri": "articlesSet(BookingsId='BookingsId%203',ArticlesId=2)/supplementSet"
		}
	},
	"Bukrs": "34"
}, {
	"BookingsId": "20170928132136931-HHHJBI",
	"NoBilling" : "X",
	"DpDocid": "",
	"ArticlesId": 1,
	"ArticleType": "HOTEL",
	"ArticleCategory": "Hotel",
	"Twofopindicator": "Twofopindicator 4",
	"Account": "Account 4",
	"Agencylicencenumber": "Agencylicencenumber 4",
	"Airlinepnrlocator": "Airlinepnrlocator 4",
	"Baseamount": 3238.82,
	"Baseamountlocal": 8882.36,
	"Billbackindicator": "Billbackindicator 4",
	"BillbackNotReleased": "",
	"Bookingagentcode": "Bookingagentcode 4",
	"Bookingcode": "Bookingcode 4",
	"Bookingmethods": "Bookingmethods 4",
	"Bookingsourcecreation": "/Date(1108808008000)/",
	"Bookingsourcecreationtime": "PT9H2M19S",
	"Carhotelroomtype": "Carhotelroomtype 4",
	"Commissionamount": "Commissionamount 4",
	"Commissionpercentage": 224.61,
	"Conjunction": "4",
	"Creditcardamount": 4753.04,
	"Creditcardauthorisation": "Creditcardauthorisation 4",
	"Creditcardexpiry": "Creditcardexpiry 4",
	"Creditcardnumber": "Creditcardnumber 4",
	"Creditcardtype": "Creditcardtype 4",
	"Creditcardauthorisationmerchan": "Creditcardauthorisationmerchan 4",
	"Creditcardexpirymerchant": "Creditcardexpirymerchant 4",
	"Creditcardnumbermerchant": "123 456 789",
	"Creditcardtypemerchant": "",
	"Currency": "EUR",
	"Domintindicator": "Domintindicator 4",
	"Einvoiceemailaddress": "Einvoiceemailaddress 4",
	"DtelGefInvnr": "",
	"Emdtypeindicator": "Emdtypeindicator 4",
	"Exchangeamount": 3753,
	"Exchangeindicator": "Exchangeindicator 4",
	"Exchangeticketedairline": "Exchangeticketedairline 4",
	"Exchangeticketreference": "Exchangeticketreference 4",
	"Fareconstruction": "Fareconstruction 4",
	"Farepaidamount": 9687.85,
	"Foreigntariffindicator": "Foreigntariffindicator 4",
	"Formofpayment": "Formofpayment 4",
	"Gdsbooking": "Gdsbooking 4",
	"Hotelchaincode": "Hotelchaincode 4",
	"Hotelname": "Hotelname 4",
	"Hotelpropertycode": "Hotelpropertycode 4",
	"Ifaremarkup": 1600.17,
	"Ifarepcc": "Ifarepcc 4",
	"Ifarerechargeaccount": "Ifarerechargeaccount 4",
	"Issuedate": "/Date(1571822008000)/",
	"Itnumber": "Itnumber 4",
	"Totallocalamount": 4745.32,
	"Lowestofferedfare": 6083.51,
	"Mainarrival": "Mainarrival 4",
	"Mainbookingclass": "Mainbookingclass 4",
	"Maindeparture": "Maindeparture 4",
	"Numberofpeople": "4",
	"Obfeeindicator": "Obfeeindicator 4",
	"Orderedby": "Orderedby 4",
	"Passengername": "Passengername 4",
	"Passengertype": "Passengertype 4",
	"Productid": "Productid 4",
	"Productremarks": "Productremarks 4",
	"Quantityofproduct": "4",
	"Ratetypes": "Ratetypes 4",
	"Reasoncodes": "Reasoncodes 4",
	"Reasonforissuancecodes": "Reasonforissuancecodes 4",
	"Refundauthorization": "Refundauthorization 4",
	"Salespriceamount": 7559.93,
	"Standardfare": 1711.02,
	"Supplier": "Supplier 4",
	"Supplierfaxnumber": "Supplierfaxnumber 4",
	"Supplierphonenumber": "Supplierphonenumber 4",
	"Ticketedairline": "Ticketedairline 4",
	"Ticketingagentcode": "Ticketingagentcode 4",
	"Ticketingcode": "Ticketingcode 4",
	"Ticketreference": "Ticketreference 4",
	"Tickettypes": "Tickettypes 4",
	"Totalamount": 5916.56,
	"Transactioncontrolnumber": "Transactioncontrolnumber 4",
	"Transactiontype": "Transactiontype 4",
	"Vouchernumber": "Vouchernumber 4",
	"CrName": "CrName 4",
	"CrDate": "/Date(1112519608000)/",
	"CrTime": "PT7H27M11S",
	"ChName": "ChName 4",
	"ChDate": "/Date(1357208008000)/",
	"ChTime": "PT0H44M15S",
	"Reversed": "Reversed 4",
	"CitTriggered": "CitTriggered 4",
	"Citid": "Citid 4",
	"DrivingRecord": "DrivingRecord 4",
	"ErrorCode": "ErrorCode 4",
	"__metadata": {
		"uri": "articlesSet(BookingsId='BookingsId%204',ArticlesId=1)",
		"type": "ZLSZ_SRV.articles"
	},
	"booking": {
		"__deferred": {
			"uri": "articlesSet(BookingsId='BookingsId%204',ArticlesId=1)/booking"
		}
	},
	"segmentSet": {
		"__deferred": {
			"uri": "articlesSet(BookingsId='BookingsId%204',ArticlesId=1)/segmentSet"
		}
	},
	"referenceSet": {
		"__deferred": {
			"uri": "articlesSet(BookingsId='BookingsId%204',ArticlesId=1)/referenceSet"
		}
	},
	"supplementSet": {
		"__deferred": {
			"uri": "articlesSet(BookingsId='BookingsId%204',ArticlesId=1)/supplementSet"
		}
	}
}]