[{
	"BookingsId": "20170928132136931-HHHJBI",
	"ApplicationsId": "AA",
	"BookingCreationdate": "/Date(1518862008000)/",
	"BookingCreationtime": "PT7H46M49S",
	"Bookingdestination": "",
	"Bookingreference": "HHHJBI",
	"Filename": "Filename 1",
	"Filecreationdate": "/Date(1514801208000)/",
	"Filecreationtime": "PT12H3M8S",
	"CrName": "CrName 1",
	"CrDate": "/Date(1168164408000)/",
	"CrTime": "PT10H39M57S",
	"ChName": "ChName 1",
	"ChDate": "/Date(1570698408000)/",
	"ChTime": "PT21H14M29S",
	"Reversed": "Reversed 1 1",
	"HasError": "X",
	"ErrorCode": "01",
	"__metadata": {
		"uri": "bookingSet('BookingsId%201')",
		"type": "ZLSZ_SRV.booking"
	},
	"articlesSet": {
		"__deferred": {
			"uri": "bookingSet('BookingsId%201')/articlesSet"
		}
	}
}, {
	"BookingsId": "20170928132136937-IXDXPT",
	"ApplicationsId": "AA",
	"BookingCreationdate": "/Date(1103450808000)/",
	"BookingCreationtime": "PT14H53M5S",
	"Bookingdestination": "Bookingdestination 2",
	"Bookingreference": "IXDXPT",
	"Filename": "Filename 2",
	"Filecreationdate": "/Date(1194775608000)/",
	"Filecreationtime": "PT1H24M39S",
	"CrName": "CrName 2",
	"CrDate": "/Date(1233223608000)/",
	"CrTime": "PT4H10M30S",
	"ChName": "ChName 2",
	"ChDate": "/Date(1216372008000)/",
	"ChTime": "PT2H18M14S",
	"Reversed": "Reversed 2",
	"ErrorCode": "04",
	"__metadata": {
		"uri": "bookingSet('BookingsId%202')",
		"type": "ZLSZ_SRV.booking"
	},
	"articlesSet": {
		"__deferred": {
			"uri": "bookingSet('BookingsId%202')/articlesSet"
		}
	}
}]