[{
	"Countrycode": "NL",
	"Countryname": "Netherlands",
	"__metadata": {
		"uri": "CountriesSet('Countrycode%201')",
		"type": "ZLSZ_SRV.Countries"
	}
}, {
	"Countrycode": "BE",
	"Countryname": "Belgium",
	"__metadata": {
		"uri": "CountriesSet('Countrycode%202')",
		"type": "ZLSZ_SRV.Countries"
	}
}, {
	"Countrycode": "DE",
	"Countryname": "Germany",
	"__metadata": {
		"uri": "CountriesSet('Countrycode%203')",
		"type": "ZLSZ_SRV.Countries"
	}
}, {
	"Countrycode": "EN",
	"Countryname": "England",
	"__metadata": {
		"uri": "CountriesSet('Countrycode%204')",
		"type": "ZLSZ_SRV.Countries"
	}
}]