[{"BookingsId":"20170928132136931-HHHJBI",
"ReferencesId":"",
"ArticlesId":4,
"ArticleType":"AIRBSP",
"SegmentId":0,
"ErrorCode":"05",
"RecordNo":"00000001",
"Account":"4352",
"Bookingreference":"RCVYGG",
"BookingCreationdate":"\/Date(1537747200000)\/",
"ErrorLevel":"A",
"Tabname":"",
"ErrorField":"" }

,{
	"BookingsId": "20170928132136931-HHHJBI",
	"ArticlesId": 4,
	"ArticleType": "AIRBSP",
	"ErrorCode": "01",
	"RecordNo": "RecordNo 1",
	"Account": "Account 1",
	"Bookingreference": "Bookingreference 1",
	"BookingCreationdate": "/Date(1182253337000)/",
	"ErrorLevel": "ErrorLevel 1",
	"ErrorField": "AIRLINEPNRLOCATOR",
	"Tabname": "ZHY_ARTICLES",
	"CrName": "CrName 1",
	"CrDate": "/Date(995110937000)/",
	"CrTime": "PT8H48M31S",
	"__metadata": {
		"uri": "errorSet('BookingsId%201')",
		"type": "ZLSZ_SRV.error"
	},
	"SegmentId": 0,
	"ReferencesId": 0
},{
	"BookingsId": "20170928132136931-HHHJBI",
	"ArticlesId": 4,
	"ArticleType": "AIRBSP",
	"ErrorCode": "01",
	"RecordNo": "RecordNo 1",
	"Account": "Account 1",
	"Bookingreference": "Bookingreference 1",
	"BookingCreationdate": "/Date(1182253337000)/",
	"ErrorLevel": "ErrorLevel 1",
	"ErrorField": "SUPPLIER",
	"Tabname": "ZHY_ARTICLES",
	"CrName": "CrName 1",
	"CrDate": "/Date(995110937000)/",
	"CrTime": "PT8H48M31S",
	"__metadata": {
		"uri": "errorSet('BookingsId%201')",
		"type": "ZLSZ_SRV.error"
	},
	"SegmentId": 0,
	"ReferencesId": 0
},
{
	"BookingsId": "20170928132136931-HHHJBI",
	"ArticlesId": 0,
	"ArticleType": "AIRBSP",
	"ErrorCode": "01",
	"RecordNo": "RecordNo 1",
	"Account": "Account 1",
	"Bookingreference": "Bookingreference 1",
	"BookingCreationdate": "/Date(1182253337000)/",
	"ErrorLevel": "ErrorLevel 1",
	"ErrorField": "BOOKINGDESTINATION",
	"Tabname": "ZHY_BOOKINGS",
	"CrName": "CrName 1",
	"CrDate": "/Date(995110937000)/",
	"CrTime": "PT8H48M31S",
	"__metadata": {
		"uri": "errorSet('BookingsId%201')",
		"type": "ZLSZ_SRV.error"
	},
	"SegmentId": 0,
	"ReferencesId": 0
}, 
{
	"BookingsId": "20170928132136931-HHHJBI",
	"ArticlesId": 4,
	"ArticleType": "AIRBSP",
	"ErrorCode": "08",
	"RecordNo": "RecordNo 1",
	"Account": "Account 1",
	"Bookingreference": "Bookingreference 1",
	"BookingCreationdate": "/Date(1182253337000)/",
	"ErrorLevel": "ErrorLevel 1",
	"ErrorField": "CURRENCY",
	"Tabname": "ZHY_ARTICLES",
	"CrName": "CrName 1",
	"CrDate": "/Date(995110937000)/",
	"CrTime": "PT8H48M31S",
	"__metadata": {
		"uri": "errorSet('BookingsId%201')",
		"type": "ZLSZ_SRV.error"
	},
	"SegmentId": 0,
	"ReferencesId": 0
}, 
{
	"BookingsId": "20170928132136931-HHHJBI",
	"ArticlesId": 4,
	"ArticleType": "AIRBSP",
	"ErrorCode": "06",
	"RecordNo": "RecordNo 1",
	"Account": "",
	"Bookingreference": "Bookingreference 1",
	"BookingCreationdate": "/Date(1182253337000)/",
	"ErrorLevel": "ErrorLevel 1",
	"ErrorField": "REF02",
	"Tabname": "ZHY_REFERENCES",
	"CrName": "CrName 1",
	"CrDate": "/Date(995110937000)/",
	"CrTime": "PT8H48M31S",
	"__metadata": {
		"uri": "errorSet('BookingsId%201')",
		"type": "ZLSZ_SRV.error"
	},
	"SegmentId": 0,
	"ReferencesId": "REF02"
},
{
	"BookingsId": "20170928132136931-HHHJBI",
	"ArticlesId": 4,
	"ArticleType": "AIRBSP",
	"ErrorCode": "01",
	"RecordNo": "RecordNo 1",
	"Account": "Account 1",
	"Bookingreference": "Bookingreference 1",
	"BookingCreationdate": "/Date(1182253337000)/",
	"ErrorLevel": "ErrorLevel 1",
	"ErrorField": "BOOKINGMETHODS",
	"Tabname": "ZHY_ARTICLES",
	"CrName": "CrName 1",
	"CrDate": "/Date(995110937000)/",
	"CrTime": "PT8H48M31S",
	"__metadata": {
		"uri": "errorSet('BookingsId%201')",
		"type": "ZLSZ_SRV.error"
	},
	"SegmentId": 0,
	"ReferencesId": 0
}, {
	"BookingsId": "20170928132136931-HHHJBI",
	"ArticlesId": 4,
	"ArticleType": "1 ArticleType",
	"ErrorCode": "01",
	"RecordNo": "RecordNo 1",
	"Account": "Account 1",
	"Bookingreference": "Bookingreference 1",
	"BookingCreationdate": "/Date(1198413883000)/",
	"ErrorLevel": "ErrorLevel 1",
	"ErrorField": "SEGMENTPROVIDER",
	"Tabname": "ZHY_SEGMENTS",
	"CrName": "CrName 1",
	"CrDate": "/Date(1458650683000)/",
	"CrTime": "PT13H18M32S",
	"__metadata": {
		"uri": "errorSet('BookingsId%201')",
		"type": "ZLSZ_SRV.error"
	},
	"SegmentId": 5897,
	"ReferencesId": 0
}, {
	"ArticlesId": 4,
	"ArticleType": "AIRBSP",
	"SegmentId": 0,
	"ErrorCode": "01",
	"RecordNo": "Record",
	"Account": "Account 1",
	"Bookingreference": "Bookingreference 1",
	"ErrorLevel": "ErrorLevel 1",
	"Tabname": "ZHY_ARTICLES",
	"ErrorField": "CREDITCARDTYPEMERCHANT",
	"BookingsId": "20170928132136931-HHHJBI"
}]