[{
	"Masterchaincode": "ABC",
	"Actualpropertyname": "Test Hotel",
	"Streetaddress1": "Testweg",
	"Countryname": "Netherlands",
	"Countrycode2char": "NL",
	"City": "Heerlen",
	"Bcdpropertyid": 123123123
}, {
	"Masterchaincode": "123",
	"Actualpropertyname": "Test Hotel 123",
	"Streetaddress1": "Testweg 2",
	"Countryname": "Netherlands",
	"Countrycode2char": "NL",
	"City": "Eindhoven",
	"Bcdpropertyid": 32452452
}, {
	"Masterchaincode": "DEA",
	"Actualpropertyname": "Test Hotel",
	"Streetaddress1": "Strasse",
	"Countryname": "Germany",
	"Countrycode2char": "DE",
	"City": "Aachen",
	"Bcdpropertyid": 3453454
}]