[
  {
    "__metadata": {
      "id": "mandSet(ArticleType='AIRBSP',Tabname='ZHY_ARTICLES',Fieldname='ACCOUNT')",
      "uri": "mandSet(ArticleType='AIRBSP',Tabname='ZHY_ARTICLES',Fieldname='ACCOUNT')",
      "type": "ZLSZ_SRV.mand"
    },
    "ArticleType": "AIRBSP",
    "Tabname": "ZHY_ARTICLES",
    "Fieldname": "ACCOUNT"
  },
  {
    "__metadata": {
      "id": "mandSet(ArticleType='AIRBSP',Tabname='ZHY_ARTICLES',Fieldname='AGENCYLICENCENUMBER')",
      "uri": "mandSet(ArticleType='AIRBSP',Tabname='ZHY_ARTICLES',Fieldname='AGENCYLICENCENUMBER')",
      "type": "ZLSZ_SRV.mand"
    },
    "ArticleType": "AIRBSP",
    "Tabname": "ZHY_ARTICLES",
    "Fieldname": "AGENCYLICENCENUMBER"
  },
  {
    "__metadata": {
      "id": "mandSet(ArticleType='AIRBSP',Tabname='ZHY_ARTICLES',Fieldname='ARTICLES_ID')",
      "uri": "mandSet(ArticleType='AIRBSP',Tabname='ZHY_ARTICLES',Fieldname='ARTICLES_ID')",
      "type": "ZLSZ_SRV.mand"
    },
    "ArticleType": "AIRBSP",
    "Tabname": "ZHY_ARTICLES",
    "Fieldname": "ARTICLES_ID"
  },
  {
    "__metadata": {
      "id": "mandSet(ArticleType='AIRBSP',Tabname='ZHY_ARTICLES',Fieldname='ARTICLE_CATEGORY')",
      "uri": "mandSet(ArticleType='AIRBSP',Tabname='ZHY_ARTICLES',Fieldname='ARTICLE_CATEGORY')",
      "type": "ZLSZ_SRV.mand"
    },
    "ArticleType": "AIRBSP",
    "Tabname": "ZHY_ARTICLES",
    "Fieldname": "ARTICLE_CATEGORY"
  },
  {
    "__metadata": {
      "id": "mandSet(ArticleType='AIRBSP',Tabname='ZHY_ARTICLES',Fieldname='ARTICLE_TYPE')",
      "uri": "mandSet(ArticleType='AIRBSP',Tabname='ZHY_ARTICLES',Fieldname='ARTICLE_TYPE')",
      "type": "ZLSZ_SRV.mand"
    },
    "ArticleType": "AIRBSP",
    "Tabname": "ZHY_ARTICLES",
    "Fieldname": "ARTICLE_TYPE"
  },
  {
    "__metadata": {
      "id": "mandSet(ArticleType='AIRBSP',Tabname='ZHY_ARTICLES',Fieldname='BILLBACKINDICATOR')",
      "uri": "mandSet(ArticleType='AIRBSP',Tabname='ZHY_ARTICLES',Fieldname='BILLBACKINDICATOR')",
      "type": "ZLSZ_SRV.mand"
    },
    "ArticleType": "AIRBSP",
    "Tabname": "ZHY_ARTICLES",
    "Fieldname": "BILLBACKINDICATOR"
  },
  {
    "__metadata": {
      "id": "mandSet(ArticleType='AIRBSP',Tabname='ZHY_ARTICLES',Fieldname='BOOKINGAGENTCODE')",
      "uri": "mandSet(ArticleType='AIRBSP',Tabname='ZHY_ARTICLES',Fieldname='BOOKINGAGENTCODE')",
      "type": "ZLSZ_SRV.mand"
    },
    "ArticleType": "AIRBSP",
    "Tabname": "ZHY_ARTICLES",
    "Fieldname": "BOOKINGAGENTCODE"
  },
  {
    "__metadata": {
      "id": "mandSet(ArticleType='AIRBSP',Tabname='ZHY_ARTICLES',Fieldname='BOOKINGCODE')",
      "uri": "mandSet(ArticleType='AIRBSP',Tabname='ZHY_ARTICLES',Fieldname='BOOKINGCODE')",
      "type": "ZLSZ_SRV.mand"
    },
    "ArticleType": "AIRBSP",
    "Tabname": "ZHY_ARTICLES",
    "Fieldname": "BOOKINGCODE"
  },
  {
    "__metadata": {
      "id": "mandSet(ArticleType='AIRBSP',Tabname='ZHY_ARTICLES',Fieldname='BOOKINGMETHODS')",
      "uri": "mandSet(ArticleType='AIRBSP',Tabname='ZHY_ARTICLES',Fieldname='BOOKINGMETHODS')",
      "type": "ZLSZ_SRV.mand"
    },
    "ArticleType": "AIRBSP",
    "Tabname": "ZHY_ARTICLES",
    "Fieldname": "BOOKINGMETHODS"
  },
  {
    "__metadata": {
      "id": "mandSet(ArticleType='AIRBSP',Tabname='ZHY_ARTICLES',Fieldname='BOOKINGSOURCECREATION')",
      "uri": "mandSet(ArticleType='AIRBSP',Tabname='ZHY_ARTICLES',Fieldname='BOOKINGSOURCECREATION')",
      "type": "ZLSZ_SRV.mand"
    },
    "ArticleType": "AIRBSP",
    "Tabname": "ZHY_ARTICLES",
    "Fieldname": "BOOKINGSOURCECREATION"
  },
  {
    "__metadata": {
      "id": "mandSet(ArticleType='AIRBSP',Tabname='ZHY_ARTICLES',Fieldname='BOOKINGS_ID')",
      "uri": "mandSet(ArticleType='AIRBSP',Tabname='ZHY_ARTICLES',Fieldname='BOOKINGS_ID')",
      "type": "ZLSZ_SRV.mand"
    },
    "ArticleType": "AIRBSP",
    "Tabname": "ZHY_ARTICLES",
    "Fieldname": "BOOKINGS_ID"
  },
  {
    "__metadata": {
      "id": "mandSet(ArticleType='AIRBSP',Tabname='ZHY_ARTICLES',Fieldname='CONJUNCTION')",
      "uri": "mandSet(ArticleType='AIRBSP',Tabname='ZHY_ARTICLES',Fieldname='CONJUNCTION')",
      "type": "ZLSZ_SRV.mand"
    },
    "ArticleType": "AIRBSP",
    "Tabname": "ZHY_ARTICLES",
    "Fieldname": "CONJUNCTION"
  },
  {
    "__metadata": {
      "id": "mandSet(ArticleType='AIRBSP',Tabname='ZHY_ARTICLES',Fieldname='CURRENCY')",
      "uri": "mandSet(ArticleType='AIRBSP',Tabname='ZHY_ARTICLES',Fieldname='CURRENCY')",
      "type": "ZLSZ_SRV.mand"
    },
    "ArticleType": "AIRBSP",
    "Tabname": "ZHY_ARTICLES",
    "Fieldname": "CURRENCY"
  },
  {
    "__metadata": {
      "id": "mandSet(ArticleType='AIRBSP',Tabname='ZHY_ARTICLES',Fieldname='DOMINTINDICATOR')",
      "uri": "mandSet(ArticleType='AIRBSP',Tabname='ZHY_ARTICLES',Fieldname='DOMINTINDICATOR')",
      "type": "ZLSZ_SRV.mand"
    },
    "ArticleType": "AIRBSP",
    "Tabname": "ZHY_ARTICLES",
    "Fieldname": "DOMINTINDICATOR"
  },
  {
    "__metadata": {
      "id": "mandSet(ArticleType='AIRBSP',Tabname='ZHY_ARTICLES',Fieldname='FAREPAIDAMOUNT')",
      "uri": "mandSet(ArticleType='AIRBSP',Tabname='ZHY_ARTICLES',Fieldname='FAREPAIDAMOUNT')",
      "type": "ZLSZ_SRV.mand"
    },
    "ArticleType": "AIRBSP",
    "Tabname": "ZHY_ARTICLES",
    "Fieldname": "FAREPAIDAMOUNT"
  },
  {
    "__metadata": {
      "id": "mandSet(ArticleType='AIRBSP',Tabname='ZHY_ARTICLES',Fieldname='ISSUEDATE')",
      "uri": "mandSet(ArticleType='AIRBSP',Tabname='ZHY_ARTICLES',Fieldname='ISSUEDATE')",
      "type": "ZLSZ_SRV.mand"
    },
    "ArticleType": "AIRBSP",
    "Tabname": "ZHY_ARTICLES",
    "Fieldname": "ISSUEDATE"
  },
  {
    "__metadata": {
      "id": "mandSet(ArticleType='AIRBSP',Tabname='ZHY_ARTICLES',Fieldname='LOWESTOFFEREDFARE')",
      "uri": "mandSet(ArticleType='AIRBSP',Tabname='ZHY_ARTICLES',Fieldname='LOWESTOFFEREDFARE')",
      "type": "ZLSZ_SRV.mand"
    },
    "ArticleType": "AIRBSP",
    "Tabname": "ZHY_ARTICLES",
    "Fieldname": "LOWESTOFFEREDFARE"
  },
  {
    "__metadata": {
      "id": "mandSet(ArticleType='AIRBSP',Tabname='ZHY_ARTICLES',Fieldname='MAINARRIVAL')",
      "uri": "mandSet(ArticleType='AIRBSP',Tabname='ZHY_ARTICLES',Fieldname='MAINARRIVAL')",
      "type": "ZLSZ_SRV.mand"
    },
    "ArticleType": "AIRBSP",
    "Tabname": "ZHY_ARTICLES",
    "Fieldname": "MAINARRIVAL"
  },
  {
    "__metadata": {
      "id": "mandSet(ArticleType='AIRBSP',Tabname='ZHY_ARTICLES',Fieldname='MAINDEPARTURE')",
      "uri": "mandSet(ArticleType='AIRBSP',Tabname='ZHY_ARTICLES',Fieldname='MAINDEPARTURE')",
      "type": "ZLSZ_SRV.mand"
    },
    "ArticleType": "AIRBSP",
    "Tabname": "ZHY_ARTICLES",
    "Fieldname": "MAINDEPARTURE"
  },
  {
    "__metadata": {
      "id": "mandSet(ArticleType='AIRBSP',Tabname='ZHY_ARTICLES',Fieldname='NUMBEROFPEOPLE')",
      "uri": "mandSet(ArticleType='AIRBSP',Tabname='ZHY_ARTICLES',Fieldname='NUMBEROFPEOPLE')",
      "type": "ZLSZ_SRV.mand"
    },
    "ArticleType": "AIRBSP",
    "Tabname": "ZHY_ARTICLES",
    "Fieldname": "NUMBEROFPEOPLE"
  },
  {
    "__metadata": {
      "id": "mandSet(ArticleType='AIRBSP',Tabname='ZHY_ARTICLES',Fieldname='ORDEREDBY')",
      "uri": "mandSet(ArticleType='AIRBSP',Tabname='ZHY_ARTICLES',Fieldname='ORDEREDBY')",
      "type": "ZLSZ_SRV.mand"
    },
    "ArticleType": "AIRBSP",
    "Tabname": "ZHY_ARTICLES",
    "Fieldname": "ORDEREDBY"
  },
  {
    "__metadata": {
      "id": "mandSet(ArticleType='AIRBSP',Tabname='ZHY_ARTICLES',Fieldname='PASSENGERNAME')",
      "uri": "mandSet(ArticleType='AIRBSP',Tabname='ZHY_ARTICLES',Fieldname='PASSENGERNAME')",
      "type": "ZLSZ_SRV.mand"
    },
    "ArticleType": "AIRBSP",
    "Tabname": "ZHY_ARTICLES",
    "Fieldname": "PASSENGERNAME"
  },
  {
    "__metadata": {
      "id": "mandSet(ArticleType='AIRBSP',Tabname='ZHY_ARTICLES',Fieldname='PASSENGERTYPE')",
      "uri": "mandSet(ArticleType='AIRBSP',Tabname='ZHY_ARTICLES',Fieldname='PASSENGERTYPE')",
      "type": "ZLSZ_SRV.mand"
    },
    "ArticleType": "AIRBSP",
    "Tabname": "ZHY_ARTICLES",
    "Fieldname": "PASSENGERTYPE"
  },
  {
    "__metadata": {
      "id": "mandSet(ArticleType='AIRBSP',Tabname='ZHY_ARTICLES',Fieldname='PRODUCTID')",
      "uri": "mandSet(ArticleType='AIRBSP',Tabname='ZHY_ARTICLES',Fieldname='PRODUCTID')",
      "type": "ZLSZ_SRV.mand"
    },
    "ArticleType": "AIRBSP",
    "Tabname": "ZHY_ARTICLES",
    "Fieldname": "PRODUCTID"
  },
  {
    "__metadata": {
      "id": "mandSet(ArticleType='AIRBSP',Tabname='ZHY_ARTICLES',Fieldname='RATETYPES')",
      "uri": "mandSet(ArticleType='AIRBSP',Tabname='ZHY_ARTICLES',Fieldname='RATETYPES')",
      "type": "ZLSZ_SRV.mand"
    },
    "ArticleType": "AIRBSP",
    "Tabname": "ZHY_ARTICLES",
    "Fieldname": "RATETYPES"
  },
  {
    "__metadata": {
      "id": "mandSet(ArticleType='AIRBSP',Tabname='ZHY_ARTICLES',Fieldname='REASONCODES')",
      "uri": "mandSet(ArticleType='AIRBSP',Tabname='ZHY_ARTICLES',Fieldname='REASONCODES')",
      "type": "ZLSZ_SRV.mand"
    },
    "ArticleType": "AIRBSP",
    "Tabname": "ZHY_ARTICLES",
    "Fieldname": "REASONCODES"
  },
  {
    "__metadata": {
      "id": "mandSet(ArticleType='AIRBSP',Tabname='ZHY_ARTICLES',Fieldname='STANDARDFARE')",
      "uri": "mandSet(ArticleType='AIRBSP',Tabname='ZHY_ARTICLES',Fieldname='STANDARDFARE')",
      "type": "ZLSZ_SRV.mand"
    },
    "ArticleType": "AIRBSP",
    "Tabname": "ZHY_ARTICLES",
    "Fieldname": "STANDARDFARE"
  },
  {
    "__metadata": {
      "id": "mandSet(ArticleType='AIRBSP',Tabname='ZHY_ARTICLES',Fieldname='SUPPLIER')",
      "uri": "mandSet(ArticleType='AIRBSP',Tabname='ZHY_ARTICLES',Fieldname='SUPPLIER')",
      "type": "ZLSZ_SRV.mand"
    },
    "ArticleType": "AIRBSP",
    "Tabname": "ZHY_ARTICLES",
    "Fieldname": "SUPPLIER"
  },
  {
    "__metadata": {
      "id": "mandSet(ArticleType='AIRBSP',Tabname='ZHY_ARTICLES',Fieldname='TICKETINGAGENTCODE')",
      "uri": "mandSet(ArticleType='AIRBSP',Tabname='ZHY_ARTICLES',Fieldname='TICKETINGAGENTCODE')",
      "type": "ZLSZ_SRV.mand"
    },
    "ArticleType": "AIRBSP",
    "Tabname": "ZHY_ARTICLES",
    "Fieldname": "TICKETINGAGENTCODE"
  },
  {
    "__metadata": {
      "id": "mandSet(ArticleType='AIRBSP',Tabname='ZHY_ARTICLES',Fieldname='TICKETINGCODE')",
      "uri": "mandSet(ArticleType='AIRBSP',Tabname='ZHY_ARTICLES',Fieldname='TICKETINGCODE')",
      "type": "ZLSZ_SRV.mand"
    },
    "ArticleType": "AIRBSP",
    "Tabname": "ZHY_ARTICLES",
    "Fieldname": "TICKETINGCODE"
  },
  {
    "__metadata": {
      "id": "mandSet(ArticleType='AIRBSP',Tabname='ZHY_ARTICLES',Fieldname='TICKETREFERENCE')",
      "uri": "mandSet(ArticleType='AIRBSP',Tabname='ZHY_ARTICLES',Fieldname='TICKETREFERENCE')",
      "type": "ZLSZ_SRV.mand"
    },
    "ArticleType": "AIRBSP",
    "Tabname": "ZHY_ARTICLES",
    "Fieldname": "TICKETREFERENCE"
  },
  {
    "__metadata": {
      "id": "mandSet(ArticleType='AIRBSP',Tabname='ZHY_ARTICLES',Fieldname='TRANSACTIONTYPE')",
      "uri": "mandSet(ArticleType='AIRBSP',Tabname='ZHY_ARTICLES',Fieldname='TRANSACTIONTYPE')",
      "type": "ZLSZ_SRV.mand"
    },
    "ArticleType": "AIRBSP",
    "Tabname": "ZHY_ARTICLES",
    "Fieldname": "TRANSACTIONTYPE"
  },
  {
    "__metadata": {
      "id": "mandSet(ArticleType='AIRBSP',Tabname='ZHY_SEGMENTS',Fieldname='ARRIVALTERMINAL')",
      "uri": "mandSet(ArticleType='AIRBSP',Tabname='ZHY_SEGMENTS',Fieldname='ARRIVALTERMINAL')",
      "type": "ZLSZ_SRV.mand"
    },
    "ArticleType": "AIRBSP",
    "Tabname": "ZHY_SEGMENTS",
    "Fieldname": "ARRIVALTERMINAL"
  },
  {
    "__metadata": {
      "id": "mandSet(ArticleType='AIRBSP',Tabname='ZHY_SEGMENTS',Fieldname='SEGMENTDEPARTURE')",
      "uri": "mandSet(ArticleType='AIRBSP',Tabname='ZHY_SEGMENTS',Fieldname='SEGMENTDEPARTURE')",
      "type": "ZLSZ_SRV.mand"
    },
    "ArticleType": "AIRBSP",
    "Tabname": "ZHY_SEGMENTS",
    "Fieldname": "SEGMENTDEPARTURE"
  }
]