[{
	"TabnameBs": "ZHY_TAX_SUPPL",
	"FieldnameBs": "TAXSUPPLEMENTTYPES",
	"ApplicationsId": "AA",
	"ArticleCategory": "Air",
	"ValueBs": "TYPE1",
	"ValueBcd": "Example 1",
	"__metadata": {
		"uri": "mapSet(TabnameBs='TabnameBs%201',FieldnameBs='FieldnameBs%201',ApplicationsId='ApplicationsId%201',ArticleCategory='ArticleCategory%201',ValueBs='ValueBs%201')",
		"type": "ZLSZ_SRV.map"
	}
}, {
	"TabnameBs": "ZHY_TAX_SUPPL",
	"FieldnameBs": "TAXSUPPLEMENTTYPES",
	"ApplicationsId": "AA",
	"ArticleCategory": "Air",
	"ValueBs": "TYPE2",
	"ValueBcd": "Example 2",
	"__metadata": {
		"uri": "mapSet(TabnameBs='TabnameBs%202',FieldnameBs='FieldnameBs%202',ApplicationsId='ApplicationsId%202',ArticleCategory='ArticleCategory%202',ValueBs='ValueBs%202')",
		"type": "ZLSZ_SRV.map"
	}
}, {
	"TabnameBs": "ZHY_TAX_SUPPL",
	"FieldnameBs": "TAXSUPPLEMENTTYPES",
	"ApplicationsId": "AA",
	"ArticleCategory": "Air",
	"ValueBs": "TYPE3",
	"ValueBcd": "Example 3",
	"__metadata": {
		"uri": "mapSet(TabnameBs='TabnameBs%2011',FieldnameBs='FieldnameBs%2011',ApplicationsId='ApplicationsId%2011',ArticleCategory='ArticleCategory%2011',ValueBs='ValueBs%2011')",
		"type": "ZLSZ_SRV.map"
	}
}, {
	"TabnameBs": "ZHY_TAX_SUPPL",
	"FieldnameBs": "TAXSUPPLEMENTTYPES",
	"ApplicationsId": "ApplicationsId 1",
	"ArticleCategory": "ArticleCategory 1",
	"ValueBs": "TYPE4",
	"ValueBcd": "ValueBcd 1",
	"__metadata": {
		"uri": "mapSet(TabnameBs='TabnameBs%201',FieldnameBs='FieldnameBs%201',ApplicationsId='ApplicationsId%201',ArticleCategory='ArticleCategory%201',ValueBs='ValueBs%201')",
		"type": "ZLSZ_SRV.map"
	}
}, {
	"TabnameBs": "ZHY_ARTICLES",
	"FieldnameBs": "TICKETTYPES",
	"ApplicationsId": "AA",
	"ArticleCategory": "Air",
	"ValueBs": "T1",
	"ValueBcd": "Ticket Type 1"
}, {
	"TabnameBs": "ZHY_ARTICLES",
	"FieldnameBs": "CREDITCARDTYPEMERCHANT",
	"ApplicationsId": "AA",
	"ArticleCategory": "Air",
	"ValueBs": "T2",
	"ValueBcd": "Ticket Type 2"
}, {
	"FieldnameBs": "TICKETTYPES",
	"ApplicationsId": "AA",
	"ArticleCategory": "Air",
	"ValueBs": "T3",
	"ValueBcd": "Ticket Type 3",
	"TabnameBs": "ZHY_ARTICLES"
}, {
	"TabnameBs": "ZHY_ARTICLES",
	"FieldnameBs": "MAINBOOKINGCLASS",
	"ApplicationsId": "AA",
	"ArticleCategory": "Air",
	"ValueBs": "MB1",
	"ValueBcd": "Bookingclass 1"
}, {
	"TabnameBs": "ZHY_ARTICLES",
	"FieldnameBs": "MAINBOOKINGCLASS",
	"ApplicationsId": "AA",
	"ArticleCategory": "Air",
	"ValueBs": "MB2",
	"ValueBcd": ""
}, {
	"TabnameBs": "ZHY_ARTICLES",
	"FieldnameBs": "BILLBACKINDICATOR",
	"ApplicationsId": "AA",
	"ArticleCategory": "Air",
	"ValueBs": "B1",
	"ValueBcd": "Billback Indicator 1"
}, {
	"TabnameBs": "ZHY_ARTICLES",
	"FieldnameBs": "BOOKINGMETHODS",
	"ApplicationsId": "AA",
	"ArticleCategory": "Air",
	"ValueBs": "BM1",
	"ValueBcd": "Method 1"
}, {
	"TabnameBs": "ZHY_ARTICLES",
	"FieldnameBs": "CREDITCARDTYPE",
	"ApplicationsId": "AA",
	"ArticleCategory": "Air",
	"ValueBs": "CT1",
	"ValueBcd": "Master Card"
}, {
	"TabnameBs": "ZHY_ARTICLES",
	"FieldnameBs": "CREDITCARDTYPE",
	"ApplicationsId": "AA",
	"ArticleCategory": "Air",
	"ValueBs": "CT2",
	"ValueBcd": "VISA"
}, {
	"TabnameBs": "ZHY_ARTICLES",
	"FieldnameBs": "CREDITCARDTYPEMERCHANT",
	"ApplicationsId": "AA",
	"ArticleCategory": "Hotel",
	"ValueBs": "CT1",
	"ValueBcd": "Master Card"
}, {
	"TabnameBs": "ZHY_ARTICLES",
	"FieldnameBs": "CREDITCARDTYPEMERCHANT",
	"ApplicationsId": "AA",
	"ArticleCategory": "Hotel",
	"ValueBs": "CT2",
	"ValueBcd": "VISA"
}, {
	"TabnameBs": "ZHY_ARTICLES",
	"FieldnameBs": "DOMINTINDICATOR",
	"ApplicationsId": "AA",
	"ArticleCategory": "Air",
	"ValueBs": "DI1",
	"ValueBcd": "Indicator 1"
}, {
	"TabnameBs": "ZHY_ARTICLES",
	"FieldnameBs": "EMDTYPEINDICATOR",
	"ApplicationsId": "AA",
	"ArticleCategory": "Air",
	"ValueBs": "ET1",
	"ValueBcd": "Emd type"
}, {
	"FieldnameBs": "FOREIGNTARIFFINDICATOR",
	"TabnameBs": "ZHY_ARTICLES",
	"ApplicationsId": "AA",
	"ArticleCategory": "Air",
	"ValueBs": "FT1",
	"ValueBcd": "Foreign"
}, {
	"TabnameBs": "ZHY_ARTICLES",
	"FieldnameBs": "FORMOFPAYMENT",
	"ApplicationsId": "AA",
	"ArticleCategory": "Air",
	"ValueBs": "FP1",
	"ValueBcd": "Credit Card"
}, {
	"TabnameBs": "ZHY_ARTICLES",
	"FieldnameBs": "RATETYPES",
	"ApplicationsId": "AA",
	"ArticleCategory": "Air",
	"ValueBs": "RT1",
	"ValueBcd": "Rate Type 1"
}, {
	"TabnameBs": "ZHY_ARTICLES",
	"FieldnameBs": "REASONCODES",
	"ApplicationsId": "AA",
	"ArticleCategory": "Air",
	"ValueBs": "RT1",
	"ValueBcd": "Reason One"
}, {
	"TabnameBs": "ZHY_ARTICLES",
	"FieldnameBs": "REASONFORISSUANCECODES",
	"ApplicationsId": "AA",
	"ArticleCategory": "Air",
	"ValueBs": "RI1",
	"ValueBcd": "Issue Code"
}, {
	"TabnameBs": "ZHY_ARTICLES",
	"FieldnameBs": "TICKETINGCODE",
	"ApplicationsId": "AA",
	"ArticleCategory": "Air",
	"ValueBs": "TC1",
	"ValueBcd": "Ticket"
}, {
	"TabnameBs": "ZHY_ARTICLES",
	"FieldnameBs": "TRANSACTIONTYPE",
	"ApplicationsId": "AA",
	"ArticleCategory": "Air",
	"ValueBs": "TT1",
	"ValueBcd": "Type one"
}, {
	"TabnameBs": "ZHY_SEGMENTS",
	"FieldnameBs": "SEGMENTCLASS",
	"ApplicationsId": "AA",
	"ArticleCategory": "Air",
	"ValueBs": "SC1",
	"ValueBcd": "Class 1"
}, {
	"TabnameBs": "ZHY_SEGMENTS",
	"FieldnameBs": "SEGMENTPROVIDER",
	"ApplicationsId": "AA",
	"ArticleCategory": "Air",
	"ValueBs": "SP1",
	"ValueBcd": "Provider 1"
}, {
	"TabnameBs": "ZHY_ARTICLES",
	"FieldnameBs": "ARTICLE_TYPE",
	"ApplicationsId": "FIORI",
	"ArticleCategory": "Air",
	"ValueBs": "AIRBSP",
	"ValueBcd": ""
}, {
	"TabnameBs": "ZHY_ARTICLES",
	"FieldnameBs": "ARTICLE_TYPE",
	"ApplicationsId": "FIORI",
	"ArticleCategory": "Air",
	"ValueBs": "AIRREF",
	"ValueBcd": ""
}, {
	"TabnameBs": "ZHY_ARTICLES",
	"FieldnameBs": "ARTICLE_TYPE",
	"ApplicationsId": "FIORI",
	"ArticleCategory": "Air",
	"ValueBs": "AIRSI",
	"ValueBcd": ""
}, {
	"TabnameBs": "ZHY_ARTICLES",
	"FieldnameBs": "ARTICLE_TYPE",
	"ApplicationsId": "FIORI",
	"ArticleCategory": "Car",
	"ValueBs": "CAR",
	"ValueBcd": ""
}, {
	"TabnameBs": "ZHY_ARTICLES",
	"FieldnameBs": "ARTICLE_TYPE",
	"ApplicationsId": "FIORI",
	"ArticleCategory": "Hotel",
	"ValueBs": "HOTEL",
	"ValueBcd": ""
}, {
	"TabnameBs": "ZHY_ARTICLES",
	"FieldnameBs": "ARTICLE_TYPE",
	"ApplicationsId": "FIORI",
	"ArticleCategory": "Rail",
	"ValueBs": "RAIL",
	"ValueBcd": ""
}, {
	"TabnameBs": "ZHY_ARTICLES",
	"FieldnameBs": "ARTICLE_TYPE",
	"ApplicationsId": "FIORI",
	"ArticleCategory": "Misc",
	"ValueBs": "CRUISE",
	"ValueBcd": ""
}, {
	"TabnameBs": "ZHY_ARTICLES",
	"FieldnameBs": "ARTICLE_TYPE",
	"ApplicationsId": "FIORI",
	"ArticleCategory": "Misc",
	"ValueBs": "TOUR",
	"ValueBcd": ""
}]