[
	{
		"Supplier": "342",
		"Land1": "NL",
		"Stationcrscode": "AMSCNTR",
		"Stationname": "Amsterdam Centraal",
		"__metadata": {
			"uri": "RailstationsSet(Supplier='Supplier%201',Stationcrscode='Stationcrscode%201')",
			"type": "ZLSZ_SRV.Railstations"
		}
	},
	{
		"Supplier": "342",
		"Land1": "NL",
		"Stationcrscode": "ENDHOVENC",
		"Stationname": "Eindhoven Centraal",
		"__metadata": {
			"uri": "RailstationsSet(Supplier='Supplier%201',Stationcrscode='Stationcrscode%201')",
			"type": "ZLSZ_SRV.Railstations"
		}
	},
	{
		"Supplier": "342",
		"Land1": "DE",
		"Stationcrscode": "AACHN",
		"Stationname": "Aachen Hauptbahnhof",
		"__metadata": {
			"uri": "RailstationsSet(Supplier='Supplier%201',Stationcrscode='Stationcrscode%201')",
			"type": "ZLSZ_SRV.Railstations"
		}
	},
	{
		"Supplier": "AAA",
		"Land1": "NL",
		"Stationcrscode": "EINDHVN",
		"Stationname": "Eindhoven centraal (diff supp)",
		"__metadata": {
			"uri": "RailstationsSet(Supplier='Supplier%201',Stationcrscode='Stationcrscode%201')",
			"type": "ZLSZ_SRV.Railstations"
		}
	}
]