[{
	"Bcdrailstationid": "123",
	"Railstationname": "Amsterdam Centraal",
	"City": "Amsterdam",
	"Stateprovincename": "Noord Holland",
	"Countrycode2char": "NL",
	"Countryname": "Netherlands",
	"__metadata": {
		"uri": "RailsSet('Bcdrailstationid%201')",
		"type": "ZLSZ_SRV.Rails"
	}
}, {
	"Bcdrailstationid": "1234",
	"Railstationname": "Eindhoven Centraal",
	"City": "Eindhoven",
	"Stateprovincename": "Noord Brabant",
	"Countrycode2char": "NL",
	"Countryname": "Netherlands",
	"__metadata": {
		"uri": "RailsSet('Bcdrailstationid%201')",
		"type": "ZLSZ_SRV.Rails"
	}
}, {
	"Bcdrailstationid": "12342",
	"Railstationname": "Aachen Hauptbanhof",
	"City": "Aachen",
	"Stateprovincename": "",
	"Countrycode2char": "DE",
	"Countryname": "Germany",
	"__metadata": {
		"uri": "RailsSet('Bcdrailstationid%201')",
		"type": "ZLSZ_SRV.Rails"
	}
	
}]