[{
	
	"ArticlesId": 4,
	"BookingsId": "20170928132136931-HHHJBI",
	"ChDate": "/Date(1539561600000)/",
	"ChName": "JORDAN",
	"ChTime": "PT12H07M44S",
	"CrDate": "/Date(1539561600000)/",
	"CrName": "JORDAN",
	"CrTime": "PT11H39M07S",
	"FixedValue": "llnnnnn",
	"Options": {"results": []},
	"PatternMask": "",
	"PatternMaxLength": "007",
	"PatternMinLength": "007",
	"PatternPrefix": "",
	"PatternType": "04",
	"ReferenceDescription": "JOB NUMBER",
	"ReferencesId": "REF1123",
	"ReferencetypesId": "P",
	"Reversed": "",
	"Value": ""	
},{
	"BookingsId": "20170928132136931-HHHJBI",
	"ArticlesId": 4,
	"ReferencesId": "REF11",
	"ReferencetypesId": "P",
	"Value": "TEST-ABC-01",
	"CrName": "CrName 1",
	"CrDate": "/Date(1152532428000)/",
	"CrTime": "PT17H20M33S",
	"ChName": "ChName 1",
	"ChDate": "/Date(1469534028000)/",
	"ChTime": "PT9H0M35S",
	"Reversed": "Reversed 1",
	"__metadata": {
		"uri": "referenceSet(BookingsId='BookingsId%201',ArticlesId=4,ReferencesId=guid'xy765547-7de6-47e6-921e-559f95e9bdde')",
		"type": "ZLSZ_SRV.reference"
	},
	"articles": {
		"__deferred": {
			"uri": "referenceSet(BookingsId='BookingsId%201',ArticlesId=4,ReferencesId=guid'xy765547-7de6-47e6-921e-559f95e9bdde')/articles"
		}
	},
	"ReferenceDescription": "Pattern Example type 04 complex",
	"PatternType": "04",
	"PatternMask": "CCC-cc-NN",
	"PatternPrefix":"TEST-",
	"PatternMinLength": "000",
	"PatternMaxLength": "000"
},
{
	"BookingsId": "20170928132136931-HHHJBI",
	"ArticlesId": 4,
	"ReferencesId": "REF02",
	"ReferencetypesId": "P",
	"Value": "",
	"CrName": "CrName 1",
	"CrDate": "/Date(1152532428000)/",
	"CrTime": "PT17H20M33S",
	"ChName": "ChName 1",
	"ChDate": "/Date(1469534028000)/",
	"ChTime": "PT9H0M35S",
	"Reversed": "Reversed 1",
	"__metadata": {
		"uri": "referenceSet(BookingsId='BookingsId%201',ArticlesId=4,ReferencesId=guid'xy765547-7de6-47e6-921e-559f95e9bdde')",
		"type": "ZLSZ_SRV.reference"
	},
	"articles": {
		"__deferred": {
			"uri": "referenceSet(BookingsId='BookingsId%201',ArticlesId=4,ReferencesId=guid'xy765547-7de6-47e6-921e-559f95e9bdde')/articles"
		}
	},
	"ReferenceDescription": "Pattern Example type 01 Alphanumeric only",
	"PatternType": "01",
	"PatternMask": "",
	"PatternPrefix":"PREFIX",
	"PatternMinLength": "007",
	"PatternMaxLength": "0010"
},
{
	"BookingsId": "20170928132136931-HHHJBI",
	"ArticlesId": 4,
	"ReferencesId": "REF03",
	"ReferencetypesId": "P",
	"Value": "ABC-01",
	"CrName": "CrName 1",
	"CrDate": "/Date(1152532428000)/",
	"CrTime": "PT17H20M33S",
	"ChName": "ChName 1",
	"ChDate": "/Date(1469534028000)/",
	"ChTime": "PT9H0M35S",
	"Reversed": "Reversed 1",
	"__metadata": {
		"uri": "referenceSet(BookingsId='BookingsId%201',ArticlesId=4,ReferencesId=guid'xy765547-7de6-47e6-921e-559f95e9bdde')",
		"type": "ZLSZ_SRV.reference"
	},
	"articles": {
		"__deferred": {
			"uri": "referenceSet(BookingsId='BookingsId%201',ArticlesId=4,ReferencesId=guid'xy765547-7de6-47e6-921e-559f95e9bdde')/articles"
		}
	},
	"ReferenceDescription": "Pattern Example type 03 any chars min 2 max 5",
	"PatternType": "03", 
	"PatternPrefix":"",
	"PatternMask": "",
	"PatternMinLength": "002",
	"PatternMaxLength": "005"
},
{
	"BookingsId": "20170928132136931-HHHJBI",
	"ArticlesId": 4,
	"ReferencesId": "REF04",
	"ReferencetypesId": "P",
	"Value": "1231",
	"CrName": "CrName 1",
	"CrDate": "/Date(1152532428000)/",
	"CrTime": "PT17H20M33S",
	"ChName": "ChName 1",
	"ChDate": "/Date(1469534028000)/",
	"ChTime": "PT9H0M35S",
	"Reversed": "Reversed 1",
	"__metadata": {
		"uri": "referenceSet(BookingsId='BookingsId%201',ArticlesId=4,ReferencesId=guid'xy765547-7de6-47e6-921e-559f95e9bdde')",
		"type": "ZLSZ_SRV.reference"
	},
	"articles": {
		"__deferred": {
			"uri": "referenceSet(BookingsId='BookingsId%201',ArticlesId=4,ReferencesId=guid'xy765547-7de6-47e6-921e-559f95e9bdde')/articles"
		}
	},
	"ReferenceDescription": "Pattern Example type 05 Numeric only",
	"PatternType": "05",
	"PatternMask": "",
	"PatternPrefix":"0031",
	"PatternMinLength": "011",
	"PatternMaxLength": "012"
},{
	"BookingsId": "20170928132136931-HHHJBI",
	"ArticlesId": 4,
	"ReferencesId": "REF05",
	"ReferencetypesId": "L",
	"Value": "Value 21",
	"CrName": "CrName 1",
	"CrDate": "/Date(1152532428000)/",
	"CrTime": "PT17H20M33S",
	"ChName": "ChName 1",
	"ChDate": "/Date(1469534028000)/",
	"ChTime": "PT9H0M35S",
	"Reversed": "Reversed 1",
	"__metadata": {
		"uri": "referenceSet(BookingsId='BookingsId%201',ArticlesId=4,ReferencesId=guid'bc765547-7de6-47e6-921e-559f95e9bdde')",
		"type": "ZLSZ_SRV.reference"
	},
	"articles": {
		"__deferred": {
			"uri": "referenceSet(BookingsId='BookingsId%201',ArticlesId=4,ReferencesId=guid'bc765547-7de6-47e6-921e-559f95e9bdde')/articles"
		}
	},
	"ReferenceDescription": "Lookup Example"
}, {
	"BookingsId": "20170928132136931-HHHJBI",
	"ArticlesId": 4,
	"ReferencesId": "REF06",
	"ReferenceDescription": "Fixed Example",
	"ReferencetypesId": "F",
	"Value": "Fixedvalue",
	"FixedValue": "Fixedvalue"
}, {
	"BookingsId": "20170928132136931-HHHJBI",
	"ArticlesId": 4,
	"ReferencesId": "REF07",
	"ReferenceDescription": "Empty Example",
	"Value": "empty",
	"ReferencetypesId": ""
},
{
      	"BookingsId": "20170928132136931-HHHJBI",
		"ArticlesId": 4,
        "ChDate": null,
        "ChName": "",
        "ChTime": "PT00H00M00S",
        "CrDate": "/Date(1537833600000)/",
        "CrName": "CMRFCUSER",
        "CrTime": "PT22H33M46S",
        "FixedValue": "",
        "Options": {
          "results": [
            {
              "Description": "Show Name Season",
              "Value": "13RW S2",
              "__metadata": {
                "id": "https://bcdpgw110.bcd.scheer:50001/sap/opu/odata/sap/ZLSZ_SRV/optionsSet('13RW%20S2')",
                "type": "ZLSZ_SRV.options",
                "uri": "https://bcdpgw110.bcd.scheer:50001/sap/opu/odata/sap/ZLSZ_SRV/optionsSet('13RW%20S2')"
              }
            },
            {
              "Description": " Show Name Season",
              "Value": "1983",
              "__metadata": {
                "id": "https://bcdpgw110.bcd.scheer:50001/sap/opu/odata/sap/ZLSZ_SRV/optionsSet('1983')",
                "type": "ZLSZ_SRV.options",
                "uri": "https://bcdpgw110.bcd.scheer:50001/sap/opu/odata/sap/ZLSZ_SRV/optionsSet('1983')"
              }
            },
            {
              "Description": "Show Name Season",
              "Value": "2018 LABS DAY",
              "__metadata": {
                "id": "https://bcdpgw110.bcd.scheer:50001/sap/opu/odata/sap/ZLSZ_SRV/optionsSet('2018%20LABS%20DAY')",
                "type": "ZLSZ_SRV.options",
                "uri": "https://bcdpgw110.bcd.scheer:50001/sap/opu/odata/sap/ZLSZ_SRV/optionsSet('2018%20LABS%20DAY')"
              }
            },
            {
              "Description": "Show Name Season",
              "Value": "2018 Labs Day",
              "__metadata": {
                "id": "https://bcdpgw110.bcd.scheer:50001/sap/opu/odata/sap/ZLSZ_SRV/optionsSet('2018%20Labs%20Day')",
                "type": "ZLSZ_SRV.options",
                "uri": "https://bcdpgw110.bcd.scheer:50001/sap/opu/odata/sap/ZLSZ_SRV/optionsSet('2018%20Labs%20Day')"
              }
            },
            {
              "Description": " Show Name Season",
              "Value": "43303",
              "__metadata": {
                "id": "https://bcdpgw110.bcd.scheer:50001/sap/opu/odata/sap/ZLSZ_SRV/optionsSet('43303')",
                "type": "ZLSZ_SRV.options",
                "uri": "https://bcdpgw110.bcd.scheer:50001/sap/opu/odata/sap/ZLSZ_SRV/optionsSet('43303')"
              }
            },
            {
              "Description": "Show Name Season",
              "Value": "ADEL K STAND UP",
              "__metadata": {
                "id": "https://bcdpgw110.bcd.scheer:50001/sap/opu/odata/sap/ZLSZ_SRV/optionsSet('ADEL%20K%20STAND%20UP')",
                "type": "ZLSZ_SRV.options",
                "uri": "https://bcdpgw110.bcd.scheer:50001/sap/opu/odata/sap/ZLSZ_SRV/optionsSet('ADEL%20K%20STAND%20UP')"
              }
            },
            {
              "Description": "Show Name Season",
              "Value": "ALTERED CARBON",
              "__metadata": {
                "id": "https://bcdpgw110.bcd.scheer:50001/sap/opu/odata/sap/ZLSZ_SRV/optionsSet('ALTERED%20CARBON')",
                "type": "ZLSZ_SRV.options",
                "uri": "https://bcdpgw110.bcd.scheer:50001/sap/opu/odata/sap/ZLSZ_SRV/optionsSet('ALTERED%20CARBON')"
              }
            },
            {
              "Description": "Show Name Season",
              "Value": "ANIME JAPAN",
              "__metadata": {
                "id": "https://bcdpgw110.bcd.scheer:50001/sap/opu/odata/sap/ZLSZ_SRV/optionsSet('ANIME%20JAPAN')",
                "type": "ZLSZ_SRV.options",
                "uri": "https://bcdpgw110.bcd.scheer:50001/sap/opu/odata/sap/ZLSZ_SRV/optionsSet('ANIME%20JAPAN')"
              }
            },
            {
              "Description": "Show Name Season",
              "Value": "ARRESTED DVLPT",
              "__metadata": {
                "id": "https://bcdpgw110.bcd.scheer:50001/sap/opu/odata/sap/ZLSZ_SRV/optionsSet('ARRESTED%20DVLPT')",
                "type": "ZLSZ_SRV.options",
                "uri": "https://bcdpgw110.bcd.scheer:50001/sap/opu/odata/sap/ZLSZ_SRV/optionsSet('ARRESTED%20DVLPT')"
              }
            },
            {
              "Description": "Show Name Season",
              "Value": "ASOUE S2",
              "__metadata": {
                "id": "https://bcdpgw110.bcd.scheer:50001/sap/opu/odata/sap/ZLSZ_SRV/optionsSet('ASOUE%20S2')",
                "type": "ZLSZ_SRV.options",
                "uri": "https://bcdpgw110.bcd.scheer:50001/sap/opu/odata/sap/ZLSZ_SRV/optionsSet('ASOUE%20S2')"
              }
            },
            {
              "Description": "Show Name Season",
              "Value": "Adel K Stand up",
              "__metadata": {
                "id": "https://bcdpgw110.bcd.scheer:50001/sap/opu/odata/sap/ZLSZ_SRV/optionsSet('Adel%20K%20Stand%20up')",
                "type": "ZLSZ_SRV.options",
                "uri": "https://bcdpgw110.bcd.scheer:50001/sap/opu/odata/sap/ZLSZ_SRV/optionsSet('Adel%20K%20Stand%20up')"
              }
            },
            {
              "Description": "Show Name Season",
              "Value": "Altered Carbon",
              "__metadata": {
                "id": "https://bcdpgw110.bcd.scheer:50001/sap/opu/odata/sap/ZLSZ_SRV/optionsSet('Altered%20Carbon')",
                "type": "ZLSZ_SRV.options",
                "uri": "https://bcdpgw110.bcd.scheer:50001/sap/opu/odata/sap/ZLSZ_SRV/optionsSet('Altered%20Carbon')"
              }
            },
            {
              "Description": "Show Name Season",
              "Value": "Anime Japan",
              "__metadata": {
                "id": "https://bcdpgw110.bcd.scheer:50001/sap/opu/odata/sap/ZLSZ_SRV/optionsSet('Anime%20Japan')",
                "type": "ZLSZ_SRV.options",
                "uri": "https://bcdpgw110.bcd.scheer:50001/sap/opu/odata/sap/ZLSZ_SRV/optionsSet('Anime%20Japan')"
              }
            },
            {
              "Description": "Show Name Season",
              "Value": "Arrested Dvlpt",
              "__metadata": {
                "id": "https://bcdpgw110.bcd.scheer:50001/sap/opu/odata/sap/ZLSZ_SRV/optionsSet('Arrested%20Dvlpt')",
                "type": "ZLSZ_SRV.options",
                "uri": "https://bcdpgw110.bcd.scheer:50001/sap/opu/odata/sap/ZLSZ_SRV/optionsSet('Arrested%20Dvlpt')"
              }
            },
            {
              "Description": "Show Name Season",
              "Value": "BABY S1",
              "__metadata": {
                "id": "https://bcdpgw110.bcd.scheer:50001/sap/opu/odata/sap/ZLSZ_SRV/optionsSet('BABY%20S1')",
                "type": "ZLSZ_SRV.options",
                "uri": "https://bcdpgw110.bcd.scheer:50001/sap/opu/odata/sap/ZLSZ_SRV/optionsSet('BABY%20S1')"
              }
            },
            {
              "Description": "Show Name Season",
              "Value": "BLACK LIGHT S1",
              "__metadata": {
                "id": "https://bcdpgw110.bcd.scheer:50001/sap/opu/odata/sap/ZLSZ_SRV/optionsSet('BLACK%20LIGHT%20S1')",
                "type": "ZLSZ_SRV.options",
                "uri": "https://bcdpgw110.bcd.scheer:50001/sap/opu/odata/sap/ZLSZ_SRV/optionsSet('BLACK%20LIGHT%20S1')"
              }
            },
            {
              "Description": "Show Name Season",
              "Value": "BLACK MIRROR S4",
              "__metadata": {
                "id": "https://bcdpgw110.bcd.scheer:50001/sap/opu/odata/sap/ZLSZ_SRV/optionsSet('BLACK%20MIRROR%20S4')",
                "type": "ZLSZ_SRV.options",
                "uri": "https://bcdpgw110.bcd.scheer:50001/sap/opu/odata/sap/ZLSZ_SRV/optionsSet('BLACK%20MIRROR%20S4')"
              }
            },
            {
              "Description": "Show Name Season",
              "Value": "BLACK MIRROR S5",
              "__metadata": {
                "id": "https://bcdpgw110.bcd.scheer:50001/sap/opu/odata/sap/ZLSZ_SRV/optionsSet('BLACK%20MIRROR%20S5')",
                "type": "ZLSZ_SRV.options",
                "uri": "https://bcdpgw110.bcd.scheer:50001/sap/opu/odata/sap/ZLSZ_SRV/optionsSet('BLACK%20MIRROR%20S5')"
              }
            },
            {
              "Description": "Show Name Season",
              "Value": "BLOCKBUSTER",
              "__metadata": {
                "id": "https://bcdpgw110.bcd.scheer:50001/sap/opu/odata/sap/ZLSZ_SRV/optionsSet('BLOCKBUSTER')",
                "type": "ZLSZ_SRV.options",
                "uri": "https://bcdpgw110.bcd.scheer:50001/sap/opu/odata/sap/ZLSZ_SRV/optionsSet('BLOCKBUSTER')"
              }
            },
            {
              "Description": "Show Name Season",
              "Value": "Baby S1",
              "__metadata": {
                "id": "https://bcdpgw110.bcd.scheer:50001/sap/opu/odata/sap/ZLSZ_SRV/optionsSet('Baby%20S1')",
                "type": "ZLSZ_SRV.options",
                "uri": "https://bcdpgw110.bcd.scheer:50001/sap/opu/odata/sap/ZLSZ_SRV/optionsSet('Baby%20S1')"
              }
            },
            {
              "Description": "Show Name Season",
              "Value": "Black Light S1",
              "__metadata": {
                "id": "https://bcdpgw110.bcd.scheer:50001/sap/opu/odata/sap/ZLSZ_SRV/optionsSet('Black%20Light%20S1')",
                "type": "ZLSZ_SRV.options",
                "uri": "https://bcdpgw110.bcd.scheer:50001/sap/opu/odata/sap/ZLSZ_SRV/optionsSet('Black%20Light%20S1')"
              }
            },
            {
              "Description": "Show Name Season",
              "Value": "Black Mirror S4",
              "__metadata": {
                "id": "https://bcdpgw110.bcd.scheer:50001/sap/opu/odata/sap/ZLSZ_SRV/optionsSet('Black%20Mirror%20S4')",
                "type": "ZLSZ_SRV.options",
                "uri": "https://bcdpgw110.bcd.scheer:50001/sap/opu/odata/sap/ZLSZ_SRV/optionsSet('Black%20Mirror%20S4')"
              }
            },
            {
              "Description": "Show Name Season",
              "Value": "Black Mirror S5",
              "__metadata": {
                "id": "https://bcdpgw110.bcd.scheer:50001/sap/opu/odata/sap/ZLSZ_SRV/optionsSet('Black%20Mirror%20S5')",
                "type": "ZLSZ_SRV.options",
                "uri": "https://bcdpgw110.bcd.scheer:50001/sap/opu/odata/sap/ZLSZ_SRV/optionsSet('Black%20Mirror%20S5')"
              }
            },
            {
              "Description": "Show Name Season",
              "Value": "Blockbuster",
              "__metadata": {
                "id": "https://bcdpgw110.bcd.scheer:50001/sap/opu/odata/sap/ZLSZ_SRV/optionsSet('Blockbuster')",
                "type": "ZLSZ_SRV.options",
                "uri": "https://bcdpgw110.bcd.scheer:50001/sap/opu/odata/sap/ZLSZ_SRV/optionsSet('Blockbuster')"
              }
            },
            {
              "Description": "Show Name Season",
              "Value": "CABLE GIRLS S3",
              "__metadata": {
                "id": "https://bcdpgw110.bcd.scheer:50001/sap/opu/odata/sap/ZLSZ_SRV/optionsSet('CABLE%20GIRLS%20S3')",
                "type": "ZLSZ_SRV.options",
                "uri": "https://bcdpgw110.bcd.scheer:50001/sap/opu/odata/sap/ZLSZ_SRV/optionsSet('CABLE%20GIRLS%20S3')"
              }
            },
            {
              "Description": "Show Name Season",
              "Value": "COLLATERAL S1",
              "__metadata": {
                "id": "https://bcdpgw110.bcd.scheer:50001/sap/opu/odata/sap/ZLSZ_SRV/optionsSet('COLLATERAL%20S1')",
                "type": "ZLSZ_SRV.options",
                "uri": "https://bcdpgw110.bcd.scheer:50001/sap/opu/odata/sap/ZLSZ_SRV/optionsSet('COLLATERAL%20S1')"
              }
            },
            {
              "Description": "Show Name Season",
              "Value": "CR TAMBORINE",
              "__metadata": {
                "id": "https://bcdpgw110.bcd.scheer:50001/sap/opu/odata/sap/ZLSZ_SRV/optionsSet('CR%20TAMBORINE')",
                "type": "ZLSZ_SRV.options",
                "uri": "https://bcdpgw110.bcd.scheer:50001/sap/opu/odata/sap/ZLSZ_SRV/optionsSet('CR%20TAMBORINE')"
              }
            },
            {
              "Description": "Show Name Season",
              "Value": "CR Tamborine",
              "__metadata": {
                "id": "https://bcdpgw110.bcd.scheer:50001/sap/opu/odata/sap/ZLSZ_SRV/optionsSet('CR%20Tamborine')",
                "type": "ZLSZ_SRV.options",
                "uri": "https://bcdpgw110.bcd.scheer:50001/sap/opu/odata/sap/ZLSZ_SRV/optionsSet('CR%20Tamborine')"
              }
            },
            {
              "Description": "Show Name Season",
              "Value": "Cable Girls S3",
              "__metadata": {
                "id": "https://bcdpgw110.bcd.scheer:50001/sap/opu/odata/sap/ZLSZ_SRV/optionsSet('Cable%20Girls%20S3')",
                "type": "ZLSZ_SRV.options",
                "uri": "https://bcdpgw110.bcd.scheer:50001/sap/opu/odata/sap/ZLSZ_SRV/optionsSet('Cable%20Girls%20S3')"
              }
            },
            {
              "Description": "Show Name Season",
              "Value": "Collateral S1",
              "__metadata": {
                "id": "https://bcdpgw110.bcd.scheer:50001/sap/opu/odata/sap/ZLSZ_SRV/optionsSet('Collateral%20S1')",
                "type": "ZLSZ_SRV.options",
                "uri": "https://bcdpgw110.bcd.scheer:50001/sap/opu/odata/sap/ZLSZ_SRV/optionsSet('Collateral%20S1')"
              }
            },
            {
              "Description": "Show Name Season",
              "Value": "DAREDEVIL S3",
              "__metadata": {
                "id": "https://bcdpgw110.bcd.scheer:50001/sap/opu/odata/sap/ZLSZ_SRV/optionsSet('DAREDEVIL%20S3')",
                "type": "ZLSZ_SRV.options",
                "uri": "https://bcdpgw110.bcd.scheer:50001/sap/opu/odata/sap/ZLSZ_SRV/optionsSet('DAREDEVIL%20S3')"
              }
            },
            {
              "Description": " Show Name Season",
              "Value": "DARK CRYSTAL S1",
              "__metadata": {
                "id": "https://bcdpgw110.bcd.scheer:50001/sap/opu/odata/sap/ZLSZ_SRV/optionsSet('DARK%20CRYSTAL%20S1')",
                "type": "ZLSZ_SRV.options",
                "uri": "https://bcdpgw110.bcd.scheer:50001/sap/opu/odata/sap/ZLSZ_SRV/optionsSet('DARK%20CRYSTAL%20S1')"
              }
            },
            {
              "Description": "Show Name Season",
              "Value": "DARK SEASON 1",
              "__metadata": {
                "id": "https://bcdpgw110.bcd.scheer:50001/sap/opu/odata/sap/ZLSZ_SRV/optionsSet('DARK%20SEASON%201')",
                "type": "ZLSZ_SRV.options",
                "uri": "https://bcdpgw110.bcd.scheer:50001/sap/opu/odata/sap/ZLSZ_SRV/optionsSet('DARK%20SEASON%201')"
              }
            },
            {
              "Description": "Show Name Season",
              "Value": "DEFIANT ONES",
              "__metadata": {
                "id": "https://bcdpgw110.bcd.scheer:50001/sap/opu/odata/sap/ZLSZ_SRV/optionsSet('DEFIANT%20ONES')",
                "type": "ZLSZ_SRV.options",
                "uri": "https://bcdpgw110.bcd.scheer:50001/sap/opu/odata/sap/ZLSZ_SRV/optionsSet('DEFIANT%20ONES')"
              }
            },
            {
              "Description": " Show Name Season",
              "Value": "DISENCHANTMENT",
              "__metadata": {
                "id": "https://bcdpgw110.bcd.scheer:50001/sap/opu/odata/sap/ZLSZ_SRV/optionsSet('DISENCHANTMENT')",
                "type": "ZLSZ_SRV.options",
                "uri": "https://bcdpgw110.bcd.scheer:50001/sap/opu/odata/sap/ZLSZ_SRV/optionsSet('DISENCHANTMENT')"
              }
            },
            {
              "Description": "Show Name Season",
              "Value": "Daredevil S3",
              "__metadata": {
                "id": "https://bcdpgw110.bcd.scheer:50001/sap/opu/odata/sap/ZLSZ_SRV/optionsSet('Daredevil%20S3')",
                "type": "ZLSZ_SRV.options",
                "uri": "https://bcdpgw110.bcd.scheer:50001/sap/opu/odata/sap/ZLSZ_SRV/optionsSet('Daredevil%20S3')"
              }
            },
            {
              "Description": " Show Name Season",
              "Value": "Dark Crystal S1",
              "__metadata": {
                "id": "https://bcdpgw110.bcd.scheer:50001/sap/opu/odata/sap/ZLSZ_SRV/optionsSet('Dark%20Crystal%20S1')",
                "type": "ZLSZ_SRV.options",
                "uri": "https://bcdpgw110.bcd.scheer:50001/sap/opu/odata/sap/ZLSZ_SRV/optionsSet('Dark%20Crystal%20S1')"
              }
            },
            {
              "Description": "Show Name Season",
              "Value": "Dark Season 1",
              "__metadata": {
                "id": "https://bcdpgw110.bcd.scheer:50001/sap/opu/odata/sap/ZLSZ_SRV/optionsSet('Dark%20Season%201')",
                "type": "ZLSZ_SRV.options",
                "uri": "https://bcdpgw110.bcd.scheer:50001/sap/opu/odata/sap/ZLSZ_SRV/optionsSet('Dark%20Season%201')"
              }
            },
            {
              "Description": "Show Name Season",
              "Value": "Defiant Ones",
              "__metadata": {
                "id": "https://bcdpgw110.bcd.scheer:50001/sap/opu/odata/sap/ZLSZ_SRV/optionsSet('Defiant%20Ones')",
                "type": "ZLSZ_SRV.options",
                "uri": "https://bcdpgw110.bcd.scheer:50001/sap/opu/odata/sap/ZLSZ_SRV/optionsSet('Defiant%20Ones')"
              }
            },
            {
              "Description": " Show Name Season",
              "Value": "Disenchantment",
              "__metadata": {
                "id": "https://bcdpgw110.bcd.scheer:50001/sap/opu/odata/sap/ZLSZ_SRV/optionsSet('Disenchantment')",
                "type": "ZLSZ_SRV.options",
                "uri": "https://bcdpgw110.bcd.scheer:50001/sap/opu/odata/sap/ZLSZ_SRV/optionsSet('Disenchantment')"
              }
            },
            {
              "Description": " Show Name Season",
              "Value": "EDHA",
              "__metadata": {
                "id": "https://bcdpgw110.bcd.scheer:50001/sap/opu/odata/sap/ZLSZ_SRV/optionsSet('EDHA')",
                "type": "ZLSZ_SRV.options",
                "uri": "https://bcdpgw110.bcd.scheer:50001/sap/opu/odata/sap/ZLSZ_SRV/optionsSet('EDHA')"
              }
            },
            {
              "Description": " Show Name Season",
              "Value": "ELITE",
              "__metadata": {
                "id": "https://bcdpgw110.bcd.scheer:50001/sap/opu/odata/sap/ZLSZ_SRV/optionsSet('ELITE')",
                "type": "ZLSZ_SRV.options",
                "uri": "https://bcdpgw110.bcd.scheer:50001/sap/opu/odata/sap/ZLSZ_SRV/optionsSet('ELITE')"
              }
            },
            {
              "Description": " Show Name Season",
              "Value": "Elite",
              "__metadata": {
                "id": "https://bcdpgw110.bcd.scheer:50001/sap/opu/odata/sap/ZLSZ_SRV/optionsSet('Elite')",
                "type": "ZLSZ_SRV.options",
                "uri": "https://bcdpgw110.bcd.scheer:50001/sap/opu/odata/sap/ZLSZ_SRV/optionsSet('Elite')"
              }
            },
            {
              "Description": "Show Name Season",
              "Value": "FT JUVENTUS",
              "__metadata": {
                "id": "https://bcdpgw110.bcd.scheer:50001/sap/opu/odata/sap/ZLSZ_SRV/optionsSet('FT%20JUVENTUS')",
                "type": "ZLSZ_SRV.options",
                "uri": "https://bcdpgw110.bcd.scheer:50001/sap/opu/odata/sap/ZLSZ_SRV/optionsSet('FT%20JUVENTUS')"
              }
            },
            {
              "Description": "Show Name Season",
              "Value": "FT Juventus",
              "__metadata": {
                "id": "https://bcdpgw110.bcd.scheer:50001/sap/opu/odata/sap/ZLSZ_SRV/optionsSet('FT%20Juventus')",
                "type": "ZLSZ_SRV.options",
                "uri": "https://bcdpgw110.bcd.scheer:50001/sap/opu/odata/sap/ZLSZ_SRV/optionsSet('FT%20Juventus')"
              }
            },
            {
              "Description": "Show Name Season",
              "Value": "GLOW S2",
              "__metadata": {
                "id": "https://bcdpgw110.bcd.scheer:50001/sap/opu/odata/sap/ZLSZ_SRV/optionsSet('GLOW%20S2')",
                "type": "ZLSZ_SRV.options",
                "uri": "https://bcdpgw110.bcd.scheer:50001/sap/opu/odata/sap/ZLSZ_SRV/optionsSet('GLOW%20S2')"
              }
            },
            {
              "Description": "Show Name Season",
              "Value": "JESSICA JONESS2",
              "__metadata": {
                "id": "https://bcdpgw110.bcd.scheer:50001/sap/opu/odata/sap/ZLSZ_SRV/optionsSet('JESSICA%20JONESS2')",
                "type": "ZLSZ_SRV.options",
                "uri": "https://bcdpgw110.bcd.scheer:50001/sap/opu/odata/sap/ZLSZ_SRV/optionsSet('JESSICA%20JONESS2')"
              }
            },
            {
              "Description": "Show Name Season",
              "Value": "Jessica JonesS2",
              "__metadata": {
                "id": "https://bcdpgw110.bcd.scheer:50001/sap/opu/odata/sap/ZLSZ_SRV/optionsSet('Jessica%20JonesS2')",
                "type": "ZLSZ_SRV.options",
                "uri": "https://bcdpgw110.bcd.scheer:50001/sap/opu/odata/sap/ZLSZ_SRV/optionsSet('Jessica%20JonesS2')"
              }
            },
            {
              "Description": "Show Name Season",
              "Value": "KINGDOM OF US",
              "__metadata": {
                "id": "https://bcdpgw110.bcd.scheer:50001/sap/opu/odata/sap/ZLSZ_SRV/optionsSet('KINGDOM%20OF%20US')",
                "type": "ZLSZ_SRV.options",
                "uri": "https://bcdpgw110.bcd.scheer:50001/sap/opu/odata/sap/ZLSZ_SRV/optionsSet('KINGDOM%20OF%20US')"
              }
            },
            {
              "Description": "Show Name Season",
              "Value": "Kingdom of Us",
              "__metadata": {
                "id": "https://bcdpgw110.bcd.scheer:50001/sap/opu/odata/sap/ZLSZ_SRV/optionsSet('Kingdom%20of%20Us')",
                "type": "ZLSZ_SRV.options",
                "uri": "https://bcdpgw110.bcd.scheer:50001/sap/opu/odata/sap/ZLSZ_SRV/optionsSet('Kingdom%20of%20Us')"
              }
            },
            {
              "Description": " Show Name Season",
              "Value": "LA CASA PAPAL",
              "__metadata": {
                "id": "https://bcdpgw110.bcd.scheer:50001/sap/opu/odata/sap/ZLSZ_SRV/optionsSet('LA%20CASA%20PAPAL')",
                "type": "ZLSZ_SRV.options",
                "uri": "https://bcdpgw110.bcd.scheer:50001/sap/opu/odata/sap/ZLSZ_SRV/optionsSet('LA%20CASA%20PAPAL')"
              }
            },
            {
              "Description": "Show Name Season",
              "Value": "LOST IN SPACES1",
              "__metadata": {
                "id": "https://bcdpgw110.bcd.scheer:50001/sap/opu/odata/sap/ZLSZ_SRV/optionsSet('LOST%20IN%20SPACES1')",
                "type": "ZLSZ_SRV.options",
                "uri": "https://bcdpgw110.bcd.scheer:50001/sap/opu/odata/sap/ZLSZ_SRV/optionsSet('LOST%20IN%20SPACES1')"
              }
            },
            {
              "Description": "Show Name Season",
              "Value": "LUKE CAGE S2",
              "__metadata": {
                "id": "https://bcdpgw110.bcd.scheer:50001/sap/opu/odata/sap/ZLSZ_SRV/optionsSet('LUKE%20CAGE%20S2')",
                "type": "ZLSZ_SRV.options",
                "uri": "https://bcdpgw110.bcd.scheer:50001/sap/opu/odata/sap/ZLSZ_SRV/optionsSet('LUKE%20CAGE%20S2')"
              }
            },
            {
              "Description": " Show Name Season",
              "Value": "La Casa Papal",
              "__metadata": {
                "id": "https://bcdpgw110.bcd.scheer:50001/sap/opu/odata/sap/ZLSZ_SRV/optionsSet('La%20Casa%20Papal')",
                "type": "ZLSZ_SRV.options",
                "uri": "https://bcdpgw110.bcd.scheer:50001/sap/opu/odata/sap/ZLSZ_SRV/optionsSet('La%20Casa%20Papal')"
              }
            },
            {
              "Description": "Show Name Season",
              "Value": "Lost in SpaceS1",
              "__metadata": {
                "id": "https://bcdpgw110.bcd.scheer:50001/sap/opu/odata/sap/ZLSZ_SRV/optionsSet('Lost%20in%20SpaceS1')",
                "type": "ZLSZ_SRV.options",
                "uri": "https://bcdpgw110.bcd.scheer:50001/sap/opu/odata/sap/ZLSZ_SRV/optionsSet('Lost%20in%20SpaceS1')"
              }
            },
            {
              "Description": "Show Name Season",
              "Value": "Luke Cage S2",
              "__metadata": {
                "id": "https://bcdpgw110.bcd.scheer:50001/sap/opu/odata/sap/ZLSZ_SRV/optionsSet('Luke%20Cage%20S2')",
                "type": "ZLSZ_SRV.options",
                "uri": "https://bcdpgw110.bcd.scheer:50001/sap/opu/odata/sap/ZLSZ_SRV/optionsSet('Luke%20Cage%20S2')"
              }
            },
            {
              "Description": "Show Name Season",
              "Value": "MAM S2",
              "__metadata": {
                "id": "https://bcdpgw110.bcd.scheer:50001/sap/opu/odata/sap/ZLSZ_SRV/optionsSet('MAM%20S2')",
                "type": "ZLSZ_SRV.options",
                "uri": "https://bcdpgw110.bcd.scheer:50001/sap/opu/odata/sap/ZLSZ_SRV/optionsSet('MAM%20S2')"
              }
            },
            {
              "Description": "Show Name Season",
              "Value": "MARSEILLE S2",
              "__metadata": {
                "id": "https://bcdpgw110.bcd.scheer:50001/sap/opu/odata/sap/ZLSZ_SRV/optionsSet('MARSEILLE%20S2')",
                "type": "ZLSZ_SRV.options",
                "uri": "https://bcdpgw110.bcd.scheer:50001/sap/opu/odata/sap/ZLSZ_SRV/optionsSet('MARSEILLE%20S2')"
              }
            },
            {
              "Description": "Show Name Season",
              "Value": "MUTE",
              "__metadata": {
                "id": "https://bcdpgw110.bcd.scheer:50001/sap/opu/odata/sap/ZLSZ_SRV/optionsSet('MUTE')",
                "type": "ZLSZ_SRV.options",
                "uri": "https://bcdpgw110.bcd.scheer:50001/sap/opu/odata/sap/ZLSZ_SRV/optionsSet('MUTE')"
              }
            },
            {
              "Description": "Show Name Season",
              "Value": "MaM S2",
              "__metadata": {
                "id": "https://bcdpgw110.bcd.scheer:50001/sap/opu/odata/sap/ZLSZ_SRV/optionsSet('MaM%20S2')",
                "type": "ZLSZ_SRV.options",
                "uri": "https://bcdpgw110.bcd.scheer:50001/sap/opu/odata/sap/ZLSZ_SRV/optionsSet('MaM%20S2')"
              }
            },
            {
              "Description": "Show Name Season",
              "Value": "Marseille S2",
              "__metadata": {
                "id": "https://bcdpgw110.bcd.scheer:50001/sap/opu/odata/sap/ZLSZ_SRV/optionsSet('Marseille%20S2')",
                "type": "ZLSZ_SRV.options",
                "uri": "https://bcdpgw110.bcd.scheer:50001/sap/opu/odata/sap/ZLSZ_SRV/optionsSet('Marseille%20S2')"
              }
            },
            {
              "Description": "Show Name Season",
              "Value": "Mute",
              "__metadata": {
                "id": "https://bcdpgw110.bcd.scheer:50001/sap/opu/odata/sap/ZLSZ_SRV/optionsSet('Mute')",
                "type": "ZLSZ_SRV.options",
                "uri": "https://bcdpgw110.bcd.scheer:50001/sap/opu/odata/sap/ZLSZ_SRV/optionsSet('Mute')"
              }
            },
            {
              "Description": "Show Name Season",
              "Value": "NARCOS S4",
              "__metadata": {
                "id": "https://bcdpgw110.bcd.scheer:50001/sap/opu/odata/sap/ZLSZ_SRV/optionsSet('NARCOS%20S4')",
                "type": "ZLSZ_SRV.options",
                "uri": "https://bcdpgw110.bcd.scheer:50001/sap/opu/odata/sap/ZLSZ_SRV/optionsSet('NARCOS%20S4')"
              }
            },
            {
              "Description": "Show Name Season",
              "Value": "NETFLIX BRAND",
              "__metadata": {
                "id": "https://bcdpgw110.bcd.scheer:50001/sap/opu/odata/sap/ZLSZ_SRV/optionsSet('NETFLIX%20BRAND')",
                "type": "ZLSZ_SRV.options",
                "uri": "https://bcdpgw110.bcd.scheer:50001/sap/opu/odata/sap/ZLSZ_SRV/optionsSet('NETFLIX%20BRAND')"
              }
            },
            {
              "Description": " Show Name Season",
              "Value": "NIGHTFLYERS S1",
              "__metadata": {
                "id": "https://bcdpgw110.bcd.scheer:50001/sap/opu/odata/sap/ZLSZ_SRV/optionsSet('NIGHTFLYERS%20S1')",
                "type": "ZLSZ_SRV.options",
                "uri": "https://bcdpgw110.bcd.scheer:50001/sap/opu/odata/sap/ZLSZ_SRV/optionsSet('NIGHTFLYERS%20S1')"
              }
            },
            {
              "Description": "Show Name Season",
              "Value": "NORWAY",
              "__metadata": {
                "id": "https://bcdpgw110.bcd.scheer:50001/sap/opu/odata/sap/ZLSZ_SRV/optionsSet('NORWAY')",
                "type": "ZLSZ_SRV.options",
                "uri": "https://bcdpgw110.bcd.scheer:50001/sap/opu/odata/sap/ZLSZ_SRV/optionsSet('NORWAY')"
              }
            },
            {
              "Description": "Show Name Season",
              "Value": "NOVEMBER 13TH",
              "__metadata": {
                "id": "https://bcdpgw110.bcd.scheer:50001/sap/opu/odata/sap/ZLSZ_SRV/optionsSet('NOVEMBER%2013TH')",
                "type": "ZLSZ_SRV.options",
                "uri": "https://bcdpgw110.bcd.scheer:50001/sap/opu/odata/sap/ZLSZ_SRV/optionsSet('NOVEMBER%2013TH')"
              }
            },
            {
              "Description": "Show Name Season",
              "Value": "Narcos S4",
              "__metadata": {
                "id": "https://bcdpgw110.bcd.scheer:50001/sap/opu/odata/sap/ZLSZ_SRV/optionsSet('Narcos%20S4')",
                "type": "ZLSZ_SRV.options",
                "uri": "https://bcdpgw110.bcd.scheer:50001/sap/opu/odata/sap/ZLSZ_SRV/optionsSet('Narcos%20S4')"
              }
            },
            {
              "Description": "Show Name Season",
              "Value": "Netflix Brand",
              "__metadata": {
                "id": "https://bcdpgw110.bcd.scheer:50001/sap/opu/odata/sap/ZLSZ_SRV/optionsSet('Netflix%20Brand')",
                "type": "ZLSZ_SRV.options",
                "uri": "https://bcdpgw110.bcd.scheer:50001/sap/opu/odata/sap/ZLSZ_SRV/optionsSet('Netflix%20Brand')"
              }
            },
            {
              "Description": " show name season",
              "Value": "Nightflyers S1",
              "__metadata": {
                "id": "https://bcdpgw110.bcd.scheer:50001/sap/opu/odata/sap/ZLSZ_SRV/optionsSet('Nightflyers%20S1')",
                "type": "ZLSZ_SRV.options",
                "uri": "https://bcdpgw110.bcd.scheer:50001/sap/opu/odata/sap/ZLSZ_SRV/optionsSet('Nightflyers%20S1')"
              }
            },
            {
              "Description": "Show Name Season",
              "Value": "Norway",
              "__metadata": {
                "id": "https://bcdpgw110.bcd.scheer:50001/sap/opu/odata/sap/ZLSZ_SRV/optionsSet('Norway')",
                "type": "ZLSZ_SRV.options",
                "uri": "https://bcdpgw110.bcd.scheer:50001/sap/opu/odata/sap/ZLSZ_SRV/optionsSet('Norway')"
              }
            },
            {
              "Description": "Show Name Season",
              "Value": "November 13th",
              "__metadata": {
                "id": "https://bcdpgw110.bcd.scheer:50001/sap/opu/odata/sap/ZLSZ_SRV/optionsSet('November%2013th')",
                "type": "ZLSZ_SRV.options",
                "uri": "https://bcdpgw110.bcd.scheer:50001/sap/opu/odata/sap/ZLSZ_SRV/optionsSet('November%2013th')"
              }
            },
            {
              "Description": "Show Name Season",
              "Value": "OITNB",
              "__metadata": {
                "id": "https://bcdpgw110.bcd.scheer:50001/sap/opu/odata/sap/ZLSZ_SRV/optionsSet('OITNB')",
                "type": "ZLSZ_SRV.options",
                "uri": "https://bcdpgw110.bcd.scheer:50001/sap/opu/odata/sap/ZLSZ_SRV/optionsSet('OITNB')"
              }
            },
            {
              "Description": " Show Name Season",
              "Value": "OUR PLANET",
              "__metadata": {
                "id": "https://bcdpgw110.bcd.scheer:50001/sap/opu/odata/sap/ZLSZ_SRV/optionsSet('OUR%20PLANET')",
                "type": "ZLSZ_SRV.options",
                "uri": "https://bcdpgw110.bcd.scheer:50001/sap/opu/odata/sap/ZLSZ_SRV/optionsSet('OUR%20PLANET')"
              }
            },
            {
              "Description": " Show Name Season",
              "Value": "OZARK S2",
              "__metadata": {
                "id": "https://bcdpgw110.bcd.scheer:50001/sap/opu/odata/sap/ZLSZ_SRV/optionsSet('OZARK%20S2')",
                "type": "ZLSZ_SRV.options",
                "uri": "https://bcdpgw110.bcd.scheer:50001/sap/opu/odata/sap/ZLSZ_SRV/optionsSet('OZARK%20S2')"
              }
            },
            {
              "Description": " Show Name Season",
              "Value": "Our Planet",
              "__metadata": {
                "id": "https://bcdpgw110.bcd.scheer:50001/sap/opu/odata/sap/ZLSZ_SRV/optionsSet('Our%20Planet')",
                "type": "ZLSZ_SRV.options",
                "uri": "https://bcdpgw110.bcd.scheer:50001/sap/opu/odata/sap/ZLSZ_SRV/optionsSet('Our%20Planet')"
              }
            },
            {
              "Description": " Show Name Season",
              "Value": "Ozark S2",
              "__metadata": {
                "id": "https://bcdpgw110.bcd.scheer:50001/sap/opu/odata/sap/ZLSZ_SRV/optionsSet('Ozark%20S2')",
                "type": "ZLSZ_SRV.options",
                "uri": "https://bcdpgw110.bcd.scheer:50001/sap/opu/odata/sap/ZLSZ_SRV/optionsSet('Ozark%20S2')"
              }
            },
            {
              "Description": " Show Name Season",
              "Value": "PAQUITA SALAS",
              "__metadata": {
                "id": "https://bcdpgw110.bcd.scheer:50001/sap/opu/odata/sap/ZLSZ_SRV/optionsSet('PAQUITA%20SALAS')",
                "type": "ZLSZ_SRV.options",
                "uri": "https://bcdpgw110.bcd.scheer:50001/sap/opu/odata/sap/ZLSZ_SRV/optionsSet('PAQUITA%20SALAS')"
              }
            },
            {
              "Description": " Show Name Season",
              "Value": "Paquita Salas",
              "__metadata": {
                "id": "https://bcdpgw110.bcd.scheer:50001/sap/opu/odata/sap/ZLSZ_SRV/optionsSet('Paquita%20Salas')",
                "type": "ZLSZ_SRV.options",
                "uri": "https://bcdpgw110.bcd.scheer:50001/sap/opu/odata/sap/ZLSZ_SRV/optionsSet('Paquita%20Salas')"
              }
            },
            {
              "Description": "Show Name Season",
              "Value": "Q2LONDON JUNKET",
              "__metadata": {
                "id": "https://bcdpgw110.bcd.scheer:50001/sap/opu/odata/sap/ZLSZ_SRV/optionsSet('Q2LONDON%20JUNKET')",
                "type": "ZLSZ_SRV.options",
                "uri": "https://bcdpgw110.bcd.scheer:50001/sap/opu/odata/sap/ZLSZ_SRV/optionsSet('Q2LONDON%20JUNKET')"
              }
            },
            {
              "Description": "Show Name Season",
              "Value": "Q2London Junket",
              "__metadata": {
                "id": "https://bcdpgw110.bcd.scheer:50001/sap/opu/odata/sap/ZLSZ_SRV/optionsSet('Q2London%20Junket')",
                "type": "ZLSZ_SRV.options",
                "uri": "https://bcdpgw110.bcd.scheer:50001/sap/opu/odata/sap/ZLSZ_SRV/optionsSet('Q2London%20Junket')"
              }
            },
            {
              "Description": " Show Name Season",
              "Value": "QUEER EYE 2",
              "__metadata": {
                "id": "https://bcdpgw110.bcd.scheer:50001/sap/opu/odata/sap/ZLSZ_SRV/optionsSet('QUEER%20EYE%202')",
                "type": "ZLSZ_SRV.options",
                "uri": "https://bcdpgw110.bcd.scheer:50001/sap/opu/odata/sap/ZLSZ_SRV/optionsSet('QUEER%20EYE%202')"
              }
            },
            {
              "Description": " Show Name Season",
              "Value": "Queer Eye 2",
              "__metadata": {
                "id": "https://bcdpgw110.bcd.scheer:50001/sap/opu/odata/sap/ZLSZ_SRV/optionsSet('Queer%20Eye%202')",
                "type": "ZLSZ_SRV.options",
                "uri": "https://bcdpgw110.bcd.scheer:50001/sap/opu/odata/sap/ZLSZ_SRV/optionsSet('Queer%20Eye%202')"
              }
            },
            {
              "Description": "Show Name Season",
              "Value": "RAMADAN EVENT",
              "__metadata": {
                "id": "https://bcdpgw110.bcd.scheer:50001/sap/opu/odata/sap/ZLSZ_SRV/optionsSet('RAMADAN%20EVENT')",
                "type": "ZLSZ_SRV.options",
                "uri": "https://bcdpgw110.bcd.scheer:50001/sap/opu/odata/sap/ZLSZ_SRV/optionsSet('RAMADAN%20EVENT')"
              }
            },
            {
              "Description": "Show Name Season",
              "Value": "ROMA",
              "__metadata": {
                "id": "https://bcdpgw110.bcd.scheer:50001/sap/opu/odata/sap/ZLSZ_SRV/optionsSet('ROMA')",
                "type": "ZLSZ_SRV.options",
                "uri": "https://bcdpgw110.bcd.scheer:50001/sap/opu/odata/sap/ZLSZ_SRV/optionsSet('ROMA')"
              }
            },
            {
              "Description": "Show Name Season",
              "Value": "Ramadan Event",
              "__metadata": {
                "id": "https://bcdpgw110.bcd.scheer:50001/sap/opu/odata/sap/ZLSZ_SRV/optionsSet('Ramadan%20Event')",
                "type": "ZLSZ_SRV.options",
                "uri": "https://bcdpgw110.bcd.scheer:50001/sap/opu/odata/sap/ZLSZ_SRV/optionsSet('Ramadan%20Event')"
              }
            },
            {
              "Description": "Show Name Season",
              "Value": "Roma",
              "__metadata": {
                "id": "https://bcdpgw110.bcd.scheer:50001/sap/opu/odata/sap/ZLSZ_SRV/optionsSet('Roma')",
                "type": "ZLSZ_SRV.options",
                "uri": "https://bcdpgw110.bcd.scheer:50001/sap/opu/odata/sap/ZLSZ_SRV/optionsSet('Roma')"
              }
            },
            {
              "Description": "Show Name Season",
              "Value": "SACRED GAMES",
              "__metadata": {
                "id": "https://bcdpgw110.bcd.scheer:50001/sap/opu/odata/sap/ZLSZ_SRV/optionsSet('SACRED%20GAMES')",
                "type": "ZLSZ_SRV.options",
                "uri": "https://bcdpgw110.bcd.scheer:50001/sap/opu/odata/sap/ZLSZ_SRV/optionsSet('SACRED%20GAMES')"
              }
            },
            {
              "Description": " Show Name Season",
              "Value": "SAFE",
              "__metadata": {
                "id": "https://bcdpgw110.bcd.scheer:50001/sap/opu/odata/sap/ZLSZ_SRV/optionsSet('SAFE')",
                "type": "ZLSZ_SRV.options",
                "uri": "https://bcdpgw110.bcd.scheer:50001/sap/opu/odata/sap/ZLSZ_SRV/optionsSet('SAFE')"
              }
            },
            {
              "Description": "Show Name Season",
              "Value": "SCD S2",
              "__metadata": {
                "id": "https://bcdpgw110.bcd.scheer:50001/sap/opu/odata/sap/ZLSZ_SRV/optionsSet('SCD%20S2')",
                "type": "ZLSZ_SRV.options",
                "uri": "https://bcdpgw110.bcd.scheer:50001/sap/opu/odata/sap/ZLSZ_SRV/optionsSet('SCD%20S2')"
              }
            },
            {
              "Description": "Show Name Season",
              "Value": "SEE WHATS NEXT",
              "__metadata": {
                "id": "https://bcdpgw110.bcd.scheer:50001/sap/opu/odata/sap/ZLSZ_SRV/optionsSet('SEE%20WHATS%20NEXT')",
                "type": "ZLSZ_SRV.options",
                "uri": "https://bcdpgw110.bcd.scheer:50001/sap/opu/odata/sap/ZLSZ_SRV/optionsSet('SEE%20WHATS%20NEXT')"
              }
            },
            {
              "Description": "Show Name Season",
              "Value": "SENSE 8",
              "__metadata": {
                "id": "https://bcdpgw110.bcd.scheer:50001/sap/opu/odata/sap/ZLSZ_SRV/optionsSet('SENSE%208')",
                "type": "ZLSZ_SRV.options",
                "uri": "https://bcdpgw110.bcd.scheer:50001/sap/opu/odata/sap/ZLSZ_SRV/optionsSet('SENSE%208')"
              }
            },
            {
              "Description": "Show Name Season",
              "Value": "SEX ED",
              "__metadata": {
                "id": "https://bcdpgw110.bcd.scheer:50001/sap/opu/odata/sap/ZLSZ_SRV/optionsSet('SEX%20ED')",
                "type": "ZLSZ_SRV.options",
                "uri": "https://bcdpgw110.bcd.scheer:50001/sap/opu/odata/sap/ZLSZ_SRV/optionsSet('SEX%20ED')"
              }
            },
            {
              "Description": "Show Name Season",
              "Value": "SHIRKERS",
              "__metadata": {
                "id": "https://bcdpgw110.bcd.scheer:50001/sap/opu/odata/sap/ZLSZ_SRV/optionsSet('SHIRKERS')",
                "type": "ZLSZ_SRV.options",
                "uri": "https://bcdpgw110.bcd.scheer:50001/sap/opu/odata/sap/ZLSZ_SRV/optionsSet('SHIRKERS')"
              }
            },
            {
              "Description": "Show Name Season",
              "Value": "SUBURRA",
              "__metadata": {
                "id": "https://bcdpgw110.bcd.scheer:50001/sap/opu/odata/sap/ZLSZ_SRV/optionsSet('SUBURRA')",
                "type": "ZLSZ_SRV.options",
                "uri": "https://bcdpgw110.bcd.scheer:50001/sap/opu/odata/sap/ZLSZ_SRV/optionsSet('SUBURRA')"
              }
            },
            {
              "Description": " Show Name Season",
              "Value": "SULLA MIA PELLE",
              "__metadata": {
                "id": "https://bcdpgw110.bcd.scheer:50001/sap/opu/odata/sap/ZLSZ_SRV/optionsSet('SULLA%20MIA%20PELLE')",
                "type": "ZLSZ_SRV.options",
                "uri": "https://bcdpgw110.bcd.scheer:50001/sap/opu/odata/sap/ZLSZ_SRV/optionsSet('SULLA%20MIA%20PELLE')"
              }
            },
            {
              "Description": "Show Name Season",
              "Value": "Sacred Games",
              "__metadata": {
                "id": "https://bcdpgw110.bcd.scheer:50001/sap/opu/odata/sap/ZLSZ_SRV/optionsSet('Sacred%20Games')",
                "type": "ZLSZ_SRV.options",
                "uri": "https://bcdpgw110.bcd.scheer:50001/sap/opu/odata/sap/ZLSZ_SRV/optionsSet('Sacred%20Games')"
              }
            },
            {
              "Description": " Show Name Season",
              "Value": "Safe",
              "__metadata": {
                "id": "https://bcdpgw110.bcd.scheer:50001/sap/opu/odata/sap/ZLSZ_SRV/optionsSet('Safe')",
                "type": "ZLSZ_SRV.options",
                "uri": "https://bcdpgw110.bcd.scheer:50001/sap/opu/odata/sap/ZLSZ_SRV/optionsSet('Safe')"
              }
            },
            {
              "Description": "Show Name Season",
              "Value": "See Whats Next",
              "__metadata": {
                "id": "https://bcdpgw110.bcd.scheer:50001/sap/opu/odata/sap/ZLSZ_SRV/optionsSet('See%20Whats%20Next')",
                "type": "ZLSZ_SRV.options",
                "uri": "https://bcdpgw110.bcd.scheer:50001/sap/opu/odata/sap/ZLSZ_SRV/optionsSet('See%20Whats%20Next')"
              }
            },
            {
              "Description": "Show Name Season",
              "Value": "Sense 8",
              "__metadata": {
                "id": "https://bcdpgw110.bcd.scheer:50001/sap/opu/odata/sap/ZLSZ_SRV/optionsSet('Sense%208')",
                "type": "ZLSZ_SRV.options",
                "uri": "https://bcdpgw110.bcd.scheer:50001/sap/opu/odata/sap/ZLSZ_SRV/optionsSet('Sense%208')"
              }
            },
            {
              "Description": "Show Name Season",
              "Value": "Sex Ed",
              "__metadata": {
                "id": "https://bcdpgw110.bcd.scheer:50001/sap/opu/odata/sap/ZLSZ_SRV/optionsSet('Sex%20Ed')",
                "type": "ZLSZ_SRV.options",
                "uri": "https://bcdpgw110.bcd.scheer:50001/sap/opu/odata/sap/ZLSZ_SRV/optionsSet('Sex%20Ed')"
              }
            },
            {
              "Description": "Show Name Season",
              "Value": "Shirkers",
              "__metadata": {
                "id": "https://bcdpgw110.bcd.scheer:50001/sap/opu/odata/sap/ZLSZ_SRV/optionsSet('Shirkers')",
                "type": "ZLSZ_SRV.options",
                "uri": "https://bcdpgw110.bcd.scheer:50001/sap/opu/odata/sap/ZLSZ_SRV/optionsSet('Shirkers')"
              }
            },
            {
              "Description": "Show Name Season",
              "Value": "Suburra",
              "__metadata": {
                "id": "https://bcdpgw110.bcd.scheer:50001/sap/opu/odata/sap/ZLSZ_SRV/optionsSet('Suburra')",
                "type": "ZLSZ_SRV.options",
                "uri": "https://bcdpgw110.bcd.scheer:50001/sap/opu/odata/sap/ZLSZ_SRV/optionsSet('Suburra')"
              }
            },
            {
              "Description": " Show name Season",
              "Value": "Sulla Mia Pelle",
              "__metadata": {
                "id": "https://bcdpgw110.bcd.scheer:50001/sap/opu/odata/sap/ZLSZ_SRV/optionsSet('Sulla%20Mia%20Pelle')",
                "type": "ZLSZ_SRV.options",
                "uri": "https://bcdpgw110.bcd.scheer:50001/sap/opu/odata/sap/ZLSZ_SRV/optionsSet('Sulla%20Mia%20Pelle')"
              }
            },
            {
              "Description": " Show Name Season",
              "Value": "TBOBS",
              "__metadata": {
                "id": "https://bcdpgw110.bcd.scheer:50001/sap/opu/odata/sap/ZLSZ_SRV/optionsSet('TBOBS')",
                "type": "ZLSZ_SRV.options",
                "uri": "https://bcdpgw110.bcd.scheer:50001/sap/opu/odata/sap/ZLSZ_SRV/optionsSet('TBOBS')"
              }
            },
            {
              "Description": "Show Name Season",
              "Value": "TCA OF SABRINA",
              "__metadata": {
                "id": "https://bcdpgw110.bcd.scheer:50001/sap/opu/odata/sap/ZLSZ_SRV/optionsSet('TCA%20OF%20SABRINA')",
                "type": "ZLSZ_SRV.options",
                "uri": "https://bcdpgw110.bcd.scheer:50001/sap/opu/odata/sap/ZLSZ_SRV/optionsSet('TCA%20OF%20SABRINA')"
              }
            },
            {
              "Description": "Show Name Season",
              "Value": "TCA of Sabrina",
              "__metadata": {
                "id": "https://bcdpgw110.bcd.scheer:50001/sap/opu/odata/sap/ZLSZ_SRV/optionsSet('TCA%20of%20Sabrina')",
                "type": "ZLSZ_SRV.options",
                "uri": "https://bcdpgw110.bcd.scheer:50001/sap/opu/odata/sap/ZLSZ_SRV/optionsSet('TCA%20of%20Sabrina')"
              }
            },
            {
              "Description": "Show Name Season",
              "Value": "THE ALIENIST",
              "__metadata": {
                "id": "https://bcdpgw110.bcd.scheer:50001/sap/opu/odata/sap/ZLSZ_SRV/optionsSet('THE%20ALIENIST')",
                "type": "ZLSZ_SRV.options",
                "uri": "https://bcdpgw110.bcd.scheer:50001/sap/opu/odata/sap/ZLSZ_SRV/optionsSet('THE%20ALIENIST')"
              }
            },
            {
              "Description": "Show Name Season",
              "Value": "THE ANGEL",
              "__metadata": {
                "id": "https://bcdpgw110.bcd.scheer:50001/sap/opu/odata/sap/ZLSZ_SRV/optionsSet('THE%20ANGEL')",
                "type": "ZLSZ_SRV.options",
                "uri": "https://bcdpgw110.bcd.scheer:50001/sap/opu/odata/sap/ZLSZ_SRV/optionsSet('THE%20ANGEL')"
              }
            },
            {
              "Description": "Show Name Season",
              "Value": "THE C PARADOX",
              "__metadata": {
                "id": "https://bcdpgw110.bcd.scheer:50001/sap/opu/odata/sap/ZLSZ_SRV/optionsSet('THE%20C%20PARADOX')",
                "type": "ZLSZ_SRV.options",
                "uri": "https://bcdpgw110.bcd.scheer:50001/sap/opu/odata/sap/ZLSZ_SRV/optionsSet('THE%20C%20PARADOX')"
              }
            },
            {
              "Description": "Show Name Season",
              "Value": "THE CROWN S2",
              "__metadata": {
                "id": "https://bcdpgw110.bcd.scheer:50001/sap/opu/odata/sap/ZLSZ_SRV/optionsSet('THE%20CROWN%20S2')",
                "type": "ZLSZ_SRV.options",
                "uri": "https://bcdpgw110.bcd.scheer:50001/sap/opu/odata/sap/ZLSZ_SRV/optionsSet('THE%20CROWN%20S2')"
              }
            },
            {
              "Description": "Show Name Season",
              "Value": "THE DEFIANTONES",
              "__metadata": {
                "id": "https://bcdpgw110.bcd.scheer:50001/sap/opu/odata/sap/ZLSZ_SRV/optionsSet('THE%20DEFIANTONES')",
                "type": "ZLSZ_SRV.options",
                "uri": "https://bcdpgw110.bcd.scheer:50001/sap/opu/odata/sap/ZLSZ_SRV/optionsSet('THE%20DEFIANTONES')"
              }
            },
            {
              "Description": "Show Name Season",
              "Value": "THE GOOD COP",
              "__metadata": {
                "id": "https://bcdpgw110.bcd.scheer:50001/sap/opu/odata/sap/ZLSZ_SRV/optionsSet('THE%20GOOD%20COP')",
                "type": "ZLSZ_SRV.options",
                "uri": "https://bcdpgw110.bcd.scheer:50001/sap/opu/odata/sap/ZLSZ_SRV/optionsSet('THE%20GOOD%20COP')"
              }
            },
            {
              "Description": " Show Name Season",
              "Value": "THE INNOCENTS",
              "__metadata": {
                "id": "https://bcdpgw110.bcd.scheer:50001/sap/opu/odata/sap/ZLSZ_SRV/optionsSet('THE%20INNOCENTS')",
                "type": "ZLSZ_SRV.options",
                "uri": "https://bcdpgw110.bcd.scheer:50001/sap/opu/odata/sap/ZLSZ_SRV/optionsSet('THE%20INNOCENTS')"
              }
            },
            {
              "Description": " Show Name Season",
              "Value": "THE OA S2",
              "__metadata": {
                "id": "https://bcdpgw110.bcd.scheer:50001/sap/opu/odata/sap/ZLSZ_SRV/optionsSet('THE%20OA%20S2')",
                "type": "ZLSZ_SRV.options",
                "uri": "https://bcdpgw110.bcd.scheer:50001/sap/opu/odata/sap/ZLSZ_SRV/optionsSet('THE%20OA%20S2')"
              }
            },
            {
              "Description": "Show Name Season",
              "Value": "THE OUTSIDER",
              "__metadata": {
                "id": "https://bcdpgw110.bcd.scheer:50001/sap/opu/odata/sap/ZLSZ_SRV/optionsSet('THE%20OUTSIDER')",
                "type": "ZLSZ_SRV.options",
                "uri": "https://bcdpgw110.bcd.scheer:50001/sap/opu/odata/sap/ZLSZ_SRV/optionsSet('THE%20OUTSIDER')"
              }
            },
            {
              "Description": "Show Name Season",
              "Value": "THE POPE",
              "__metadata": {
                "id": "https://bcdpgw110.bcd.scheer:50001/sap/opu/odata/sap/ZLSZ_SRV/optionsSet('THE%20POPE')",
                "type": "ZLSZ_SRV.options",
                "uri": "https://bcdpgw110.bcd.scheer:50001/sap/opu/odata/sap/ZLSZ_SRV/optionsSet('THE%20POPE')"
              }
            },
            {
              "Description": " Show Name Season",
              "Value": "THE PROTECTOR",
              "__metadata": {
                "id": "https://bcdpgw110.bcd.scheer:50001/sap/opu/odata/sap/ZLSZ_SRV/optionsSet('THE%20PROTECTOR')",
                "type": "ZLSZ_SRV.options",
                "uri": "https://bcdpgw110.bcd.scheer:50001/sap/opu/odata/sap/ZLSZ_SRV/optionsSet('THE%20PROTECTOR')"
              }
            },
            {
              "Description": "Show Name Season",
              "Value": "THE PUNISHER",
              "__metadata": {
                "id": "https://bcdpgw110.bcd.scheer:50001/sap/opu/odata/sap/ZLSZ_SRV/optionsSet('THE%20PUNISHER')",
                "type": "ZLSZ_SRV.options",
                "uri": "https://bcdpgw110.bcd.scheer:50001/sap/opu/odata/sap/ZLSZ_SRV/optionsSet('THE%20PUNISHER')"
              }
            },
            {
              "Description": "Show Name Season",
              "Value": "THE RAIN",
              "__metadata": {
                "id": "https://bcdpgw110.bcd.scheer:50001/sap/opu/odata/sap/ZLSZ_SRV/optionsSet('THE%20RAIN')",
                "type": "ZLSZ_SRV.options",
                "uri": "https://bcdpgw110.bcd.scheer:50001/sap/opu/odata/sap/ZLSZ_SRV/optionsSet('THE%20RAIN')"
              }
            },
            {
              "Description": "Show Name Season",
              "Value": "THE STAIRCASE",
              "__metadata": {
                "id": "https://bcdpgw110.bcd.scheer:50001/sap/opu/odata/sap/ZLSZ_SRV/optionsSet('THE%20STAIRCASE')",
                "type": "ZLSZ_SRV.options",
                "uri": "https://bcdpgw110.bcd.scheer:50001/sap/opu/odata/sap/ZLSZ_SRV/optionsSet('THE%20STAIRCASE')"
              }
            },
            {
              "Description": "Show Name Season",
              "Value": "THE WEEK OF",
              "__metadata": {
                "id": "https://bcdpgw110.bcd.scheer:50001/sap/opu/odata/sap/ZLSZ_SRV/optionsSet('THE%20WEEK%20OF')",
                "type": "ZLSZ_SRV.options",
                "uri": "https://bcdpgw110.bcd.scheer:50001/sap/opu/odata/sap/ZLSZ_SRV/optionsSet('THE%20WEEK%20OF')"
              }
            },
            {
              "Description": " Show Name Season",
              "Value": "TOSOTW",
              "__metadata": {
                "id": "https://bcdpgw110.bcd.scheer:50001/sap/opu/odata/sap/ZLSZ_SRV/optionsSet('TOSOTW')",
                "type": "ZLSZ_SRV.options",
                "uri": "https://bcdpgw110.bcd.scheer:50001/sap/opu/odata/sap/ZLSZ_SRV/optionsSet('TOSOTW')"
              }
            },
            {
              "Description": "Show Name Season",
              "Value": "TURN UP CHARLIE",
              "__metadata": {
                "id": "https://bcdpgw110.bcd.scheer:50001/sap/opu/odata/sap/ZLSZ_SRV/optionsSet('TURN%20UP%20CHARLIE')",
                "type": "ZLSZ_SRV.options",
                "uri": "https://bcdpgw110.bcd.scheer:50001/sap/opu/odata/sap/ZLSZ_SRV/optionsSet('TURN%20UP%20CHARLIE')"
              }
            },
            {
              "Description": "Show Name Season",
              "Value": "The Alienist",
              "__metadata": {
                "id": "https://bcdpgw110.bcd.scheer:50001/sap/opu/odata/sap/ZLSZ_SRV/optionsSet('The%20Alienist')",
                "type": "ZLSZ_SRV.options",
                "uri": "https://bcdpgw110.bcd.scheer:50001/sap/opu/odata/sap/ZLSZ_SRV/optionsSet('The%20Alienist')"
              }
            },
            {
              "Description": "Show Name Season",
              "Value": "The Angel",
              "__metadata": {
                "id": "https://bcdpgw110.bcd.scheer:50001/sap/opu/odata/sap/ZLSZ_SRV/optionsSet('The%20Angel')",
                "type": "ZLSZ_SRV.options",
                "uri": "https://bcdpgw110.bcd.scheer:50001/sap/opu/odata/sap/ZLSZ_SRV/optionsSet('The%20Angel')"
              }
            },
            {
              "Description": "Show Name Season",
              "Value": "The C Paradox",
              "__metadata": {
                "id": "https://bcdpgw110.bcd.scheer:50001/sap/opu/odata/sap/ZLSZ_SRV/optionsSet('The%20C%20Paradox')",
                "type": "ZLSZ_SRV.options",
                "uri": "https://bcdpgw110.bcd.scheer:50001/sap/opu/odata/sap/ZLSZ_SRV/optionsSet('The%20C%20Paradox')"
              }
            },
            {
              "Description": "Show Name Season",
              "Value": "The Crown S2",
              "__metadata": {
                "id": "https://bcdpgw110.bcd.scheer:50001/sap/opu/odata/sap/ZLSZ_SRV/optionsSet('The%20Crown%20S2')",
                "type": "ZLSZ_SRV.options",
                "uri": "https://bcdpgw110.bcd.scheer:50001/sap/opu/odata/sap/ZLSZ_SRV/optionsSet('The%20Crown%20S2')"
              }
            },
            {
              "Description": "Show Name Season",
              "Value": "The DefiantOnes",
              "__metadata": {
                "id": "https://bcdpgw110.bcd.scheer:50001/sap/opu/odata/sap/ZLSZ_SRV/optionsSet('The%20DefiantOnes')",
                "type": "ZLSZ_SRV.options",
                "uri": "https://bcdpgw110.bcd.scheer:50001/sap/opu/odata/sap/ZLSZ_SRV/optionsSet('The%20DefiantOnes')"
              }
            },
            {
              "Description": "Show Name Season",
              "Value": "The Good Cop",
              "__metadata": {
                "id": "https://bcdpgw110.bcd.scheer:50001/sap/opu/odata/sap/ZLSZ_SRV/optionsSet('The%20Good%20Cop')",
                "type": "ZLSZ_SRV.options",
                "uri": "https://bcdpgw110.bcd.scheer:50001/sap/opu/odata/sap/ZLSZ_SRV/optionsSet('The%20Good%20Cop')"
              }
            },
            {
              "Description": " Show Name Season",
              "Value": "The Innocents",
              "__metadata": {
                "id": "https://bcdpgw110.bcd.scheer:50001/sap/opu/odata/sap/ZLSZ_SRV/optionsSet('The%20Innocents')",
                "type": "ZLSZ_SRV.options",
                "uri": "https://bcdpgw110.bcd.scheer:50001/sap/opu/odata/sap/ZLSZ_SRV/optionsSet('The%20Innocents')"
              }
            },
            {
              "Description": " Show Name Season",
              "Value": "The OA S2",
              "__metadata": {
                "id": "https://bcdpgw110.bcd.scheer:50001/sap/opu/odata/sap/ZLSZ_SRV/optionsSet('The%20OA%20S2')",
                "type": "ZLSZ_SRV.options",
                "uri": "https://bcdpgw110.bcd.scheer:50001/sap/opu/odata/sap/ZLSZ_SRV/optionsSet('The%20OA%20S2')"
              }
            },
            {
              "Description": "Show Name Season",
              "Value": "The Outsider",
              "__metadata": {
                "id": "https://bcdpgw110.bcd.scheer:50001/sap/opu/odata/sap/ZLSZ_SRV/optionsSet('The%20Outsider')",
                "type": "ZLSZ_SRV.options",
                "uri": "https://bcdpgw110.bcd.scheer:50001/sap/opu/odata/sap/ZLSZ_SRV/optionsSet('The%20Outsider')"
              }
            },
            {
              "Description": "Show Name Season",
              "Value": "The Pope",
              "__metadata": {
                "id": "https://bcdpgw110.bcd.scheer:50001/sap/opu/odata/sap/ZLSZ_SRV/optionsSet('The%20Pope')",
                "type": "ZLSZ_SRV.options",
                "uri": "https://bcdpgw110.bcd.scheer:50001/sap/opu/odata/sap/ZLSZ_SRV/optionsSet('The%20Pope')"
              }
            },
            {
              "Description": " Show Name Season",
              "Value": "The Protector",
              "__metadata": {
                "id": "https://bcdpgw110.bcd.scheer:50001/sap/opu/odata/sap/ZLSZ_SRV/optionsSet('The%20Protector')",
                "type": "ZLSZ_SRV.options",
                "uri": "https://bcdpgw110.bcd.scheer:50001/sap/opu/odata/sap/ZLSZ_SRV/optionsSet('The%20Protector')"
              }
            },
            {
              "Description": "Show Name Season",
              "Value": "The Punisher",
              "__metadata": {
                "id": "https://bcdpgw110.bcd.scheer:50001/sap/opu/odata/sap/ZLSZ_SRV/optionsSet('The%20Punisher')",
                "type": "ZLSZ_SRV.options",
                "uri": "https://bcdpgw110.bcd.scheer:50001/sap/opu/odata/sap/ZLSZ_SRV/optionsSet('The%20Punisher')"
              }
            },
            {
              "Description": "Show Name Season",
              "Value": "The Rain",
              "__metadata": {
                "id": "https://bcdpgw110.bcd.scheer:50001/sap/opu/odata/sap/ZLSZ_SRV/optionsSet('The%20Rain')",
                "type": "ZLSZ_SRV.options",
                "uri": "https://bcdpgw110.bcd.scheer:50001/sap/opu/odata/sap/ZLSZ_SRV/optionsSet('The%20Rain')"
              }
            },
            {
              "Description": "Show Name Season",
              "Value": "The Staircase",
              "__metadata": {
                "id": "https://bcdpgw110.bcd.scheer:50001/sap/opu/odata/sap/ZLSZ_SRV/optionsSet('The%20Staircase')",
                "type": "ZLSZ_SRV.options",
                "uri": "https://bcdpgw110.bcd.scheer:50001/sap/opu/odata/sap/ZLSZ_SRV/optionsSet('The%20Staircase')"
              }
            },
            {
              "Description": "Show Name Season",
              "Value": "The Week Of",
              "__metadata": {
                "id": "https://bcdpgw110.bcd.scheer:50001/sap/opu/odata/sap/ZLSZ_SRV/optionsSet('The%20Week%20Of')",
                "type": "ZLSZ_SRV.options",
                "uri": "https://bcdpgw110.bcd.scheer:50001/sap/opu/odata/sap/ZLSZ_SRV/optionsSet('The%20Week%20Of')"
              }
            },
            {
              "Description": "Show Name Season",
              "Value": "Turn Up Charlie",
              "__metadata": {
                "id": "https://bcdpgw110.bcd.scheer:50001/sap/opu/odata/sap/ZLSZ_SRV/optionsSet('Turn%20Up%20Charlie')",
                "type": "ZLSZ_SRV.options",
                "uri": "https://bcdpgw110.bcd.scheer:50001/sap/opu/odata/sap/ZLSZ_SRV/optionsSet('Turn%20Up%20Charlie')"
              }
            },
            {
              "Description": " Show Name Season",
              "Value": "UCBML",
              "__metadata": {
                "id": "https://bcdpgw110.bcd.scheer:50001/sap/opu/odata/sap/ZLSZ_SRV/optionsSet('UCBML')",
                "type": "ZLSZ_SRV.options",
                "uri": "https://bcdpgw110.bcd.scheer:50001/sap/opu/odata/sap/ZLSZ_SRV/optionsSet('UCBML')"
              }
            },
            {
              "Description": "Show Name Season",
              "Value": "UMBRELLA S1",
              "__metadata": {
                "id": "https://bcdpgw110.bcd.scheer:50001/sap/opu/odata/sap/ZLSZ_SRV/optionsSet('UMBRELLA%20S1')",
                "type": "ZLSZ_SRV.options",
                "uri": "https://bcdpgw110.bcd.scheer:50001/sap/opu/odata/sap/ZLSZ_SRV/optionsSet('UMBRELLA%20S1')"
              }
            },
            {
              "Description": "Show Name Season",
              "Value": "UNSLOVED",
              "__metadata": {
                "id": "https://bcdpgw110.bcd.scheer:50001/sap/opu/odata/sap/ZLSZ_SRV/optionsSet('UNSLOVED')",
                "type": "ZLSZ_SRV.options",
                "uri": "https://bcdpgw110.bcd.scheer:50001/sap/opu/odata/sap/ZLSZ_SRV/optionsSet('UNSLOVED')"
              }
            },
            {
              "Description": "Show Name Season",
              "Value": "Umbrella S1",
              "__metadata": {
                "id": "https://bcdpgw110.bcd.scheer:50001/sap/opu/odata/sap/ZLSZ_SRV/optionsSet('Umbrella%20S1')",
                "type": "ZLSZ_SRV.options",
                "uri": "https://bcdpgw110.bcd.scheer:50001/sap/opu/odata/sap/ZLSZ_SRV/optionsSet('Umbrella%20S1')"
              }
            },
            {
              "Description": "Show Name Season",
              "Value": "Unsloved",
              "__metadata": {
                "id": "https://bcdpgw110.bcd.scheer:50001/sap/opu/odata/sap/ZLSZ_SRV/optionsSet('Unsloved')",
                "type": "ZLSZ_SRV.options",
                "uri": "https://bcdpgw110.bcd.scheer:50001/sap/opu/odata/sap/ZLSZ_SRV/optionsSet('Unsloved')"
              }
            },
            {
              "Description": "Show Name Season",
              "Value": "WOLF BRIGADE",
              "__metadata": {
                "id": "https://bcdpgw110.bcd.scheer:50001/sap/opu/odata/sap/ZLSZ_SRV/optionsSet('WOLF%20BRIGADE')",
                "type": "ZLSZ_SRV.options",
                "uri": "https://bcdpgw110.bcd.scheer:50001/sap/opu/odata/sap/ZLSZ_SRV/optionsSet('WOLF%20BRIGADE')"
              }
            },
            {
              "Description": "Show Name Season",
              "Value": "Wolf Brigade",
              "__metadata": {
                "id": "https://bcdpgw110.bcd.scheer:50001/sap/opu/odata/sap/ZLSZ_SRV/optionsSet('Wolf%20Brigade')",
                "type": "ZLSZ_SRV.options",
                "uri": "https://bcdpgw110.bcd.scheer:50001/sap/opu/odata/sap/ZLSZ_SRV/optionsSet('Wolf%20Brigade')"
              }
            },
            {
              "Description": "Show Name Season",
              "Value": "ZOE",
              "__metadata": {
                "id": "https://bcdpgw110.bcd.scheer:50001/sap/opu/odata/sap/ZLSZ_SRV/optionsSet('ZOE')",
                "type": "ZLSZ_SRV.options",
                "uri": "https://bcdpgw110.bcd.scheer:50001/sap/opu/odata/sap/ZLSZ_SRV/optionsSet('ZOE')"
              }
            },
            {
              "Description": "Show Name Season",
              "Value": "Zoe",
              "__metadata": {
                "id": "https://bcdpgw110.bcd.scheer:50001/sap/opu/odata/sap/ZLSZ_SRV/optionsSet('Zoe')",
                "type": "ZLSZ_SRV.options",
                "uri": "https://bcdpgw110.bcd.scheer:50001/sap/opu/odata/sap/ZLSZ_SRV/optionsSet('Zoe')"
              }
            }
          ]
        },
        "PatternMask": "",
        "PatternMaxLength": "015",
        "PatternMinLength": "003",
        "PatternPrefix": "",
        "PatternType": "03",
        "ReferenceDescription": "SHOW NAME SEASON",
        "ReferencesId": "REF6",
        "ReferencetypesId": "L",
        "Reversed": "",
        "Value": "THOHH",
        "__metadata": {
          "id": "https://bcdpgw110.bcd.scheer:50001/sap/opu/odata/sap/ZLSZ_SRV/referenceSet(BookingsId='20180917-CFBHQL',ArticlesId=7,ReferencesId='REF6')",
          "type": "ZLSZ_SRV.reference",
          "uri": "https://bcdpgw110.bcd.scheer:50001/sap/opu/odata/sap/ZLSZ_SRV/referenceSet(BookingsId='20180917-CFBHQL',ArticlesId=7,ReferencesId='REF6')"
        }
      }
]