[{
	"BookingsId": "20170928132136931-HHHJBI",
	"ArticlesId": 4,
	"ArticleType": "AIRBSP",
	"SegmentId": 5897,
	"Arrivalterminal": "AMS",
	"Codeshareoperator": "Codeshareoperator 1 1",
	"Departureterminal": "TST",
	"Electronicticketindicator": "Electronicticketindicator 1",
	"Segmentaircrafttypes": "Segmentaircrafttypes 1",
	"Segmentarrivaldate": "/Date(1290259907000)/",
	"Segmentarrivaltime": "PT15H34M46S",
	"Segmentarrival": "AMS",
	"Segmentbaggageallowance": "Segmentbaggageallowance 1",
	"Segmentclass": "SC1",
	"Segmentcoach": "Segmentcoach 1",
	"Segmentdeparturedate": "/Date(1233322307000)/",
	"Segmentdeparturetime": "PT5H30M54S",
	"Segmentdeparture": "BRU",
	"Segmentdurationtime": "Segmentdurationtime 1",
	"Segmentfarebasis": "Segmentfarebasis 1",
	"Segmentfarebasisendorsement": "Segmentfarebasisendorsement 1",
	"Segmentfarebasisvalidfrom": "/Date(1332678707000)/",
	"Segmentfarebasisvalidfromtime": "PT16H56M4S",
	"Segmentfarebasisvalidto": "/Date(1221568307000)/",
	"Segmentfarebasisvalidtotime": "PT20H13M43S",
	"Segmentflight": "Segmentflight 1",
	"Segmentflightcouponindicator": "Segmentflightcouponindicator 1",
	"Segmentfrequentflyermiles": "Segmentfrequentflyermiles 1",
	"Segmentidentifier": "Segmentidentifier 1",
	"Segmentintdeparturetime": "PT5H57M50S",
	"Segmentintnextdayarrivalind": "Segmentintnextdayarrivalind 1",
	"Segmentmealcode": "Segmentmealcode 1",
	"Segmentnauticalmiles": "Segmentnauticalmiles 1",
	"Segmentnumberofdays": "Segmentnumberofdays 1",
	"Segmentprovider": "",
	"Segmentseatindicator": "Segmentseatindicator 1",
	"Segmentseatnumber": "Segmentseatnumber 1",
	"Segmentstatuscodes": "Segmentstatuscodes 1",
	"Segmentstopcount": "Segmentstopcount 1",
	"Segmentstopover": "Segmentstopover 1",
	"Segmentticketcouponidentifier": "Segmentticketcouponidentifier 1",
	"Segmentticketedindicator": "s",
	"CrName": "CrName 1",
	"CrDate": "/Date(1187872307000)/",
	"CrTime": "PT4H11M12S",
	"ChName": "ChName 1",
	"ChDate": "/Date(1095165107000)/",
	"ChTime": "PT16H16M24S",
	"Reversed": "Reversed 1",
	"CitTriggered": "CitTriggered 1",
	"__metadata": {
		"uri": "segmentSet(BookingsId='BookingsId%201',ArticlesId=4,SegmentId=5897)",
		"type": "ZLSZ_SRV.segment"
	},
	"articles": {
		"__deferred": {
			"uri": "segmentSet(BookingsId='BookingsId%201',ArticlesId=4,SegmentId=5897)/articles"
		}
	}
}, {
	"BookingsId": "20170928132136931-HHHJBI",
	"ArticlesId": 4,
	"ArticleType": "AIRBSP",
	"SegmentId": 7470,
	"Arrivalterminal": "KLN",
	"Codeshareoperator": "Codeshareoperator 2",
	"Departureterminal": "BLA",
	"Electronicticketindicator": "Electronicticketindicator 2",
	"Segmentaircrafttypes": "Segmentaircrafttypes 2",
	"Segmentarrivaldate": "/Date(1316867507000)/",
	"Segmentarrivaltime": "PT17H23M52S",
	"Segmentarrival": "Segmentarrival 2",
	"Segmentbaggageallowance": "Segmentbaggageallowance 2",
	"Segmentclass": "Segmentclass 2",
	"Segmentcoach": "Segmentcoach 2",
	"Segmentdeparturedate": "/Date(1391088707000)/",
	"Segmentdeparturetime": "PT17H57M16S",
	"Segmentdeparture": "Segmentdeparture 2",
	"Segmentdurationtime": "Segmentdurationtime 2",
	"Segmentfarebasis": "Segmentfarebasis 2",
	"Segmentfarebasisendorsement": "Segmentfarebasisendorsement 2",
	"Segmentfarebasisvalidfrom": "/Date(1083673907000)/",
	"Segmentfarebasisvalidfromtime": "PT1H21M57S",
	"Segmentfarebasisvalidto": "/Date(1468499507000)/",
	"Segmentfarebasisvalidtotime": "PT11H21M24S",
	"Segmentflight": "Segmentflight 2",
	"Segmentflightcouponindicator": "Segmentflightcouponindicator 2",
	"Segmentfrequentflyermiles": "Segmentfrequentflyermiles 2",
	"Segmentidentifier": "Segmentidentifier 2",
	"Segmentintdeparturetime": "PT9H56M49S",
	"Segmentintnextdayarrivalind": "Segmentintnextdayarrivalind 2",
	"Segmentmealcode": "Segmentmealcode 2",
	"Segmentnauticalmiles": "Segmentnauticalmiles 2",
	"Segmentnumberofdays": "Segmentnumberofdays 2",
	"Segmentprovider": "Segmentprovider 2",
	"Segmentseatindicator": "Segmentseatindicator 2",
	"Segmentseatnumber": "Segmentseatnumber 2",
	"Segmentstatuscodes": "Segmentstatuscodes 2",
	"Segmentstopcount": "Segmentstopcount 2",
	"Segmentstopover": "Segmentstopover 2",
	"Segmentticketcouponidentifier": "Segmentticketcouponidentifier 2",
	"Segmentticketedindicator": "Segmentticketedindicator 2",
	"CrName": "CrName 2",
	"CrDate": "/Date(1073395907000)/",
	"CrTime": "PT20H28M27S",
	"ChName": "ChName 2",
	"ChDate": "/Date(1035030707000)/",
	"ChTime": "PT3H18M41S",
	"Reversed": "Reversed 2",
	"CitTriggered": "CitTriggered 2",
	"__metadata": {
		"uri": "segmentSet(BookingsId='BookingsId%202',ArticlesId=4,SegmentId=7470)",
		"type": "ZLSZ_SRV.segment"
	},
	"articles": {
		"__deferred": {
			"uri": "segmentSet(BookingsId='BookingsId%202',ArticlesId=4,SegmentId=7470)/articles"
		}
	}
}]