[{
	"BookingsId": "20170928132136931-HHHJBI",
	"ArticlesId": 4,
	"TaxessupplementId": 1164,
	"Amount": 5987.05,
	"Taxsupplementtypes": "TYPE1",
	"Taxsupplementidcurrency": "EUR",
	"CrName": "CrName 8",
	"CrDate": "/Date(1515582871000)/",
	"CrTime": "PT3H19M20S",
	"ChName": "ChName 8",
	"ChDate": "/Date(1374833671000)/",
	"ChTime": "PT22H38M30S",
	"Reversed": "Reversed 8",
	"__metadata": {
		"uri": "supplementSet(BookingsId='BookingsId%208',ArticlesId=6651,TaxessupplementId=1164)",
		"type": "ZLSZ_SRV.supplement"
	},
	"articles": {
		"__deferred": {
			"uri": "supplementSet(BookingsId='BookingsId%208',ArticlesId=6651,TaxessupplementId=1164)/articles"
		}
	}
}, {
	"BookingsId": "20170928132136931-HHHJBI",
	"ArticlesId": 4,
	"TaxessupplementId": 3809,
	"Amount": 4459.18,
	"Taxsupplementtypes": "TYPE2",
	"Taxsupplementidcurrency": "EUR",
	"CrName": "CrName 9",
	"CrDate": "/Date(1429006471000)/",
	"CrTime": "PT14H35M1S",
	"ChName": "ChName 9",
	"ChDate": "/Date(1284804871000)/",
	"ChTime": "PT7H14M8S",
	"Reversed": "Reversed 9",
	"__metadata": {
		"uri": "supplementSet(BookingsId='BookingsId%209',ArticlesId=7255,TaxessupplementId=3809)",
		"type": "ZLSZ_SRV.supplement"
	},
	"articles": {
		"__deferred": {
			"uri": "supplementSet(BookingsId='BookingsId%209',ArticlesId=7255,TaxessupplementId=3809)/articles"
		}
	}
}, {
	"BookingsId": "20170928132136931-HHHJBI",
	"ArticlesId": 4,
	"TaxessupplementId": 8529,
	"Amount": 1131.35,
	"Taxsupplementtypes": "TYPE3",
	"Taxsupplementidcurrency": "EUR",
	"CrName": "CrName 10",
	"CrDate": "/Date(1216376071000)/",
	"CrTime": "PT19H54M13S",
	"ChName": "ChName 10",
	"ChDate": "/Date(1343384071000)/",
	"ChTime": "PT2H42M56S",
	"Reversed": "Reversed 10",
	"__metadata": {
		"uri": "supplementSet(BookingsId='BookingsId%2010',ArticlesId=4601,TaxessupplementId=8529)",
		"type": "ZLSZ_SRV.supplement"
	},
	"articles": {
		"__deferred": {
			"uri": "supplementSet(BookingsId='BookingsId%2010',ArticlesId=4601,TaxessupplementId=8529)/articles"
		}
	}
}]