[{
	"Supplier": "1247575",
	"Name": "Test 1",
	"__metadata": {
		"uri": "SuppliersSet('Supplier%209')",
		"type": "ZLSZ_SRV.Suppliers"
	},
	"Name1": "Supplier 12 A",
	"Bukrs": "12",
	"Land1": "NL",
	"Ort01": "Heerlen",
	"Stras": "Leemkampsweg 5"
}, {
	"Supplier": "342",
	"Name": "Bla",
	"__metadata": {
		"uri": "SuppliersSet('Supplier%2010')",
		"type": "ZLSZ_SRV.Suppliers"
	},
	"Name1": "Ietje",
	"Bukrs": "12",
	"Land1": "NL",
	"Ort01": "Eindhoven",
	"Stras": "Begoniastraat 2a"
}, {
	"Bukrs": "12",
	"Name1": "Supplier 12 B",
	"Supplier": "2342323324",
	"Land1": "GB",
	"Ort01": "Heathrow"
}]