<core:FragmentDefinition xmlns:core="sap.ui.core" xmlns:f="sap.ui.layout.form" xmlns:smartField="sap.ui.comp.smartfield"
	xmlns:l="sap.ui.layout" xmlns="sap.m">
	<l:Grid defaultSpan="L12 M12 S12" width="auto" hSpacing="0" vSpacing="0">
		<l:content>
			<HBox justifyContent="End" class="sapUiTinyMarginTop">
				<HBox>
					<Label text="{i18n>BILLFINANCE_LBL_AUTH}" class="sapUiTinyMarginTop sapUiTinyMarginBeginEnd"/>
					<Switch enabled="{path:'generalSettings>/Edit',formatter:'.formatter.editRequestScreen'}"  customTextOff="No" change="handleSwitchChange" customTextOn="Yes" id="ChgBFAC"
						state="{ path:'Zzcolco', formatter:'.formatter.myBooleanV' }"/>
				</HBox>
			</HBox>
			<Table id="cmiamendmentnew.matter.billindFinance.table_" mode="{=${generalSettings>/Edit} === '' ? 'None': 'Delete'}" 
			delete="onPressDeleteConfirm" items="{ path: 'Altpayers', filters: [{ path: 'Partnertype', operator: 'EQ', value1: '' }]}">
				<headerToolbar>
					<Toolbar visible="{path:'generalSettings>/Edit',formatter:'.formatter.editRequestScreen'}">
						<ToolbarSpacer/>
						<Button icon="sap-icon://add-activity" text="Add Payer" type="Accept" press="onpressaddMultiPayer"/>
					</Toolbar>
				</headerToolbar>
				<columns>
					<Column>
						<Label text="{i18n>BILLFINANCE_TBL_HDR_PARTNERTYPE}" design="Bold" required="true"/>
					</Column>
			<!--		<Column>
						<Label text="{i18n>BILLFINANCE_TBL_HDR_OFFICE}" design="Bold" required="true"/>
					</Column>-->
					<Column>
						<Label text="{i18n>BILLFINANCE_TBL_HDR_PARTNER}" design="Bold" required="true"/>
					</Column>
					<Column>
						<Label text="{i18n>BILLFINANCE_TBL_HDR_ADDR}" design="Bold" required="true"/>
					</Column>
					<Column  hAlign="Right">
						<Label text="{i18n>BILLFINANCE_TBL_HDR_PERCENTAGE}" design="Bold" required="true"/>
					</Column>
				</columns>
			<items>
					<ColumnListItem type="{= ${generalSettings>/Edit} === '' ? 'Inactive' : 'DetailAndActive'}" detailPress="onMultiPayerEdit">
						<cells>
							<Text text="{Parvwdesc}"/>
						<!--	<Text text="{OfficeName}"/>-->
							<Text text="{Firstname} {Lastname}"/>
							<Text text="{Altpayercityk} {Altpayerstate}  {Altpayercountry}  {Altpayerzip}"/>
							<Text text="{Allocation}"/>
						</cells>
					</ColumnListItem>
				</items>
			</Table>
		</l:content>
	</l:Grid>
</core:FragmentDefinition>