<core:FragmentDefinition xmlns="sap.m" xmlns:l="sap.ui.layout" xmlns:core="sap.ui.core"
	xmlns:app="http://schemas.sap.com/sapui5/extension/sap.ui.core.CustomData/1" xmlns:smartField="sap.ui.comp.smartfield"
	xmlns:smartform="sap.ui.comp.smartform">
	<Dialog beforeClose="beforeCloseAddEditDialog"  contentWidth="1020px" showHeader="true" title="Add Payer" class="sapUiSizeCompact sapUiNoContentPadding">
		<content>
			<smartform:SmartForm editable="true" expandable="false" expanded="true" entityType="Cmialtpayer" id="cmiamendmentnew.matter.multiPayer.form_"
				flexEnabled="true">
				<smartform:customData>
					<core:CustomData key="dateFormatSettings" value='\{"UTC":true,"style":"short"\}'/>
				</smartform:customData>
				<smartform:Group id="cmiamendmentnew.matter.multiPayer.header1_">
					<!--<smartform:GroupElement label="{i18n>MULTIPAYER_SMTFIELD_LBL_PARTNERTYPE}" id="cmiamendmentnew.matter.multiPayer.parvwDesc.input_">-->
					<!--	<smartField:SmartField showLabel="true" value="{Parvwdesc}"></smartField:SmartField>-->
					<!--</smartform:GroupElement >-->
					<smartform:GroupElement label="{i18n>MULTIPAYER_SMTFIELD_LBL_FIRSTNAME}" id="cmiamendmentnew.matter.multiPayer.firstName.input_">
						<smartField:SmartField showLabel="true" value="{Firstname}" valueListChanged="valueListChangedName">
								<smartField:configuration>
										<smartField:Configuration preventInitialDataFetchInValueHelpDialog="false"/>
									</smartField:configuration>
						</smartField:SmartField>
					</smartform:GroupElement>
					<smartform:GroupElement label="{i18n>MULTIPAYER_SMTFIELD_LBL_LASTNAME}" id="cmiamendmentnew.matter.multiPayer.lastName.input_">
						<smartField:SmartField showLabel="true" value="{Lastname}"></smartField:SmartField>
					</smartform:GroupElement>
					<smartform:GroupElement label="{i18n>MULTIPAYER_SMTFIELD_LBL_PHONE}" id="cmiamendmentnew.matter.multiPayer.altpayerPhone.input_">
						<smartField:SmartField showLabel="true" change="handlePhoneValidation" value="{Altpayerphone}" ></smartField:SmartField>
					</smartform:GroupElement >
								<smartform:GroupElement label="{i18n>MULTIPAYER_SMTFIELD_LBL_CITY}" id="cmiamendmentnew.matter.multiPayer.altpayerCity.input_">
						<smartField:SmartField showLabel="true" value="{Altpayercityk}"></smartField:SmartField>
					</smartform:GroupElement >
				</smartform:Group>
				<smartform:Group id="cmiamendmentnew.matter.multiPayer.header2_">
		
					<smartform:GroupElement label="{i18n>MULTIPAYER_SMTFIELD_LBL_ZIPCODE}" id="cmiamendmentnew.matter.multiPayer.altpayerZip.input_">
						<smartField:SmartField showLabel="true" value="{Altpayerzip}" ></smartField:SmartField>
					</smartform:GroupElement >
					<smartform:GroupElement label="{i18n>MULTIPAYER_SMTFIELD_LBL_STATE}" id="cmiamendmentnew.matter.multiPayer.altpayerState.input_">
						<smartField:SmartField showLabel="true" value="{Altpayerstate}">
								<smartField:configuration>
										<smartField:Configuration preventInitialDataFetchInValueHelpDialog="false"/>
									</smartField:configuration>
						</smartField:SmartField>
					</smartform:GroupElement >
					<smartform:GroupElement label="{i18n>MULTIPAYER_SMTFIELD_LBL_COUNTRY}" id="cmiamendmentnew.matter.multiPayer.altpayerCountry.input_">
						<smartField:SmartField showLabel="true" value="{Altpayercountry}">
								<smartField:configuration>
										<smartField:Configuration preventInitialDataFetchInValueHelpDialog="false"/>
									</smartField:configuration>
						</smartField:SmartField>
					</smartform:GroupElement >
						<smartform:GroupElement label="{i18n>MATTERPARTNER_SMTFIELD_LBL_ALLOCPERCENTAGE}" id="cmiamendmentnew.matter.multiPayer.allocation.input_">
						<smartField:SmartField id="cmiamendmentnew.matter.multiPayer.allocation.smartField_" showLabel="true" value="{path:'Allocation',type :'sap.ui.model.type.String',constraints :  {search: '\\d'}}"
						app:evtSrc="billindFinance" app:dataTblId="cmiamendmentnew.matter.billindFinance.table_" innerControlsCreated="handleAllocationPayerPercentage" ></smartField:SmartField>
					</smartform:GroupElement >
				</smartform:Group>
			</smartform:SmartForm>
		</content>
		<beginButton>
			<Button text="{i18n>BUTTON_TEXT_SUBMIT}" app:btnType="SUB" app:buttonName="multiPayer" app:conId="cmiamendmentnew.matter.multiPayer.form_" press="onAddressValidate" type="Emphasized" visible="{generalSettings>/bClientSubmitButton}"/>
		</beginButton>
		<endButton>
			<Button text="{i18n>BUTTON_TXT_CANCEL}" app:btnType="CNL" press="closeMultiPayer" type="Emphasized"/>
		</endButton>
	</Dialog>
</core:FragmentDefinition>