<core:FragmentDefinition xmlns="sap.m" xmlns:core="sap.ui.core">
	<Table id="cminewrequest.matter.matterPartner.table_" items="{path: 'Altpayers', filters: [{ path: 'Partnertype', operator: 'EQ', value1: 'MP' }]}" class="sapUiTinyMarginTop" mode="{= ${generalSettings>/Edit} === '' ? 'None': 'Delete'}" delete="onPressDeleteConfirm">
		<headerToolbar>
			<Toolbar visible="{path:'generalSettings>/Edit',formatter:'.formatter.editRequestScreen'}">
				<ToolbarSpacer/>
				<Button icon="sap-icon://add-activity" text="{i18n>CONTACTSTABLE_BTN_TXT_ADDMatterPartner}" type="Accept" press="onpressaddMatterPartner"/>
			</Toolbar>
		</headerToolbar>
		<columns>
			<Column>
				<Label text="{i18n>TAB_MATTERPARTNER_HDR_PARTNERTYPE}" design="Bold" required="true"/>
			</Column>
			<Column>
				<Label text="{i18n>TAB_MATTERPARTNER_HDR_OFFICE}" design="Bold" required="true"/>
			</Column>
			<Column>
				<Label design="Bold" text="{i18n>TAB_MATTERPARTNER_HDR_TEAM}" required="true"/>
			</Column>
			<Column>
				<Label text="{i18n>TAB_MATTERPARTNER_HDR_PARTNERS}" design="Bold" required="true"/>
			</Column>
			<Column hAlign="Right">
				<Label text="{i18n>TAB_MATTERPARTNER_HDR_ALLOCPERC}" design="Bold" required="true"/>
			</Column>
		</columns>
		<items>
			<ColumnListItem type="{= ${generalSettings>/Edit} === '' ? 'Inactive' : 'DetailAndActive'}" detailPress="onMatterPartnerEdit">
				<cells>
					<Text text="{Parvwdesc}"/>
					<Text text="{OfficeName}"/>
					<Text text="{Teamsdesc}"/>
					<Text text="{Firstname} {Lastname}"/>
					<Text text="{Allocation}"/>
				</cells>
			</ColumnListItem>
		</items>
	</Table>
</core:FragmentDefinition>