<core:FragmentDefinition
	xmlns="sap.m"
	xmlns:core="sap.ui.core">
	<ViewSettingsDialog
		confirm="applyFilter">
		<sortItems>
			<ViewSettingsItem text="{i18n>Matter}" key="Pspid" selected="true" />
			<ViewSettingsItem text="{i18n>MatterName}" key="Post1" />
			<ViewSettingsItem text="{i18n>ClientName}" key="Name1" />
			<ViewSettingsItem text="{i18n>BillingOffice}" key="BillOffice" />
			<ViewSettingsItem text="{i18n>BillingPartner}" key="BillingPartner" />
		</sortItems>
		<groupItems>
			<ViewSettingsItem text="{i18n>Matter}" key="Pspid" />
			<ViewSettingsItem text="{i18n>MatterName}" key="Post1" />
			<ViewSettingsItem text="{i18n>ClientName}" key="Name1" />
			<ViewSettingsItem text="{i18n>BillingOffice}" key="BillOffice" />
			<ViewSettingsItem text="{i18n>BillingPartner}" key="BillingPartner" />
		</groupItems>
		<filterItems>
				<ViewSettingsFilterItem
				text="{i18n>Matter}"
				key="Pspid"
				multiSelect="true" items="{ path: '/ZprsShPspidFSet'}">
				<items>
					<ViewSettingsItem text="{Pspid}" key="Pspid" />
				</items>
			</ViewSettingsFilterItem>
			<ViewSettingsFilterItem
				text="{i18n>MatterName}"
				key="Post1"
				multiSelect="true" items="{ path: '/ZprsShPspidFSet'}">
				<items>
					<ViewSettingsItem text="{Post1}" key="Post1" />
				</items>
			</ViewSettingsFilterItem>
					<ViewSettingsFilterItem
				text="{i18n>ClientName}"
				key="Name1"
				multiSelect="true" items="{ path: '/ZprsShClientFSet'}">
				<items>
					<ViewSettingsItem text="{Name1}" key="Name1" />
				</items>
			</ViewSettingsFilterItem>
			<ViewSettingsFilterItem
				text="{i18n>BillingOffice}"
				key="BillOffice"
				multiSelect="true" items="{ path: '/ZprsShOfficeFSet'}">
				<items>
					<ViewSettingsItem text="{Werks}" key="BillOffice" />
				</items>
			</ViewSettingsFilterItem>
			<ViewSettingsFilterItem
				text="{i18n>BillingPartner}"
				key="BillingPartner"
				multiSelect="true" items="{ path: '/PartnerDetailSet'}">
				<items>
					<ViewSettingsItem text="{Name1}" key="BillingPartner" />
				</items>
			</ViewSettingsFilterItem>
		</filterItems>
	</ViewSettingsDialog>
</core:FragmentDefinition>