{
    "resources": [
        {
            "name": "model/models.js"
        },
        {
            "name": "model/Admin.json"
        },
        {
            "name": "model/formatter.js"
        },
        {
            "name": "view/Admin.view.xml"
        },
        {
            "name": "view/App.view.xml"
        },
        {
            "name": "view/NotFound.view.xml"
        },
        {
            "name": "localService/mockserver.js"
        },
        {
            "name": "localService/metadata.xml"
        },
        {
            "name": "css/style.css"
        },
        {
            "name": "controller/ErrorHandler.js"
        },
        {
            "name": "controller/BaseController.js"
        },
        {
            "name": "controller/App.controller.js"
        },
        {
            "name": "controller/Admin.controller.js"
        },
        {
            "name": "controller/NotFound.controller.js"
        },
        {
            "name": "neo-app.json"
        },
        {
            "name": "i18n/i18n.properties",
            "raw": "i18n/i18n.properties"
        },
        {
            "name": "manifest.json"
        },
        {
            "name": "Component-preload.js",
            "merged": true
        },
        {
            "name": ".project.json"
        },
        {
            "name": "resources.json",
            "merged": true
        },
        {
            "name": "images/risk-meter-bad.png"
        },
        {
            "name": "images/risk-meter-good.png"
        },
        {
            "name": "images/risk-meter-very-bad.png"
        },
        {
            "name": "images/risk-meter-medium.png"
        },
        {
            "name": "images/risk-meter-very-good.png"
        },
        {
            "name": "fragments/Terms.fragment.xml"
        },
        {
            "name": "fragments/RiskConsiderations.fragment.xml"
        },
        {
            "name": "fragments/AddQuestions.fragment.xml"
        },
        {
            "name": "fragments/DefRoutRec.fragment.xml"
        },
        {
            "name": "fragments/questionTypes/YesOrNo.fragment.xml"
        },
        {
            "name": "fragments/questionTypes/DateTime.fragment.xml"
        },
        {
            "name": "fragments/questionTypes/Dropdown.fragment.xml"
        },
        {
            "name": "fragments/questionTypes/ScaleRange.fragment.xml"
        },
        {
            "name": "fragments/questionTypes/SingleTextbox.fragment.xml"
        },
        {
            "name": "fragments/questionTypes/Text.fragment.xml"
        },
        {
            "name": "fragments/questionTypes/CommentBox.fragment.xml"
        },
        {
            "name": "fragments/questionTypes/MultipleChoice.fragment.xml"
        },
        {
            "name": "fragments/questionTypes/Ranking.fragment.xml"
        },
        {
            "name": "fragments/RiskMatrix.fragment.xml"
        },
        {
            "name": "fragments/BusinessConsiderations.fragment.xml"
        },
        {
            "name": "Component.js"
        }
    ]
}