<core:FragmentDefinition xmlns="sap.m" xmlns:l="sap.ui.layout" xmlns:core="sap.ui.core">
	<Dialog title="{i18n>DialogTitleAttachments}" class="sapUiContentPadding" contentWidth="40%">
		<content>
			<UploadCollection class="attachName" multiple="false" showSeparators="All" change="onChangeDocuments" fileDeleted="onFileDeleted"
				uploadComplete="onUploadComplete" items="{oAttachModel>/}" mode="SingleSelectMaster" id="idAttachment">
				<items>
					<UploadCollectionItem documentId="{oAttachModel>Zfileno}" fileName="{oAttachModel>Slug}" enableEdit="false" enableDelete="true"
						visibleDelete="true" visibleEdit="false" url="/sap/opu/odata/sap/ZPRS_TRUST_ACC_MAP_SRV/att_downloadSet(Zfileno='{oAttachModel>Zfileno}')/$value"></UploadCollectionItem>
				</items>
			</UploadCollection>
		</content>
		<endButton>
			<Button text="OK" press="onPressAttachmentCancel"/>
		</endButton>
	</Dialog>
</core:FragmentDefinition>