<core:FragmentDefinition controllerName="trustaccmapping.controller.TrustAccMapping" xmlns="sap.m" xmlns:mvc="sap.ui.core.mvc"
	xmlns:ux="sap.uxap" xmlns:l="sap.ui.layout" xmlns:f="sap.ui.layout.form" xmlns:core="sap.ui.core">
	<!--<f:SimpleForm id="idTrustReversalForm" editable="true" layout="ResponsiveGridLayout" title="" labelSpanXL="3" labelSpanL="2"-->
	<!--	labelSpanM="3" labelSpanS="12" adjustLabelSpan="false" emptySpanXL="4" emptySpanM="4" emptySpanS="0" columnsXL="1" columnsL="2" columnsM="1"-->
	<!--	singleContainerFullSize="false">-->
	<!--	<f:content>-->
	<!--		<Label text="Office "/>-->
	<!--		<Input id="MTAoffice" value="" showValueHelp="true" valueHelpRequest="handleValueHelpOffice" width="50%" required="true"/>-->
	<!--		<Label text="Matter "/>-->
	<!--		<Input id="MTAmatter" value="" showValueHelp="true" valueHelpRequest="handleValueHelpMatter" width="50%" required="true"/>-->
	<!--	</f:content>-->
	<!--	<Toolbar>-->
	<!--		<ToolbarSpacer></ToolbarSpacer>-->
	<!--		<Button type="Emphasized" text="Search" icon="sap-icon://search" press="onSearch"/>-->
	<!--	</Toolbar>-->
	<!--</f:SimpleForm>-->
	<!--<HBox class="sapUiSmallMarginBegin sapUiSmallMarginTopBottom">-->
	<!--	<HBox class="sapUiSmallMarginBegin ">-->
	<!--		<Label text="Office : " class="sapUiTinyMarginTop"/>-->
	<!--		<Input id="MTAoffice" value="" showValueHelp="true" valueHelpRequest="handleValueHelpOffice" width="50%" required="true"/></HBox>-->
	<!--	<HBox class="sapUiTinyMarginBegin ">-->
	<!--		<Label text="Matter : " class="sapUiTinyMarginTop"/>-->
	<!--		<Input id="MTAmatter" value="" showValueHelp="true" valueHelpRequest="handleValueHelpMatter" width="50%" required="true"/></HBox>-->
	<!--	<Button type="Emphasized" text="Search" icon="sap-icon://search" class="sapUiTinyMarginBegin" press="onSearch"/>-->
	<!--</HBox>-->
	<!--<Table id="MTAtableId" items="{jsonTrustMapping1>/}" fixedLayout="false" class="sapUiSizeCompact">-->
	<!--	<headerToolbar>-->
	<!--		<Toolbar>-->
	<!--			<ToolbarSpacer/>-->
	<!--			<Button icon="sap-icon://refresh" type="Emphasized" iconFirst="true" press="onRefreshPress" tooltip="Refresh"/>-->
	<!--			<Button text="Add" icon="sap-icon://add" type="Emphasized" iconFirst="true" press="onAddAccountPress" tooltip="AddAccount"/>-->
	<!--		</Toolbar>-->
	<!--	</headerToolbar>-->
	<!--	<columns >-->
	<!--		<Column width="21em" demandPopin="true">-->
	<!--			<Label text="{i18n>AccountType}" design="Bold"/>-->
	<!--		</Column>-->
	<!--		<Column width="21em" minScreenWidth="Tablet" demandPopin="true">-->
	<!--			<Label text="{i18n>AccountNumber}" design="Bold"/>-->
	<!--		</Column>-->
	<!--		<Column width="21em" minScreenWidth="Tablet" demandPopin="true">-->
	<!--			<Label text="{i18n>OpenDate}" design="Bold"/>-->
	<!--		</Column>-->
	<!--		<Column width="21em" minScreenWidth="Tablet" demandPopin="true">-->
	<!--			<Label text="{i18n>CloseDate}" design="Bold"/>-->
	<!--		</Column>-->
	<!--	</columns>-->
	<!--	<items>-->
	<!--		<ColumnListItem>-->
	<!--			<cells>-->
	<!--				<Input value="{jsonTrustMapping1>AccountType}" fieldWidth="50%" showValueHelp="true" valueHelpRequest="handleValueHelpAccountType" editable="false"/>-->
	<!--				<Input value="{jsonTrustMapping1>AccountNumber}" fieldWidth="50%" showValueHelp="true" valueHelpRequest="handleValueHelpAccountNumber" editable="false"/>-->
	<!--				<DatePicker value="{jsonTrustMapping1>OpenDate}" id="idOpenDate"/>-->
	<!--				<DatePicker value="{jsonTrustMapping1>ClosedDate}" id="idCloseDate"/>-->
	<!--			</cells>-->
	<!--		</ColumnListItem>-->
	<!--	</items>-->
	<!--</Table>-->
	
</core:FragmentDefinition>