{
    "resources": [
        {
            "name": "view/NotFound.view.xml"
        },
        {
            "name": "view/App.view.xml"
        },
        {
            "name": "view/SplitApp.view.xml"
        },
        {
            "name": "view/VendorOverview.view.xml"
        },
        {
            "name": "view/Master.view.xml"
        },
        {
            "name": "view/ObjectNotFound.view.xml"
        },
        {
            "name": "view/MatterDetails.view.xml"
        },
        {
            "name": "fragments/Mattters.fragment.xml"
        },
        {
            "name": "localService/mockserver.js"
        },
        {
            "name": "localService/metadata.xml"
        },
        {
            "name": "localService/ZPRS_LSM_VENDORMATTERS_SRV/metadata.xml"
        },
        {
            "name": "i18n/i18n.properties",
            "raw": "i18n/i18n.properties"
        },
        {
            "name": "controller/SplitApp.controller.js"
        },
        {
            "name": "controller/App.controller.js"
        },
        {
            "name": "controller/NotFound.controller.js"
        },
        {
            "name": "controller/ErrorHandler.js"
        },
        {
            "name": "controller/Master.controller.js"
        },
        {
            "name": "controller/BaseController.js"
        },
        {
            "name": "controller/VendorOverview.controller.js"
        },
        {
            "name": "controller/MatterDetails.controller.js"
        },
        {
            "name": "Component.js"
        },
        {
            "name": "neo-app.json"
        },
        {
            "name": "index.html"
        },
        {
            "name": "Component-preload.js",
            "merged": true
        },
        {
            "name": "resources.json",
            "merged": true
        },
        {
            "name": "manifest.json"
        },
        {
            "name": "model/models.js"
        },
        {
            "name": "model/formatter.js"
        },
        {
            "name": ".project.json"
        },
        {
            "name": ".user.project.json"
        }
    ]
}