<edmx:Edmx
    xmlns:edmx="http://schemas.microsoft.com/ado/2007/06/edmx"
    xmlns:m="http://schemas.microsoft.com/ado/2007/08/dataservices/metadata"
    xmlns:sap="http://www.sap.com/Protocols/SAPData" Version="1.0">
    <edmx:DataServices m:DataServiceVersion="2.0">
        <Schema
            xmlns="http://schemas.microsoft.com/ado/2008/09/edm" Namespace="ZPRS_LSM_VENDORMATTERS_SRV" xml:lang="en" sap:schema-version="1">
            <EntityType Name="VendorMatters" sap:content-version="1">
                <Key>
                    <PropertyRef Name="Matterk"/>
                    <PropertyRef Name="Vendork"/>
                </Key>
                <Property Name="Matterk" Type="Edm.String" Nullable="false" MaxLength="24" sap:label="Matter#" sap:creatable="false" sap:updatable="false" sap:sortable="false" sap:filterable="false"/>
                <Property Name="Vendork" Type="Edm.String" Nullable="false" MaxLength="10" sap:label="Vendor #" sap:creatable="false" sap:updatable="false" sap:sortable="false" sap:filterable="false"/>
                <Property Name="Vendor" Type="Edm.String" Nullable="false" MaxLength="35" sap:label="Vendor" sap:creatable="false" sap:updatable="false" sap:sortable="false" sap:filterable="false"/>
                <Property Name="Matter" Type="Edm.String" Nullable="false" MaxLength="40" sap:label="Matter" sap:creatable="false" sap:updatable="false" sap:sortable="false" sap:filterable="false"/>
                <Property Name="Status" Type="Edm.String" Nullable="false" MaxLength="4" sap:label="Status" sap:creatable="false" sap:updatable="false" sap:sortable="false" sap:filterable="false"/>
                <Property Name="Statustext" Type="Edm.String" Nullable="false" MaxLength="20" sap:label="Status" sap:creatable="false" sap:updatable="false" sap:sortable="false" sap:filterable="false"/>
                <Property Name="Actual" Type="Edm.Decimal" Nullable="false" Precision="14" Scale="3" sap:unit="Currency" sap:label="Actual" sap:creatable="false" sap:updatable="false" sap:sortable="false" sap:filterable="false"/>
                <Property Name="Budget" Type="Edm.Decimal" Nullable="false" Precision="14" Scale="3" sap:unit="Currency" sap:label="Budget" sap:creatable="false" sap:updatable="false" sap:sortable="false" sap:filterable="false"/>
                <Property Name="Abudgetper" Type="Edm.String" Nullable="false" MaxLength="10" sap:label="Actual Budget %" sap:creatable="false" sap:updatable="false" sap:sortable="false" sap:filterable="false"/>
                <Property Name="Abudget" Type="Edm.Decimal" Nullable="false" Precision="14" Scale="3" sap:unit="Currency" sap:label="Actual Budget" sap:creatable="false" sap:updatable="false" sap:sortable="false" sap:filterable="false"/>
                <Property Name="Remainingbudget" Type="Edm.Decimal" Nullable="false" Precision="14" Scale="3" sap:unit="Currency" sap:label="Remaining Budget" sap:creatable="false" sap:updatable="false" sap:sortable="false" sap:filterable="false"/>
                <Property Name="Invoiced" Type="Edm.Decimal" Nullable="false" Precision="14" Scale="3" sap:unit="Currency" sap:label="Invoiced" sap:creatable="false" sap:updatable="false" sap:sortable="false" sap:filterable="false"/>
                <Property Name="Paid" Type="Edm.Decimal" Nullable="false" Precision="14" Scale="3" sap:unit="Currency" sap:label="Paid" sap:creatable="false" sap:updatable="false" sap:sortable="false" sap:filterable="false"/>
                <Property Name="Amountpayable" Type="Edm.Decimal" Nullable="false" Precision="14" Scale="3" sap:unit="Currency" sap:label="A/P" sap:creatable="false" sap:updatable="false" sap:sortable="false" sap:filterable="false"/>
                <Property Name="Currency" Type="Edm.String" Nullable="false" MaxLength="5" sap:label="Currency" sap:creatable="false" sap:updatable="false" sap:sortable="false" sap:filterable="false" sap:semantics="currency-code"/>
                <Property Name="Atrisk" Type="Edm.String" Nullable="false" MaxLength="1" sap:label="At Risk" sap:creatable="false" sap:updatable="false" sap:sortable="false" sap:filterable="false"/>
            </EntityType>
            <EntityType Name="VendorHeader" sap:content-version="1">
                <Key>
                    <PropertyRef Name="Vendork"/>
                </Key>
                <Property Name="Vendork" Type="Edm.String" Nullable="false" MaxLength="10" sap:label="Vendor Number" sap:creatable="false" sap:updatable="false" sap:sortable="false" sap:filterable="false"/>
                <Property Name="Vendor" Type="Edm.String" Nullable="false" MaxLength="35" sap:label="Vendor Name" sap:creatable="false" sap:updatable="false" sap:sortable="false" sap:filterable="false"/>
                <Property Name="Statustext" Type="Edm.String" Nullable="false" MaxLength="20" sap:label="Status" sap:creatable="false" sap:updatable="false" sap:sortable="false" sap:filterable="false"/>
                <Property Name="Budget" Type="Edm.Decimal" Nullable="false" Precision="14" Scale="3" sap:label="Total Spend" sap:creatable="false" sap:updatable="false" sap:sortable="false" sap:filterable="false"/>
                <Property Name="Amountpayable" Type="Edm.Decimal" Nullable="false" Precision="14" Scale="3" sap:label="A/P" sap:creatable="false" sap:updatable="false" sap:sortable="false" sap:filterable="false"/>
            </EntityType>
            <EntityContainer Name="ZPRS_LSM_VENDORMATTERS_SRV_Entities" m:IsDefaultEntityContainer="true" sap:supported-formats="atom json xlsx">
                <EntitySet Name="VendorMattersSet" EntityType="ZPRS_LSM_VENDORMATTERS_SRV.VendorMatters" sap:creatable="false" sap:updatable="false" sap:deletable="false" sap:pageable="false" sap:content-version="1"/>
                <EntitySet Name="VendorHeaderSet" EntityType="ZPRS_LSM_VENDORMATTERS_SRV.VendorHeader" sap:creatable="false" sap:updatable="false" sap:deletable="false" sap:pageable="false" sap:content-version="1"/>
            </EntityContainer>
            <atom:link
                xmlns:atom="http://www.w3.org/2005/Atom" rel="self" href="./sap/ZPRS_LSM_VENDORMATTERS_SRV/$metadata"/>
                <atom:link
                    xmlns:atom="http://www.w3.org/2005/Atom" rel="latest-version" href="./sap/ZPRS_LSM_VENDORMATTERS_SRV/$metadata"/>
                </Schema>
            </edmx:DataServices>
        </edmx:Edmx>