{
    "resources": [
        {
            "name": "css/style.css"
        },
        {
            "name": ".user.project.json"
        },
        {
            "name": "model/formatter.js"
        },
        {
            "name": "model/models.js"
        },
        {
            "name": "controller/mainColumns/middleColumn.js"
        },
        {
            "name": "controller/mainColumns/rightColumn.js"
        },
        {
            "name": "controller/mainColumns/leftColumn.js"
        },
        {
            "name": "controller/mainColumns/leftColumnbk.js"
        },
        {
            "name": "controller/App.controller.js"
        },
        {
            "name": "controller/BaseController.js"
        },
        {
            "name": "controller/Worklist.controller.js"
        },
        {
            "name": "controller/ErrorHandler.js"
        },
        {
            "name": "controller/Object.controller.js"
        },
        {
            "name": "controller/NotFound.controller.js"
        },
        {
            "name": "customCtrl/InputFocus.js"
        },
        {
            "name": "customCtrl/ObjectStFocus.js"
        },
        {
            "name": "resources.json",
            "merged": true
        },
        {
            "name": "Component.js"
        },
        {
            "name": "fragments/rightPanel/main.fragment.xml"
        },
        {
            "name": "fragments/rightPanel/matterBilling.fragment.xml"
        },
        {
            "name": "fragments/rightPanel/invoice.fragment.xml"
        },
        {
            "name": "fragments/rightPanel/budgetDetails.fragment.xml"
        },
        {
            "name": "fragments/middlePanel/tabs/attachments.fragment.xml"
        },
        {
            "name": "fragments/middlePanel/tabs/main2.fragment.xml"
        },
        {
            "name": "fragments/middlePanel/tabs/auditTrial.fragment.xml"
        },
        {
            "name": "fragments/middlePanel/tabs/comments.fragment.xml"
        },
        {
            "name": "fragments/middlePanel/tabs/billingInstructions.fragment.xml"
        },
        {
            "name": "fragments/middlePanel/main.fragment.xml"
        },
        {
            "name": "fragments/middlePanel/topInfo.fragment.xml"
        },
        {
            "name": "fragments/commentBox.fragment.xml"
        },
        {
            "name": "fragments/rightColumPopup.fragment.xml"
        },
        {
            "name": "fragments/customRow.fragment.xml"
        },
        {
            "name": "fragments/NarrativePopup.fragment.xml"
        },
        {
            "name": "fragments/Popup.fragment.xml"
        },
        {
            "name": "fragments/leftPanel/filterList.fragment.xml"
        },
        {
            "name": "fragments/leftPanel/main.fragment_bk.xml"
        },
        {
            "name": "fragments/leftPanel/main.fragment.xml"
        },
        {
            "name": "manifest.json"
        },
        {
            "name": "i18n/i18n.properties",
            "raw": "i18n/i18n.properties"
        },
        {
            "name": "Component-preload.js",
            "merged": true
        },
        {
            "name": ".project.json"
        },
        {
            "name": "neo-app.json"
        },
        {
            "name": "localService/metadata.xml"
        },
        {
            "name": "localService/annotation.xml"
        },
        {
            "name": "localService/mockserver.js"
        },
        {
            "name": "index.html"
        },
        {
            "name": "test.html"
        },
        {
            "name": "view/ObjectNotFound.view.xml"
        },
        {
            "name": "view/Object.view.xml"
        },
        {
            "name": "view/Worklist.view.xml"
        },
        {
            "name": "view/NotFound.view.xml"
        },
        {
            "name": "view/App.view.xml"
        },
        {
            "name": "readme.txt"
        },
        {
            "name": "test/testsuite.qunit.html"
        },
        {
            "name": "test/flpSandboxMockServer.html"
        },
        {
            "name": "test/unit/helper/FakeI18nModel.js"
        },
        {
            "name": "test/unit/unitTests.qunit.html"
        },
        {
            "name": "test/unit/controller/App.controller.js"
        },
        {
            "name": "test/unit/controller/Worklist.controller.js"
        },
        {
            "name": "test/unit/allTests.js"
        },
        {
            "name": "test/unit/model/formatter.js"
        },
        {
            "name": "test/unit/model/models.js"
        },
        {
            "name": "test/integration/WorklistJourney.js"
        },
        {
            "name": "test/integration/FLPIntegrationJourney.js"
        },
        {
            "name": "test/integration/opaTests.qunit.html"
        },
        {
            "name": "test/integration/NotFoundJourney.js"
        },
        {
            "name": "test/integration/ObjectJourney.js"
        },
        {
            "name": "test/integration/AllJourneys.js"
        },
        {
            "name": "test/integration/pages/Worklist.js"
        },
        {
            "name": "test/integration/pages/Common.js"
        },
        {
            "name": "test/integration/pages/shareOptions.js"
        },
        {
            "name": "test/integration/pages/Browser.js"
        },
        {
            "name": "test/integration/pages/App.js"
        },
        {
            "name": "test/integration/pages/NotFound.js"
        },
        {
            "name": "test/integration/pages/Object.js"
        },
        {
            "name": "test/integration/NavigationJourney.js"
        },
        {
            "name": "test/flpSandbox.html"
        }
    ]
}