<core:FragmentDefinition xmlns="sap.m" xmlns:l="sap.ui.layout" xmlns:core="sap.ui.core" xmlns:smartField="sap.ui.comp.smartfield"
	xmlns:smartFilterBar="sap.ui.comp.smartfilterbar">
	<Dialog title="{i18n>WORK_OFFICES}" app:tableId="office.smartTable_" beforeClose="beforeCloseAddWOOffice"  afterOpen="afterOpenCloseAddWOOffice" xmlns:app="http://schemas.sap.com/sapui5/extension/sap.ui.core.CustomData/1"
		xmlns:smartTable="sap.ui.comp.smarttable" class="sapUiSizeCompact sapUiNoContentPadding" contentWidth="99%" contentHeight="65%">
		<content>
			<smartFilterBar:SmartFilterBar id="smartFilterBar" considerSelectionVariants="true" enableBasicSearch="true"
				entityType="VL_SH_ZPRS_CMI_SH_WORKINGOFFICE_F" filterBarExpanded="false">
			</smartFilterBar:SmartFilterBar>
			<smartTable:SmartTable id="office.smartTable_" entitySet="VL_SH_ZPRS_CMI_SH_WORKINGOFFICE_F" smartFilterId="smartFilterBar" tableType="Table"
				useExportToExcel="false" enableAutoBinding="true" useVariantManagement="false" useTablePersonalisation="false" header="Records" showRowCount="true">
				<smartTable:layoutData>
					<FlexItemData growFactor="1" baseSize="0%"/>
				</smartTable:layoutData>
			</smartTable:SmartTable>
		</content>
		<beginButton>
			<Button  text="{i18n>BUTTON_TEXT_SUBMIT}"  app:btnType="SUB" press="onPressSubmitOffice" type="Emphasized" visible="{generalSettings>/bClientSubmitButton}"/>
		</beginButton>
		<endButton>
			<Button text="Cancel" press="closeAddOffice" type="Emphasized"/>
		</endButton>
	</Dialog>
</core:FragmentDefinition>