<core:FragmentDefinition xmlns="sap.m" xmlns:l="sap.ui.layout" xmlns:core="sap.ui.core"
	xmlns:app="http://schemas.sap.com/sapui5/extension/sap.ui.core.CustomData/1" xmlns:smartField="sap.ui.comp.smartfield"
	xmlns:smartform="sap.ui.comp.smartform">
	<Dialog beforeClose="beforeCloseAddEditDialog" contentWidth="800px" showHeader="true"
		title="{i18n>WORKINGOFCENTRYFORM_DIALOG_TTL_ADDOFFICE}" class="sapUiSizeCompact sapUiNoContentPadding">
		<content>
			<smartform:SmartForm editable="true" expandable="false" expanded="true" entityType="Cmimatteroffices"
				id="cmiamendmentnew.matter.workingOffice.form_" flexEnabled="true">
				<smartform:customData>
					<core:CustomData key="dateFormatSettings" value='\{"UTC":true,"style":"short"\}'/>
				</smartform:customData>
				<smartform:Group id="cmiamendmentnew.matter.workingOffice.header1_">
					<smartform:GroupElement label="{i18n>WORKINGOFCENTRYFORM_SMARTFIELD_LBL_OFFICE_CODE}"
						id="cminewcmiamendmentnewrequest.matter.workingOffice.officeCode.input_">
						<smartField:SmartField id="cmiamendmentnew.matter.workingOffice.officeCode.smartField_" showLabel="true" value="{OfficeCode}">
							<smartField:configuration>
								<smartField:Configuration preventInitialDataFetchInValueHelpDialog="false"/>
							</smartField:configuration>
						</smartField:SmartField>
					</smartform:GroupElement >
					<smartform:GroupElement label="{i18n>WORKINGOFCENTRYFORM_SMARTFIELD_LBL_OFFICE}" id="cmiamendmentnew.matter.workingOffice.officeName.input_">
						<smartField:SmartField id="cmiamendmentnew.matter.workingOffice.officeName.smartField_" editable="false" showLabel="true" value="{OfficeName}">
							<smartField:configuration>
								<smartField:Configuration preventInitialDataFetchInValueHelpDialog="false"/>
							</smartField:configuration>
						</smartField:SmartField>
					</smartform:GroupElement >
				</smartform:Group>
				<smartform:Group id="cmiamendmentnew.matter.workingOffice.header2_">
					<smartform:GroupElement label="{i18n>WORKINGOFCENTRYFORM_SMARTFIELD_LBL_COMPANY}"
						id="cmiamendmentnew.matter.workingOffice.companyName.input_">
						<smartField:SmartField visible="false" editable="false" showLabel="true" value="{CompanyName}"></smartField:SmartField>
					</smartform:GroupElement>
					<smartform:GroupElement label="{i18n>WORKINGOFCENTRYFORM_SMARTFIELD_LBL_COUNTRY}"
						id="cmiamendmentnew.matter.workingOffice.countryName.input_">
						<smartField:SmartField editable="false" showLabel="true" value="{CountryName}"></smartField:SmartField>
					</smartform:GroupElement>
				</smartform:Group>
			</smartform:SmartForm>
		</content>
		<beginButton>
			<Button text="{i18n>BUTTON_TEXT_SUBMIT}" app:btnType="SUB" press="onPressSubmitOffice_bk" type="Emphasized"
				visible="{generalSettings>/bClientSubmitButton}"/>
		</beginButton>
		<endButton>
			<Button text="{i18n>BUTTON_TXT_CANCEL}" app:btnType="CNL" press="closeOffice" type="Emphasized"/>
		</endButton>
	</Dialog>
</core:FragmentDefinition>