<core:FragmentDefinition xmlns="sap.m" xmlns:core="sap.ui.core">
	<Table id="cmiamendmentnew.matter.workOffice.table_" items="{Offices}" class="sapUiTinyMarginTop"
		mode="{=${generalSettings>/Edit} === '' ? 'None': 'Delete'}" delete="onPressDeleteConfirm">
		<headerToolbar>
			<Toolbar visible="{path:'generalSettings>/Edit',formatter:'.formatter.editRequestScreen'}">
				<ToolbarSpacer/>
				<Button icon="sap-icon://add-activity" text="{i18n>WORKINGOFFICE_BTN_TXT_ADDOFFICE}" type="Accept" press="onpressaddOffice"/>
			</Toolbar>
		</headerToolbar>
		<columns>
			<Column id="cmiamendmentnew.matter.workOffice.officeCode_">
				<Label text="{i18n>WORKINGOFCENTRYFORM_SMARTFIELD_LBL_OFFICE_CODE}" required="true" design="Bold"/>
			</Column>
			<Column id="cmiamendmentnew.matter.workOffice.officeName_">
				<Label text="{i18n>TAB_WO_HDR_OFFICE}" design="Bold"/>
			</Column>
			<Column id="cmiamendmentnew.matter.workOffice.compName_" visible="false">
				<Label text="{i18n>TAB_WO_HDR_COMPANY}" design="Bold"/>
			</Column>
			<Column id="cmiamendmentnew.matter.workOffice.country_">
				<Label text="{i18n>TAB_WO_HDR_COUNTRY}" design="Bold"/>
			</Column>
		</columns>
		<items>
			<ColumnListItem type="{=${generalSettings>/Edit} === '' ? 'Inactive' : 'DetailAndActive'}" detailPress="onOfficeEdit">
				<cells>
					<Text text="{OfficeCode}"/>
					<Text text="{OfficeName}"/>
					<Text text="{CompanyName}"/>
					<Text text="{CountryName}"/>
				</cells>
			</ColumnListItem>
		</items>
	</Table>
</core:FragmentDefinition>