<edmx:Edmx xmlns:edmx="http://schemas.microsoft.com/ado/2007/06/edmx"
	xmlns:m="http://schemas.microsoft.com/ado/2007/08/dataservices/metadata" xmlns:sap="http://www.sap.com/Protocols/SAPData" Version="1.0">
	<edmx:DataServices m:DataServiceVersion="2.0">
		<Schema xmlns="http://schemas.microsoft.com/ado/2008/09/edm" Namespace="ZUI_SDAPP_SRV" xml:lang="en" sap:schema-version="1">
			<EntityType Name="SalesOrg" sap:content-version="1">
				<Key><PropertyRef Name="Vkorg"/></Key><Property Name="Vkorg" Type="Edm.String" Nullable="false" MaxLength="4" sap:unicode="false" sap:label="Sales Org." sap:creatable="false"
					sap:updatable="false" sap:sortable="false"/><Property Name="Vtext" Type="Edm.String" Nullable="false" MaxLength="20" sap:unicode="false" sap:label="Name" sap:creatable="false"
					sap:updatable="false" sap:sortable="false"/></EntityType>
			<EntityType Name="CustNo" sap:content-version="1">
				<Key><PropertyRef Name="Kunnr"/></Key><Property Name="Kunnr" Type="Edm.String" Nullable="false" MaxLength="10" sap:unicode="false" sap:label="Customer" sap:creatable="false"
					sap:updatable="false" sap:sortable="false" sap:filterable="false"/><Property Name="NAME1" Type="Edm.String" Nullable="false" MaxLength="35" sap:unicode="false" sap:label="Name" sap:creatable="false"
					sap:updatable="false" sap:sortable="false" sap:filterable="false"/><Property Name="VKORG" Type="Edm.String" Nullable="false" MaxLength="4" sap:unicode="false" sap:label="Sales Organization"
					sap:creatable="false" sap:updatable="false" sap:sortable="false" sap:filterable="false"/><Property Name="STCEG" Type="Edm.String" Nullable="false" MaxLength="20" sap:unicode="false" sap:label="VAT Registration Number"
					sap:creatable="false" sap:updatable="false" sap:sortable="false" sap:filterable="false"/></EntityType>
			<EntityType Name="MasterData" sap:content-version="1">
				<Key><PropertyRef Name="Reqid"/></Key><Property Name="Appid" Type="Edm.String" Nullable="false" MaxLength="12" sap:unicode="false" sap:label="Character Field of Length 12"
					sap:creatable="false" sap:updatable="false" sap:sortable="false" sap:filterable="false"/><Property Name="Reqid" Type="Edm.String" Nullable="false" MaxLength="16" sap:unicode="false" sap:label="Field of length 16"
					sap:creatable="false" sap:updatable="false" sap:sortable="false"/><Property Name="Lineitem" Type="Edm.String" Nullable="false" MaxLength="4" sap:unicode="false" sap:label="Counter" sap:creatable="false"
					sap:updatable="false" sap:sortable="false" sap:filterable="false"/><Property Name="Seqno" Type="Edm.String" Nullable="false" MaxLength="4" sap:unicode="false" sap:label="Counter" sap:creatable="false"
					sap:updatable="false" sap:sortable="false" sap:filterable="false"/><Property Name="Ernam" Type="Edm.String" Nullable="false" MaxLength="12" sap:unicode="false" sap:label="Creator" sap:creatable="false"
					sap:updatable="false" sap:sortable="false"/><Property Name="Erdat" Type="Edm.DateTime" Precision="7" sap:unicode="false" sap:label="Created On" sap:creatable="false"
					sap:updatable="false" sap:sortable="false" sap:filterable="false"/><Property Name="Erzet" Type="Edm.Time" Nullable="false" Precision="0" sap:unicode="false" sap:label="Time" sap:creatable="false"
					sap:updatable="false" sap:sortable="false" sap:filterable="false"/><Property Name="Sdpcase" Type="Edm.String" Nullable="false" MaxLength="10" sap:unicode="false" sap:label="Character Field Length = 10"
					sap:creatable="false" sap:updatable="false" sap:sortable="false" sap:filterable="false"/><Property Name="Status" Type="Edm.String" Nullable="false" MaxLength="1" sap:unicode="false" sap:label="Process status"
					sap:creatable="false" sap:updatable="false" sap:sortable="false" sap:filterable="false"/><Property Name="Remark" Type="Edm.String" Nullable="false" MaxLength="50" sap:unicode="false" sap:label="c" sap:creatable="false"
					sap:updatable="false" sap:sortable="false" sap:filterable="false"/><Property Name="Strname" Type="Edm.String" Nullable="false" MaxLength="30" sap:unicode="false" sap:label="Name of struct."
					sap:creatable="false" sap:updatable="false" sap:sortable="false" sap:filterable="false"/><Property Name="XdataLng" Type="Edm.Int32" Nullable="false" sap:unicode="false" sap:label="Satzlänge" sap:creatable="false"
					sap:updatable="false" sap:sortable="false" sap:filterable="false"/><Property Name="Xdata" Type="Edm.String" Nullable="false" MaxLength="4000" sap:unicode="false" sap:label="String 4000" sap:creatable="false"
					sap:updatable="false" sap:sortable="false" sap:filterable="false"/><NavigationProperty Name="NAV_REQ_ATTACH" Relationship="ZUI_SDAPP_SRV.ASSOC_REQ_ATTACH" FromRole="FromRole_ASSOC_REQ_ATTACH"
					ToRole="ToRole_ASSOC_REQ_ATTACH"/></EntityType>
			<EntityType Name="InvoiceCurrency" sap:content-version="1">
				<Key><PropertyRef Name="Waers"/></Key><Property Name="Waers" Type="Edm.String" Nullable="false" MaxLength="5" sap:unicode="false" sap:label="Currency" sap:creatable="false"
					sap:updatable="false" sap:sortable="false" sap:semantics="currency-code"/><Property Name="Ltext" Type="Edm.String" Nullable="false" MaxLength="40" sap:unicode="false" sap:label="Long Text" sap:creatable="false"
					sap:updatable="false" sap:sortable="false" sap:filterable="false"/></EntityType>
			<EntityType Name="Attachmentent" m:HasStream="true" sap:content-version="1">
				<Key><PropertyRef Name="Filename"/></Key><Property Name="Filename" Type="Edm.String" Nullable="false" MaxLength="200" sap:unicode="false" sap:label="Text (200 char)"
					sap:creatable="false" sap:updatable="false" sap:sortable="false" sap:filterable="false"/></EntityType>
			<EntityType Name="Invoiced" sap:content-version="1">
				<Key><PropertyRef Name="Matnr"/></Key><Property Name="Matnr" Type="Edm.String" Nullable="false" MaxLength="18" sap:unicode="false" sap:label="Material" sap:creatable="false"
					sap:updatable="false" sap:sortable="false" sap:filterable="false"/><Property Name="Maktx" Type="Edm.String" Nullable="false" MaxLength="40" sap:unicode="false" sap:label="Material Description"
					sap:creatable="false" sap:updatable="false" sap:sortable="false" sap:filterable="false"/></EntityType>
			<EntityType Name="PaymentTerm" sap:content-version="1">
				<Key><PropertyRef Name="Zterm"/></Key><Property Name="Zterm" Type="Edm.String" Nullable="false" MaxLength="4" sap:unicode="false" sap:label="Payt Terms" sap:creatable="false"
					sap:updatable="false" sap:sortable="false" sap:filterable="false"/></EntityType>
			<EntityType Name="CostCenter" sap:content-version="1">
				<Key><PropertyRef Name="Kostl"/></Key><Property Name="Kostl" Type="Edm.String" Nullable="false" MaxLength="10" sap:unicode="false" sap:label="Cost Center" sap:creatable="false"
					sap:updatable="false" sap:sortable="false" sap:filterable="false"/><Property Name="KTEXT" Type="Edm.String" Nullable="false" MaxLength="20" sap:unicode="false" sap:label="General Name" sap:creatable="false"
					sap:updatable="false" sap:sortable="false" sap:filterable="false"/></EntityType>
			<EntityType Name="OrderNo" sap:content-version="1">
				<Key><PropertyRef Name="AUFNR"/></Key><Property Name="AUFNR" Type="Edm.String" Nullable="false" MaxLength="12" sap:unicode="false" sap:label="Order Number" sap:creatable="false"
					sap:updatable="false" sap:sortable="false" sap:filterable="false"/><Property Name="KTEXT" Type="Edm.String" Nullable="false" MaxLength="40" sap:unicode="false" sap:label="Description" sap:creatable="false"
					sap:updatable="false" sap:sortable="false" sap:filterable="false"/><Property Name="BUKRS" Type="Edm.String" Nullable="false" MaxLength="4" sap:unicode="false" sap:label="Company Code" sap:creatable="false"
					sap:updatable="false" sap:sortable="false" sap:filterable="false"/></EntityType>
			<EntityType Name="Approval" sap:content-version="1">
				<Key><PropertyRef Name="Reqid"/></Key><Property Name="Reqid" Type="Edm.String" Nullable="false" MaxLength="16" sap:unicode="false" sap:label="Field of length 16"
					sap:creatable="false" sap:updatable="false" sap:sortable="false" sap:filterable="false"/><Property Name="Xdata" Type="Edm.String" Nullable="false" MaxLength="4000" sap:unicode="false" sap:label="Char 4000" sap:creatable="false"
					sap:updatable="false" sap:sortable="false" sap:filterable="false"/></EntityType>
			<EntityType Name="ICPT" sap:content-version="1">
				<Key><PropertyRef Name="Kunnr"/></Key><Property Name="Kunnr" Type="Edm.String" Nullable="false" MaxLength="10" sap:unicode="false" sap:label="Customer" sap:creatable="false"
					sap:updatable="false" sap:sortable="false" sap:filterable="false"/><Property Name="Waers" Type="Edm.String" Nullable="false" MaxLength="5" sap:unicode="false" sap:label="Currency" sap:creatable="false"
					sap:updatable="false" sap:sortable="false" sap:filterable="false"/><Property Name="Zterm" Type="Edm.String" Nullable="false" MaxLength="4" sap:unicode="false" sap:label="Payt Terms" sap:creatable="false"
					sap:updatable="false" sap:sortable="false" sap:filterable="false"/><Property Name="NAME1" Type="Edm.String" Nullable="false" MaxLength="35" sap:unicode="false" sap:label="Name 1" sap:creatable="false"
					sap:updatable="false" sap:sortable="false" sap:filterable="false"/><Property Name="ORT01" Type="Edm.String" Nullable="false" MaxLength="35" sap:unicode="false" sap:label="City" sap:creatable="false"
					sap:updatable="false" sap:sortable="false" sap:filterable="false"/><Property Name="PSTLZ" Type="Edm.String" Nullable="false" MaxLength="10" sap:unicode="false" sap:label="Postal Code" sap:creatable="false"
					sap:updatable="false" sap:sortable="false" sap:filterable="false"/><Property Name="STCEG" Type="Edm.String" Nullable="false" MaxLength="20" sap:unicode="false" sap:label="VAT Registration Number"
					sap:creatable="false" sap:updatable="false" sap:sortable="false" sap:filterable="false"/><Property Name="LTEXT" Type="Edm.String" Nullable="false" MaxLength="40" sap:unicode="false" sap:label="Long Text" sap:creatable="false"
					sap:updatable="false" sap:sortable="false" sap:filterable="false"/><Property Name="VTEXT" Type="Edm.String" Nullable="false" MaxLength="30" sap:unicode="false" sap:label="Description of terms of payment"
					sap:creatable="false" sap:updatable="false" sap:sortable="false" sap:filterable="false"/><Property Name="STRAS" Type="Edm.String" Nullable="false" MaxLength="35" sap:unicode="false" sap:label="Street and House Number"
					sap:creatable="false" sap:updatable="false" sap:sortable="false" sap:filterable="false"/></EntityType>
			<EntityType Name="ContactDetails" sap:content-version="1">
				<Key><PropertyRef Name="Parau"/></Key><Property Name="Namev" Type="Edm.String" Nullable="false" MaxLength="35" sap:unicode="false" sap:label="First name" sap:creatable="false"
					sap:updatable="false" sap:sortable="false" sap:filterable="false"/><Property Name="Name1" Type="Edm.String" Nullable="false" MaxLength="35" sap:unicode="false" sap:label="Name" sap:creatable="false"
					sap:updatable="false" sap:sortable="false" sap:filterable="false"/><Property Name="Telf1" Type="Edm.String" Nullable="false" MaxLength="16" sap:unicode="false" sap:label="Telephone 1" sap:creatable="false"
					sap:updatable="false" sap:sortable="false" sap:filterable="false"/><Property Name="Parau" Type="Edm.String" Nullable="false" MaxLength="40" sap:unicode="false" sap:label="Notes" sap:creatable="false"
					sap:updatable="false" sap:sortable="false" sap:filterable="false"/><Property Name="Parnr" Type="Edm.String" Nullable="false" MaxLength="10" sap:unicode="false" sap:label="Number of contact person"
					sap:creatable="false" sap:updatable="false" sap:sortable="false" sap:filterable="false"/></EntityType>
			<EntityType Name="ReadData" sap:content-version="1">
				<Key><PropertyRef Name="Reqid"/></Key><Property Name="Appid" Type="Edm.String" Nullable="false" MaxLength="12" sap:unicode="false" sap:label="Character Field of Length 12"
					sap:creatable="false" sap:updatable="false" sap:sortable="false" sap:filterable="false"/><Property Name="Reqid" Type="Edm.String" Nullable="false" MaxLength="16" sap:unicode="false" sap:label="Field of length 16"
					sap:creatable="false" sap:updatable="false" sap:sortable="false"/><Property Name="Lineitem" Type="Edm.String" Nullable="false" MaxLength="4" sap:unicode="false" sap:label="Counter" sap:creatable="false"
					sap:updatable="false" sap:sortable="false" sap:filterable="false"/><Property Name="Seqno" Type="Edm.String" Nullable="false" MaxLength="4" sap:unicode="false" sap:label="Counter" sap:creatable="false"
					sap:updatable="false" sap:sortable="false" sap:filterable="false"/><Property Name="Ernam" Type="Edm.String" Nullable="false" MaxLength="12" sap:unicode="false" sap:label="Creator" sap:creatable="false"
					sap:updatable="false" sap:sortable="false"/><Property Name="Erdat" Type="Edm.DateTime" Precision="7" sap:unicode="false" sap:label="Created On" sap:creatable="false"
					sap:updatable="false" sap:sortable="false" sap:filterable="false"/><Property Name="Erzet" Type="Edm.Time" Nullable="false" Precision="0" sap:unicode="false" sap:label="Time" sap:creatable="false"
					sap:updatable="false" sap:sortable="false" sap:filterable="false"/><Property Name="Sdpcase" Type="Edm.String" Nullable="false" MaxLength="10" sap:unicode="false" sap:label="Character Field Length = 10"
					sap:creatable="false" sap:updatable="false" sap:sortable="false" sap:filterable="false"/><Property Name="Status" Type="Edm.String" Nullable="false" MaxLength="1" sap:unicode="false" sap:label="Process status"
					sap:creatable="false" sap:updatable="false" sap:sortable="false" sap:filterable="false"/><Property Name="Remark" Type="Edm.String" Nullable="false" MaxLength="50" sap:unicode="false" sap:label="c" sap:creatable="false"
					sap:updatable="false" sap:sortable="false" sap:filterable="false"/><Property Name="Strname" Type="Edm.String" Nullable="false" MaxLength="30" sap:unicode="false" sap:label="Name of struct."
					sap:creatable="false" sap:updatable="false" sap:sortable="false" sap:filterable="false"/><Property Name="XdataLng" Type="Edm.Int32" Nullable="false" sap:unicode="false" sap:label="Satzlänge" sap:creatable="false"
					sap:updatable="false" sap:sortable="false" sap:filterable="false"/><Property Name="Xdata" Type="Edm.String" Nullable="false" MaxLength="4000" sap:unicode="false" sap:label="Char 4000" sap:creatable="false"
					sap:updatable="false" sap:sortable="false" sap:filterable="false"/><NavigationProperty Name="NAV_READ_ITEMS" Relationship="ZUI_SDAPP_SRV.ASSOC_READ_ITEMS" FromRole="FromRole_ASSOC_READ_ITEMS"
					ToRole="ToRole_ASSOC_READ_ITEMS"/><NavigationProperty Name="NAV_READ_ATTACH" Relationship="ZUI_SDAPP_SRV.ASSOC_READ_ATTACH" FromRole="FromRole_ASSOC_READ_ATTACH"
					ToRole="ToRole_ASSOC_READ_ATTACH"/><NavigationProperty Name="NAV_READ_REJECTLOG" Relationship="ZUI_SDAPP_SRV.ASSOC_READ_REJECTLOG" FromRole="FromRole_ASSOC_READ_REJECTLOG"
					ToRole="ToRole_ASSOC_READ_REJECTLOG"/></EntityType>
			<EntityType Name="SalesOrgNew" sap:content-version="1">
				<Key><PropertyRef Name="Vkorg"/></Key><Property Name="Vkorg" Type="Edm.String" Nullable="false" MaxLength="4" sap:unicode="false" sap:label="Sales Org." sap:creatable="false"
					sap:updatable="false" sap:sortable="false" sap:filterable="false"/><Property Name="Vtext" Type="Edm.String" Nullable="false" MaxLength="20" sap:unicode="false" sap:label="Name" sap:creatable="false"
					sap:updatable="false" sap:sortable="false" sap:filterable="false"/></EntityType>
			<EntityType Name="PaymentTermNew" sap:content-version="1">
				<Key><PropertyRef Name="Zterm"/></Key><Property Name="Zterm" Type="Edm.String" Nullable="false" MaxLength="4" sap:unicode="false" sap:label="Payt Terms" sap:creatable="false"
					sap:updatable="false" sap:sortable="false" sap:filterable="false"/><Property Name="Vtext" Type="Edm.String" Nullable="false" MaxLength="30" sap:unicode="false" sap:label="Description" sap:creatable="false"
					sap:updatable="false" sap:sortable="false" sap:filterable="false"/></EntityType>
			<EntityType Name="SD_Apv_Attach" m:HasStream="true" sap:content-version="1">
				<Key><PropertyRef Name="REQID"/><PropertyRef Name="FILENAME"/></Key><Property Name="REQID" Type="Edm.String" Nullable="false" sap:unicode="false" sap:creatable="false" sap:updatable="false"/><Property Name="FILENAME" Type="Edm.String" Nullable="false" sap:unicode="false" sap:creatable="false" sap:updatable="false"/><Property Name="MIMETYPE" Type="Edm.String" sap:unicode="false"/><Property Name="VALUE" Type="Edm.String" Nullable="false" sap:unicode="false" sap:updatable="false" sap:sortable="false"
					sap:filterable="false"/></EntityType>
			<EntityType Name="itemData" sap:content-version="1">
				<Key><PropertyRef Name="Reqid"/></Key><Property Name="Appid" Type="Edm.String" sap:unicode="false"/><Property Name="Reqid" Type="Edm.String" Nullable="false" sap:unicode="false" sap:creatable="false" sap:updatable="false"/><Property Name="Lineitem" Type="Edm.String" sap:unicode="false"/><Property Name="Seqno" Type="Edm.String" sap:unicode="false"/><Property Name="Ernam" Type="Edm.String" sap:unicode="false"/><Property Name="Erdat" Type="Edm.String" sap:unicode="false"/><Property Name="Erzet" Type="Edm.String" sap:unicode="false"/><Property Name="Sdpcase" Type="Edm.String" sap:unicode="false"/><Property Name="Status" Type="Edm.String" sap:unicode="false"/><Property Name="Remark" Type="Edm.String" sap:unicode="false"/><Property Name="Strname" Type="Edm.String" sap:unicode="false"/><Property Name="XdataLng" Type="Edm.String" sap:unicode="false"/><Property Name="Xdata" Type="Edm.String" sap:unicode="false"/></EntityType>
			<EntityType Name="rejectedReq" sap:content-version="1">
				<Key><PropertyRef Name="Reqid"/></Key><Property Name="Mandt" Type="Edm.String" sap:unicode="false"/><Property Name="Appid" Type="Edm.String" sap:unicode="false"/><Property Name="Reqid" Type="Edm.String" Nullable="false" sap:unicode="false" sap:creatable="false" sap:updatable="false"/><Property Name="Lineitem" Type="Edm.String" sap:unicode="false"/><Property Name="Seqno" Type="Edm.String" sap:unicode="false"/><Property Name="Ernam" Type="Edm.String" sap:unicode="false"/><Property Name="Erdat" Type="Edm.String" sap:unicode="false"/><Property Name="Erzet" Type="Edm.String" sap:unicode="false"/><Property Name="Aenam" Type="Edm.String" sap:unicode="false"/><Property Name="Aedat" Type="Edm.String" sap:unicode="false"/><Property Name="Aezet" Type="Edm.String" sap:unicode="false"/><Property Name="Sdpcase" Type="Edm.String" sap:unicode="false"/><Property Name="Status" Type="Edm.String" sap:unicode="false"/><Property Name="Remark" Type="Edm.String" sap:unicode="false"/><Property Name="Strname" Type="Edm.String" sap:unicode="false"/><Property Name="XdataLng" Type="Edm.String" sap:unicode="false"/><Property Name="Xdata" Type="Edm.String" sap:unicode="false"/><NavigationProperty Name="NAV_REJECTREQ_ITEMS" Relationship="ZUI_SDAPP_SRV.ASSOC_REJECTREQ_ITEMS" FromRole="FromRole_ASSOC_REJECTREQ_ITEMS"
					ToRole="ToRole_ASSOC_REJECTREQ_ITEMS"/></EntityType>
			<EntityType Name="rejectionLog" sap:content-version="1">
				<Key><PropertyRef Name="ReqId"/></Key><Property Name="timeStamp" Type="Edm.String" sap:unicode="false"/><Property Name="rejectedBy" Type="Edm.String" sap:unicode="false"/><Property Name="remarks" Type="Edm.String" sap:unicode="false"/><Property Name="ReqId" Type="Edm.String" Nullable="false" sap:unicode="false" sap:creatable="false" sap:updatable="false"/></EntityType>
			<EntityType Name="copyReq" sap:content-version="1">
				<Key><PropertyRef Name="Reqid"/></Key><Property Name="Mandt" Type="Edm.String" sap:unicode="false"/><Property Name="Appid" Type="Edm.String" sap:unicode="false"/><Property Name="Reqid" Type="Edm.String" Nullable="false" sap:unicode="false" sap:creatable="false" sap:updatable="false"/><Property Name="Lineitem" Type="Edm.String" sap:unicode="false"/><Property Name="Seqno" Type="Edm.String" sap:unicode="false"/><Property Name="Ernam" Type="Edm.String" sap:unicode="false"/><Property Name="Erdat" Type="Edm.String" sap:unicode="false"/><Property Name="Erzet" Type="Edm.String" sap:unicode="false"/><Property Name="Aenam" Type="Edm.String" sap:unicode="false"/><Property Name="Aedat" Type="Edm.String" sap:unicode="false"/><Property Name="Aezet" Type="Edm.String" sap:unicode="false"/><Property Name="Sdpcase" Type="Edm.String" sap:unicode="false"/><Property Name="Status" Type="Edm.String" sap:unicode="false"/><Property Name="Remark" Type="Edm.String" sap:unicode="false"/><Property Name="Strname" Type="Edm.String" sap:unicode="false"/><Property Name="XdataLng" Type="Edm.String" sap:unicode="false"/><Property Name="Xdata" Type="Edm.String" sap:unicode="false"/><NavigationProperty Name="NAV_COPYREQ_ITEMS" Relationship="ZUI_SDAPP_SRV.ASSOC_COPYREQ_ITEMS" FromRole="FromRole_ASSOC_COPYREQ_ITEMS"
					ToRole="ToRole_ASSOC_COPYREQ_ITEMS"/></EntityType>
			<EntityType Name="ListData" sap:content-version="1">
				<Key><PropertyRef Name="Reqid"/></Key><Property Name="Appid" Type="Edm.String" Nullable="false" MaxLength="12" sap:unicode="false" sap:label="Character Field of Length 12"
					sap:creatable="false" sap:updatable="false" sap:sortable="false" sap:filterable="false"/><Property Name="Reqid" Type="Edm.String" Nullable="false" MaxLength="16" sap:unicode="false" sap:label="Field of length 16"
					sap:creatable="false" sap:updatable="false" sap:sortable="false"/><Property Name="Lineitem" Type="Edm.String" Nullable="false" MaxLength="4" sap:unicode="false" sap:label="Counter" sap:creatable="false"
					sap:updatable="false" sap:sortable="false" sap:filterable="false"/><Property Name="Seqno" Type="Edm.String" Nullable="false" MaxLength="4" sap:unicode="false" sap:label="Counter" sap:creatable="false"
					sap:updatable="false" sap:sortable="false" sap:filterable="false"/><Property Name="Ernam" Type="Edm.String" Nullable="false" MaxLength="12" sap:unicode="false" sap:label="Creator" sap:creatable="false"
					sap:updatable="false" sap:sortable="false"/><Property Name="Erdat" Type="Edm.DateTime" Precision="7" sap:unicode="false" sap:label="Created On" sap:creatable="false"
					sap:updatable="false" sap:sortable="false" sap:filterable="false"/><Property Name="Erzet" Type="Edm.Time" Nullable="false" Precision="0" sap:unicode="false" sap:label="Time" sap:creatable="false"
					sap:updatable="false" sap:sortable="false" sap:filterable="false"/><Property Name="Sdpcase" Type="Edm.String" Nullable="false" MaxLength="10" sap:unicode="false" sap:label="Character Field Length = 10"
					sap:creatable="false" sap:updatable="false" sap:sortable="false" sap:filterable="false"/><Property Name="Status" Type="Edm.String" Nullable="false" MaxLength="1" sap:unicode="false" sap:label="Process status"
					sap:creatable="false" sap:updatable="false" sap:sortable="false" sap:filterable="false"/><Property Name="Remark" Type="Edm.String" Nullable="false" MaxLength="50" sap:unicode="false" sap:label="c" sap:creatable="false"
					sap:updatable="false" sap:sortable="false" sap:filterable="false"/><Property Name="Strname" Type="Edm.String" Nullable="false" MaxLength="30" sap:unicode="false" sap:label="Name of struct."
					sap:creatable="false" sap:updatable="false" sap:sortable="false" sap:filterable="false"/><Property Name="XdataLng" Type="Edm.Int32" Nullable="false" sap:unicode="false" sap:label="Satzlänge" sap:creatable="false"
					sap:updatable="false" sap:sortable="false" sap:filterable="false"/><Property Name="Xdata" Type="Edm.String" Nullable="false" MaxLength="4000" sap:unicode="false" sap:label="String 4000" sap:creatable="false"
					sap:updatable="false" sap:sortable="false" sap:filterable="false"/></EntityType>
			<EntityType Name="LoadData" sap:content-version="1">
				<Key><PropertyRef Name="Reqid"/></Key><Property Name="Appid" Type="Edm.String" Nullable="false" MaxLength="12" sap:unicode="false" sap:label="Character Field of Length 12"
					sap:creatable="false" sap:updatable="false" sap:sortable="false" sap:filterable="false"/><Property Name="Reqid" Type="Edm.String" Nullable="false" MaxLength="16" sap:unicode="false" sap:label="Field of length 16"
					sap:creatable="false" sap:updatable="false" sap:sortable="false" sap:filterable="false"/><Property Name="Lineitem" Type="Edm.String" Nullable="false" MaxLength="4" sap:unicode="false" sap:label="Counter" sap:creatable="false"
					sap:updatable="false" sap:sortable="false" sap:filterable="false"/><Property Name="Seqno" Type="Edm.String" Nullable="false" MaxLength="4" sap:unicode="false" sap:label="Counter" sap:creatable="false"
					sap:updatable="false" sap:sortable="false" sap:filterable="false"/><Property Name="Ernam" Type="Edm.String" Nullable="false" MaxLength="12" sap:unicode="false" sap:label="Creator" sap:creatable="false"
					sap:updatable="false" sap:sortable="false" sap:filterable="false"/><Property Name="Erdat" Type="Edm.DateTime" Precision="7" sap:unicode="false" sap:label="Created On" sap:creatable="false"
					sap:updatable="false" sap:sortable="false" sap:filterable="false"/><Property Name="Erzet" Type="Edm.Time" Precision="0" sap:unicode="false" sap:label="Time" sap:creatable="false" sap:updatable="false"
					sap:sortable="false" sap:filterable="false"/><Property Name="Aenam" Type="Edm.String" Nullable="false" MaxLength="12" sap:unicode="false" sap:label="Creator" sap:creatable="false"
					sap:updatable="false" sap:sortable="false" sap:filterable="false"/><Property Name="Aedat" Type="Edm.DateTime" Precision="7" sap:unicode="false" sap:label="Created On" sap:creatable="false"
					sap:updatable="false" sap:sortable="false" sap:filterable="false"/><Property Name="Aezet" Type="Edm.Time" Precision="0" sap:unicode="false" sap:label="Time" sap:creatable="false" sap:updatable="false"
					sap:sortable="false" sap:filterable="false"/><Property Name="Sdpcase" Type="Edm.String" Nullable="false" MaxLength="10" sap:unicode="false" sap:label="Character Field Length = 10"
					sap:creatable="false" sap:updatable="false" sap:sortable="false" sap:filterable="false"/><Property Name="Status" Type="Edm.String" Nullable="false" MaxLength="1" sap:unicode="false" sap:label="Process status"
					sap:creatable="false" sap:updatable="false" sap:sortable="false" sap:filterable="false"/><Property Name="Remark" Type="Edm.String" Nullable="false" MaxLength="50" sap:unicode="false" sap:label="c" sap:creatable="false"
					sap:updatable="false" sap:sortable="false" sap:filterable="false"/><Property Name="Strname" Type="Edm.String" Nullable="false" MaxLength="30" sap:unicode="false" sap:label="Name of struct."
					sap:creatable="false" sap:updatable="false" sap:sortable="false" sap:filterable="false"/><Property Name="XdataLng" Type="Edm.Int32" Nullable="false" sap:unicode="false" sap:label="Satzlänge" sap:creatable="false"
					sap:updatable="false" sap:sortable="false" sap:filterable="false"/><Property Name="Xdata" Type="Edm.String" Nullable="false" sap:unicode="false" sap:label="XDATA" sap:creatable="false" sap:updatable="false"
					sap:sortable="false" sap:filterable="false"/></EntityType>
			<EntityType Name="SALES_ORDER_ATTACH" sap:content-version="1">
				<Key><PropertyRef Name="ATTACH_STATUS"/></Key><Property Name="ATTACH_STATUS" Type="Edm.String" Nullable="false" sap:unicode="false" sap:creatable="false" sap:updatable="false"
					sap:sortable="false" sap:filterable="false"/></EntityType>
			<Association Name="ASSOC_READ_ITEMS" sap:content-version="1"><End Type="ZUI_SDAPP_SRV.ReadData" Multiplicity="1" Role="FromRole_ASSOC_READ_ITEMS"/><End Type="ZUI_SDAPP_SRV.itemData" Multiplicity="*" Role="ToRole_ASSOC_READ_ITEMS"/>
				<ReferentialConstraint>
					<Principal Role="FromRole_ASSOC_READ_ITEMS"><PropertyRef Name="Reqid"/></Principal>
					<Dependent Role="ToRole_ASSOC_READ_ITEMS"><PropertyRef Name="Reqid"/></Dependent>
				</ReferentialConstraint>
			</Association>
			<Association Name="ASSOC_READ_ATTACH" sap:content-version="1"><End Type="ZUI_SDAPP_SRV.ReadData" Multiplicity="1" Role="FromRole_ASSOC_READ_ATTACH"/><End Type="ZUI_SDAPP_SRV.SD_Apv_Attach" Multiplicity="*" Role="ToRole_ASSOC_READ_ATTACH"/>
				<ReferentialConstraint>
					<Principal Role="FromRole_ASSOC_READ_ATTACH"><PropertyRef Name="Reqid"/></Principal>
					<Dependent Role="ToRole_ASSOC_READ_ATTACH"><PropertyRef Name="REQID"/></Dependent>
				</ReferentialConstraint>
			</Association>
			<Association Name="ASSOC_READ_REJECTLOG" sap:content-version="1"><End Type="ZUI_SDAPP_SRV.ReadData" Multiplicity="1" Role="FromRole_ASSOC_READ_REJECTLOG"/><End Type="ZUI_SDAPP_SRV.rejectionLog" Multiplicity="*" Role="ToRole_ASSOC_READ_REJECTLOG"/>
				<ReferentialConstraint>
					<Principal Role="FromRole_ASSOC_READ_REJECTLOG"><PropertyRef Name="Reqid"/></Principal>
					<Dependent Role="ToRole_ASSOC_READ_REJECTLOG"><PropertyRef Name="ReqId"/></Dependent>
				</ReferentialConstraint>
			</Association>
			<Association Name="ASSOC_COPYREQ_ITEMS" sap:content-version="1"><End Type="ZUI_SDAPP_SRV.copyReq" Multiplicity="1" Role="FromRole_ASSOC_COPYREQ_ITEMS"/><End Type="ZUI_SDAPP_SRV.itemData" Multiplicity="*" Role="ToRole_ASSOC_COPYREQ_ITEMS"/>
				<ReferentialConstraint>
					<Principal Role="FromRole_ASSOC_COPYREQ_ITEMS"><PropertyRef Name="Reqid"/></Principal>
					<Dependent Role="ToRole_ASSOC_COPYREQ_ITEMS"><PropertyRef Name="Reqid"/></Dependent>
				</ReferentialConstraint>
			</Association>
			<Association Name="ASSOC_REJECTREQ_ITEMS" sap:content-version="1"><End Type="ZUI_SDAPP_SRV.rejectedReq" Multiplicity="1" Role="FromRole_ASSOC_REJECTREQ_ITEMS"/><End Type="ZUI_SDAPP_SRV.itemData" Multiplicity="*" Role="ToRole_ASSOC_REJECTREQ_ITEMS"/>
				<ReferentialConstraint>
					<Principal Role="FromRole_ASSOC_REJECTREQ_ITEMS"><PropertyRef Name="Reqid"/></Principal>
					<Dependent Role="ToRole_ASSOC_REJECTREQ_ITEMS"><PropertyRef Name="Reqid"/></Dependent>
				</ReferentialConstraint>
			</Association>
			<Association Name="ASSOC_REQ_ATTACH" sap:content-version="1"><End Type="ZUI_SDAPP_SRV.MasterData" Multiplicity="1" Role="FromRole_ASSOC_REQ_ATTACH"/><End Type="ZUI_SDAPP_SRV.SD_Apv_Attach" Multiplicity="*" Role="ToRole_ASSOC_REQ_ATTACH"/>
				<ReferentialConstraint>
					<Principal Role="FromRole_ASSOC_REQ_ATTACH"><PropertyRef Name="Reqid"/></Principal>
					<Dependent Role="ToRole_ASSOC_REQ_ATTACH"><PropertyRef Name="REQID"/></Dependent>
				</ReferentialConstraint>
			</Association>
			<EntityContainer Name="ZUI_SDAPP_SRV_Entities" m:IsDefaultEntityContainer="true" sap:supported-formats="atom json xlsx"><EntitySet Name="SalesOrgSet" EntityType="ZUI_SDAPP_SRV.SalesOrg" sap:creatable="false" sap:updatable="false" sap:deletable="false"
				sap:pageable="false" sap:content-version="1"/><EntitySet Name="CustNoSet" EntityType="ZUI_SDAPP_SRV.CustNo" sap:creatable="false" sap:updatable="false" sap:deletable="false"
				sap:pageable="false" sap:content-version="1"/><EntitySet Name="MasterDataSet" EntityType="ZUI_SDAPP_SRV.MasterData" sap:creatable="false" sap:updatable="false" sap:deletable="false"
				sap:pageable="false" sap:content-version="1"/><EntitySet Name="ListDataSet" EntityType="ZUI_SDAPP_SRV.MasterData" sap:creatable="false" sap:updatable="false" sap:deletable="false"
				sap:pageable="false" sap:content-version="1"/><EntitySet Name="InvoiceCurrencySet" EntityType="ZUI_SDAPP_SRV.InvoiceCurrency" sap:creatable="false" sap:updatable="false"
				sap:deletable="false" sap:pageable="false" sap:addressable="false" sap:content-version="1"/><EntitySet Name="AttachmententSet" EntityType="ZUI_SDAPP_SRV.Attachmentent" sap:creatable="false" sap:updatable="false"
				sap:deletable="false" sap:pageable="false" sap:content-version="1"/><EntitySet Name="InvoicedSet" EntityType="ZUI_SDAPP_SRV.Invoiced" sap:creatable="false" sap:updatable="false" sap:deletable="false"
				sap:pageable="false" sap:content-version="1"/><EntitySet Name="PaymentTermSet" EntityType="ZUI_SDAPP_SRV.PaymentTerm" sap:creatable="false" sap:updatable="false" sap:deletable="false"
				sap:pageable="false" sap:addressable="false" sap:content-version="1"/><EntitySet Name="CostCenterSet" EntityType="ZUI_SDAPP_SRV.CostCenter" sap:creatable="false" sap:updatable="false" sap:deletable="false"
				sap:pageable="false" sap:addressable="false" sap:content-version="1"/><EntitySet Name="OrderNoSet" EntityType="ZUI_SDAPP_SRV.OrderNo" sap:creatable="false" sap:updatable="false" sap:deletable="false"
				sap:pageable="false" sap:addressable="false" sap:content-version="1"/><EntitySet Name="ApprovalSet" EntityType="ZUI_SDAPP_SRV.Approval" sap:creatable="false" sap:updatable="false" sap:deletable="false"
				sap:pageable="false" sap:content-version="1"/><EntitySet Name="ICPTSet" EntityType="ZUI_SDAPP_SRV.ICPT" sap:creatable="false" sap:updatable="false" sap:deletable="false"
				sap:pageable="false" sap:content-version="1"/><EntitySet Name="ContactDetailsSet" EntityType="ZUI_SDAPP_SRV.ContactDetails" sap:creatable="false" sap:updatable="false"
				sap:deletable="false" sap:pageable="false" sap:content-version="1"/><EntitySet Name="ReadDataSet" EntityType="ZUI_SDAPP_SRV.ReadData" sap:creatable="false" sap:updatable="false" sap:deletable="false"
				sap:pageable="false" sap:content-version="1"/><EntitySet Name="SalesOrgNewSet" EntityType="ZUI_SDAPP_SRV.SalesOrgNew" sap:creatable="false" sap:updatable="false" sap:deletable="false"
				sap:pageable="false" sap:content-version="1"/><EntitySet Name="PaymentTermNewSet" EntityType="ZUI_SDAPP_SRV.PaymentTermNew" sap:creatable="false" sap:updatable="false"
				sap:deletable="false" sap:pageable="false" sap:content-version="1"/><EntitySet Name="SD_Apv_AttachSet" EntityType="ZUI_SDAPP_SRV.SD_Apv_Attach" sap:creatable="false" sap:updatable="false"
				sap:deletable="false" sap:pageable="false" sap:content-version="1"/><EntitySet Name="itemDataSet" EntityType="ZUI_SDAPP_SRV.itemData" sap:creatable="false" sap:updatable="false" sap:deletable="false"
				sap:pageable="false" sap:addressable="false" sap:content-version="1"/><EntitySet Name="rejectedReqSet" EntityType="ZUI_SDAPP_SRV.rejectedReq" sap:creatable="false" sap:updatable="false" sap:deletable="false"
				sap:pageable="false" sap:content-version="1"/><EntitySet Name="rejectionLogSet" EntityType="ZUI_SDAPP_SRV.rejectionLog" sap:creatable="false" sap:updatable="false" sap:deletable="false"
				sap:pageable="false" sap:content-version="1"/><EntitySet Name="copyReqSet" EntityType="ZUI_SDAPP_SRV.copyReq" sap:creatable="false" sap:updatable="false" sap:deletable="false"
				sap:pageable="false" sap:content-version="1"/><EntitySet Name="ListDataCollection" EntityType="ZUI_SDAPP_SRV.ListData" sap:content-version="1"/><EntitySet Name="LoadDataSet" EntityType="ZUI_SDAPP_SRV.LoadData" sap:creatable="false" sap:updatable="false" sap:deletable="false"
				sap:pageable="false" sap:content-version="1"/><EntitySet Name="SALES_ORDER_ATTACHSet" EntityType="ZUI_SDAPP_SRV.SALES_ORDER_ATTACH" sap:creatable="false" sap:updatable="false"
				sap:deletable="false" sap:pageable="false" sap:addressable="false" sap:content-version="1"/>
				<AssociationSet Name="ASSOC_READ_REJECTLOGSet" Association="ZUI_SDAPP_SRV.ASSOC_READ_REJECTLOG" sap:creatable="false" sap:updatable="false"
					sap:deletable="false" sap:content-version="1"><End EntitySet="ReadDataSet" Role="FromRole_ASSOC_READ_REJECTLOG"/><End EntitySet="rejectionLogSet" Role="ToRole_ASSOC_READ_REJECTLOG"/></AssociationSet>
				<AssociationSet Name="ASSOC_REJECTREQ_ITEMSSet" Association="ZUI_SDAPP_SRV.ASSOC_REJECTREQ_ITEMS" sap:creatable="false"
					sap:updatable="false" sap:deletable="false" sap:content-version="1"><End EntitySet="rejectedReqSet" Role="FromRole_ASSOC_REJECTREQ_ITEMS"/><End EntitySet="itemDataSet" Role="ToRole_ASSOC_REJECTREQ_ITEMS"/></AssociationSet>
				<AssociationSet Name="ASSOC_COPYREQ_ITEMSSet" Association="ZUI_SDAPP_SRV.ASSOC_COPYREQ_ITEMS" sap:creatable="false" sap:updatable="false"
					sap:deletable="false" sap:content-version="1"><End EntitySet="copyReqSet" Role="FromRole_ASSOC_COPYREQ_ITEMS"/><End EntitySet="itemDataSet" Role="ToRole_ASSOC_COPYREQ_ITEMS"/></AssociationSet>
				<AssociationSet Name="ASSOC_READ_ATTACHSet" Association="ZUI_SDAPP_SRV.ASSOC_READ_ATTACH" sap:creatable="false" sap:updatable="false"
					sap:deletable="false" sap:content-version="1"><End EntitySet="ReadDataSet" Role="FromRole_ASSOC_READ_ATTACH"/><End EntitySet="SD_Apv_AttachSet" Role="ToRole_ASSOC_READ_ATTACH"/></AssociationSet>
				<AssociationSet Name="ASSOC_READ_ITEMSSet" Association="ZUI_SDAPP_SRV.ASSOC_READ_ITEMS" sap:creatable="false" sap:updatable="false"
					sap:deletable="false" sap:content-version="1"><End EntitySet="ReadDataSet" Role="FromRole_ASSOC_READ_ITEMS"/><End EntitySet="itemDataSet" Role="ToRole_ASSOC_READ_ITEMS"/></AssociationSet>
				<AssociationSet Name="ASSOC_REQ_ATTACHSet" Association="ZUI_SDAPP_SRV.ASSOC_REQ_ATTACH" sap:creatable="false" sap:updatable="false"
					sap:deletable="false" sap:content-version="1"><End EntitySet="MasterDataSet" Role="FromRole_ASSOC_REQ_ATTACH"/><End EntitySet="SD_Apv_AttachSet" Role="ToRole_ASSOC_REQ_ATTACH"/></AssociationSet>
				<FunctionImport Name="ATTACH_PDF_TO_SALES_ORDER" ReturnType="ZUI_SDAPP_SRV.SALES_ORDER_ATTACH" EntitySet="SALES_ORDER_ATTACHSet"
					m:HttpMethod="GET"><Parameter Name="ORDER_NO" Type="Edm.String" Mode="In"/><Parameter Name="REQID" Type="Edm.String" Mode="In"/></FunctionImport>
			</EntityContainer><atom:link xmlns:atom="http://www.w3.org/2005/Atom" rel="self" href="./sap/ZUI_SDAPP_SRV/$metadata"/><atom:link xmlns:atom="http://www.w3.org/2005/Atom" rel="latest-version" href="./sap/ZUI_SDAPP_SRV/$metadata"/></Schema>
	</edmx:DataServices>
</edmx:Edmx>