{
  "run": [
    {
      "filePath": "/Component.js",
      "previewMode": 1,
      "dataMode": 1,
      "workspace": "withoutWorkspace",
      "ui5ActiveVersion": null,
      "ui5VerSource": null,
      "isDefaultVersion": 0,
      "urlParameters": [],
      "hashParameter": "",
      "backendSystem": [],
      "_metadata": {
        "runnerId": "fiorirunner",
        "id": 3927571,
        "displayName": "Run Component.js 1",
        "lastRunTimeStamp": 1532524540577
      }
    },
    {
      "filePath": "/webapp/Component.js",
      "previewMode": 1,
      "dataMode": 1,
      "workspace": "withoutWorkspace",
      "ui5ActiveVersion": null,
      "ui5VerSource": null,
      "isDefaultVersion": 0,
      "urlParameters": [],
      "hashParameter": "",
      "backendSystem": [],
      "_metadata": {
        "runnerId": "fiorirunner",
        "id": 3689752,
        "displayName": "Run Component.js",
        "lastRunTimeStamp": 1518619957154
      }
    },
    {
      "filePath": "/ZPRS_TRUST_BTB/webapp/Component.js",
      "previewMode": 1,
      "dataMode": 1,
      "workspace": "withoutWorkspace",
      "ui5ActiveVersion": null,
      "ui5VerSource": null,
      "isDefaultVersion": 1,
      "urlParameters": [
        {
          "paramName": "",
          "paramValue": "",
          "paramActive": false
        },
        {
          "paramName": "",
          "paramValue": "",
          "paramActive": false
        }
      ],
      "hashParameter": "",
      "_metadata": {
        "id": 5239014,
        "runnerId": "fiorirunner",
        "displayName": "App as Fiori Component",
        "lastRunTimeStamp": 1517919742393
      }
    },
    {
      "filePath": "/ZPRS_TRUST_BTB/webapp/test/flpSandboxMockServer.html",
      "previewMode": 1,
      "dataMode": 1,
      "workspace": "withoutWorkspace",
      "urlParameters": [
        {
          "paramName": "",
          "paramValue": "",
          "paramActive": false
        },
        {
          "paramName": "",
          "paramValue": "",
          "paramActive": false
        }
      ],
      "hashParameter": "TrustBankToBank-display",
      "ui5ActiveVersion": null,
      "ui5VerSource": null,
      "isDefaultVersion": 1,
      "_metadata": {
        "id": 1978926,
        "runnerId": "webapprunner",
        "displayName": "App in FLP Sandbox (Mock Server)",
        "lastRunTimeStamp": 1517668063447
      }
    },
    {
      "filePath": "/ZPRS_TRUST_BTB/webapp/test/flpSandbox.html",
      "previewMode": 1,
      "dataMode": 1,
      "workspace": "withoutWorkspace",
      "urlParameters": [
        {
          "paramName": "",
          "paramValue": "",
          "paramActive": false
        },
        {
          "paramName": "",
          "paramValue": "",
          "paramActive": false
        }
      ],
      "hashParameter": "TrustBankToBank-display",
      "ui5ActiveVersion": null,
      "ui5VerSource": null,
      "isDefaultVersion": 1,
      "_metadata": {
        "id": 1978925,
        "runnerId": "webapprunner",
        "displayName": "App in FLP Sandbox",
        "lastRunTimeStamp": 1516856363521
      }
    },
    {
      "filePath": "/ZPRS_TRUST_BTB/webapp/test/unit/unitTests.qunit.html",
      "previewMode": 1,
      "dataMode": 1,
      "workspace": "withoutWorkspace",
      "ui5ActiveVersion": null,
      "ui5VerSource": null,
      "isDefaultVersion": 1,
      "urlParameters": [
        {
          "paramName": "",
          "paramValue": "",
          "paramActive": false
        },
        {
          "paramName": "",
          "paramValue": "",
          "paramActive": false
        }
      ],
      "_metadata": {
        "id": 8735167,
        "runnerId": "webapprunner",
        "displayName": "Unit Tests"
      }
    },
    {
      "filePath": "/ZPRS_TRUST_BTB/webapp/test/integration/opaTests.qunit.html",
      "previewMode": 1,
      "dataMode": 1,
      "workspace": "withoutWorkspace",
      "ui5ActiveVersion": null,
      "ui5VerSource": null,
      "isDefaultVersion": 1,
      "urlParameters": [
        {
          "paramName": "",
          "paramValue": "",
          "paramActive": false
        },
        {
          "paramName": "",
          "paramValue": "",
          "paramActive": false
        }
      ],
      "hashParameter": "",
      "_metadata": {
        "id": 3635224,
        "runnerId": "webapprunner",
        "displayName": "OPA Tests"
      }
    },
    {
      "filePath": "/ZPRS_TRUST_BTB/webapp/test/testsuite.qunit.html",
      "previewMode": 1,
      "dataMode": 1,
      "workspace": "withoutWorkspace",
      "ui5ActiveVersion": null,
      "ui5VerSource": null,
      "isDefaultVersion": 1,
      "urlParameters": [
        {
          "paramName": "",
          "paramValue": "",
          "paramActive": false
        },
        {
          "paramName": "",
          "paramValue": "",
          "paramActive": false
        }
      ],
      "hashParameter": "",
      "_metadata": {
        "id": 7524840,
        "runnerId": "webapprunner",
        "displayName": "Test Suite (Unit, OPA)"
      }
    }
  ]
}