<edmx:Edmx
    xmlns:edmx="http://schemas.microsoft.com/ado/2007/06/edmx"
    xmlns:m="http://schemas.microsoft.com/ado/2007/08/dataservices/metadata"
    xmlns:sap="http://www.sap.com/Protocols/SAPData" Version="1.0">
    <edmx:DataServices m:DataServiceVersion="2.0">
        <Schema
            xmlns="http://schemas.microsoft.com/ado/2008/09/edm" Namespace="ZPRS_WIP_EDITOR_SRV" xml:lang="en" sap:schema-version="1">
            <EntityType Name="WipMatters" sap:content-version="1">
                <Key>
                    <PropertyRef Name="Pspid"/>
                </Key>
                <Property Name="Pspid" Type="Edm.String" Nullable="false" MaxLength="24" sap:label="Matter" sap:creatable="false" sap:updatable="false"/>
                <Property Name="Post1" Type="Edm.String" Nullable="false" MaxLength="40" sap:label="Matter Name" sap:creatable="false" sap:updatable="false" sap:sortable="false" sap:filterable="false"/>
                <Property Name="ClientParvw" Type="Edm.String" Nullable="false" MaxLength="2" sap:label="Client Partner Fn" sap:creatable="false" sap:updatable="false" sap:sortable="false"/>
                <Property Name="Client" Type="Edm.String" Nullable="false" MaxLength="10" sap:label="Client" sap:creatable="false" sap:updatable="false" sap:sortable="false"/>
                <Property Name="ClientName" Type="Edm.String" Nullable="false" MaxLength="40" sap:label="Client Name" sap:creatable="false" sap:updatable="false" sap:sortable="false" sap:filterable="false"/>
                <Property Name="MpatnerParvw" Type="Edm.String" Nullable="false" MaxLength="2" sap:label="Matter Partner Fn" sap:creatable="false" sap:updatable="false" sap:sortable="false"/>
                <Property Name="Mpatner" Type="Edm.String" Nullable="false" MaxLength="10" sap:label="Matter Partner" sap:creatable="false" sap:updatable="false" sap:sortable="false"/>
                <Property Name="Boffice" Type="Edm.String" Nullable="false" MaxLength="4" sap:label="Billing Office" sap:creatable="false" sap:updatable="false" sap:sortable="false" sap:filterable="false"/>
                <Property Name="BofficeName" Type="Edm.String" Nullable="false" MaxLength="30" sap:label="Billing Office Name" sap:creatable="false" sap:updatable="false" sap:sortable="false" sap:filterable="false"/>
                <Property Name="Bpartner" Type="Edm.String" Nullable="false" MaxLength="8" sap:label="Billing Partner" sap:creatable="false" sap:updatable="false" sap:sortable="false" sap:filterable="false"/>
                <Property Name="BpatnerName" Type="Edm.String" Nullable="false" sap:label="Billing Partner Name" sap:creatable="false" sap:updatable="false" sap:sortable="false" sap:filterable="false"/>
                <Property Name="Bcurr" Type="Edm.String" Nullable="false" MaxLength="5" sap:label="Matter Billing Curr" sap:creatable="false" sap:updatable="false" sap:sortable="false" sap:filterable="false" sap:semantics="currency-code"/>
                <Property Name="Pernr" Type="Edm.String" Nullable="false" MaxLength="8" sap:label="TimeKeeper" sap:creatable="false" sap:updatable="false" sap:sortable="false"/>
                <Property Name="Belnr" Type="Edm.String" Nullable="false" MaxLength="10" sap:label="CO Doc" sap:creatable="false" sap:updatable="false" sap:sortable="false"/>
                <Property Name="Budat" Type="Edm.DateTime" Nullable="false" Precision="7" sap:label="Work Date" sap:creatable="false" sap:updatable="false" sap:sortable="false"/>
                <Property Name="Mgbill" Type="Edm.String" Nullable="false" MaxLength="24" sap:label="Matter Group Bill ID" sap:creatable="false" sap:updatable="false" sap:sortable="false" sap:filterable="false"/>
                <Property Name="Rptgroup" Type="Edm.String" Nullable="false" MaxLength="24" sap:label="Matter Reporting Grp" sap:creatable="false" sap:updatable="false" sap:sortable="false" sap:filterable="false"/>
                <NavigationProperty Name="MatterToWip" Relationship="ZPRS_WIP_EDITOR_SRV.MatterToWip" FromRole="FromRole_MatterToWip" ToRole="ToRole_MatterToWip"/>
            </EntityType>
            <EntityType Name="WipDetails" sap:content-version="1">
                <Key>
                    <PropertyRef Name="Tdobject"/>
                    <PropertyRef Name="Tdname"/>
                    <PropertyRef Name="Tdid"/>
                    <PropertyRef Name="Pspid"/>
                    <PropertyRef Name="Pernr"/>
                </Key>
                <Property Name="Zzwiprate" Type="Edm.String" Nullable="false" MaxLength="21" sap:label="Wip Rate" sap:creatable="false" sap:updatable="false" sap:sortable="false" sap:filterable="false"/>
                <Property Name="Zzphase" Type="Edm.String" Nullable="false" MaxLength="10" sap:label="Phase" sap:creatable="false" sap:updatable="false" sap:sortable="false" sap:filterable="false"/>
                <Property Name="Zzwipcur" Type="Edm.String" Nullable="false" MaxLength="5" sap:label="WIP Currency" sap:creatable="false" sap:updatable="false" sap:sortable="false" sap:filterable="false" sap:semantics="currency-code"/>
                <Property Name="Zzwipamt" Type="Edm.String" Nullable="false" MaxLength="21" sap:label="WIP Amount" sap:creatable="false" sap:updatable="false" sap:sortable="false" sap:filterable="false"/>
                <Property Name="Zzwerks" Type="Edm.String" Nullable="false" MaxLength="4" sap:label="Working Office" sap:creatable="false" sap:updatable="false" sap:sortable="false" sap:filterable="false"/>
                <Property Name="Zztskcd" Type="Edm.String" Nullable="false" MaxLength="30" sap:label="Task Code" sap:creatable="false" sap:updatable="false" sap:sortable="false" sap:filterable="false"/>
                <Property Name="ZzteamDesc" Type="Edm.String" Nullable="false" MaxLength="60" sap:label="Description" sap:creatable="false" sap:updatable="false" sap:sortable="false" sap:filterable="false"/>
                <Property Name="Zzteam" Type="Edm.String" Nullable="false" MaxLength="4" sap:label="Fee Earner Team" sap:creatable="false" sap:updatable="false" sap:sortable="false" sap:filterable="false"/>
                <Property Name="Zzphasecode" Type="Edm.String" Nullable="false" MaxLength="10" sap:label="Phase" sap:creatable="false" sap:updatable="false" sap:sortable="false" sap:filterable="false"/>
                <Property Name="Zzlegwipid" Type="Edm.String" Nullable="false" MaxLength="20" sap:label="Legacy WIP ID" sap:creatable="false" sap:updatable="false" sap:sortable="false" sap:filterable="false"/>
                <Property Name="Zzleginv" Type="Edm.String" Nullable="false" MaxLength="20" sap:label="Legacy Invoice" sap:creatable="false" sap:updatable="false" sap:sortable="false" sap:filterable="false"/>
                <Property Name="Zzinvdt" Type="Edm.DateTime" Precision="7" sap:label="Legacy Invoice Date" sap:creatable="false" sap:updatable="false" sap:sortable="false" sap:filterable="false"/>
                <Property Name="Zzfftskcd" Type="Edm.String" Nullable="false" MaxLength="20" sap:label="Flat Fee Code" sap:creatable="false" sap:updatable="false" sap:sortable="false" sap:filterable="false"/>
                <Property Name="Zzffactcd" Type="Edm.String" Nullable="false" MaxLength="20" sap:label="Flat Fee Activity Cd" sap:creatable="false" sap:updatable="false" sap:sortable="false" sap:filterable="false"/>
                <Property Name="ZzfepgrpDesc" Type="Edm.String" Nullable="false" MaxLength="60" sap:label="Description" sap:creatable="false" sap:updatable="false" sap:sortable="false" sap:filterable="false"/>
                <Property Name="Zzfepgrp" Type="Edm.String" Nullable="false" MaxLength="2" sap:label="Fee Earner Prac Grp" sap:creatable="false" sap:updatable="false" sap:sortable="false" sap:filterable="false"/>
                <Property Name="ZzblvlDesc" Type="Edm.String" Nullable="false" MaxLength="60" sap:label="Description" sap:creatable="false" sap:updatable="false" sap:sortable="false" sap:filterable="false"/>
                <Property Name="Zzblvl" Type="Edm.String" Nullable="false" MaxLength="2" sap:label="Band Level" sap:creatable="false" sap:updatable="false" sap:sortable="false" sap:filterable="false"/>
                <Property Name="ZzbgrpDesc" Type="Edm.String" Nullable="false" MaxLength="60" sap:label="Description" sap:creatable="false" sap:updatable="false" sap:sortable="false" sap:filterable="false"/>
                <Property Name="Zzbgrp" Type="Edm.String" Nullable="false" MaxLength="2" sap:label="Band Group" sap:creatable="false" sap:updatable="false" sap:sortable="false" sap:filterable="false"/>
                <Property Name="Zzactcd" Type="Edm.String" Nullable="false" MaxLength="30" sap:label="Activity Code" sap:creatable="false" sap:updatable="false" sap:sortable="false" sap:filterable="false"/>
                <Property Name="Werks" Type="Edm.String" Nullable="false" MaxLength="4" sap:label="Office" sap:creatable="false" sap:updatable="false" sap:sortable="false" sap:filterable="false"/>
                <Property Name="WaersMatter" Type="Edm.String" Nullable="false" MaxLength="5" sap:label="Currency" sap:creatable="false" sap:updatable="false" sap:sortable="false" sap:filterable="false" sap:semantics="currency-code"/>
                <Property Name="WaersLocl" Type="Edm.String" Nullable="false" MaxLength="5" sap:label="Currency" sap:creatable="false" sap:updatable="false" sap:sortable="false" sap:filterable="false" sap:semantics="currency-code"/>
                <Property Name="WaersGlb" Type="Edm.String" Nullable="false" MaxLength="5" sap:label="Currency" sap:creatable="false" sap:updatable="false" sap:sortable="false" sap:filterable="false" sap:semantics="currency-code"/>
                <Property Name="Twaer" Type="Edm.String" Nullable="false" MaxLength="5" sap:label="Trans. Currency" sap:creatable="false" sap:updatable="false" sap:sortable="false" sap:filterable="false" sap:semantics="currency-code"/>
                <Property Name="ToZztskcd" Type="Edm.String" Nullable="false" MaxLength="30" sap:label="Task Code" sap:creatable="false" sap:updatable="false" sap:sortable="false" sap:filterable="false"/>
                <Property Name="ToZzfftskcd" Type="Edm.String" Nullable="false" MaxLength="20" sap:label="Flat Fee Code" sap:creatable="false" sap:updatable="false" sap:sortable="false" sap:filterable="false"/>
                <Property Name="ToZzffactcd" Type="Edm.String" Nullable="false" MaxLength="20" sap:label="Flat Fee Activity Cd" sap:creatable="false" sap:updatable="false" sap:sortable="false" sap:filterable="false"/>
                <Property Name="ToZzactcd" Type="Edm.String" Nullable="false" MaxLength="30" sap:label="Activity Code" sap:creatable="false" sap:updatable="false" sap:sortable="false" sap:filterable="false"/>
                <Property Name="ToMatter" Type="Edm.String" Nullable="false" MaxLength="24" sap:label="WBS Element" sap:creatable="false" sap:updatable="false" sap:sortable="false" sap:filterable="false"/>
                <Property Name="Title" Type="Edm.String" Nullable="false" MaxLength="20" sap:label="Name of EE SG" sap:creatable="false" sap:updatable="false" sap:sortable="false" sap:filterable="false"/>
                <Property Name="Tdobject" Type="Edm.String" Nullable="false" MaxLength="10" sap:label="Text Object" sap:creatable="false" sap:updatable="false" sap:sortable="false" sap:filterable="false"/>
                <Property Name="Tdname" Type="Edm.String" Nullable="false" MaxLength="70" sap:label="Text Name" sap:creatable="false" sap:updatable="false" sap:sortable="false" sap:filterable="false"/>
                <Property Name="Tdid" Type="Edm.String" Nullable="false" MaxLength="4" sap:label="Text ID" sap:creatable="false" sap:updatable="false" sap:sortable="false" sap:filterable="false"/>
                <Property Name="Sname" Type="Edm.String" Nullable="false" MaxLength="40" sap:label="Empl./Appl.Name" sap:creatable="false" sap:updatable="false" sap:sortable="false" sap:filterable="false"/>
                <Property Name="ReviewComplete" Type="Edm.String" Nullable="false" MaxLength="1" sap:label="Review Complete" sap:creatable="false" sap:updatable="false" sap:sortable="false" sap:filterable="false"/>
                <Property Name="RateLocl" Type="Edm.Decimal" Nullable="false" Precision="12" Scale="3" sap:unit="WaersMatter" sap:label="Total Price" sap:creatable="false" sap:updatable="false" sap:sortable="false" sap:filterable="false"/>
                <Property Name="Quantity" Type="Edm.Decimal" Nullable="false" Precision="15" Scale="3" sap:unit="Meinh" sap:label="Total Quantity" sap:creatable="false" sap:updatable="false" sap:sortable="false" sap:filterable="false"/>
                <Property Name="PsPosid" Type="Edm.String" Nullable="false" MaxLength="24" sap:label="WBS Element" sap:creatable="false" sap:updatable="false" sap:sortable="false" sap:filterable="false"/>
                <Property Name="Pspid" Type="Edm.String" Nullable="false" MaxLength="24" sap:label="Project Def." sap:creatable="false" sap:updatable="false" sap:sortable="false" sap:filterable="false"/>
                <Property Name="PhaseStatustext" Type="Edm.String" Nullable="false" MaxLength="40" sap:label="Matter Phase Status" sap:creatable="false" sap:updatable="false" sap:sortable="false" sap:filterable="false"/>
                <Property Name="PhaseStatus" Type="Edm.String" Nullable="false" MaxLength="5" sap:label="Status" sap:creatable="false" sap:updatable="false" sap:sortable="false" sap:filterable="false"/>
                <Property Name="Pernr" Type="Edm.String" Nullable="false" MaxLength="8" sap:label="TimeKeeper" sap:creatable="false" sap:updatable="false" sap:sortable="false" sap:filterable="false"/>
                <Property Name="Percent" Type="Edm.Decimal" Nullable="false" Precision="9" Scale="3" sap:label="Percnt. share" sap:creatable="false" sap:updatable="false" sap:sortable="false" sap:filterable="false"/>
                <Property Name="NarrativeString" Type="Edm.String" Nullable="false" sap:label="String - Case Sensitive" sap:creatable="false" sap:updatable="false" sap:sortable="false" sap:filterable="false"/>
                <Property Name="Meinh" Type="Edm.String" Nullable="false" MaxLength="3" sap:label="Unit of Measure" sap:creatable="false" sap:updatable="false" sap:sortable="false" sap:filterable="false" sap:semantics="unit-of-measure"/>
                <Property Name="Megbtr" Type="Edm.Decimal" Nullable="false" Precision="15" Scale="3" sap:unit="Meinh" sap:label="Total Quantity" sap:creatable="false" sap:updatable="false" sap:sortable="false" sap:filterable="false"/>
                <Property Name="Matnr" Type="Edm.String" Nullable="false" MaxLength="18" sap:label="Material" sap:creatable="false" sap:updatable="false" sap:sortable="false" sap:filterable="false"/>
                <Property Name="LstarText" Type="Edm.String" Nullable="false" sap:label="String - Case Sensitive" sap:creatable="false" sap:updatable="false" sap:sortable="false" sap:filterable="false"/>
                <Property Name="Lstar" Type="Edm.String" Nullable="false" MaxLength="6" sap:label="Activity Type" sap:creatable="false" sap:updatable="false" sap:sortable="false" sap:filterable="false"/>
                <Property Name="IsTskcdValid" Type="Edm.String" Nullable="false" sap:label="String - Case Sensitive" sap:creatable="false" sap:updatable="false" sap:sortable="false" sap:filterable="false"/>
                <Property Name="IsPhaseValid" Type="Edm.String" Nullable="false" sap:label="String - Case Sensitive" sap:creatable="false" sap:updatable="false" sap:sortable="false" sap:filterable="false"/>
                <Property Name="IsFftskcdValid" Type="Edm.String" Nullable="false" sap:label="String - Case Sensitive" sap:creatable="false" sap:updatable="false" sap:sortable="false" sap:filterable="false"/>
                <Property Name="IsFfactcdValid" Type="Edm.String" Nullable="false" sap:label="String - Case Sensitive" sap:creatable="false" sap:updatable="false" sap:sortable="false" sap:filterable="false"/>
                <Property Name="IsActcdValid" Type="Edm.String" Nullable="false" sap:label="String - Case Sensitive" sap:creatable="false" sap:updatable="false" sap:sortable="false" sap:filterable="false"/>
                <Property Name="Cpudt" Type="Edm.DateTime" Precision="7" sap:label="Entered on" sap:creatable="false" sap:updatable="false" sap:sortable="false" sap:filterable="false"/>
                <Property Name="Buzei" Type="Edm.String" Nullable="false" MaxLength="3" sap:label="Line item" sap:creatable="false" sap:updatable="false" sap:sortable="false" sap:filterable="false"/>
                <Property Name="Bukrs" Type="Edm.String" Nullable="false" MaxLength="4" sap:label="Company Code" sap:creatable="false" sap:updatable="false" sap:sortable="false" sap:filterable="false"/>
                <Property Name="Budat" Type="Edm.DateTime" Nullable="false" Precision="7" sap:label="Posting Date" sap:creatable="false" sap:updatable="false" sap:sortable="false" sap:filterable="false"/>
                <Property Name="Bldat" Type="Edm.DateTime" Precision="7" sap:label="Document Date" sap:creatable="false" sap:updatable="false" sap:sortable="false" sap:filterable="false"/>
                <Property Name="Blart" Type="Edm.String" Nullable="false" MaxLength="2" sap:label="Document type" sap:creatable="false" sap:updatable="false" sap:sortable="false" sap:filterable="false"/>
                <Property Name="Belnr" Type="Edm.String" Nullable="false" MaxLength="10" sap:label="Document Number" sap:creatable="false" sap:updatable="false" sap:sortable="false" sap:filterable="false"/>
                <Property Name="Awtyp" Type="Edm.String" Nullable="false" MaxLength="5" sap:label="Ref. Transactn" sap:creatable="false" sap:updatable="false" sap:sortable="false" sap:filterable="false"/>
                <Property Name="AmountMatter" Type="Edm.Decimal" Nullable="false" Precision="16" Scale="3" sap:unit="WaersMatter" sap:label="Value TranCurr" sap:creatable="false" sap:updatable="false" sap:sortable="false" sap:filterable="false"/>
                <Property Name="AmountLocl" Type="Edm.Decimal" Nullable="false" Precision="16" Scale="3" sap:unit="WaersLocl" sap:label="Value/Obj. Crcy" sap:creatable="false" sap:updatable="false" sap:sortable="false" sap:filterable="false"/>
                <Property Name="AmountGlb" Type="Edm.Decimal" Nullable="false" Precision="16" Scale="3" sap:unit="WaersGlb" sap:label="FixValue COCurr" sap:creatable="false" sap:updatable="false" sap:sortable="false" sap:filterable="false"/>
            </EntityType>
            <EntityType Name="TransferReturn" sap:content-version="1">
                <Key>
                    <PropertyRef Name="Belnr"/>
                    <PropertyRef Name="Buzei"/>
                </Key>
                <Property Name="Belnr" Type="Edm.String" Nullable="false" MaxLength="10" sap:label="Document Number" sap:creatable="false" sap:updatable="false" sap:sortable="false" sap:filterable="false"/>
                <Property Name="Message" Type="Edm.String" Nullable="false" sap:label="String - Case Sensitive" sap:creatable="false" sap:updatable="false" sap:sortable="false" sap:filterable="false"/>
                <Property Name="Buzei" Type="Edm.String" Nullable="false" MaxLength="3" sap:label="Posting row" sap:creatable="false" sap:updatable="false" sap:sortable="false" sap:filterable="false"/>
            </EntityType>
            <EntityType Name="MsplitLog" sap:content-version="1">
                <Key>
                    <PropertyRef Name="Counter"/>
                    <PropertyRef Name="Belnr"/>
                    <PropertyRef Name="Phase"/>
                    <PropertyRef Name="Buzei"/>
                </Key>
                <Property Name="Counter" Type="Edm.String" Nullable="false" sap:label="String - Case Sensitive" sap:creatable="false" sap:updatable="false" sap:sortable="false" sap:filterable="false"/>
                <Property Name="Belnr" Type="Edm.String" Nullable="false" MaxLength="10" sap:label="Document Number" sap:creatable="false" sap:updatable="false" sap:sortable="false" sap:filterable="false"/>
                <Property Name="Phase" Type="Edm.String" Nullable="false" MaxLength="24" sap:label="WBS Element" sap:creatable="false" sap:updatable="false" sap:sortable="false" sap:filterable="false"/>
                <Property Name="Buzei" Type="Edm.String" Nullable="false" MaxLength="3" sap:label="Posting row" sap:creatable="false" sap:updatable="false" sap:sortable="false" sap:filterable="false"/>
                <Property Name="Message" Type="Edm.String" Nullable="false" sap:label="String - Case Sensitive" sap:creatable="false" sap:updatable="false" sap:sortable="false" sap:filterable="false"/>
            </EntityType>
            <EntityType Name="ReplaceWords" sap:content-version="1">
                <Key>
                    <PropertyRef Name="Pspid"/>
                    <PropertyRef Name="Kunnr"/>
                    <PropertyRef Name="Counter"/>
                </Key>
                <Property Name="Pspid" Type="Edm.String" Nullable="false" MaxLength="24" sap:label="Project Def." sap:creatable="false" sap:updatable="false" sap:sortable="false"/>
                <Property Name="Kunnr" Type="Edm.String" Nullable="false" MaxLength="10" sap:label="Client" sap:creatable="false" sap:updatable="false" sap:sortable="false"/>
                <Property Name="Counter" Type="Edm.String" Nullable="false" MaxLength="3" sap:label="Counter" sap:creatable="false" sap:updatable="false" sap:sortable="false" sap:filterable="false"/>
                <Property Name="ChangeFrom" Type="Edm.String" Nullable="false" MaxLength="100" sap:label="variable Data" sap:creatable="false" sap:updatable="false" sap:sortable="false" sap:filterable="false"/>
                <Property Name="ChangeTo" Type="Edm.String" Nullable="false" MaxLength="100" sap:label="variable Data" sap:creatable="false" sap:updatable="false" sap:sortable="false" sap:filterable="false"/>
            </EntityType>
            <Association Name="MatterToWip" sap:content-version="1">
                <End Type="ZPRS_WIP_EDITOR_SRV.WipMatters" Multiplicity="1" Role="FromRole_MatterToWip"/>
                <End Type="ZPRS_WIP_EDITOR_SRV.WipDetails" Multiplicity="*" Role="ToRole_MatterToWip"/>
                <ReferentialConstraint>
                    <Principal Role="FromRole_MatterToWip">
                        <PropertyRef Name="Pspid"/>
                    </Principal>
                    <Dependent Role="ToRole_MatterToWip">
                        <PropertyRef Name="Pspid"/>
                    </Dependent>
                </ReferentialConstraint>
            </Association>
            <EntityContainer Name="ZPRS_WIP_EDITOR_SRV_Entities" m:IsDefaultEntityContainer="true" sap:supported-formats="atom json xlsx">
                <EntitySet Name="WipMattersSet" EntityType="ZPRS_WIP_EDITOR_SRV.WipMatters" sap:creatable="false" sap:updatable="false" sap:deletable="false" sap:pageable="false" sap:content-version="1"/>
                <EntitySet Name="WipDetailsSet" EntityType="ZPRS_WIP_EDITOR_SRV.WipDetails" sap:creatable="false" sap:updatable="false" sap:deletable="false" sap:pageable="false" sap:content-version="1"/>
                <EntitySet Name="TransferReturnSet" EntityType="ZPRS_WIP_EDITOR_SRV.TransferReturn" sap:creatable="false" sap:updatable="false" sap:deletable="false" sap:pageable="false" sap:content-version="1"/>
                <EntitySet Name="MsplitLogSet" EntityType="ZPRS_WIP_EDITOR_SRV.MsplitLog" sap:creatable="false" sap:updatable="false" sap:deletable="false" sap:pageable="false" sap:content-version="1"/>
                <EntitySet Name="ReplaceWordsSet" EntityType="ZPRS_WIP_EDITOR_SRV.ReplaceWords" sap:creatable="false" sap:updatable="false" sap:deletable="false" sap:pageable="false" sap:content-version="1"/>
                <AssociationSet Name="MatterToWipSet" Association="ZPRS_WIP_EDITOR_SRV.MatterToWip" sap:creatable="false" sap:updatable="false" sap:deletable="false" sap:content-version="1">
                    <End EntitySet="WipMattersSet" Role="FromRole_MatterToWip"/>
                    <End EntitySet="WipDetailsSet" Role="ToRole_MatterToWip"/>
                </AssociationSet>
                <FunctionImport Name="WIPTRANSFER" ReturnType="Collection(ZPRS_WIP_EDITOR_SRV.TransferReturn)" EntitySet="TransferReturnSet" m:HttpMethod="GET">
                    <Parameter Name="ToPhaseCode" Type="Edm.String" Mode="In"/>
                    <Parameter Name="Action" Type="Edm.String" Mode="In"/>
                    <Parameter Name="Buzei" Type="Edm.String" Mode="In"/>
                    <Parameter Name="CoNumber" Type="Edm.String" Mode="In"/>
                    <Parameter Name="Hours" Type="Edm.String" Mode="In"/>
                    <Parameter Name="Percentage" Type="Edm.String" Mode="In"/>
                    <Parameter Name="ToActivityCode" Type="Edm.String" Mode="In"/>
                    <Parameter Name="ToFfActivityCode" Type="Edm.String" Mode="In"/>
                    <Parameter Name="ToFfTaskCode" Type="Edm.String" Mode="In"/>
                    <Parameter Name="ToMatter" Type="Edm.String" Mode="In"/>
                    <Parameter Name="ToTaskCode" Type="Edm.String" Mode="In"/>
                </FunctionImport>
                <FunctionImport Name="WIPMSPLIT" ReturnType="Collection(ZPRS_WIP_EDITOR_SRV.MsplitLog)" EntitySet="MsplitLogSet" m:HttpMethod="GET">
                    <Parameter Name="Counter" Type="Edm.String" Mode="In"/>
                    <Parameter Name="ToPhaseCode" Type="Edm.String" Mode="In"/>
                    <Parameter Name="Action" Type="Edm.String" Mode="In"/>
                    <Parameter Name="CoNumber" Type="Edm.String" Mode="In"/>
                    <Parameter Name="Hours" Type="Edm.String" Mode="In"/>
                    <Parameter Name="Percentage" Type="Edm.String" Mode="In"/>
                    <Parameter Name="ToActivityCode" Type="Edm.String" Mode="In"/>
                    <Parameter Name="ToFfActivityCode" Type="Edm.String" Mode="In"/>
                    <Parameter Name="ToFfTaskCode" Type="Edm.String" Mode="In"/>
                    <Parameter Name="ToMatter" Type="Edm.String" Mode="In"/>
                    <Parameter Name="ToTaskCode" Type="Edm.String" Mode="In"/>
                </FunctionImport>
                <FunctionImport Name="WIPREVIEW" ReturnType="Collection(ZPRS_WIP_EDITOR_SRV.TransferReturn)" EntitySet="TransferReturnSet" m:HttpMethod="GET">
                    <Parameter Name="CoNumber" Type="Edm.String" Mode="In"/>
                    <Parameter Name="ReviewStatus" Type="Edm.String" Mode="In"/>
                    <Parameter Name="Buzei" Type="Edm.String" Mode="In"/>
                </FunctionImport>
            </EntityContainer>
            <atom:link
                xmlns:atom="http://www.w3.org/2005/Atom" rel="self" href="./sap/ZPRS_WIP_EDITOR_SRV/$metadata"/>
                <atom:link
                    xmlns:atom="http://www.w3.org/2005/Atom" rel="latest-version" href="./sap/ZPRS_WIP_EDITOR_SRV/$metadata"/>
                </Schema>
            </edmx:DataServices>
        </edmx:Edmx>