<?xml version="1.0" encoding="utf-8"?>
<edmx:Edmx Version="1.0" xmlns:edmx="http://schemas.microsoft.com/ado/2007/06/edmx"
	xmlns:m="http://schemas.microsoft.com/ado/2007/08/dataservices/metadata" xmlns:sap="http://www.sap.com/Protocols/SAPData">
	<edmx:DataServices m:DataServiceVersion="2.0">
		<Schema Namespace="ZLSZ_SRV" xml:lang="en" sap:schema-version="1" xmlns="http://schemas.microsoft.com/ado/2008/09/edm">
			<EntityType Name="Subscription" sap:semantics="subscriptions" sap:content-version="1">
				<Key><PropertyRef Name="ID"/></Key><Property Name="ID" Type="Edm.String" Nullable="false" MaxLength="32" sap:label="Sub. ID" sap:creatable="false" sap:updatable="false"
					sap:filterable="false"/><Property Name="user" Type="Edm.String" MaxLength="12" m:FC_TargetPath="SyndicationAuthorName" m:FC_KeepInContent="false"
					sap:label="User Name" sap:creatable="false" sap:filterable="false"/><Property Name="updated" Type="Edm.DateTime" Precision="0" m:FC_TargetPath="SyndicationUpdated" m:FC_KeepInContent="false"
					sap:label="Time Stamp" sap:creatable="false" sap:filterable="false"/><Property Name="title" Type="Edm.String" MaxLength="255" m:FC_TargetPath="SyndicationTitle" m:FC_KeepInContent="false" sap:label="Title"
					sap:filterable="false"/><Property Name="deliveryAddress" Type="Edm.String" sap:label="Delivery Address" sap:filterable="false"/><Property Name="persistNotifications" Type="Edm.Boolean" sap:label="Persist Notification" sap:filterable="false"/><Property Name="collection" Type="Edm.String" MaxLength="40" sap:label="Collection" sap:filterable="false"/><Property Name="filter" Type="Edm.String" sap:label="Filter" sap:filterable="false"/><Property Name="select" Type="Edm.String" MaxLength="255" sap:label="Select" sap:filterable="false"/><Property Name="changeType" Type="Edm.String" MaxLength="30" sap:label="Change Type"/></EntityType>
			<EntityType Name="Notification" sap:semantics="notifications" sap:content-version="1">
				<Key><PropertyRef Name="ID"/></Key><Property Name="ID" Type="Edm.String" Nullable="false" MaxLength="32" sap:label="Notification ID"/><Property Name="collection" Type="Edm.String" MaxLength="40" sap:label="Collection"/><Property Name="title" Type="Edm.String" m:FC_TargetPath="SyndicationTitle" m:FC_KeepInContent="false" sap:label="Notif. Text"/><Property Name="updated" Type="Edm.DateTime" Precision="0" m:FC_TargetPath="SyndicationUpdated" m:FC_KeepInContent="false"
					sap:label="Time Stamp"/><Property Name="changeType" Type="Edm.String" MaxLength="30" sap:label="Change Type"/><Property Name="entriesOfInterest" Type="Edm.Int32" sap:label="No. of Entries"/><Property Name="recipient" Type="Edm.String" MaxLength="112" sap:label="Recipient" sap:creatable="false" sap:updatable="false"/></EntityType>
			<EntityType Name="articles" sap:content-version="1">
				<Key><PropertyRef Name="BookingsId"/><PropertyRef Name="ArticlesId"/></Key><Property Name="Vouchernumber" Type="Edm.String" MaxLength="50" sap:unicode="false" sap:label="Voucher number" sap:updatable="false"
					sap:sortable="false" sap:filterable="false"/><Property Name="Twofopindicator" Type="Edm.String" MaxLength="20" sap:unicode="false" sap:label="Ind. 2FOP" sap:updatable="false"
					sap:sortable="false" sap:filterable="false"/><Property Name="Transactiontype" Type="Edm.String" MaxLength="20" sap:unicode="false" sap:label="Transaction type" sap:updatable="false"
					sap:sortable="false" sap:filterable="false"/><Property Name="Transactioncontrolnumber" Type="Edm.String" MaxLength="20" sap:unicode="false" sap:label="Trans. control no"
					sap:updatable="false" sap:sortable="false" sap:filterable="false"/><Property Name="Totallocalamount" Type="Edm.Decimal" Precision="31" Scale="7" sap:unicode="false" sap:label="Total Loc. Amount"
					sap:updatable="false" sap:sortable="false" sap:filterable="false"/><Property Name="Totalamount" Type="Edm.Decimal" Precision="31" Scale="7" sap:unicode="false" sap:label="Total amount" sap:updatable="false"
					sap:sortable="false" sap:filterable="false"/><Property Name="Tickettypes" Type="Edm.String" MaxLength="20" sap:unicode="false" sap:label="Type of tickets" sap:updatable="false"
					sap:sortable="false" sap:filterable="false"/><Property Name="Ticketreference" Type="Edm.String" MaxLength="50" sap:unicode="false" sap:label="Tick.No/Conf.No" sap:updatable="false"
					sap:sortable="false" sap:filterable="false"/><Property Name="Ticketingcode" Type="Edm.String" MaxLength="10" sap:unicode="false" sap:label="Ticketing code" sap:updatable="false"
					sap:sortable="false" sap:filterable="false"/><Property Name="Ticketingagentcode" Type="Edm.String" MaxLength="20" sap:unicode="false" sap:label="Agent code" sap:updatable="false"
					sap:sortable="false" sap:filterable="false"/><Property Name="Ticketedairline" Type="Edm.String" MaxLength="50" sap:unicode="false" sap:label="Air ticket issued on" sap:updatable="false"
					sap:sortable="false" sap:filterable="false"/><Property Name="Supplierphonenumber" Type="Edm.String" MaxLength="20" sap:unicode="false" sap:label="Suppl. Phone No" sap:updatable="false"
					sap:sortable="false" sap:filterable="false"/><Property Name="Supplierfaxnumber" Type="Edm.String" MaxLength="20" sap:unicode="false" sap:label="Suppl. Fax No" sap:updatable="false"
					sap:sortable="false" sap:filterable="false"/><Property Name="Supplier" Type="Edm.String" MaxLength="50" sap:unicode="false" sap:label="Supplier No" sap:updatable="false"
					sap:sortable="false" sap:filterable="false"/><Property Name="Standardfare" Type="Edm.Decimal" Precision="31" Scale="7" sap:unicode="false" sap:label="Standard Fare"
					sap:updatable="false" sap:sortable="false" sap:filterable="false"/><Property Name="Salespriceamount" Type="Edm.Decimal" Precision="31" Scale="7" sap:unicode="false" sap:label="Sales Pri. amount"
					sap:updatable="false" sap:sortable="false" sap:filterable="false"/><Property Name="Reversed" Type="Edm.String" MaxLength="1" sap:unicode="false" sap:label="Reversed" sap:updatable="false"
					sap:sortable="false" sap:filterable="false"/><Property Name="Refundauthorization" Type="Edm.String" MaxLength="20" sap:unicode="false" sap:label="Auth. for refund" sap:updatable="false"
					sap:sortable="false" sap:filterable="false"/><Property Name="Reasonforissuancecodes" Type="Edm.String" MaxLength="20" sap:unicode="false" sap:label="EMD reason" sap:updatable="false"
					sap:sortable="false" sap:filterable="false"/><Property Name="Reasoncodes" Type="Edm.String" MaxLength="20" sap:unicode="false" sap:label="Reason code" sap:updatable="false"
					sap:sortable="false" sap:filterable="false"/><Property Name="Ratetypes" Type="Edm.String" MaxLength="20" sap:unicode="false" sap:label="Type of rate" sap:updatable="false"
					sap:sortable="false" sap:filterable="false"/><Property Name="Quantityofproduct" Type="Edm.String" MaxLength="20" sap:unicode="false" sap:label="Quantity product" sap:updatable="false"
					sap:sortable="false" sap:filterable="false"/><Property Name="Productremarks" Type="Edm.String" MaxLength="100" sap:unicode="false" sap:label="Product remarks" sap:updatable="false"
					sap:sortable="false" sap:filterable="false"/><Property Name="Productid" Type="Edm.String" MaxLength="20" sap:unicode="false" sap:label="Product ID" sap:updatable="false"
					sap:sortable="false" sap:filterable="false"/><Property Name="Passengertype" Type="Edm.String" MaxLength="20" sap:unicode="false" sap:label="Title passenger" sap:updatable="false"
					sap:sortable="false" sap:filterable="false"/><Property Name="Passengername" Type="Edm.String" MaxLength="50" sap:unicode="false" sap:label="Name passenger" sap:updatable="false"
					sap:sortable="false" sap:filterable="false"/><Property Name="Orderedby" Type="Edm.String" MaxLength="50" sap:unicode="false" sap:label="Ordered by" sap:updatable="false"
					sap:sortable="false" sap:filterable="false"/><Property Name="Obfeeindicator" Type="Edm.String" MaxLength="20" sap:unicode="false" sap:label="Ind. OB fee" sap:updatable="false"
					sap:sortable="false" sap:filterable="false"/><Property Name="Numberofpeople" Type="Edm.String" MaxLength="20" sap:unicode="false" sap:label="No. of people" sap:updatable="false"
					sap:sortable="false" sap:filterable="false"/><Property Name="Maindeparture" Type="Edm.String" MaxLength="50" sap:unicode="false" sap:label="Main dep. f. art." sap:updatable="false"
					sap:sortable="false" sap:filterable="false"/><Property Name="Mainbookingclass" Type="Edm.String" MaxLength="20" sap:unicode="false" sap:label="Main Class" sap:updatable="false"
					sap:sortable="false" sap:filterable="false"/><Property Name="Mainarrival" Type="Edm.String" MaxLength="50" sap:unicode="false" sap:label="Main arr. f. art." sap:updatable="false"
					sap:sortable="false" sap:filterable="false"/><Property Name="Lowestofferedfare" Type="Edm.Decimal" Precision="31" Scale="7" sap:unicode="false" sap:label="Low. offerd Fare"
					sap:updatable="false" sap:sortable="false" sap:filterable="false"/><Property Name="Itnumber" Type="Edm.String" MaxLength="20" sap:unicode="false" sap:label="Incl. tour no." sap:updatable="false"
					sap:sortable="false" sap:filterable="false"/><Property Name="IssueDate" Type="Edm.DateTime" Precision="7" sap:unicode="false" sap:label="Issue Date" sap:updatable="false"
					sap:sortable="false" sap:filterable="false"/><Property Name="Ifarerechargeaccount" Type="Edm.String" MaxLength="20" sap:unicode="false" sap:label="Account Ifare" sap:updatable="false"
					sap:sortable="false" sap:filterable="false"/><Property Name="Ifarepcc" Type="Edm.String" MaxLength="20" sap:unicode="false" sap:label="Ifare PCC" sap:updatable="false"
					sap:sortable="false" sap:filterable="false"/><Property Name="Ifaremarkup" Type="Edm.Decimal" Precision="31" Scale="7" sap:unicode="false" sap:label="Fare mark up" sap:updatable="false"
					sap:sortable="false" sap:filterable="false"/><Property Name="Hotelpropertycode" Type="Edm.String" MaxLength="20" sap:unicode="false" sap:label="Prop. code hotel" sap:updatable="false"
					sap:sortable="false" sap:filterable="false"/><Property Name="Hotelname" Type="Edm.String" MaxLength="50" sap:unicode="false" sap:label="Hotel name" sap:updatable="false"
					sap:sortable="false" sap:filterable="false"/><Property Name="Hotelchaincode" Type="Edm.String" MaxLength="20" sap:unicode="false" sap:label="Chain code hotel" sap:updatable="false"
					sap:sortable="false" sap:filterable="false"/><Property Name="Gdsbooking" Type="Edm.String" MaxLength="4" sap:unicode="false" sap:label="GDS Booking" sap:updatable="false"
					sap:sortable="false" sap:filterable="false"/><Property Name="Formofpayment" Type="Edm.String" MaxLength="30" sap:unicode="false" sap:label="Form Pay.Ident." sap:updatable="false"
					sap:sortable="false" sap:filterable="false"/><Property Name="Foreigntariffindicator" Type="Edm.String" MaxLength="20" sap:unicode="false" sap:label="Ind. for. tariff"
					sap:updatable="false" sap:sortable="false" sap:filterable="false"/><Property Name="Farepaidamount" Type="Edm.Decimal" Precision="31" Scale="7" sap:unicode="false" sap:label="Amount F.P."
					sap:updatable="false" sap:sortable="false" sap:filterable="false"/><Property Name="Fareconstruction" Type="Edm.String" MaxLength="400" sap:unicode="false" sap:label="Fare Construction" sap:updatable="false"
					sap:sortable="false" sap:filterable="false"/><Property Name="Exchangeticketreference" Type="Edm.String" MaxLength="20" sap:unicode="false" sap:label="Ex. ticket ref."
					sap:updatable="false" sap:sortable="false" sap:filterable="false"/><Property Name="Exchangeticketedairline" Type="Edm.String" MaxLength="50" sap:unicode="false" sap:label="Ex. ticketed air"
					sap:updatable="false" sap:sortable="false" sap:filterable="false"/><Property Name="Exchangeindicator" Type="Edm.String" MaxLength="20" sap:unicode="false" sap:label="Ex. ticket ident." sap:updatable="false"
					sap:sortable="false" sap:filterable="false"/><Property Name="Exchangeamount" Type="Edm.Decimal" Precision="31" Scale="7" sap:unicode="false" sap:label="Ex. ticket amount"
					sap:updatable="false" sap:sortable="false" sap:filterable="false"/><Property Name="ErrorCode" Type="Edm.String" MaxLength="2" sap:unicode="false" sap:label="BS Error Code" sap:updatable="false"
					sap:sortable="false" sap:filterable="false"/><Property Name="Emdtypeindicator" Type="Edm.String" MaxLength="20" sap:unicode="false" sap:label="EMD Type Ident." sap:updatable="false"
					sap:sortable="false" sap:filterable="false"/><Property Name="Einvoiceemailaddress" Type="Edm.String" MaxLength="50" sap:unicode="false" sap:label="E-Mail e-Invoice"
					sap:updatable="false" sap:sortable="false" sap:filterable="false"/><Property Name="DtelGefInvnr" Type="Edm.String" Nullable="false" MaxLength="16" sap:unicode="false" sap:label="Suppl. Inv. No."
					sap:creatable="false" sap:updatable="false" sap:sortable="false" sap:filterable="false"/><Property Name="DrivingRecord" Type="Edm.String" MaxLength="64" sap:unicode="false" sap:label="Driving record" sap:updatable="false"
					sap:sortable="false" sap:filterable="false"/><Property Name="DpDocid" Type="Edm.String" Nullable="false" MaxLength="12" sap:unicode="false" sap:label="Document Id" sap:creatable="false"
					sap:updatable="false" sap:sortable="false" sap:filterable="false"/><Property Name="Domintindicator" Type="Edm.String" MaxLength="20" sap:unicode="false" sap:label="Dom./Int. Ident." sap:updatable="false"
					sap:sortable="false" sap:filterable="false"/><Property Name="Currency" Type="Edm.String" MaxLength="5" sap:unicode="false" sap:label="Currency" sap:updatable="false"
					sap:sortable="false" sap:filterable="false" sap:semantics="currency-code"/><Property Name="CrTime" Type="Edm.Time" Precision="0" sap:unicode="false" sap:label="Time" sap:updatable="false" sap:sortable="false"
					sap:filterable="false"/><Property Name="CrName" Type="Edm.String" MaxLength="12" sap:unicode="false" sap:label="Created By" sap:updatable="false"
					sap:sortable="false" sap:filterable="false"/><Property Name="Creditcardtypemerchant" Type="Edm.String" MaxLength="20" sap:unicode="false" sap:label="Credit card type M."
					sap:updatable="false" sap:sortable="false" sap:filterable="false"/><Property Name="Creditcardtype" Type="Edm.String" MaxLength="20" sap:unicode="false" sap:label="Credit card type" sap:updatable="false"
					sap:sortable="false" sap:filterable="false"/><Property Name="Creditcardnumbermerchant" Type="Edm.String" MaxLength="20" sap:unicode="false" sap:label="Credit card no M."
					sap:updatable="false" sap:sortable="false" sap:filterable="false"/><Property Name="Creditcardnumber" Type="Edm.String" MaxLength="20" sap:unicode="false" sap:label="Credit card no" sap:updatable="false"
					sap:sortable="false" sap:filterable="false"/><Property Name="Creditcardexpirymerchant" Type="Edm.String" MaxLength="20" sap:unicode="false" sap:label="Expiry date CC M."
					sap:updatable="false" sap:sortable="false" sap:filterable="false"/><Property Name="Creditcardexpiry" Type="Edm.String" MaxLength="20" sap:unicode="false" sap:label="Expiry date CC" sap:updatable="false"
					sap:sortable="false" sap:filterable="false"/><Property Name="Creditcardauthorisationmerchan" Type="Edm.String" MaxLength="20" sap:unicode="false" sap:label="CC Auth.No M."
					sap:updatable="false" sap:sortable="false" sap:filterable="false"/><Property Name="Creditcardauthorisation" Type="Edm.String" MaxLength="20" sap:unicode="false" sap:label="CC Auth.No" sap:updatable="false"
					sap:sortable="false" sap:filterable="false"/><Property Name="Creditcardamount" Type="Edm.Decimal" Precision="31" Scale="7" sap:unicode="false" sap:label="CC Amount"
					sap:updatable="false" sap:sortable="false" sap:filterable="false"/><Property Name="Conjunction" Type="Edm.String" MaxLength="20" sap:unicode="false" sap:label="No. of tickets" sap:updatable="false"
					sap:sortable="false" sap:filterable="false"/><Property Name="Commissionpercentage" Type="Edm.Decimal" Precision="7" Scale="3" sap:unicode="false" sap:label="Com. Perc."
					sap:updatable="false" sap:sortable="false" sap:filterable="false"/><Property Name="Commisionamount" Type="Edm.Decimal" Precision="31" Scale="7" sap:unicode="false" sap:label="Commision Amount"
					sap:updatable="false" sap:sortable="false" sap:filterable="false"/><Property Name="CitTriggered" Type="Edm.String" MaxLength="1" sap:unicode="false" sap:label="CIT triggered" sap:updatable="false"
					sap:sortable="false" sap:filterable="false"/><Property Name="Citid" Type="Edm.String" MaxLength="32" sap:unicode="false" sap:label="Cons. Item ID" sap:updatable="false"
					sap:sortable="false" sap:filterable="false"/><Property Name="ChTime" Type="Edm.Time" Precision="0" sap:unicode="false" sap:label="Time of change" sap:updatable="false"
					sap:sortable="false" sap:filterable="false"/><Property Name="ChName" Type="Edm.String" MaxLength="12" sap:unicode="false" sap:label="Changed by" sap:updatable="false"
					sap:sortable="false" sap:filterable="false"/><Property Name="Carhotelroomtype" Type="Edm.String" MaxLength="20" sap:unicode="false" sap:label="Type car/hotel" sap:updatable="false"
					sap:sortable="false" sap:filterable="false"/><Property Name="Bookingsourcecreationtime" Type="Edm.Time" Precision="0" sap:unicode="false" sap:label="Booking Time" sap:updatable="false"
					sap:sortable="false" sap:filterable="false"/><Property Name="Bookingsourcecreation" Type="Edm.DateTime" Precision="7" sap:unicode="false" sap:label="Booking Date" sap:updatable="false"
					sap:sortable="false" sap:filterable="false"/><Property Name="BookingsId" Type="Edm.String" Nullable="false" MaxLength="30" sap:unicode="false" sap:label="Bookings-ID"
					sap:updatable="false" sap:sortable="false" sap:filterable="false"/><Property Name="Bookingmethods" Type="Edm.String" MaxLength="20" sap:unicode="false" sap:label="Booking method" sap:updatable="false"
					sap:sortable="false" sap:filterable="false"/><Property Name="Bookingcode" Type="Edm.String" MaxLength="20" sap:unicode="false" sap:label="PCC" sap:updatable="false" sap:sortable="false"
					sap:filterable="false"/><Property Name="Bookingagentcode" Type="Edm.String" MaxLength="20" sap:unicode="false" sap:label="Agent code" sap:updatable="false"
					sap:sortable="false" sap:filterable="false"/><Property Name="BillbackNotReleased" Type="Edm.String" MaxLength="1" sap:unicode="false" sap:label="Billback Not Released"
					sap:updatable="false" sap:sortable="false" sap:filterable="false"/><Property Name="Billbackindicator" Type="Edm.String" MaxLength="2" sap:unicode="false" sap:label="Article billback" sap:updatable="false"
					sap:sortable="false" sap:filterable="false"/><Property Name="Baseamountlocal" Type="Edm.Decimal" Precision="31" Scale="7" sap:unicode="false" sap:label="Base amount local"
					sap:updatable="false" sap:sortable="false" sap:filterable="false"/><Property Name="Baseamount" Type="Edm.Decimal" Precision="31" Scale="7" sap:unicode="false" sap:label="Base amount" sap:updatable="false"
					sap:sortable="false" sap:filterable="false"/><Property Name="ArticleType" Type="Edm.String" MaxLength="20" sap:unicode="false" sap:label="Article type" sap:updatable="false"
					sap:sortable="false" sap:filterable="false"/><Property Name="ArticlesId" Type="Edm.Int32" Nullable="false" sap:unicode="false" sap:label="Articles ID" sap:updatable="false"
					sap:sortable="false" sap:filterable="false"/><Property Name="ArticleCategory" Type="Edm.String" MaxLength="20" sap:unicode="false" sap:label="Article Category" sap:updatable="false"
					sap:sortable="false" sap:filterable="false"/><Property Name="Airlinepnrlocator" Type="Edm.String" MaxLength="20" sap:unicode="false" sap:label="PNR indicator" sap:updatable="false"
					sap:sortable="false" sap:filterable="false"/><Property Name="Agencylicencenumber" Type="Edm.String" MaxLength="20" sap:unicode="false" sap:label="Licence No" sap:updatable="false"
					sap:sortable="false" sap:filterable="false"/><Property Name="Account" Type="Edm.String" MaxLength="20" sap:unicode="false" sap:label="Acc. No." sap:updatable="false"
					sap:sortable="false" sap:filterable="false"/><NavigationProperty Name="atos" Relationship="ZLSZ_SRV.stoa" FromRole="FromRole_stoa" ToRole="ToRole_stoa"/><NavigationProperty Name="supplementSet" Relationship="ZLSZ_SRV.article_to_supplements" FromRole="FromRole_article_to_supplements"
					ToRole="ToRole_article_to_supplements"/><NavigationProperty Name="referenceSet" Relationship="ZLSZ_SRV.articles_to_reference" FromRole="FromRole_articles_to_reference"
					ToRole="ToRole_articles_to_reference"/><NavigationProperty Name="segmentSet" Relationship="ZLSZ_SRV.article_to_segments" FromRole="FromRole_article_to_segments"
					ToRole="ToRole_article_to_segments"/><NavigationProperty Name="booking" Relationship="ZLSZ_SRV.booking_to_articles" FromRole="ToRole_booking_to_articles"
					ToRole="FromRole_booking_to_articles"/></EntityType>
			<EntityType Name="booking" sap:content-version="1">
				<Key><PropertyRef Name="BookingsId"/></Key><Property Name="BookingsId" Type="Edm.String" Nullable="false" MaxLength="30" sap:unicode="false" sap:label="Bookings-ID"
					sap:updatable="false" sap:sortable="false"/><Property Name="ApplicationsId" Type="Edm.String" Nullable="false" MaxLength="20" sap:unicode="false" sap:label="Source of booking"
					sap:updatable="false" sap:sortable="false"/><Property Name="BookingCreationdate" Type="Edm.DateTime" Precision="7" sap:unicode="false" sap:label="Date Book. created"
					sap:updatable="false" sap:sortable="false"/><Property Name="BookingCreationtime" Type="Edm.Time" Nullable="false" Precision="0" sap:unicode="false" sap:label="Time Book. created"
					sap:updatable="false" sap:sortable="false"/><Property Name="Bookingdestination" Type="Edm.String" Nullable="false" MaxLength="50" sap:unicode="false" sap:label="Overall dest."
					sap:updatable="false" sap:sortable="false" sap:filterable="false"/><Property Name="Bookingreference" Type="Edm.String" Nullable="false" MaxLength="20" sap:unicode="false" sap:label="Ex. book ref."
					sap:updatable="false" sap:sortable="false" sap:filterable="false"/><Property Name="Filename" Type="Edm.String" Nullable="false" MaxLength="150" sap:unicode="false" sap:label="Filename" sap:updatable="false"
					sap:sortable="false" sap:filterable="false"/><Property Name="Filecreationtime" Type="Edm.Time" Nullable="false" Precision="0" sap:unicode="false" sap:label="Time file created"
					sap:updatable="false" sap:sortable="false" sap:filterable="false"/><Property Name="ChName" Type="Edm.String" Nullable="false" MaxLength="12" sap:unicode="false" sap:label="Changed by" sap:updatable="false"
					sap:sortable="false" sap:filterable="false"/><Property Name="ChTime" Type="Edm.Time" Nullable="false" Precision="0" sap:unicode="false" sap:label="Time of change" sap:updatable="false"
					sap:sortable="false" sap:filterable="false"/><Property Name="Reversed" Type="Edm.String" Nullable="false" MaxLength="1" sap:unicode="false" sap:label="Reversed" sap:updatable="false"
					sap:sortable="false" sap:filterable="false"/>
					<Property Name="ErrorCode" Type="Edm.String" Nullable="false" MaxLength="2" sap:unicode="false" sap:label="BS Error Code"
					sap:updatable="false" sap:sortable="false" sap:filterable="false"/>
					<Property Name="HasError" Type="Edm.String" Nullable="false" MaxLength="1" sap:unicode="false" sap:label="BS Error Code"
					sap:updatable="false" sap:sortable="false" sap:filterable="false"/>
					<NavigationProperty Name="bookingstoarticlesupdated" Relationship="ZLSZ_SRV.btoa" FromRole="FromRole_btoa" ToRole="ToRole_btoa"/><NavigationProperty Name="articlesSet" Relationship="ZLSZ_SRV.booking_to_articles" FromRole="FromRole_booking_to_articles"
					ToRole="ToRole_booking_to_articles"/></EntityType>
			<EntityType Name="segment" sap:content-version="1">
				<Key><PropertyRef Name="BookingsId"/><PropertyRef Name="ArticlesId"/><PropertyRef Name="SegmentId"/></Key><Property Name="BookingsId" Type="Edm.String" Nullable="false" MaxLength="30" sap:unicode="false" sap:label="Bookings-ID"
					sap:creatable="false" sap:updatable="false" sap:sortable="false"/><Property Name="ArticlesId" Type="Edm.Int32" Nullable="false" sap:unicode="false" sap:label="Articles ID" sap:creatable="false"
					sap:updatable="false" sap:sortable="false"/><Property Name="ArticleType" Type="Edm.String" Nullable="false" MaxLength="20" sap:unicode="false" sap:label="Article type"
					sap:creatable="false" sap:updatable="false" sap:sortable="false"/><Property Name="SegmentId" Type="Edm.Int32" Nullable="false" sap:unicode="false" sap:label="Segment ID" sap:creatable="false"
					sap:updatable="false" sap:sortable="false"/><Property Name="Arrivalterminal" Type="Edm.String" Nullable="false" MaxLength="50" sap:unicode="false" sap:label="Arr. Terminal"
					sap:creatable="false" sap:updatable="false" sap:sortable="false" sap:filterable="false"/><Property Name="Codeshareoperator" Type="Edm.String" Nullable="false" MaxLength="50" sap:unicode="false" sap:label="Op. code share"
					sap:creatable="false" sap:updatable="false" sap:sortable="false" sap:filterable="false"/><Property Name="Departureterminal" Type="Edm.String" Nullable="false" MaxLength="20" sap:unicode="false" sap:label="Dep. Term."
					sap:creatable="false" sap:updatable="false" sap:sortable="false" sap:filterable="false"/><Property Name="Electronicticketindicator" Type="Edm.String" Nullable="false" MaxLength="20" sap:unicode="false"
					sap:label="Ind. elec. ticket" sap:creatable="false" sap:updatable="false" sap:sortable="false" sap:filterable="false"/><Property Name="Segmentaircrafttypes" Type="Edm.String" Nullable="false" MaxLength="20" sap:unicode="false" sap:label="Type of aircraft"
					sap:creatable="false" sap:updatable="false" sap:sortable="false" sap:filterable="false"/><Property Name="Segmentarrivaldate" Type="Edm.DateTime" Precision="7" sap:unicode="false" sap:label="Arrival Date" sap:creatable="false"
					sap:updatable="false" sap:sortable="false" sap:filterable="false"/><Property Name="Segmentarrivaltime" Type="Edm.Time" Nullable="false" Precision="0" sap:unicode="false" sap:label="Arrival Time"
					sap:creatable="false" sap:updatable="false" sap:sortable="false" sap:filterable="false"/><Property Name="Segmentarrival" Type="Edm.String" Nullable="false" MaxLength="50" sap:unicode="false" sap:label="Arrival dest."
					sap:creatable="false" sap:updatable="false" sap:sortable="false" sap:filterable="false"/><Property Name="Segmentbaggageallowance" Type="Edm.String" Nullable="false" MaxLength="3" sap:unicode="false" sap:label="Bagg. all."
					sap:creatable="false" sap:updatable="false" sap:sortable="false" sap:filterable="false"/><Property Name="Segmentclass" Type="Edm.String" Nullable="false" MaxLength="20" sap:unicode="false" sap:label="Class" sap:creatable="false"
					sap:updatable="false" sap:sortable="false" sap:filterable="false"/><Property Name="Segmentcoach" Type="Edm.String" Nullable="false" MaxLength="20" sap:unicode="false" sap:label="Coach no."
					sap:creatable="false" sap:updatable="false" sap:sortable="false" sap:filterable="false"/><Property Name="Segmentdeparturedate" Type="Edm.DateTime" Precision="7" sap:unicode="false" sap:label="Dep. Date" sap:creatable="false"
					sap:updatable="false" sap:sortable="false" sap:filterable="false"/><Property Name="Segmentdeparturetime" Type="Edm.Time" Nullable="false" Precision="0" sap:unicode="false" sap:label="Dep. Time"
					sap:creatable="false" sap:updatable="false" sap:sortable="false" sap:filterable="false"/><Property Name="Segmentdeparture" Type="Edm.String" Nullable="false" MaxLength="50" sap:unicode="false" sap:label="Dep. point"
					sap:creatable="false" sap:updatable="false" sap:sortable="false" sap:filterable="false"/><Property Name="Segmentdurationtime" Type="Edm.String" Nullable="false" MaxLength="20" sap:unicode="false" sap:label="Duration"
					sap:creatable="false" sap:updatable="false" sap:sortable="false" sap:filterable="false"/><Property Name="Segmentfarebasis" Type="Edm.String" Nullable="false" MaxLength="20" sap:unicode="false" sap:label="Fare basis"
					sap:creatable="false" sap:updatable="false" sap:sortable="false" sap:filterable="false"/><Property Name="Segmentfarebasisendorsement" Type="Edm.String" Nullable="false" MaxLength="147" sap:unicode="false" sap:label="Endorsement"
					sap:creatable="false" sap:updatable="false" sap:sortable="false" sap:filterable="false"/><Property Name="Segmentfarebasisvalidfrom" Type="Edm.DateTime" Precision="7" sap:unicode="false" sap:label="Fare basis from date"
					sap:creatable="false" sap:updatable="false" sap:sortable="false" sap:filterable="false"/><Property Name="Segmentfarebasisvalidfromtime" Type="Edm.Time" Nullable="false" Precision="0" sap:unicode="false"
					sap:label="Fare basis from time" sap:creatable="false" sap:updatable="false" sap:sortable="false" sap:filterable="false"/><Property Name="Segmentfarebasisvalidto" Type="Edm.DateTime" Precision="7" sap:unicode="false" sap:label="Fare basis to date"
					sap:creatable="false" sap:updatable="false" sap:sortable="false" sap:filterable="false"/><Property Name="Segmentfarebasisvalidtotime" Type="Edm.Time" Nullable="false" Precision="0" sap:unicode="false"
					sap:label="Fare basis to time" sap:creatable="false" sap:updatable="false" sap:sortable="false" sap:filterable="false"/><Property Name="Segmentflight" Type="Edm.String" Nullable="false" MaxLength="20" sap:unicode="false" sap:label="Flight no."
					sap:creatable="false" sap:updatable="false" sap:sortable="false" sap:filterable="false"/><Property Name="Segmentflightcouponindicator" Type="Edm.String" Nullable="false" MaxLength="1" sap:unicode="false" sap:label="Flight coupon"
					sap:creatable="false" sap:updatable="false" sap:sortable="false" sap:filterable="false"/><Property Name="Segmentfrequentflyermiles" Type="Edm.String" Nullable="false" MaxLength="20" sap:unicode="false" sap:label="Fre. Fly. Miles"
					sap:creatable="false" sap:updatable="false" sap:sortable="false" sap:filterable="false"/><Property Name="Segmentidentifier" Type="Edm.String" Nullable="false" MaxLength="20" sap:unicode="false" sap:label="Segment ident."
					sap:creatable="false" sap:updatable="false" sap:sortable="false" sap:filterable="false"/><Property Name="Segmentintdeparturetime" Type="Edm.Time" Nullable="false" Precision="0" sap:unicode="false" sap:label="Time of travel"
					sap:creatable="false" sap:updatable="false" sap:sortable="false" sap:filterable="false"/><Property Name="Segmentintnextdayarrivalind" Type="Edm.String" Nullable="false" MaxLength="20" sap:unicode="false"
					sap:label="N. day arr. ind." sap:creatable="false" sap:updatable="false" sap:sortable="false" sap:filterable="false"/><Property Name="Segmentmealcode" Type="Edm.String" Nullable="false" MaxLength="20" sap:unicode="false" sap:label="Meal code"
					sap:creatable="false" sap:updatable="false" sap:sortable="false" sap:filterable="false"/><Property Name="Segmentnauticalmiles" Type="Edm.String" Nullable="false" MaxLength="20" sap:unicode="false" sap:label="Nautical miles"
					sap:creatable="false" sap:updatable="false" sap:sortable="false" sap:filterable="false"/><Property Name="Segmentnumberofdays" Type="Edm.String" Nullable="false" MaxLength="20" sap:unicode="false" sap:label="No of days"
					sap:creatable="false" sap:updatable="false" sap:sortable="false" sap:filterable="false"/><Property Name="Segmentprovider" Type="Edm.String" Nullable="false" MaxLength="20" sap:unicode="false" sap:label="Supplier code"
					sap:creatable="false" sap:updatable="false" sap:sortable="false" sap:filterable="false"/><Property Name="Segmentseatindicator" Type="Edm.String" Nullable="false" MaxLength="20" sap:unicode="false" sap:label="Seat indicator"
					sap:creatable="false" sap:updatable="false" sap:sortable="false" sap:filterable="false"/><Property Name="Segmentseatnumber" Type="Edm.String" Nullable="false" MaxLength="20" sap:unicode="false" sap:label="Seat number"
					sap:creatable="false" sap:updatable="false" sap:sortable="false" sap:filterable="false"/><Property Name="Segmentstatuscodes" Type="Edm.String" Nullable="false" MaxLength="20" sap:unicode="false" sap:label="Status code"
					sap:creatable="false" sap:updatable="false" sap:sortable="false" sap:filterable="false"/><Property Name="Segmentstopcount" Type="Edm.String" Nullable="false" MaxLength="20" sap:unicode="false" sap:label="Stop count"
					sap:creatable="false" sap:updatable="false" sap:sortable="false" sap:filterable="false"/><Property Name="Segmentstopover" Type="Edm.String" Nullable="false" MaxLength="20" sap:unicode="false" sap:label="Stop over"
					sap:creatable="false" sap:updatable="false" sap:sortable="false" sap:filterable="false"/><Property Name="Segmentticketcouponidentifier" Type="Edm.String" Nullable="false" MaxLength="20" sap:unicode="false"
					sap:label="Ticket coupon" sap:creatable="false" sap:updatable="false" sap:sortable="false" sap:filterable="false"/><Property Name="Segmentticketedindicator" Type="Edm.String" Nullable="false" MaxLength="20" sap:unicode="false" sap:label="Ticketed ind."
					sap:creatable="false" sap:updatable="false" sap:sortable="false" sap:filterable="false"/><Property Name="CrName" Type="Edm.String" Nullable="false" MaxLength="12" sap:unicode="false" sap:label="Created By" sap:creatable="false"
					sap:updatable="false" sap:sortable="false" sap:filterable="false"/><Property Name="CrDate" Type="Edm.DateTime" Precision="7" sap:unicode="false" sap:label="Created On" sap:creatable="false"
					sap:updatable="false" sap:sortable="false" sap:filterable="false"/><Property Name="CrTime" Type="Edm.Time" Nullable="false" Precision="0" sap:unicode="false" sap:label="Time" sap:creatable="false"
					sap:updatable="false" sap:sortable="false" sap:filterable="false"/><Property Name="ChName" Type="Edm.String" Nullable="false" MaxLength="12" sap:unicode="false" sap:label="Changed by" sap:creatable="false"
					sap:updatable="false" sap:sortable="false" sap:filterable="false"/><Property Name="ChDate" Type="Edm.DateTime" Precision="7" sap:unicode="false" sap:label="Changed On" sap:creatable="false"
					sap:updatable="false" sap:sortable="false" sap:filterable="false"/><Property Name="ChTime" Type="Edm.Time" Nullable="false" Precision="0" sap:unicode="false" sap:label="Time of change" sap:creatable="false"
					sap:updatable="false" sap:sortable="false" sap:filterable="false"/><Property Name="Reversed" Type="Edm.String" Nullable="false" MaxLength="1" sap:unicode="false" sap:label="Reversed" sap:creatable="false"
					sap:updatable="false" sap:sortable="false" sap:filterable="false"/><Property Name="CitTriggered" Type="Edm.String" Nullable="false" MaxLength="1" sap:unicode="false" sap:label="CIT triggered"
					sap:creatable="false" sap:updatable="false" sap:sortable="false" sap:filterable="false"/><NavigationProperty Name="articles" Relationship="ZLSZ_SRV.article_to_segments" FromRole="ToRole_article_to_segments"
					ToRole="FromRole_article_to_segments"/></EntityType>
			<EntityType Name="reference" sap:content-version="1">
				<Key><PropertyRef Name="BookingsId"/><PropertyRef Name="ArticlesId"/><PropertyRef Name="ReferencesId"/></Key><Property Name="BookingsId" Type="Edm.String" Nullable="false" MaxLength="30" sap:unicode="false" sap:label="Bookings-ID"
					sap:creatable="false" sap:updatable="false" sap:sortable="false"/><Property Name="ArticlesId" Type="Edm.Int32" Nullable="false" sap:unicode="false" sap:label="Articles ID" sap:creatable="false"
					sap:updatable="false" sap:sortable="false"/>
					<Property Name="ReferencesId" Type="Edm.String" Nullable="false" MaxLength="22" sap:unicode="false" sap:label="ID references"
					sap:creatable="false" sap:updatable="false" sap:sortable="false"/>
					<Property Name="ReferenceDescription" Type="Edm.String" Nullable="false" MaxLength="22" sap:unicode="false" sap:label="ID references"
					sap:creatable="false" sap:updatable="false" sap:sortable="false"/>
					<Property Name="ReferencetypesId" Type="Edm.String" Nullable="false" MaxLength="20" sap:unicode="false" sap:label="Ref. type"
					sap:creatable="false" sap:updatable="false" sap:sortable="false"/><Property Name="Value" Type="Edm.String" Nullable="false" MaxLength="100" sap:unicode="false" sap:label="Ref. Value" sap:creatable="false"
					sap:updatable="false" sap:sortable="false"/><Property Name="CrName" Type="Edm.String" Nullable="false" MaxLength="12" sap:unicode="false" sap:label="Created By" sap:creatable="false"
					sap:updatable="false" sap:sortable="false" sap:filterable="false"/><Property Name="CrDate" Type="Edm.DateTime" Precision="7" sap:unicode="false" sap:label="Created On" sap:creatable="false"
					sap:updatable="false" sap:sortable="false" sap:filterable="false"/><Property Name="CrTime" Type="Edm.Time" Nullable="false" Precision="0" sap:unicode="false" sap:label="Time" sap:creatable="false"
					sap:updatable="false" sap:sortable="false" sap:filterable="false"/><Property Name="ChName" Type="Edm.String" Nullable="false" MaxLength="12" sap:unicode="false" sap:label="Changed by" sap:creatable="false"
					sap:updatable="false" sap:sortable="false" sap:filterable="false"/><Property Name="ChDate" Type="Edm.DateTime" Precision="7" sap:unicode="false" sap:label="Changed On" sap:creatable="false"
					sap:updatable="false" sap:sortable="false" sap:filterable="false"/><Property Name="ChTime" Type="Edm.Time" Nullable="false" Precision="0" sap:unicode="false" sap:label="Time of change" sap:creatable="false"
					sap:updatable="false" sap:sortable="false" sap:filterable="false"/><Property Name="FixedValue" Type="Edm.String" Nullable="false" MaxLength="100" sap:unicode="false" sap:creatable="false"
					sap:updatable="false" sap:sortable="false" sap:filterable="false"/><Property Name="Reversed" Type="Edm.String" MaxLength="1" sap:unicode="false" sap:label="Reversed" sap:creatable="false"
					sap:updatable="false" sap:sortable="false"/><Property Name="PatternType" Type="Edm.String" Nullable="false" MaxLength="3" sap:unicode="false" sap:creatable="false"
					sap:updatable="false" sap:sortable="false" sap:filterable="false"/><Property Name="PatternMask" Type="Edm.String" Nullable="false" MaxLength="50" sap:unicode="false" sap:creatable="false"
					sap:updatable="false" sap:sortable="false" sap:filterable="false"/><Property Name="PatternMinLength" Type="Edm.String" Nullable="false" MaxLength="3" sap:unicode="false" sap:creatable="false"
					sap:updatable="false" sap:sortable="false" sap:filterable="false"/><Property Name="PatternMaxLength" Type="Edm.String" Nullable="false" MaxLength="3" sap:unicode="false" sap:creatable="false"
					sap:updatable="false" sap:sortable="false" sap:filterable="false"/><NavigationProperty Name="Options" Relationship="ZLSZ_SRV.ReferenceToOptions" FromRole="FromRole_ReferenceToOptions"
					ToRole="ToRole_ReferenceToOptions"/></EntityType>
			<EntityType Name="supplement" sap:content-version="1">
				<Key><PropertyRef Name="BookingsId"/><PropertyRef Name="ArticlesId"/><PropertyRef Name="Taxsupplementidcurrency"/></Key><Property Name="BookingsId" Type="Edm.String" Nullable="false" MaxLength="30" sap:unicode="false" sap:label="Bookings-ID"
					sap:creatable="false" sap:updatable="false" sap:sortable="false"/><Property Name="ArticlesId" Type="Edm.Int32" Nullable="false" sap:unicode="false" sap:label="Articles ID" sap:creatable="false"
					sap:updatable="false" sap:sortable="false"/><Property Name="TaxessupplementId" Type="Edm.Int32" Nullable="false" sap:unicode="false" sap:label="ID taxes/suppl." sap:creatable="false"
					sap:updatable="false" sap:sortable="false"/><Property Name="Amount" Type="Edm.Decimal" Nullable="false" Precision="31" Scale="7" sap:unicode="false" sap:label="Amount tax/suppl."
					sap:creatable="false" sap:updatable="false" sap:sortable="false"/><Property Name="Taxsupplementtypes" Type="Edm.String" Nullable="false" MaxLength="20" sap:unicode="false" sap:label="Tax/suppl.-type"
					sap:creatable="false" sap:updatable="false" sap:sortable="false" sap:filterable="false"/><Property Name="Taxsupplementidcurrency" Type="Edm.String" Nullable="false" MaxLength="5" sap:unicode="false" sap:label="Curreny"
					sap:creatable="false" sap:updatable="false" sap:sortable="false" sap:filterable="false" sap:semantics="currency-code"/><Property Name="CrName" Type="Edm.String" Nullable="false" MaxLength="12" sap:unicode="false" sap:label="Created By" sap:creatable="false"
					sap:updatable="false" sap:sortable="false" sap:filterable="false"/><Property Name="CrDate" Type="Edm.DateTime" Precision="7" sap:unicode="false" sap:label="Created On" sap:creatable="false"
					sap:updatable="false" sap:sortable="false" sap:filterable="false"/><Property Name="CrTime" Type="Edm.Time" Nullable="false" Precision="0" sap:unicode="false" sap:label="Time" sap:creatable="false"
					sap:updatable="false" sap:sortable="false" sap:filterable="false"/><Property Name="ChName" Type="Edm.String" Nullable="false" MaxLength="12" sap:unicode="false" sap:label="Changed by" sap:creatable="false"
					sap:updatable="false" sap:sortable="false" sap:filterable="false"/><Property Name="ChDate" Type="Edm.DateTime" Precision="7" sap:unicode="false" sap:label="Changed On" sap:creatable="false"
					sap:updatable="false" sap:sortable="false" sap:filterable="false"/><Property Name="ChTime" Type="Edm.Time" Nullable="false" Precision="0" sap:unicode="false" sap:label="Time of change" sap:creatable="false"
					sap:updatable="false" sap:sortable="false" sap:filterable="false"/><Property Name="Reversed" Type="Edm.String" Nullable="false" MaxLength="1" sap:unicode="false" sap:label="Reversed" sap:creatable="false"
					sap:updatable="false" sap:sortable="false" sap:filterable="false"/><NavigationProperty Name="articles" Relationship="ZLSZ_SRV.article_to_supplements" FromRole="ToRole_article_to_supplements"
					ToRole="FromRole_article_to_supplements"/></EntityType>
			<EntityType Name="error" sap:content-version="1">
				<Key><PropertyRef Name="BookingsId"/><PropertyRef Name="ArticlesId"/><PropertyRef Name="SegmentId"/></Key><Property Name="BookingsId" Type="Edm.String" Nullable="false" MaxLength="30" sap:unicode="false" sap:label="Bookings-ID"
					sap:creatable="false" sap:updatable="false" sap:sortable="false"/><Property Name="ArticlesId" Type="Edm.Int32" Nullable="false" sap:unicode="false" sap:label="Articles ID" sap:creatable="false"
					sap:updatable="false" sap:sortable="false"/><Property Name="ArticleType" Type="Edm.String" Nullable="false" MaxLength="20" sap:unicode="false" sap:label="Article type"
					sap:creatable="false" sap:updatable="false" sap:sortable="false"/><Property Name="SegmentId" Type="Edm.Int32" Nullable="false" sap:unicode="false" sap:label="Segment ID" sap:creatable="false"
					sap:updatable="false" sap:sortable="false"/><Property Name="ErrorCode" Type="Edm.String" Nullable="false" MaxLength="2" sap:unicode="false" sap:label="BS Error Code"
					sap:creatable="false" sap:updatable="false" sap:sortable="false"/><Property Name="RecordNo" Type="Edm.String" Nullable="false" MaxLength="8" sap:unicode="false" sap:label="Record No." sap:creatable="false"
					sap:updatable="false" sap:sortable="false"/><Property Name="Account" Type="Edm.String" Nullable="false" MaxLength="20" sap:unicode="false" sap:label="Acc. No." sap:creatable="false"
					sap:updatable="false" sap:sortable="false"/><Property Name="Bookingreference" Type="Edm.String" Nullable="false" MaxLength="20" sap:unicode="false" sap:label="Ex. book ref."
					sap:creatable="false" sap:updatable="false" sap:sortable="false"/><Property Name="BookingCreationdate" Type="Edm.DateTime" Nullable="false" Precision="7" sap:unicode="false" sap:label="Date Book. created"
					sap:creatable="false" sap:updatable="false" sap:sortable="false"/><Property Name="ErrorLevel" Type="Edm.String" Nullable="false" MaxLength="1" sap:unicode="false" sap:label="BS Error Level"
					sap:creatable="false" sap:updatable="false" sap:sortable="false"/><Property Name="Tabname" Type="Edm.String" Nullable="false" MaxLength="30" sap:unicode="false" sap:label="Table Name" sap:creatable="false"
					sap:updatable="false" sap:sortable="false"/><Property Name="ErrorField" Type="Edm.String" Nullable="false" MaxLength="30" sap:unicode="false" sap:label="Field Name"
					sap:creatable="false" sap:updatable="false" sap:sortable="false"/></EntityType>
			<EntityType Name="map" sap:content-version="1">
				<Key><PropertyRef Name="TabnameBs"/><PropertyRef Name="FieldnameBs"/><PropertyRef Name="ApplicationsId"/><PropertyRef Name="ArticleCategory"/><PropertyRef Name="ValueBs"/></Key><Property Name="TabnameBs" Type="Edm.String" Nullable="false" MaxLength="30" sap:unicode="false" sap:label="Table Name"/><Property Name="FieldnameBs" Type="Edm.String" Nullable="false" MaxLength="30" sap:unicode="false" sap:label="Field Name"/><Property Name="ApplicationsId" Type="Edm.String" Nullable="false" MaxLength="20" sap:unicode="false" sap:label="Source of booking"/><Property Name="ArticleCategory" Type="Edm.String" Nullable="false" MaxLength="20" sap:unicode="false" sap:label="Article Category"/><Property Name="ValueBs" Type="Edm.String" Nullable="false" MaxLength="50" sap:unicode="false" sap:label="BS field value"/><Property Name="ValueBcd" Type="Edm.String" Nullable="false" MaxLength="50" sap:unicode="false" sap:label="BCD field value"/></EntityType>
			<EntityType Name="mand" sap:content-version="1">
				<Key><PropertyRef Name="ArticleType"/><PropertyRef Name="Tabname"/><PropertyRef Name="Fieldname"/></Key><Property Name="ArticleType" Type="Edm.String" Nullable="false" MaxLength="20" sap:unicode="false" sap:label="Article type"
					sap:creatable="false" sap:updatable="false" sap:sortable="false" sap:filterable="false"/><Property Name="Tabname" Type="Edm.String" Nullable="false" MaxLength="30" sap:unicode="false" sap:label="Table Name" sap:creatable="false"
					sap:updatable="false" sap:sortable="false" sap:filterable="false"/><Property Name="Fieldname" Type="Edm.String" Nullable="false" MaxLength="30" sap:unicode="false" sap:label="Field Name"
					sap:creatable="false" sap:updatable="false" sap:sortable="false" sap:filterable="false"/></EntityType>
			<EntityType Name="options" sap:content-version="1">
				<Key><PropertyRef Name="Value"/></Key><Property Name="Value" Type="Edm.String" Nullable="false" MaxLength="30" sap:unicode="false" sap:creatable="false" sap:updatable="false"
					sap:sortable="false" sap:filterable="false"/><Property Name="Description" Type="Edm.String" MaxLength="100" sap:unicode="false" sap:creatable="false" sap:updatable="false"
					sap:sortable="false" sap:filterable="false"/></EntityType>
			<Association Name="btoa" sap:content-version="1"><End Type="ZLSZ_SRV.booking" Multiplicity="1" Role="FromRole_btoa"/><End Type="ZLSZ_SRV.articles" Multiplicity="*" Role="ToRole_btoa"/>
				<ReferentialConstraint>
					<Principal Role="FromRole_btoa"><PropertyRef Name="BookingsId"/></Principal>
					<Dependent Role="ToRole_btoa"><PropertyRef Name="BookingsId"/></Dependent>
				</ReferentialConstraint>
			</Association>
			<Association Name="booking_to_articles" sap:content-version="1" sap:label="booking to articles"><End Type="ZLSZ_SRV.booking" Multiplicity="1" Role="FromRole_booking_to_articles"/><End Type="ZLSZ_SRV.articles" Multiplicity="*" Role="ToRole_booking_to_articles"/>
				<ReferentialConstraint>
					<Principal Role="FromRole_booking_to_articles"><PropertyRef Name="BookingsId"/></Principal>
					<Dependent Role="ToRole_booking_to_articles"><PropertyRef Name="BookingsId"/></Dependent>
				</ReferentialConstraint>
			</Association>
			<Association Name="ReferenceToOptions" sap:content-version="1"><End Type="ZLSZ_SRV.reference" Multiplicity="1" Role="FromRole_ReferenceToOptions"/><End Type="ZLSZ_SRV.options" Multiplicity="*" Role="ToRole_ReferenceToOptions"/></Association>
			<Association Name="article_to_segments" sap:content-version="1" sap:label="article to segments"><End Type="ZLSZ_SRV.articles" Multiplicity="1" Role="FromRole_article_to_segments"/><End Type="ZLSZ_SRV.segment" Multiplicity="*" Role="ToRole_article_to_segments"/>
				<ReferentialConstraint>
					<Principal Role="FromRole_article_to_segments"><PropertyRef Name="ArticlesId"/><PropertyRef Name="BookingsId"/></Principal>
					<Dependent Role="ToRole_article_to_segments"><PropertyRef Name="ArticlesId"/><PropertyRef Name="BookingsId"/></Dependent>
				</ReferentialConstraint>
			</Association>
			<Association Name="articles_to_reference" sap:content-version="1" sap:label="article to reference"><End Type="ZLSZ_SRV.articles" Multiplicity="1" Role="FromRole_articles_to_reference"/><End Type="ZLSZ_SRV.reference" Multiplicity="*" Role="ToRole_articles_to_reference"/>
				<ReferentialConstraint>
					<Principal Role="FromRole_articles_to_reference"><PropertyRef Name="ArticlesId"/><PropertyRef Name="BookingsId"/></Principal>
					<Dependent Role="ToRole_articles_to_reference"><PropertyRef Name="ArticlesId"/><PropertyRef Name="BookingsId"/></Dependent>
				</ReferentialConstraint>
			</Association>
			<Association Name="article_to_supplements" sap:content-version="1" sap:label="article to supplements"><End Type="ZLSZ_SRV.articles" Multiplicity="1" Role="FromRole_article_to_supplements"/><End Type="ZLSZ_SRV.supplement" Multiplicity="*" Role="ToRole_article_to_supplements"/>
				<ReferentialConstraint>
					<Principal Role="FromRole_article_to_supplements"><PropertyRef Name="ArticlesId"/><PropertyRef Name="BookingsId"/></Principal>
					<Dependent Role="ToRole_article_to_supplements"><PropertyRef Name="ArticlesId"/><PropertyRef Name="BookingsId"/></Dependent>
				</ReferentialConstraint>
			</Association>
			<Association Name="stoa" sap:content-version="1"><End Type="ZLSZ_SRV.articles" Multiplicity="1" Role="FromRole_stoa"/><End Type="ZLSZ_SRV.segment" Multiplicity="*" Role="ToRole_stoa"/>
				<ReferentialConstraint>
					<Principal Role="FromRole_stoa"><PropertyRef Name="BookingsId"/><PropertyRef Name="ArticlesId"/></Principal>
					<Dependent Role="ToRole_stoa"><PropertyRef Name="BookingsId"/><PropertyRef Name="ArticlesId"/></Dependent>
				</ReferentialConstraint>
			</Association>
			<EntityContainer Name="ZLSZ_SRV_Entities" m:IsDefaultEntityContainer="true" sap:supported-formats="atom json xlsx"><EntitySet Name="SubscriptionCollection" EntityType="ZLSZ_SRV.Subscription" sap:content-version="1"/><EntitySet Name="NotificationCollection" EntityType="ZLSZ_SRV.Notification" sap:creatable="false" sap:updatable="false"
				sap:deletable="false" sap:addressable="false" sap:content-version="1"/><EntitySet Name="articlesSet" EntityType="ZLSZ_SRV.articles" sap:searchable="true" sap:content-version="1"/><EntitySet Name="bookingSet" EntityType="ZLSZ_SRV.booking" sap:searchable="true" sap:content-version="1"/><EntitySet Name="segmentSet" EntityType="ZLSZ_SRV.segment" sap:searchable="true" sap:content-version="1"/><EntitySet Name="referenceSet" EntityType="ZLSZ_SRV.reference" sap:searchable="true" sap:content-version="1"/><EntitySet Name="supplementSet" EntityType="ZLSZ_SRV.supplement" sap:searchable="true" sap:content-version="1"/><EntitySet Name="errorSet" EntityType="ZLSZ_SRV.error" sap:creatable="false" sap:updatable="false" sap:deletable="false"
				sap:pageable="false" sap:content-version="1"/><EntitySet Name="mapSet" EntityType="ZLSZ_SRV.map" sap:creatable="false" sap:updatable="false" sap:deletable="false" sap:pageable="false"
				sap:content-version="1"/><EntitySet Name="mandSet" EntityType="ZLSZ_SRV.mand" sap:creatable="false" sap:updatable="false" sap:deletable="false" sap:pageable="false"
				sap:content-version="1"/><EntitySet Name="optionsSet" EntityType="ZLSZ_SRV.options" sap:searchable="true" sap:content-version="1"/>
				<AssociationSet Name="article_to_segmentsSet" Association="ZLSZ_SRV.article_to_segments" sap:creatable="false" sap:updatable="false"
					sap:deletable="false" sap:content-version="1"><End EntitySet="articlesSet" Role="FromRole_article_to_segments"/><End EntitySet="segmentSet" Role="ToRole_article_to_segments"/></AssociationSet>
				<AssociationSet Name="articles_to_referenceSet" Association="ZLSZ_SRV.articles_to_reference" sap:creatable="false" sap:updatable="false"
					sap:deletable="false" sap:content-version="1"><End EntitySet="articlesSet" Role="FromRole_articles_to_reference"/><End EntitySet="referenceSet" Role="ToRole_articles_to_reference"/></AssociationSet>
				<AssociationSet Name="stoaSet" Association="ZLSZ_SRV.stoa" sap:creatable="false" sap:updatable="false" sap:deletable="false"
					sap:content-version="1"><End EntitySet="articlesSet" Role="FromRole_stoa"/><End EntitySet="segmentSet" Role="ToRole_stoa"/></AssociationSet>
				<AssociationSet Name="btoaSet" Association="ZLSZ_SRV.btoa" sap:creatable="false" sap:updatable="false" sap:deletable="false"
					sap:content-version="1"><End EntitySet="bookingSet" Role="FromRole_btoa"/><End EntitySet="articlesSet" Role="ToRole_btoa"/></AssociationSet>
				<AssociationSet Name="booking_to_articlesSet" Association="ZLSZ_SRV.booking_to_articles" sap:creatable="false" sap:updatable="false"
					sap:deletable="false" sap:content-version="1"><End EntitySet="bookingSet" Role="FromRole_booking_to_articles"/><End EntitySet="articlesSet" Role="ToRole_booking_to_articles"/></AssociationSet>
				<AssociationSet Name="ReferenceToOptions_AssocSet" Association="ZLSZ_SRV.ReferenceToOptions" sap:creatable="false" sap:updatable="false"
					sap:deletable="false" sap:content-version="1"><End EntitySet="referenceSet" Role="FromRole_ReferenceToOptions"/><End EntitySet="optionsSet" Role="ToRole_ReferenceToOptions"/></AssociationSet>
				<AssociationSet Name="article_to_supplementsSet" Association="ZLSZ_SRV.article_to_supplements" sap:creatable="false" sap:updatable="false"
					sap:deletable="false" sap:content-version="1"><End EntitySet="articlesSet" Role="FromRole_article_to_supplements"/><End EntitySet="supplementSet" Role="ToRole_article_to_supplements"/></AssociationSet>
			</EntityContainer><atom:link rel="self" href="https://webidetesting5766379-a42d7039f.dispatcher.hana.ondemand.com/sap/opu/odata/sap/ZLSZ_SRV/$metadata"
				xmlns:atom="http://www.w3.org/2005/Atom"/><atom:link rel="latest-version"
				href="https://webidetesting5766379-a42d7039f.dispatcher.hana.ondemand.com/sap/opu/odata/sap/ZLSZ_SRV/$metadata"
				xmlns:atom="http://www.w3.org/2005/Atom"/></Schema>
	</edmx:DataServices>
</edmx:Edmx>