<edmx:Edmx
    xmlns:edmx="http://schemas.microsoft.com/ado/2007/06/edmx"
    xmlns:m="http://schemas.microsoft.com/ado/2007/08/dataservices/metadata"
    xmlns:sap="http://www.sap.com/Protocols/SAPData" Version="1.0">
    <edmx:DataServices m:DataServiceVersion="2.0">
        <Schema
            xmlns="http://schemas.microsoft.com/ado/2008/09/edm" Namespace="ZPRS_LSW_SRV" xml:lang="en" sap:schema-version="1">
            <EntityType Name="InvDetail" sap:content-version="1">
                <Key>
                    <PropertyRef Name="Mandt"/>
                    <PropertyRef Name="Zzfiletype"/>
                    <PropertyRef Name="ZzinvoiceNumber"/>
                    <PropertyRef Name="ZzlineItemNumber"/>
                    <PropertyRef Name="Zzseqnr"/>
                </Key>
                <Property Name="Mandt" Type="Edm.String" Nullable="false" MaxLength="3" sap:label="System ID" sap:creatable="false" sap:updatable="false" sap:sortable="false" sap:filterable="false"/>
                <Property Name="ZzinvStatus" Type="Edm.String" Nullable="false" sap:label="Invoice Status" sap:creatable="false" sap:updatable="false" sap:sortable="false" sap:filterable="false"/>
                <Property Name="ZztaskCode" Type="Edm.String" Nullable="false" sap:label="String - Case Sensitive" sap:creatable="false" sap:updatable="false" sap:sortable="false" sap:filterable="false"/>
                <Property Name="Message" Type="Edm.String" Nullable="false" sap:label="Message Log" sap:creatable="false" sap:updatable="false" sap:sortable="false" sap:filterable="false"/>
                <Property Name="ZzactivityCode" Type="Edm.String" Nullable="false" sap:label="String - Case Sensitive" sap:creatable="false" sap:updatable="false" sap:sortable="false" sap:filterable="false"/>
                <Property Name="Zzfiletype" Type="Edm.String" Nullable="false" MaxLength="2" sap:label="LEDES File Type" sap:creatable="false" sap:updatable="false" sap:sortable="false" sap:filterable="false"/>
                <Property Name="ZzinvoiceNumber" Type="Edm.String" Nullable="false" MaxLength="10" sap:label="Invoice Number" sap:creatable="false" sap:updatable="false" sap:sortable="false" sap:filterable="false"/>
                <Property Name="Zzlstar" Type="Edm.String" Nullable="false" sap:label="String - Case Sensitive" sap:creatable="false" sap:updatable="false" sap:sortable="false" sap:filterable="false"/>
                <Property Name="ZzlineItemNumber" Type="Edm.String" Nullable="false" MaxLength="6" sap:label="Line Item" sap:creatable="false" sap:updatable="false" sap:sortable="false" sap:filterable="false"/>
                <Property Name="Zzseqnr" Type="Edm.String" Nullable="false" MaxLength="4" sap:label="Sequence Number" sap:creatable="false" sap:updatable="false" sap:sortable="false" sap:filterable="false"/>
                <Property Name="ZztimekeeperId" Type="Edm.String" Nullable="false" MaxLength="8" sap:label="Timekeeper ID" sap:creatable="false" sap:updatable="false" sap:sortable="false" sap:filterable="false"/>
                <Property Name="ZztimekeeperName" Type="Edm.String" Nullable="false" sap:label="Timekeeper Name" sap:creatable="false" sap:updatable="false" sap:sortable="false" sap:filterable="false"/>
                <Property Name="ZzlineItemDate" Type="Edm.DateTime" Precision="7" sap:label="Work Date" sap:creatable="false" sap:updatable="false" sap:sortable="false" sap:filterable="false"/>
                <Property Name="ZzlineItemDescription" Type="Edm.String" Nullable="false" MaxLength="1000" sap:label="Narrative" sap:creatable="false" sap:updatable="false" sap:sortable="false" sap:filterable="false"/>
                <Property Name="ZzworkingOffice" Type="Edm.String" Nullable="false" MaxLength="4" sap:label="Working Office" sap:creatable="false" sap:updatable="false" sap:sortable="false" sap:filterable="false"/>
                <Property Name="ZzworkingOfficeName" Type="Edm.String" Nullable="false" sap:label="Working Office Name" sap:creatable="false" sap:updatable="false" sap:sortable="false" sap:filterable="false"/>
                <Property Name="Zzphase" Type="Edm.String" Nullable="false" MaxLength="24" sap:label="Matter Phase" sap:creatable="false" sap:updatable="false" sap:sortable="false" sap:filterable="false"/>
                <Property Name="ZzphaseName" Type="Edm.String" Nullable="false" MaxLength="40" sap:label="Matter Phase Description" sap:creatable="false" sap:updatable="false" sap:sortable="false" sap:filterable="false"/>
                <Property Name="ZzbilledRate" Type="Edm.Decimal" Nullable="false" Precision="12" Scale="3" sap:unit="ZzinvoiceCurrency" sap:label="Billed Rate" sap:creatable="false" sap:updatable="false" sap:sortable="false" sap:filterable="false"/>
                <Property Name="ZzagreedRate" Type="Edm.Decimal" Nullable="false" Precision="12" Scale="3" sap:unit="ZzagreedCurr" sap:label="Agreed Rate" sap:creatable="false" sap:updatable="false" sap:sortable="false" sap:filterable="false"/>
                <Property Name="ZzagreedCurr" Type="Edm.String" Nullable="false" MaxLength="5" sap:label="Agreed Rate Currency" sap:creatable="false" sap:updatable="false" sap:sortable="false" sap:filterable="false" sap:semantics="currency-code"/>
                <Property Name="Units" Type="Edm.Decimal" Nullable="false" Precision="15" Scale="3" sap:label="Hours/Quantity" sap:creatable="false" sap:updatable="false" sap:sortable="false" sap:filterable="false"/>
                <Property Name="Amount" Type="Edm.Decimal" Nullable="false" Precision="14" Scale="3" sap:unit="ZzinvoiceCurrency" sap:label="Amount" sap:creatable="false" sap:updatable="false" sap:sortable="false" sap:filterable="false"/>
                <Property Name="Tax" Type="Edm.Decimal" Nullable="false" Precision="14" Scale="3" sap:unit="ZzinvoiceCurrency" sap:label="Tax" sap:creatable="false" sap:updatable="false" sap:sortable="false" sap:filterable="false"/>
                <Property Name="Discount" Type="Edm.Decimal" Nullable="false" Precision="14" Scale="3" sap:unit="ZzinvoiceCurrency" sap:label="Discount" sap:creatable="false" sap:updatable="false" sap:sortable="false" sap:filterable="false"/>
                <Property Name="AgreedDiscount" Type="Edm.Decimal" Nullable="false" Precision="12" Scale="3" sap:unit="AgreedDiscountCurr" sap:label="Agreed Discount" sap:creatable="false" sap:updatable="false" sap:sortable="false" sap:filterable="false"/>
                <Property Name="AgreedDiscountCurr" Type="Edm.String" Nullable="false" MaxLength="5" sap:label="Agreed Discount Currency" sap:creatable="false" sap:updatable="false" sap:sortable="false" sap:filterable="false" sap:semantics="currency-code"/>
                <Property Name="Total" Type="Edm.Decimal" Nullable="false" Precision="16" Scale="3" sap:unit="ZzinvoiceCurrency" sap:label="Total" sap:creatable="false" sap:updatable="false" sap:sortable="false" sap:filterable="false"/>
                <Property Name="ZzinvoiceCurrency" Type="Edm.String" Nullable="false" MaxLength="5" sap:label="Currency" sap:creatable="false" sap:updatable="false" sap:sortable="false" sap:filterable="false" sap:semantics="currency-code"/>
            </EntityType>
            <EntityType Name="InvHeader" sap:content-version="1">
                <Key>
                    <PropertyRef Name="Zzfiletype"/>
                    <PropertyRef Name="ZzinvoiceNumber"/>
                    <PropertyRef Name="Zzseqnr"/>
                </Key>
                <Property Name="Erdat" Type="Edm.DateTime" Precision="7" sap:label="Created on" sap:creatable="false" sap:updatable="false" sap:sortable="false" sap:filterable="false"/>
                <Property Name="MatterType" Type="Edm.String" Nullable="false" MaxLength="2" sap:label="Matter Type for Walmart" sap:creatable="false" sap:updatable="false" sap:sortable="false" sap:filterable="false"/>
                <Property Name="MatterTypeDesc" Type="Edm.String" Nullable="false" MaxLength="100" sap:label="Character 100" sap:creatable="false" sap:updatable="false" sap:sortable="false" sap:filterable="false"/>
                <Property Name="HasAttachments" Type="Edm.String" Nullable="false" MaxLength="10" sap:label="Billing Doc." sap:creatable="false" sap:updatable="false" sap:sortable="false" sap:filterable="false"/>
                <Property Name="Zterm" Type="Edm.String" Nullable="false" sap:label="ZTERM" sap:creatable="false" sap:updatable="false" sap:sortable="false" sap:filterable="false"/>
                <Property Name="Zzfilename" Type="Edm.String" Nullable="false" sap:label="String - Case Sensitive" sap:creatable="false" sap:updatable="false" sap:sortable="false" sap:filterable="false"/>
                <Property Name="ZzpayStatus" Type="Edm.String" Nullable="false" MaxLength="2" sap:label="Payment Status" sap:creatable="false" sap:updatable="false" sap:sortable="false" sap:filterable="false"/>
                <Property Name="ZzrejComments" Type="Edm.String" Nullable="false" sap:label="String - Case Sensitive" sap:creatable="false" sap:updatable="false" sap:sortable="false" sap:filterable="false"/>
                <Property Name="Message" Type="Edm.String" Nullable="false" sap:label="Narrative String" sap:creatable="false" sap:updatable="false" sap:sortable="false" sap:filterable="false"/>
                <Property Name="ZzinvoiceDescription" Type="Edm.String" Nullable="false" MaxLength="120" sap:label="Client Case Name" sap:creatable="false" sap:updatable="false" sap:sortable="false" sap:filterable="false"/>
                <Property Name="ZzpaystatMes" Type="Edm.String" Nullable="false" sap:label="String - Case Sensitive" sap:creatable="false" sap:updatable="false" sap:sortable="false" sap:filterable="false"/>
                <Property Name="Zzebeln" Type="Edm.String" Nullable="false" MaxLength="10" sap:label="Purchasing Doc." sap:creatable="false" sap:updatable="false" sap:sortable="false" sap:filterable="false"/>
                <Property Name="Zzfiletype" Type="Edm.String" Nullable="false" MaxLength="2" sap:label="LEDES File Type" sap:creatable="false" sap:updatable="false" sap:sortable="false" sap:filterable="false"/>
                <Property Name="ZzinvStatus" Type="Edm.String" Nullable="false" MaxLength="2" sap:label="Invoice Verification Status" sap:creatable="false" sap:updatable="false" sap:sortable="false" sap:filterable="false"/>
                <Property Name="ZzrecvDate" Type="Edm.DateTime" Precision="7" sap:label="Created on" sap:creatable="false" sap:updatable="false" sap:sortable="false" sap:filterable="false"/>
                <Property Name="ZzlawFirmNo" Type="Edm.String" Nullable="false" MaxLength="10" sap:label="Vendor" sap:creatable="false" sap:updatable="false" sap:sortable="false" sap:filterable="false"/>
                <Property Name="ZzsapinvNumber" Type="Edm.String" Nullable="false" MaxLength="10" sap:label="SAP Invoice Number" sap:creatable="false" sap:updatable="false" sap:sortable="false" sap:filterable="false"/>
                <Property Name="ZzvendorName" Type="Edm.String" Nullable="false" MaxLength="60" sap:label="Name 1" sap:creatable="false" sap:updatable="false" sap:sortable="false" sap:filterable="false"/>
                <Property Name="ZzinvoiceNumber" Type="Edm.String" Nullable="false" MaxLength="10" sap:label="Invoice Number" sap:creatable="false" sap:updatable="false" sap:sortable="false" sap:filterable="false"/>
                <Property Name="ZzlawFirmTaxid" Type="Edm.String" Nullable="false" MaxLength="48" sap:label="Parameter Value" sap:creatable="false" sap:updatable="false" sap:sortable="false" sap:filterable="false"/>
                <Property Name="Zzreviewer" Type="Edm.String" Nullable="false" MaxLength="8" sap:label="Personnel No." sap:creatable="false" sap:updatable="false" sap:sortable="false" sap:filterable="false"/>
                <Property Name="Zzseqnr" Type="Edm.String" Nullable="false" MaxLength="4" sap:label="No. Times Submitted" sap:creatable="false" sap:updatable="false" sap:sortable="false" sap:filterable="false"/>
                <Property Name="ZzinvoiceDate" Type="Edm.DateTime" Precision="7" sap:label="Invoice Date" sap:creatable="false" sap:updatable="false" sap:sortable="false" sap:filterable="false"/>
                <Property Name="ZzreviewerName" Type="Edm.String" Nullable="false" MaxLength="30" sap:label="Name 1" sap:creatable="false" sap:updatable="false" sap:sortable="false" sap:filterable="false"/>
                <Property Name="ZzbillingStartDate" Type="Edm.DateTime" Precision="7" sap:label="Work Start Date" sap:creatable="false" sap:updatable="false" sap:sortable="false" sap:filterable="false"/>
                <Property Name="Zzdaysoutstanding" Type="Edm.Decimal" Nullable="false" Precision="4" Scale="0" sap:label="Days" sap:creatable="false" sap:updatable="false" sap:sortable="false" sap:filterable="false"/>
                <Property Name="ZzbillingEndDate" Type="Edm.DateTime" Precision="7" sap:label="Work End Date" sap:creatable="false" sap:updatable="false" sap:sortable="false" sap:filterable="false"/>
                <Property Name="ZzbillingOfficeName" Type="Edm.String" Nullable="false" MaxLength="30" sap:label="Name 1" sap:creatable="false" sap:updatable="false" sap:sortable="false" sap:filterable="false"/>
                <Property Name="ZzclientId" Type="Edm.String" Nullable="false" MaxLength="10" sap:label="Client" sap:creatable="false" sap:updatable="false" sap:sortable="false" sap:filterable="false"/>
                <Property Name="ZzlawFirmMatterId" Type="Edm.String" Nullable="false" MaxLength="24" sap:label="Matter Number" sap:creatable="false" sap:updatable="false" sap:sortable="false" sap:filterable="false"/>
                <Property Name="ZzclientidName" Type="Edm.String" Nullable="false" MaxLength="30" sap:label="Name 1" sap:creatable="false" sap:updatable="false" sap:sortable="false" sap:filterable="false"/>
                <Property Name="ZzmatterName" Type="Edm.String" Nullable="false" MaxLength="40" sap:label="Matter Name" sap:creatable="false" sap:updatable="false" sap:sortable="false" sap:filterable="false"/>
                <Property Name="ZzclientTaxId" Type="Edm.String" Nullable="false" MaxLength="20" sap:label="Description" sap:creatable="false" sap:updatable="false" sap:sortable="false" sap:filterable="false"/>
                <Property Name="ZzinvoiceTotal" Type="Edm.Decimal" Nullable="false" Precision="16" Scale="3" sap:unit="ZzinvCurrency" sap:label="Billed Amount" sap:creatable="false" sap:updatable="false" sap:sortable="false" sap:filterable="false"/>
                <Property Name="ZzinvCurrency" Type="Edm.String" Nullable="false" MaxLength="5" sap:label="Currency" sap:creatable="false" sap:updatable="false" sap:sortable="false" sap:filterable="false" sap:semantics="currency-code"/>
                <Property Name="ZztaxAmount" Type="Edm.Decimal" Nullable="false" Precision="16" Scale="3" sap:unit="ZzinvCurrency" sap:label="Net Value" sap:creatable="false" sap:updatable="false" sap:sortable="false" sap:filterable="false"/>
                <Property Name="ZzmatterBudget" Type="Edm.Decimal" Nullable="false" Precision="16" Scale="3" sap:unit="ZzinvCurrency" sap:label="Net Value" sap:creatable="false" sap:updatable="false" sap:sortable="false" sap:filterable="false"/>
                <Property Name="ZZREMAIN_BDGT" Type="Edm.Decimal" Nullable="false" Precision="16" Scale="3" sap:unit="ZzinvCurrency" sap:label="Remaing Budget Amount" sap:creatable="false" sap:updatable="false" sap:sortable="false" sap:filterable="false"/>
                <Property Name="ZzmatterBudgetCurr" Type="Edm.String" Nullable="false" MaxLength="5" sap:label="Currency" sap:creatable="false" sap:updatable="false" sap:sortable="false" sap:filterable="false" sap:semantics="currency-code"/>
                <Property Name="Ernam" Type="Edm.String" Nullable="false" MaxLength="12" sap:label="Created by" sap:creatable="false" sap:updatable="false" sap:sortable="false" sap:filterable="false"/>
                <Property Name="ZZINVSTAT_MES" Type="Edm.String" Nullable="false" MaxLength="20" sap:label="Invoice Status Text" sap:creatable="false" sap:updatable="false" sap:sortable="false" sap:filterable="false"/>
                <NavigationProperty Name="InvHeaderToDetail" Relationship="ZPRS_LSW_SRV.InvHeaderToDetail" FromRole="FromRole_InvHeaderToDetail" ToRole="ToRole_InvHeaderToDetail"/>
                <NavigationProperty Name="InvHeaderToStatus" Relationship="ZPRS_LSW_SRV.InvHeaderToStatus" FromRole="FromRole_InvHeaderToStatus" ToRole="ToRole_InvHeaderToStatus"/>
            </EntityType>
            <EntityType Name="FiReturn" sap:content-version="1">
                <Key>
                    <PropertyRef Name="Zzfiletype"/>
                    <PropertyRef Name="ZzinvoiceNumber"/>
                    <PropertyRef Name="Zzseqnr"/>
                </Key>
                <Property Name="Zzfiletype" Type="Edm.String" Nullable="false" MaxLength="2" sap:label="LEDES File Type" sap:creatable="false" sap:updatable="false" sap:sortable="false" sap:filterable="false"/>
                <Property Name="ZzinvoiceNumber" Type="Edm.String" Nullable="false" MaxLength="10" sap:label="Invoice Number" sap:creatable="false" sap:updatable="false" sap:sortable="false" sap:filterable="false"/>
                <Property Name="Zzseqnr" Type="Edm.String" Nullable="false" MaxLength="4" sap:label="No. Times Submitted" sap:creatable="false" sap:updatable="false" sap:sortable="false" sap:filterable="false"/>
                <Property Name="Message" Type="Edm.String" Nullable="false" sap:label="Message Log" sap:creatable="false" sap:updatable="false" sap:sortable="false" sap:filterable="false"/>
            </EntityType>
            <EntityType Name="InvoiceStatus" sap:content-version="1">
                <Key>
                    <PropertyRef Name="ZzinvoiceNumber"/>
                    <PropertyRef Name="Zztab"/>
                    <PropertyRef Name="ZzlineItem"/>
                    <PropertyRef Name="MessageLevel"/>
                    <PropertyRef Name="Zzfiletype"/>
                    <PropertyRef Name="Zzseqnr"/>
                </Key>
                <Property Name="ZzinvoiceNumber" Type="Edm.String" Nullable="false" MaxLength="10" sap:label="Billing Doc." sap:creatable="false" sap:updatable="false" sap:sortable="false" sap:filterable="false"/>
                <Property Name="Zztab" Type="Edm.String" Nullable="false" MaxLength="1" sap:label="Char01" sap:creatable="false" sap:updatable="false" sap:sortable="false" sap:filterable="false"/>
                <Property Name="ZzlineItem" Type="Edm.String" Nullable="false" MaxLength="6" sap:label="Item" sap:creatable="false" sap:updatable="false" sap:sortable="false" sap:filterable="false"/>
                <Property Name="ZzmessageLog" Type="Edm.String" Nullable="false" sap:label="ZZMESSAGE_LOG" sap:creatable="false" sap:updatable="false" sap:sortable="false" sap:filterable="false"/>
                <Property Name="MessageLevel" Type="Edm.String" Nullable="false" MaxLength="1" sap:label="Char01" sap:creatable="false" sap:updatable="false" sap:sortable="false" sap:filterable="false"/>
                <Property Name="Zzfiletype" Type="Edm.String" Nullable="false" MaxLength="2" sap:label="LEDES File Type" sap:creatable="false" sap:updatable="false" sap:sortable="false" sap:filterable="false"/>
                <Property Name="Zzseqnr" Type="Edm.String" Nullable="false" MaxLength="4" sap:label="Sequence Number" sap:creatable="false" sap:updatable="false" sap:sortable="false" sap:filterable="false"/>
            </EntityType>
            <EntityType Name="UploadInvoice" m:HasStream="true" sap:content-version="1">
                <Key>
                    <PropertyRef Name="Vbeln"/>
                    <PropertyRef Name="Name"/>
                </Key>
                <Property Name="Vbeln" Type="Edm.String" Nullable="false" MaxLength="10" sap:label="Sales Document" sap:creatable="false" sap:updatable="false" sap:sortable="false" sap:filterable="false"/>
                <Property Name="Xstring" Type="Edm.Binary" Nullable="false" sap:label="xstring" sap:creatable="false" sap:updatable="false" sap:sortable="false" sap:filterable="false"/>
                <Property Name="Name" Type="Edm.String" Nullable="false" MaxLength="30" sap:label="30 Characters" sap:creatable="false" sap:updatable="false" sap:sortable="false" sap:filterable="false"/>
                <Property Name="Msg" Type="Edm.String" Nullable="false" MaxLength="100" sap:label="Character 100" sap:creatable="false" sap:updatable="false" sap:sortable="false" sap:filterable="false"/>
            </EntityType>
            <EntityType Name="PrintInvoice" m:HasStream="true" sap:content-version="1">
                <Key>
                    <PropertyRef Name="Vbeln"/>
                </Key>
                <Property Name="Vbeln" Type="Edm.String" Nullable="false" sap:creatable="false" sap:updatable="false" sap:sortable="false" sap:filterable="false"/>
            </EntityType>
            <EntityType Name="GetExRates" sap:content-version="1">
                <Key>
                    <PropertyRef Name="Kurst"/>
                    <PropertyRef Name="Fcurr"/>
                    <PropertyRef Name="Tcurr"/>
                    <PropertyRef Name="Gdatu"/>
                </Key>
                <Property Name="Kurst" Type="Edm.String" Nullable="false" sap:label="Exch. Rate Type" sap:creatable="false" sap:updatable="false" sap:sortable="false" sap:filterable="false"/>
                <Property Name="Fcurr" Type="Edm.String" Nullable="false" sap:label="From currency" sap:creatable="false" sap:updatable="false" sap:sortable="false" sap:filterable="false"/>
                <Property Name="Tcurr" Type="Edm.String" Nullable="false" sap:label="To-currency" sap:creatable="false" sap:updatable="false" sap:sortable="false" sap:filterable="false"/>
                <Property Name="Gdatu" Type="Edm.String" Nullable="false" MaxLength="10" sap:label="Valid from" sap:creatable="false" sap:updatable="false" sap:sortable="false" sap:filterable="false"/>
                <Property Name="Ukurs" Type="Edm.String" Nullable="false" sap:label="Exchange Rate" sap:creatable="false" sap:updatable="false" sap:sortable="false" sap:filterable="false"/>
            </EntityType>
            <Association Name="InvHeaderToDetail" sap:content-version="1">
                <End Type="ZPRS_LSW_SRV.InvHeader" Multiplicity="1" Role="FromRole_InvHeaderToDetail"/>
                <End Type="ZPRS_LSW_SRV.InvDetail" Multiplicity="*" Role="ToRole_InvHeaderToDetail"/>
                <ReferentialConstraint>
                    <Principal Role="FromRole_InvHeaderToDetail">
                        <PropertyRef Name="Zzseqnr"/>
                        <PropertyRef Name="Zzfiletype"/>
                        <PropertyRef Name="ZzinvoiceNumber"/>
                    </Principal>
                    <Dependent Role="ToRole_InvHeaderToDetail">
                        <PropertyRef Name="Zzseqnr"/>
                        <PropertyRef Name="Zzfiletype"/>
                        <PropertyRef Name="ZzinvoiceNumber"/>
                    </Dependent>
                </ReferentialConstraint>
            </Association>
            <Association Name="InvHeaderToStatus" sap:content-version="1">
                <End Type="ZPRS_LSW_SRV.InvHeader" Multiplicity="1" Role="FromRole_InvHeaderToStatus"/>
                <End Type="ZPRS_LSW_SRV.InvoiceStatus" Multiplicity="*" Role="ToRole_InvHeaderToStatus"/>
                <ReferentialConstraint>
                    <Principal Role="FromRole_InvHeaderToStatus">
                        <PropertyRef Name="Zzseqnr"/>
                        <PropertyRef Name="Zzfiletype"/>
                        <PropertyRef Name="ZzinvoiceNumber"/>
                    </Principal>
                    <Dependent Role="ToRole_InvHeaderToStatus">
                        <PropertyRef Name="Zzseqnr"/>
                        <PropertyRef Name="Zzfiletype"/>
                        <PropertyRef Name="ZzinvoiceNumber"/>
                    </Dependent>
                </ReferentialConstraint>
            </Association>
            <EntityContainer Name="ZPRS_LSW_SRV_Entities" m:IsDefaultEntityContainer="true" sap:supported-formats="atom json xlsx">
                <EntitySet Name="InvHeaderSet" EntityType="ZPRS_LSW_SRV.InvHeader" sap:creatable="false" sap:updatable="false" sap:deletable="false" sap:pageable="false" sap:content-version="1"/>
                <EntitySet Name="FiReturnSet" EntityType="ZPRS_LSW_SRV.FiReturn" sap:creatable="false" sap:updatable="false" sap:deletable="false" sap:pageable="false" sap:addressable="false" sap:content-version="1"/>
                <EntitySet Name="InvoiceStatusSet" EntityType="ZPRS_LSW_SRV.InvoiceStatus" sap:creatable="false" sap:updatable="false" sap:deletable="false" sap:pageable="false" sap:content-version="1"/>
                <EntitySet Name="UploadInvoiceCollection" EntityType="ZPRS_LSW_SRV.UploadInvoice" sap:content-version="1"/>
                <EntitySet Name="PrintInvoiceCollection" EntityType="ZPRS_LSW_SRV.PrintInvoice" sap:content-version="1"/>
                <EntitySet Name="GetExRatesSet" EntityType="ZPRS_LSW_SRV.GetExRates" sap:creatable="false" sap:updatable="false" sap:deletable="false" sap:pageable="false" sap:content-version="1"/>
                <EntitySet Name="InvDetailSet" EntityType="ZPRS_LSW_SRV.InvDetail" sap:creatable="false" sap:updatable="false" sap:deletable="false" sap:pageable="false" sap:content-version="1"/>
                <AssociationSet Name="InvHeaderToDetailSet" Association="ZPRS_LSW_SRV.InvHeaderToDetail" sap:creatable="false" sap:updatable="false" sap:deletable="false" sap:content-version="1">
                    <End EntitySet="InvHeaderSet" Role="FromRole_InvHeaderToDetail"/>
                    <End EntitySet="InvDetailSet" Role="ToRole_InvHeaderToDetail"/>
                </AssociationSet>
                <AssociationSet Name="InvHeaderToStatusSet" Association="ZPRS_LSW_SRV.InvHeaderToStatus" sap:creatable="false" sap:updatable="false" sap:deletable="false" sap:content-version="1">
                    <End EntitySet="InvHeaderSet" Role="FromRole_InvHeaderToStatus"/>
                    <End EntitySet="InvoiceStatusSet" Role="ToRole_InvHeaderToStatus"/>
                </AssociationSet>
                <FunctionImport Name="RejectInvoice" ReturnType="ZPRS_LSW_SRV.FiReturn" EntitySet="FiReturnSet" m:HttpMethod="GET">
                    <Parameter Name="Zzfiletype" Type="Edm.String" Mode="In"/>
                    <Parameter Name="Zzseqnr" Type="Edm.String" Mode="In"/>
                    <Parameter Name="ZzinvoiceNumber" Type="Edm.String" Mode="In"/>
                    <Parameter Name="ZzComments" Type="Edm.String" Mode="In"/>
                </FunctionImport>
                <FunctionImport Name="ApproveInvoice" ReturnType="ZPRS_LSW_SRV.FiReturn" EntitySet="FiReturnSet" m:HttpMethod="GET">
                    <Parameter Name="Zzfiletype" Type="Edm.String" Mode="In"/>
                    <Parameter Name="ZzinvoiceNumber" Type="Edm.String" Mode="In"/>
                    <Parameter Name="Zzseqnr" Type="Edm.String" Mode="In"/>
                </FunctionImport>
                <FunctionImport Name="AcceptPending" ReturnType="ZPRS_LSW_SRV.FiReturn" EntitySet="FiReturnSet" m:HttpMethod="GET">
                    <Parameter Name="Zzfiletype" Type="Edm.String" Mode="In"/>
                    <Parameter Name="ZzinvoiceNumber" Type="Edm.String" Mode="In"/>
                    <Parameter Name="Zzseqnr" Type="Edm.String" Mode="In"/>
                    <Parameter Name="Status" Type="Edm.String" Mode="In"/>
                </FunctionImport>
            </EntityContainer>
            <atom:link
                xmlns:atom="http://www.w3.org/2005/Atom" rel="self" href="./sap/ZPRS_LSW_SRV/$metadata"/>
                <atom:link
                    xmlns:atom="http://www.w3.org/2005/Atom" rel="latest-version" href="./sap/ZPRS_LSW_SRV/$metadata"/>
                </Schema>
            </edmx:DataServices>
        </edmx:Edmx>