{
    "resources": [
        {
            "name": "index.html"
        },
        {
            "name": "fragments/OrgTreePopup.fragment.xml"
        },
        {
            "name": "neo-app.json"
        },
        {
            "name": "controller/ConflictsSearch.controller.js"
        },
        {
            "name": "controller/App.controller.js"
        },
        {
            "name": "controller/BaseController.js"
        },
        {
            "name": "controller/NotFound.controller.js"
        },
        {
            "name": "controller/ErrorHandler.js"
        },
        {
            "name": "css/style.css"
        },
        {
            "name": "i18n/i18n.properties",
            "raw": "i18n/i18n.properties"
        },
        {
            "name": "resources.json",
            "merged": true
        },
        {
            "name": "localService/mockserver.js"
        },
        {
            "name": "localService/metadata.xml"
        },
        {
            "name": "Component-preload.js",
            "merged": true
        },
        {
            "name": ".user.project.json"
        },
        {
            "name": ".project.json"
        },
        {
            "name": "model/models.js"
        },
        {
            "name": "model/orgSearchData.json"
        },
        {
            "name": "model/chart.json"
        },
        {
            "name": "model/formatter.js"
        },
        {
            "name": "model/PersoService.js"
        },
        {
            "name": "model/DownloadTableData.js"
        },
        {
            "name": "manifest.json"
        },
        {
            "name": "Component.js"
        },
        {
            "name": "view/ConflictsSearch.view.xml"
        },
        {
            "name": "view/NotFound.view.xml"
        },
        {
            "name": "view/App.view.xml"
        }
    ]
}