[{
	"Matter": "1000000001",
	"MatterName": "Fifth Avenue Trust",
	"Client": "10001",
	"ClientMatterID": "2015-T-1035",
	"ProfessionalEmail": "Hcraig@fmg.com",
	"InvoiceDesc": "For Services Rendered",
	"MatterIDOverride": "2015-T-1035",
	"ClaimNo": "1022345668",
	"BillingMethod ": "Z4 Ebill",
	"eBillVendor": "Collaborati",
	"MatterState": "Reconciled",
	"SetSpecialist": "Hanna Craig",
	"ClientIDOverride": "10005",
	"LawFirmName": "Freeman Mathis & Gary, LLP",
	"eBillClientName": "Two Sigma Investments",
	"LawFirmNo": "EIN13554356",
	"ClientName": "Two Sigma Investments",
	"DivisionOffice": "ATL1",
	"LOBCode": "2999-001",
	"ClaimHandler": "NA",
	"ClaimantName": "NA",
	"Division": "NA",
	"CaseLevelID": "NA",
	"DateofLoss": "NA",
	"eBillLocation": "New York",
	"DraftBillNumber": "70041230",
	"Invoice": "9160000431",
	"DraftBillAmount": "3,921.00",
	"InvoiceAmount": "3,921.00",
	"Role": "M"
}, {
	"Matter": "1000000004",
	"MatterName": "BNPP/KDB Loan to H-Line",
	"Client": "10002",
	"ClientMatterID": "2015-T-1038",
	"ProfessionalEmail": "cjonathan@fmg.com",
	"InvoiceDesc": "For Services Rendered",
	"ClaimNo": "1022345671",
	"BillingMethod ": "Z4 Ebill",
	"eBillVendor": "Legal Solutions/One Beacon",
	"MatterState": "Unreconciled",
	"ClientIDOverride": "10005",
	"LawFirmName": "Freeman Mathis & Gary, LLP",
	"eBillClientName": "Bank of New York",
	"LawFirmNo": "EIN13554359",
	"DivisionOffice": "ATL1",
	"LOBCode": "NA",
	"ClaimHandler": "NA",
	"ClaimantName": "NA",
	"Division": "NA",
	"CaseLevelID": "NA",
	"DateofLoss": "NA",
	"eBillLocation": "NA",
	"Role": "M"
}, {
	"Matter": "1000000005",
	"MatterName": "GTAM-CB Default Notices",
	"Client": "10002",
	"ClientMatterID": "2015-T-1039",
	"ProfessionalEmail": "kpollard@fmg.com",
	"InvoiceDesc": "For Services Rendered",
	"ClaimNo": "1022345672",
	"BillingMethod ": "Z4 Ebill",
	"eBillVendor": "Legal-X",
	"MatterState": "Unreconciled",
	"ClientIDOverride": "10006",
	"LawFirmName": "Freeman Mathis & Gary, LLP",
	"eBillClientName": "Bank of New York",
	"LawFirmNo": "EIN13554360",
	"DivisionOffice": "ATL1",
	"LOBCode": "NA",
	"ClaimHandler": "NA",
	"ClaimantName": "NA",
	"Division": "NA",
	"CaseLevelID": "NA",
	"DateofLoss": "NA",
	"eBillLocation": "NA",
	"Role": "M"
}, {
	"Matter": "1000000006",
	"MatterName": "Brunswick Corporation ",
	"Client": "10002",
	"ClientMatterID": "2015-T-1040",
	"ProfessionalEmail": "kedward@fmg.com",
	"InvoiceDesc": "For Services Rendered",
	"ClaimNo": "1022345673",
	"BillingMethod ": "Z4 Ebill",
	"eBillVendor": "LegalExchange (Bottomline)",
	"MatterState": "Unreconciled",
	"ClientIDOverride": "10006",
	"LawFirmName": "Freeman Mathis & Gary, LLP",
	"eBillClientName": "Bank of New York",
	"LawFirmNo": "EIN13554361",
	"DivisionOffice": "ATL1",
	"LOBCode": "NA",
	"ClaimHandler": "NA",
	"ClaimantName": "NA",
	"Division": "NA",
	"CaseLevelID": "NA",
	"DateofLoss": "NA",
	"eBillLocation": "NA",
	"Role": "M"
}, {
	"Matter": "1000000007",
	"MatterName": "Tiger PIP XII",
	"Client": "10002",
	"ClientMatterID": "2015-T-1041",
	"ProfessionalEmail": "pewarski@fmg.com",
	"InvoiceDesc": "For Services Rendered",
	"ClaimNo": "1022345674",
	"BillingMethod ": "Z4 Ebill",
	"eBillVendor": "Serengeti (Legal Tracker)",
	"MatterState": "Unreconciled",
	"ClientIDOverride": "10006",
	"LawFirmName": "Freeman Mathis & Gary, LLP",
	"eBillClientName": "Bank of New York",
	"LawFirmNo": "EIN13554362",
	"DivisionOffice": "ATL1",
	"LOBCode": "NA",
	"ClaimHandler": "NA",
	"ClaimantName": "NA",
	"Division": "NA",
	"CaseLevelID": "NA",
	"DateofLoss": "NA",
	"eBillLocation": "NA",
	"Role": "M"
}, {
	"Matter": "1000000008",
	"MatterName": "Carlyle 2020-A (Citi)",
	"Client": "10002",
	"ClientMatterID": "2015-T-1042",
	"ProfessionalEmail": "dcaustro@fmg.com",
	"InvoiceDesc": "For Services Rendered",
	"ClaimNo": "1022345675",
	"BillingMethod ": "Z4 Ebill",
	"eBillVendor": "Stuart Maue",
	"MatterState": "Unreconciled",
	"ClientIDOverride": "10006",
	"LawFirmName": "Freeman Mathis & Gary, LLP",
	"eBillClientName": "Bank of New York",
	"LawFirmNo": "EIN13554363",
	"DivisionOffice": "ATL1",
	"LOBCode": "NA",
	"ClaimHandler": "NA",
	"ClaimantName": "NA",
	"Division": "NA",
	"CaseLevelID": "NA",
	"DateofLoss": "NA",
	"eBillLocation": "NA",
	"Role": "M"
}, {
	"Matter": "1000000009",
	"MatterName": "Investor Negotiations",
	"Client": "10002",
	"ClientMatterID": "2015-T-1043",
	"ProfessionalEmail": "tchristina@fmg.com",
	"InvoiceDesc": "For Services Rendered",
	"ClaimNo": "1022345676",
	"BillingMethod ": "Z4 Ebill",
	"eBillVendor": "T360",
	"MatterState": "Unreconciled",
	"ClientIDOverride": "10006",
	"LawFirmName": "Freeman Mathis & Gary, LLP",
	"eBillClientName": "Bank of New York",
	"LawFirmNo": "EIN13554364",
	"DivisionOffice": "ATL1",
	"LOBCode": "NA",
	"ClaimHandler": "NA",
	"ClaimantName": "NA",
	"Division": "NA",
	"CaseLevelID": "NA",
	"DateofLoss": "NA",
	"eBillLocation": "NA",
	"Role": "M"
}]