<edmx:Edmx
    xmlns:edmx="http://schemas.microsoft.com/ado/2007/06/edmx"
    xmlns:m="http://schemas.microsoft.com/ado/2007/08/dataservices/metadata"
    xmlns:sap="http://www.sap.com/Protocols/SAPData" Version="1.0">
    <edmx:DataServices m:DataServiceVersion="2.0">
        <Schema
            xmlns="http://schemas.microsoft.com/ado/2008/09/edm" Namespace="ZPRS_CMI_ADMIN_TABS_SRV" xml:lang="en" sap:schema-version="1">
            <EntityType Name="Busconsideration" sap:semantics="aggregate" sap:content-version="1">
                <Key>
                    <PropertyRef Name="Attributetypek"/>
                    <PropertyRef Name="Questiontypek"/>
                    <PropertyRef Name="Uniqueid"/>
                </Key>
                <Property Name="Attributetypek" Type="Edm.String" Nullable="false" MaxLength="2" sap:unicode="false" sap:label="Att. type"/>
                <Property Name="Groupk" Type="Edm.String" Nullable="false" MaxLength="3" sap:unicode="false" sap:label="Group"/>
                <Property Name="Questiontypek" Type="Edm.String" Nullable="false" MaxLength="2" sap:unicode="false" sap:label="Ques. Type"/>
                <Property Name="Questioncategoryk" Type="Edm.String" Nullable="false" MaxLength="2" sap:unicode="false" sap:label="Question Catg."/>
                <Property Name="Uniqueid" Type="Edm.Int32" Nullable="false" sap:unicode="false" sap:label="Number"/>
                <Property Name="Requiredquestion" Type="Edm.String" Nullable="false" MaxLength="1" sap:unicode="false" sap:label="Req. Ques."/>
                <Property Name="QuestionText" Type="Edm.String" Nullable="false" MaxLength="500" sap:unicode="false" sap:label="Ques. Text"/>
                <Property Name="DefaultAnswer" Type="Edm.String" Nullable="false" MaxLength="3" sap:unicode="false" sap:label="Def. Ans."/>
                <Property Name="DefaultRoutingRecipient" Type="Edm.String" Nullable="false" MaxLength="2" sap:unicode="false" sap:label="Def. Recip."/>
                <Property Name="Personid" Type="Edm.String" Nullable="false" MaxLength="8" sap:unicode="false" sap:label="Personnel No."/>
                <Property Name="RiskLevelResp" Type="Edm.String" Nullable="false" MaxLength="2" sap:unicode="false" sap:label="Risk level resp."/>
                <Property Name="Answerchoice1" Type="Edm.String" Nullable="false" MaxLength="500" sap:unicode="false" sap:label="Ans. choice 1"/>
                <Property Name="Answerchoice1Risk" Type="Edm.String" Nullable="false" MaxLength="2" sap:unicode="false" sap:label="Risk level resp."/>
                <Property Name="Answerchoice2" Type="Edm.String" Nullable="false" MaxLength="500" sap:unicode="false" sap:label="Ans. choice 2"/>
                <Property Name="Answerchoice2Risk" Type="Edm.String" Nullable="false" MaxLength="2" sap:unicode="false" sap:label="Risk level resp."/>
                <Property Name="Answerchoice3" Type="Edm.String" Nullable="false" MaxLength="500" sap:unicode="false" sap:label="Ans. choice 3"/>
                <Property Name="Answerchoice3Risk" Type="Edm.String" Nullable="false" MaxLength="2" sap:unicode="false" sap:label="Risk level resp."/>
                <Property Name="AllowMoreQuestions" Type="Edm.String" Nullable="false" MaxLength="1" sap:unicode="false" sap:label="Allow extr. ques."/>
                <Property Name="AddAnswerOrComment" Type="Edm.String" Nullable="false" MaxLength="1" sap:unicode="false" sap:label="Add ans. or comm."/>
                <Property Name="Createdon" Type="Edm.Decimal" Precision="15" Scale="0" sap:unicode="false" sap:label="Created On"/>
                <Property Name="Scalerangeleft" Type="Edm.Int16" Nullable="false" sap:unicode="false" sap:label="Scale left"/>
                <Property Name="Scalerangecenter" Type="Edm.Int16" Nullable="false" sap:unicode="false" sap:label="Scale center"/>
                <Property Name="Scalerangeright" Type="Edm.Int16" Nullable="false" sap:unicode="false" sap:label="Scale right"/>
                <Property Name="Textfield" Type="Edm.String" Nullable="false" MaxLength="1000" sap:unicode="false" sap:label="Text box"/>
                <Property Name="RankChoice1" Type="Edm.String" Nullable="false" MaxLength="100" sap:unicode="false" sap:label="Rank choice"/>
                <Property Name="RankChoice2" Type="Edm.String" Nullable="false" MaxLength="100" sap:unicode="false" sap:label="Rank choice"/>
                <Property Name="RankChoice3" Type="Edm.String" Nullable="false" MaxLength="100" sap:unicode="false" sap:label="Rank choice"/>
                <Property Name="AddNaColumn" Type="Edm.String" Nullable="false" MaxLength="1" sap:unicode="false" sap:label="Add N/A Column" sap:filterable="false"/>
            </EntityType>
            <EntityType Name="Riskconsideration" sap:content-version="1">
                <Key>
                    <PropertyRef Name="Attributetypek"/>
                    <PropertyRef Name="Uniqueid"/>
                    <PropertyRef Name="Questiontypek"/>
                </Key>
                <Property Name="Attributetypek" Type="Edm.String" Nullable="false" MaxLength="2" sap:unicode="false" sap:label="Att. type"/>
                <Property Name="Groupk" Type="Edm.String" Nullable="false" MaxLength="3" sap:unicode="false" sap:label="Group"/>
                <Property Name="Uniqueid" Type="Edm.Int32" Nullable="false" sap:unicode="false" sap:label="Number"/>
                <Property Name="Questiontypek" Type="Edm.String" Nullable="false" MaxLength="2" sap:unicode="false" sap:label="Ques. Type"/>
                <Property Name="Requiredquestion" Type="Edm.String" Nullable="false" MaxLength="1" sap:unicode="false" sap:label="Req. Ques."/>
                <Property Name="QuestionText" Type="Edm.String" Nullable="false" MaxLength="500" sap:unicode="false" sap:label="Ques. Text"/>
                <Property Name="DefaultAnswer" Type="Edm.String" Nullable="false" MaxLength="3" sap:unicode="false" sap:label="Def. Ans."/>
                <Property Name="DefaultRoutingRecipient" Type="Edm.String" Nullable="false" MaxLength="2" sap:unicode="false" sap:label="Def. Recip."/>
                <Property Name="Personid" Type="Edm.String" Nullable="false" MaxLength="8" sap:unicode="false" sap:label="Personnel No."/>
                <Property Name="RiskLevelResp" Type="Edm.String" Nullable="false" MaxLength="2" sap:unicode="false" sap:label="Risk level resp."/>
                <Property Name="Answerchoice1" Type="Edm.String" Nullable="false" MaxLength="500" sap:unicode="false" sap:label="Ans. choice 1"/>
                <Property Name="Answerchoice1Risk" Type="Edm.String" Nullable="false" MaxLength="2" sap:unicode="false" sap:label="Risk level resp."/>
                <Property Name="Answerchoice2" Type="Edm.String" Nullable="false" MaxLength="500" sap:unicode="false" sap:label="Ans. choice 2"/>
                <Property Name="Answerchoice2Risk" Type="Edm.String" Nullable="false" MaxLength="2" sap:unicode="false" sap:label="Risk level resp."/>
                <Property Name="Answerchoice3" Type="Edm.String" Nullable="false" MaxLength="500" sap:unicode="false" sap:label="Ans. choice 3"/>
                <Property Name="Answerchoice3Risk" Type="Edm.String" Nullable="false" MaxLength="2" sap:unicode="false" sap:label="Risk level resp."/>
                <Property Name="AllowMoreQuestions" Type="Edm.String" Nullable="false" MaxLength="1" sap:unicode="false" sap:label="Allow extr. ques."/>
                <Property Name="AddAnswerOrComment" Type="Edm.String" Nullable="false" MaxLength="1" sap:unicode="false" sap:label="Add ans. or comm."/>
                <Property Name="Createdon" Type="Edm.Decimal" Precision="15" Scale="0" sap:unicode="false" sap:label="Created On"/>
                <Property Name="Scalerangeleft" Type="Edm.Int16" Nullable="false" sap:unicode="false" sap:label="Scale left"/>
                <Property Name="Scalerangecenter" Type="Edm.Int16" Nullable="false" sap:unicode="false" sap:label="Scale center"/>
                <Property Name="Scalerangeright" Type="Edm.Int16" Nullable="false" sap:unicode="false" sap:label="Scale right"/>
                <Property Name="Textfield" Type="Edm.String" Nullable="false" MaxLength="1000" sap:unicode="false" sap:label="Text box"/>
                <Property Name="RankChoice1" Type="Edm.String" Nullable="false" MaxLength="100" sap:unicode="false" sap:label="Rank choice"/>
                <Property Name="RankChoice2" Type="Edm.String" Nullable="false" MaxLength="100" sap:unicode="false" sap:label="Rank choice"/>
                <Property Name="RankChoice3" Type="Edm.String" Nullable="false" MaxLength="100" sap:unicode="false" sap:label="Rank choice"/>
                <Property Name="AddNaColumn" Type="Edm.String" Nullable="false" MaxLength="1" sap:unicode="false" sap:label="Add N/A Column"/>
            </EntityType>
            <EntityType Name="Riskmatrix" sap:content-version="1">
                <Key>
                    <PropertyRef Name="Uniqueid"/>
                </Key>
                <Property Name="Uniqueid" Type="Edm.Int32" Nullable="false" sap:unicode="false" sap:label="Number" sap:creatable="false" sap:updatable="false" sap:sortable="false" sap:filterable="false"/>
                <Property Name="RiskdefroutingVl" Type="Edm.String" Nullable="false" MaxLength="2" sap:unicode="false" sap:label="Role for RM" sap:creatable="false" sap:updatable="false" sap:sortable="false" sap:filterable="false"/>
                <Property Name="VerylowriskRange" Type="Edm.String" Nullable="false" MaxLength="3" sap:unicode="false" sap:label="CMI Risk range" sap:creatable="false" sap:updatable="false" sap:sortable="false" sap:filterable="false"/>
                <Property Name="RiskdefroutingL" Type="Edm.String" Nullable="false" MaxLength="2" sap:unicode="false" sap:label="Role for RM" sap:creatable="false" sap:updatable="false" sap:sortable="false" sap:filterable="false"/>
                <Property Name="LowriskRange" Type="Edm.String" Nullable="false" MaxLength="3" sap:unicode="false" sap:label="CMI Risk range" sap:creatable="false" sap:updatable="false" sap:sortable="false" sap:filterable="false"/>
                <Property Name="RiskdefroutingM" Type="Edm.String" Nullable="false" MaxLength="2" sap:unicode="false" sap:label="Role for RM" sap:creatable="false" sap:updatable="false" sap:sortable="false" sap:filterable="false"/>
                <Property Name="MediumriskRange" Type="Edm.String" Nullable="false" MaxLength="3" sap:unicode="false" sap:label="CMI Risk range" sap:creatable="false" sap:updatable="false" sap:sortable="false" sap:filterable="false"/>
                <Property Name="RiskdefroutingH" Type="Edm.String" Nullable="false" MaxLength="2" sap:unicode="false" sap:label="Role for RM" sap:creatable="false" sap:updatable="false" sap:sortable="false" sap:filterable="false"/>
                <Property Name="HighriskRange" Type="Edm.String" Nullable="false" MaxLength="3" sap:unicode="false" sap:label="CMI Risk range" sap:creatable="false" sap:updatable="false" sap:sortable="false" sap:filterable="false"/>
                <Property Name="RiskdefroutingVh" Type="Edm.String" Nullable="false" MaxLength="2" sap:unicode="false" sap:label="Role for RM" sap:creatable="false" sap:updatable="false" sap:sortable="false" sap:filterable="false"/>
                <Property Name="VeryhighriskRange" Type="Edm.String" Nullable="false" MaxLength="3" sap:unicode="false" sap:label="CMI Risk range" sap:creatable="false" sap:updatable="false" sap:sortable="false" sap:filterable="false"/>
            </EntityType>
            <EntityType Name="Term" sap:content-version="1">
                <Key>
                    <PropertyRef Name="Categoryid"/>
                    <PropertyRef Name="Subcategoryid"/>
                </Key>
                <Property Name="Categoryid" Type="Edm.String" Nullable="false" MaxLength="2" sap:unicode="false" sap:label="Category ID"/>
                <Property Name="Subcategoryid" Type="Edm.String" Nullable="false" MaxLength="2" sap:unicode="false" sap:label="Sub Category ID"/>
                <Property Name="SubcategoryidDesc" Type="Edm.String" Nullable="false" MaxLength="100" sap:unicode="false" sap:label="Sub Cat. Desc."/>
            </EntityType>
            <EntityType Name="VL_SH_ZPRS_SH_CMI_QUES_GROUP_F" sap:content-version="1">
                <Key>
                    <PropertyRef Name="GROUPK"/>
                    <PropertyRef Name="GROUP"/>
                </Key>
                <Property Name="GROUPK" Type="Edm.String" Nullable="false" MaxLength="3" sap:display-format="UpperCase" sap:label="Group"/>
                <Property Name="GROUP" Type="Edm.String" Nullable="false" MaxLength="60" sap:label="Group"/>
            </EntityType>
            <EntityType Name="VL_SH_ZPRS_SH_CMI_QUESTION_TYPE_F" sap:content-version="1">
                <Key>
                    <PropertyRef Name="QUESTIONTYPEK"/>
                    <PropertyRef Name="QUESTIONTYPE"/>
                </Key>
                <Property Name="QUESTIONTYPEK" Type="Edm.String" Nullable="false" MaxLength="2" sap:label="Ques. Type"/>
                <Property Name="QUESTIONTYPE" Type="Edm.String" Nullable="false" MaxLength="100" sap:label="Question type desc."/>
            </EntityType>
            <EntityType Name="VL_CH_ZPRS_CMI_QUE_CAT" sap:content-version="1">
                <Key>
                    <PropertyRef Name="QUESTIONCATEGORYK"/>
                </Key>
                <Property Name="QUESTIONCATEGORYK" Type="Edm.String" Nullable="false" MaxLength="2" sap:label="Question Catg."/>
            </EntityType>
            <EntityType Name="VL_SH_ZPRS_SH_CMI_QUES_PERSON_F" sap:content-version="1">
                <Key>
                    <PropertyRef Name="PERSONID"/>
                    <PropertyRef Name="NAME"/>
                </Key>
                <Property Name="PERSONID" Type="Edm.String" Nullable="false" MaxLength="12" sap:display-format="UpperCase" sap:label="Person ID"/>
                <Property Name="NAME" Type="Edm.String" Nullable="false" MaxLength="60" sap:label="Person Name"/>
            </EntityType>
            <EntityType Name="VL_CH_ZPRS_CMI_RISK_L" sap:content-version="1">
                <Key>
                    <PropertyRef Name="RISK_LEVEL"/>
                </Key>
                <Property Name="RISK_LEVEL" Type="Edm.String" Nullable="false" MaxLength="2" sap:display-format="UpperCase" sap:label="Risk level resp."/>
            </EntityType>
            <EntityType Name="VL_SH_ZPRS_SH_CMI_TERMS_CAT_F" sap:content-version="1">
                <Key>
                    <PropertyRef Name="CATEGORYID"/>
                    <PropertyRef Name="CATEGORY"/>
                </Key>
                <Property Name="CATEGORYID" Type="Edm.String" Nullable="false" MaxLength="2" sap:display-format="UpperCase" sap:label="Category ID"/>
                <Property Name="CATEGORY" Type="Edm.String" Nullable="false" MaxLength="100" sap:display-format="UpperCase" sap:label="Category"/>
            </EntityType>
            <EntityType Name="VL_FV_ZPRS_CMI_ATTRIB_TYPE" sap:content-version="1">
                <Key>
                    <PropertyRef Name="Code"/>
                </Key>
                <Property Name="Code" Type="Edm.String" Nullable="false" MaxLength="2" sap:text="Text"/>
                <Property Name="Text" Type="Edm.String" MaxLength="60" sap:label="Short Descript."/>
            </EntityType>
            <EntityType Name="VL_FV_BOOLEAN" sap:content-version="1">
                <Key>
                    <PropertyRef Name="Code"/>
                </Key>
                <Property Name="Code" Type="Edm.String" Nullable="false" MaxLength="1" sap:text="Text"/>
                <Property Name="Text" Type="Edm.String" MaxLength="60" sap:label="Short Descript."/>
            </EntityType>
            <EntityType Name="VL_FV_ZPRS_CMI_DEF_ANS" sap:content-version="1">
                <Key>
                    <PropertyRef Name="Code"/>
                </Key>
                <Property Name="Code" Type="Edm.String" Nullable="false" MaxLength="3" sap:text="Text"/>
                <Property Name="Text" Type="Edm.String" MaxLength="60" sap:label="Short Descript."/>
            </EntityType>
            <EntityType Name="VL_FV_ZPRS_CMI_ROUT_RECIP" sap:content-version="1">
                <Key>
                    <PropertyRef Name="Code"/>
                </Key>
                <Property Name="Code" Type="Edm.String" Nullable="false" MaxLength="2" sap:text="Text"/>
                <Property Name="Text" Type="Edm.String" MaxLength="60" sap:label="Short Descript."/>
            </EntityType>
            <EntityContainer Name="ZPRS_CMI_ADMIN_TABS_SRV_Entities" m:IsDefaultEntityContainer="true" sap:supported-formats="atom json xlsx">
                <EntitySet Name="Busconsiderations" EntityType="ZPRS_CMI_ADMIN_TABS_SRV.Busconsideration" sap:deletable="false" sap:searchable="true" sap:pageable="false" sap:content-version="1"/>
                <EntitySet Name="Riskconsiderations" EntityType="ZPRS_CMI_ADMIN_TABS_SRV.Riskconsideration" sap:deletable="false" sap:searchable="true" sap:pageable="false" sap:content-version="1"/>
                <EntitySet Name="Riskmatrices" EntityType="ZPRS_CMI_ADMIN_TABS_SRV.Riskmatrix" sap:deletable="false" sap:searchable="true" sap:pageable="false" sap:content-version="1"/>
                <EntitySet Name="Terms" EntityType="ZPRS_CMI_ADMIN_TABS_SRV.Term" sap:deletable="false" sap:searchable="true" sap:pageable="false" sap:content-version="1"/>
                <EntitySet Name="VL_SH_ZPRS_SH_CMI_QUES_GROUP_F" EntityType="ZPRS_CMI_ADMIN_TABS_SRV.VL_SH_ZPRS_SH_CMI_QUES_GROUP_F" sap:creatable="false" sap:updatable="false" sap:deletable="false" sap:content-version="1" sap:countable="false"/>
                <EntitySet Name="VL_SH_ZPRS_SH_CMI_QUESTION_TYPE_F" EntityType="ZPRS_CMI_ADMIN_TABS_SRV.VL_SH_ZPRS_SH_CMI_QUESTION_TYPE_F" sap:creatable="false" sap:updatable="false" sap:deletable="false" sap:content-version="1" sap:countable="false"/>
                <EntitySet Name="VL_CH_ZPRS_CMI_QUE_CAT" EntityType="ZPRS_CMI_ADMIN_TABS_SRV.VL_CH_ZPRS_CMI_QUE_CAT" sap:creatable="false" sap:updatable="false" sap:deletable="false" sap:content-version="1" sap:countable="false" sap:semantics="aggregate"/>
                <EntitySet Name="VL_SH_ZPRS_SH_CMI_QUES_PERSON_F" EntityType="ZPRS_CMI_ADMIN_TABS_SRV.VL_SH_ZPRS_SH_CMI_QUES_PERSON_F" sap:creatable="false" sap:updatable="false" sap:deletable="false" sap:content-version="1" sap:countable="false"/>
                <EntitySet Name="VL_CH_ZPRS_CMI_RISK_L" EntityType="ZPRS_CMI_ADMIN_TABS_SRV.VL_CH_ZPRS_CMI_RISK_L" sap:creatable="false" sap:updatable="false" sap:deletable="false" sap:content-version="1" sap:countable="false" sap:semantics="aggregate"/>
                <EntitySet Name="VL_SH_ZPRS_SH_CMI_TERMS_CAT_F" EntityType="ZPRS_CMI_ADMIN_TABS_SRV.VL_SH_ZPRS_SH_CMI_TERMS_CAT_F" sap:creatable="false" sap:updatable="false" sap:deletable="false" sap:content-version="1" sap:countable="false"/>
                <EntitySet Name="VL_FV_ZPRS_CMI_ATTRIB_TYPE" EntityType="ZPRS_CMI_ADMIN_TABS_SRV.VL_FV_ZPRS_CMI_ATTRIB_TYPE" sap:content-version="1" sap:semantics="fixed-values"/>
                <EntitySet Name="VL_FV_BOOLEAN" EntityType="ZPRS_CMI_ADMIN_TABS_SRV.VL_FV_BOOLEAN" sap:content-version="1" sap:semantics="fixed-values"/>
                <EntitySet Name="VL_FV_ZPRS_CMI_DEF_ANS" EntityType="ZPRS_CMI_ADMIN_TABS_SRV.VL_FV_ZPRS_CMI_DEF_ANS" sap:content-version="1" sap:semantics="fixed-values"/>
                <EntitySet Name="VL_FV_ZPRS_CMI_ROUT_RECIP" EntityType="ZPRS_CMI_ADMIN_TABS_SRV.VL_FV_ZPRS_CMI_ROUT_RECIP" sap:content-version="1" sap:semantics="fixed-values"/>
            </EntityContainer>
            <Annotations
                xmlns="http://docs.oasis-open.org/odata/ns/edm" Target="ZPRS_CMI_ADMIN_TABS_SRV.Busconsideration/Attributetypek">
                <Annotation Term="com.sap.vocabularies.Common.v1.ValueList">
                    <Record>
                        <PropertyValue Property="Label" String="CMI Attribute - BC or RC"/>
                        <PropertyValue Property="CollectionPath" String="VL_FV_ZPRS_CMI_ATTRIB_TYPE"/>
                        <PropertyValue Property="Parameters">
                            <Collection>
                                <Record Type="com.sap.vocabularies.Common.v1.ValueListParameterInOut">
                                    <PropertyValue Property="LocalDataProperty" PropertyPath="Attributetypek"/>
                                    <PropertyValue Property="ValueListProperty" String="Code"/>
                                </Record>
                                <Record Type="com.sap.vocabularies.Common.v1.ValueListParameterDisplayOnly">
                                    <PropertyValue Property="ValueListProperty" String="Text"/>
                                </Record>
                            </Collection>
                        </PropertyValue>
                    </Record>
                </Annotation>
            </Annotations>
            <Annotations
                xmlns="http://docs.oasis-open.org/odata/ns/edm" Target="ZPRS_CMI_ADMIN_TABS_SRV.Busconsideration/Groupk">
                <Annotation Term="com.sap.vocabularies.Common.v1.ValueList">
                    <Record>
                        <PropertyValue Property="Label" String="CMI Default routing recipient search help - Group"/>
                        <PropertyValue Property="CollectionPath" String="VL_SH_ZPRS_SH_CMI_QUES_GROUP_F"/>
                        <PropertyValue Property="Parameters">
                            <Collection>
                                <Record Type="com.sap.vocabularies.Common.v1.ValueListParameterInOut">
                                    <PropertyValue Property="LocalDataProperty" PropertyPath="Groupk"/>
                                    <PropertyValue Property="ValueListProperty" String="GROUPK"/>
                                </Record>
                                <Record Type="com.sap.vocabularies.Common.v1.ValueListParameterDisplayOnly">
                                    <PropertyValue Property="ValueListProperty" String="GROUP"/>
                                </Record>
                            </Collection>
                        </PropertyValue>
                    </Record>
                </Annotation>
            </Annotations>
            <Annotations
                xmlns="http://docs.oasis-open.org/odata/ns/edm" Target="ZPRS_CMI_ADMIN_TABS_SRV.Busconsideration/Questiontypek">
                <Annotation Term="com.sap.vocabularies.Common.v1.ValueList">
                    <Record>
                        <PropertyValue Property="Label" String="CMI Question type search help"/>
                        <PropertyValue Property="CollectionPath" String="VL_SH_ZPRS_SH_CMI_QUESTION_TYPE_F"/>
                        <PropertyValue Property="Parameters">
                            <Collection>
                                <Record Type="com.sap.vocabularies.Common.v1.ValueListParameterOut">
                                    <PropertyValue Property="LocalDataProperty" PropertyPath="Questiontypek"/>
                                    <PropertyValue Property="ValueListProperty" String="QUESTIONTYPEK"/>
                                </Record>
                                <Record Type="com.sap.vocabularies.Common.v1.ValueListParameterOut">
                                    <PropertyValue Property="LocalDataProperty" PropertyPath="Questiontypek"/>
                                    <PropertyValue Property="ValueListProperty" String="QUESTIONTYPE"/>
                                </Record>
                            </Collection>
                        </PropertyValue>
                    </Record>
                </Annotation>
            </Annotations>
            <Annotations
                xmlns="http://docs.oasis-open.org/odata/ns/edm" Target="ZPRS_CMI_ADMIN_TABS_SRV.Busconsideration/Questioncategoryk">
                <Annotation Term="com.sap.vocabularies.Common.v1.ValueList">
                    <Record>
                        <PropertyValue Property="CollectionPath" String="VL_CH_ZPRS_CMI_QUE_CAT"/>
                        <PropertyValue Property="Parameters">
                            <Collection>
                                <Record Type="com.sap.vocabularies.Common.v1.ValueListParameterInOut">
                                    <PropertyValue Property="LocalDataProperty" PropertyPath="Questioncategoryk"/>
                                    <PropertyValue Property="ValueListProperty" String="QUESTIONCATEGORYK"/>
                                </Record>
                            </Collection>
                        </PropertyValue>
                    </Record>
                </Annotation>
            </Annotations>
            <Annotations
                xmlns="http://docs.oasis-open.org/odata/ns/edm" Target="ZPRS_CMI_ADMIN_TABS_SRV.Busconsideration/Requiredquestion">
                <Annotation Term="com.sap.vocabularies.Common.v1.ValueList">
                    <Record>
                        <PropertyValue Property="Label" String="Required Question"/>
                        <PropertyValue Property="CollectionPath" String="VL_FV_BOOLEAN"/>
                        <PropertyValue Property="Parameters">
                            <Collection>
                                <Record Type="com.sap.vocabularies.Common.v1.ValueListParameterInOut">
                                    <PropertyValue Property="LocalDataProperty" PropertyPath="Requiredquestion"/>
                                    <PropertyValue Property="ValueListProperty" String="Code"/>
                                </Record>
                                <Record Type="com.sap.vocabularies.Common.v1.ValueListParameterDisplayOnly">
                                    <PropertyValue Property="ValueListProperty" String="Text"/>
                                </Record>
                            </Collection>
                        </PropertyValue>
                    </Record>
                </Annotation>
            </Annotations>
            <Annotations
                xmlns="http://docs.oasis-open.org/odata/ns/edm" Target="ZPRS_CMI_ADMIN_TABS_SRV.Busconsideration/DefaultAnswer">
                <Annotation Term="com.sap.vocabularies.Common.v1.ValueList">
                    <Record>
                        <PropertyValue Property="Label" String="CMI Default Answer"/>
                        <PropertyValue Property="CollectionPath" String="VL_FV_ZPRS_CMI_DEF_ANS"/>
                        <PropertyValue Property="Parameters">
                            <Collection>
                                <Record Type="com.sap.vocabularies.Common.v1.ValueListParameterInOut">
                                    <PropertyValue Property="LocalDataProperty" PropertyPath="DefaultAnswer"/>
                                    <PropertyValue Property="ValueListProperty" String="Code"/>
                                </Record>
                                <Record Type="com.sap.vocabularies.Common.v1.ValueListParameterDisplayOnly">
                                    <PropertyValue Property="ValueListProperty" String="Text"/>
                                </Record>
                            </Collection>
                        </PropertyValue>
                    </Record>
                </Annotation>
            </Annotations>
            <Annotations
                xmlns="http://docs.oasis-open.org/odata/ns/edm" Target="ZPRS_CMI_ADMIN_TABS_SRV.Busconsideration/DefaultRoutingRecipient">
                <Annotation Term="com.sap.vocabularies.Common.v1.ValueList">
                    <Record>
                        <PropertyValue Property="Label" String="Default routing recipient"/>
                        <PropertyValue Property="CollectionPath" String="VL_FV_ZPRS_CMI_ROUT_RECIP"/>
                        <PropertyValue Property="Parameters">
                            <Collection>
                                <Record Type="com.sap.vocabularies.Common.v1.ValueListParameterInOut">
                                    <PropertyValue Property="LocalDataProperty" PropertyPath="DefaultRoutingRecipient"/>
                                    <PropertyValue Property="ValueListProperty" String="Code"/>
                                </Record>
                                <Record Type="com.sap.vocabularies.Common.v1.ValueListParameterDisplayOnly">
                                    <PropertyValue Property="ValueListProperty" String="Text"/>
                                </Record>
                            </Collection>
                        </PropertyValue>
                    </Record>
                </Annotation>
            </Annotations>
            <Annotations
                xmlns="http://docs.oasis-open.org/odata/ns/edm" Target="ZPRS_CMI_ADMIN_TABS_SRV.Busconsideration/Personid">
                <Annotation Term="com.sap.vocabularies.Common.v1.ValueList">
                    <Record>
                        <PropertyValue Property="Label" String="CMI Default routing recipient search help - Persons"/>
                        <PropertyValue Property="CollectionPath" String="VL_SH_ZPRS_SH_CMI_QUES_PERSON_F"/>
                        <PropertyValue Property="Parameters">
                            <Collection>
                                <Record Type="com.sap.vocabularies.Common.v1.ValueListParameterInOut">
                                    <PropertyValue Property="LocalDataProperty" PropertyPath="Personid"/>
                                    <PropertyValue Property="ValueListProperty" String="PERSONID"/>
                                </Record>
                                <Record Type="com.sap.vocabularies.Common.v1.ValueListParameterDisplayOnly">
                                    <PropertyValue Property="ValueListProperty" String="NAME"/>
                                </Record>
                            </Collection>
                        </PropertyValue>
                    </Record>
                </Annotation>
            </Annotations>
            <Annotations
                xmlns="http://docs.oasis-open.org/odata/ns/edm" Target="ZPRS_CMI_ADMIN_TABS_SRV.Busconsideration/Answerchoice1Risk">
                <Annotation Term="com.sap.vocabularies.Common.v1.ValueList">
                    <Record>
                        <PropertyValue Property="CollectionPath" String="VL_CH_ZPRS_CMI_RISK_L"/>
                        <PropertyValue Property="Parameters">
                            <Collection>
                                <Record Type="com.sap.vocabularies.Common.v1.ValueListParameterInOut">
                                    <PropertyValue Property="LocalDataProperty" PropertyPath="Answerchoice1Risk"/>
                                    <PropertyValue Property="ValueListProperty" String="RISK_LEVEL"/>
                                </Record>
                            </Collection>
                        </PropertyValue>
                    </Record>
                </Annotation>
            </Annotations>
            <Annotations
                xmlns="http://docs.oasis-open.org/odata/ns/edm" Target="ZPRS_CMI_ADMIN_TABS_SRV.Busconsideration/Answerchoice2Risk">
                <Annotation Term="com.sap.vocabularies.Common.v1.ValueList">
                    <Record>
                        <PropertyValue Property="CollectionPath" String="VL_CH_ZPRS_CMI_RISK_L"/>
                        <PropertyValue Property="Parameters">
                            <Collection>
                                <Record Type="com.sap.vocabularies.Common.v1.ValueListParameterInOut">
                                    <PropertyValue Property="LocalDataProperty" PropertyPath="Answerchoice2Risk"/>
                                    <PropertyValue Property="ValueListProperty" String="RISK_LEVEL"/>
                                </Record>
                            </Collection>
                        </PropertyValue>
                    </Record>
                </Annotation>
            </Annotations>
            <Annotations
                xmlns="http://docs.oasis-open.org/odata/ns/edm" Target="ZPRS_CMI_ADMIN_TABS_SRV.Busconsideration/Answerchoice3Risk">
                <Annotation Term="com.sap.vocabularies.Common.v1.ValueList">
                    <Record>
                        <PropertyValue Property="CollectionPath" String="VL_CH_ZPRS_CMI_RISK_L"/>
                        <PropertyValue Property="Parameters">
                            <Collection>
                                <Record Type="com.sap.vocabularies.Common.v1.ValueListParameterInOut">
                                    <PropertyValue Property="LocalDataProperty" PropertyPath="Answerchoice3Risk"/>
                                    <PropertyValue Property="ValueListProperty" String="RISK_LEVEL"/>
                                </Record>
                            </Collection>
                        </PropertyValue>
                    </Record>
                </Annotation>
            </Annotations>
            <Annotations
                xmlns="http://docs.oasis-open.org/odata/ns/edm" Target="ZPRS_CMI_ADMIN_TABS_SRV.Busconsideration/AllowMoreQuestions">
                <Annotation Term="com.sap.vocabularies.Common.v1.ValueList">
                    <Record>
                        <PropertyValue Property="Label" String="CMI allow extra question"/>
                        <PropertyValue Property="CollectionPath" String="VL_FV_BOOLEAN"/>
                        <PropertyValue Property="Parameters">
                            <Collection>
                                <Record Type="com.sap.vocabularies.Common.v1.ValueListParameterInOut">
                                    <PropertyValue Property="LocalDataProperty" PropertyPath="AllowMoreQuestions"/>
                                    <PropertyValue Property="ValueListProperty" String="Code"/>
                                </Record>
                                <Record Type="com.sap.vocabularies.Common.v1.ValueListParameterDisplayOnly">
                                    <PropertyValue Property="ValueListProperty" String="Text"/>
                                </Record>
                            </Collection>
                        </PropertyValue>
                    </Record>
                </Annotation>
            </Annotations>
            <Annotations
                xmlns="http://docs.oasis-open.org/odata/ns/edm" Target="ZPRS_CMI_ADMIN_TABS_SRV.Busconsideration/AddAnswerOrComment">
                <Annotation Term="com.sap.vocabularies.Common.v1.ValueList">
                    <Record>
                        <PropertyValue Property="Label" String="CMI Add answer or comment"/>
                        <PropertyValue Property="CollectionPath" String="VL_FV_BOOLEAN"/>
                        <PropertyValue Property="Parameters">
                            <Collection>
                                <Record Type="com.sap.vocabularies.Common.v1.ValueListParameterInOut">
                                    <PropertyValue Property="LocalDataProperty" PropertyPath="AddAnswerOrComment"/>
                                    <PropertyValue Property="ValueListProperty" String="Code"/>
                                </Record>
                                <Record Type="com.sap.vocabularies.Common.v1.ValueListParameterDisplayOnly">
                                    <PropertyValue Property="ValueListProperty" String="Text"/>
                                </Record>
                            </Collection>
                        </PropertyValue>
                    </Record>
                </Annotation>
            </Annotations>
            <Annotations
                xmlns="http://docs.oasis-open.org/odata/ns/edm" Target="ZPRS_CMI_ADMIN_TABS_SRV.Busconsideration/AddNaColumn">
                <Annotation Term="com.sap.vocabularies.Common.v1.ValueList">
                    <Record>
                        <PropertyValue Property="Label" String="Add N/A column"/>
                        <PropertyValue Property="CollectionPath" String="VL_FV_BOOLEAN"/>
                        <PropertyValue Property="Parameters">
                            <Collection>
                                <Record Type="com.sap.vocabularies.Common.v1.ValueListParameterInOut">
                                    <PropertyValue Property="LocalDataProperty" PropertyPath="AddNaColumn"/>
                                    <PropertyValue Property="ValueListProperty" String="Code"/>
                                </Record>
                                <Record Type="com.sap.vocabularies.Common.v1.ValueListParameterDisplayOnly">
                                    <PropertyValue Property="ValueListProperty" String="Text"/>
                                </Record>
                            </Collection>
                        </PropertyValue>
                    </Record>
                </Annotation>
            </Annotations>
            <Annotations
                xmlns="http://docs.oasis-open.org/odata/ns/edm" Target="ZPRS_CMI_ADMIN_TABS_SRV.Riskconsideration/Attributetypek">
                <Annotation Term="com.sap.vocabularies.Common.v1.ValueList">
                    <Record>
                        <PropertyValue Property="Label" String="CMI Attribute - BC or RC"/>
                        <PropertyValue Property="CollectionPath" String="VL_FV_ZPRS_CMI_ATTRIB_TYPE"/>
                        <PropertyValue Property="Parameters">
                            <Collection>
                                <Record Type="com.sap.vocabularies.Common.v1.ValueListParameterInOut">
                                    <PropertyValue Property="LocalDataProperty" PropertyPath="Attributetypek"/>
                                    <PropertyValue Property="ValueListProperty" String="Code"/>
                                </Record>
                                <Record Type="com.sap.vocabularies.Common.v1.ValueListParameterDisplayOnly">
                                    <PropertyValue Property="ValueListProperty" String="Text"/>
                                </Record>
                            </Collection>
                        </PropertyValue>
                    </Record>
                </Annotation>
            </Annotations>
            <Annotations
                xmlns="http://docs.oasis-open.org/odata/ns/edm" Target="ZPRS_CMI_ADMIN_TABS_SRV.Riskconsideration/Groupk">
                <Annotation Term="com.sap.vocabularies.Common.v1.ValueList">
                    <Record>
                        <PropertyValue Property="Label" String="CMI Default routing recipient search help - Group"/>
                        <PropertyValue Property="CollectionPath" String="VL_SH_ZPRS_SH_CMI_QUES_GROUP_F"/>
                        <PropertyValue Property="Parameters">
                            <Collection>
                                <Record Type="com.sap.vocabularies.Common.v1.ValueListParameterInOut">
                                    <PropertyValue Property="LocalDataProperty" PropertyPath="Groupk"/>
                                    <PropertyValue Property="ValueListProperty" String="GROUPK"/>
                                </Record>
                                <Record Type="com.sap.vocabularies.Common.v1.ValueListParameterDisplayOnly">
                                    <PropertyValue Property="ValueListProperty" String="GROUP"/>
                                </Record>
                            </Collection>
                        </PropertyValue>
                    </Record>
                </Annotation>
            </Annotations>
            <Annotations
                xmlns="http://docs.oasis-open.org/odata/ns/edm" Target="ZPRS_CMI_ADMIN_TABS_SRV.Riskconsideration/Questiontypek">
                <Annotation Term="com.sap.vocabularies.Common.v1.ValueList">
                    <Record>
                        <PropertyValue Property="Label" String="CMI Question type search help"/>
                        <PropertyValue Property="CollectionPath" String="VL_SH_ZPRS_SH_CMI_QUESTION_TYPE_F"/>
                        <PropertyValue Property="Parameters">
                            <Collection>
                                <Record Type="com.sap.vocabularies.Common.v1.ValueListParameterOut">
                                    <PropertyValue Property="LocalDataProperty" PropertyPath="Questiontypek"/>
                                    <PropertyValue Property="ValueListProperty" String="QUESTIONTYPEK"/>
                                </Record>
                                <Record Type="com.sap.vocabularies.Common.v1.ValueListParameterOut">
                                    <PropertyValue Property="LocalDataProperty" PropertyPath="Questiontypek"/>
                                    <PropertyValue Property="ValueListProperty" String="QUESTIONTYPE"/>
                                </Record>
                            </Collection>
                        </PropertyValue>
                    </Record>
                </Annotation>
            </Annotations>
            <Annotations
                xmlns="http://docs.oasis-open.org/odata/ns/edm" Target="ZPRS_CMI_ADMIN_TABS_SRV.Riskconsideration/Requiredquestion">
                <Annotation Term="com.sap.vocabularies.Common.v1.ValueList">
                    <Record>
                        <PropertyValue Property="Label" String="Required Question"/>
                        <PropertyValue Property="CollectionPath" String="VL_FV_BOOLEAN"/>
                        <PropertyValue Property="Parameters">
                            <Collection>
                                <Record Type="com.sap.vocabularies.Common.v1.ValueListParameterInOut">
                                    <PropertyValue Property="LocalDataProperty" PropertyPath="Requiredquestion"/>
                                    <PropertyValue Property="ValueListProperty" String="Code"/>
                                </Record>
                                <Record Type="com.sap.vocabularies.Common.v1.ValueListParameterDisplayOnly">
                                    <PropertyValue Property="ValueListProperty" String="Text"/>
                                </Record>
                            </Collection>
                        </PropertyValue>
                    </Record>
                </Annotation>
            </Annotations>
            <Annotations
                xmlns="http://docs.oasis-open.org/odata/ns/edm" Target="ZPRS_CMI_ADMIN_TABS_SRV.Riskconsideration/DefaultAnswer">
                <Annotation Term="com.sap.vocabularies.Common.v1.ValueList">
                    <Record>
                        <PropertyValue Property="Label" String="CMI Default Answer"/>
                        <PropertyValue Property="CollectionPath" String="VL_FV_ZPRS_CMI_DEF_ANS"/>
                        <PropertyValue Property="Parameters">
                            <Collection>
                                <Record Type="com.sap.vocabularies.Common.v1.ValueListParameterInOut">
                                    <PropertyValue Property="LocalDataProperty" PropertyPath="DefaultAnswer"/>
                                    <PropertyValue Property="ValueListProperty" String="Code"/>
                                </Record>
                                <Record Type="com.sap.vocabularies.Common.v1.ValueListParameterDisplayOnly">
                                    <PropertyValue Property="ValueListProperty" String="Text"/>
                                </Record>
                            </Collection>
                        </PropertyValue>
                    </Record>
                </Annotation>
            </Annotations>
            <Annotations
                xmlns="http://docs.oasis-open.org/odata/ns/edm" Target="ZPRS_CMI_ADMIN_TABS_SRV.Riskconsideration/DefaultRoutingRecipient">
                <Annotation Term="com.sap.vocabularies.Common.v1.ValueList">
                    <Record>
                        <PropertyValue Property="Label" String="Default routing recipient"/>
                        <PropertyValue Property="CollectionPath" String="VL_FV_ZPRS_CMI_ROUT_RECIP"/>
                        <PropertyValue Property="Parameters">
                            <Collection>
                                <Record Type="com.sap.vocabularies.Common.v1.ValueListParameterInOut">
                                    <PropertyValue Property="LocalDataProperty" PropertyPath="DefaultRoutingRecipient"/>
                                    <PropertyValue Property="ValueListProperty" String="Code"/>
                                </Record>
                                <Record Type="com.sap.vocabularies.Common.v1.ValueListParameterDisplayOnly">
                                    <PropertyValue Property="ValueListProperty" String="Text"/>
                                </Record>
                            </Collection>
                        </PropertyValue>
                    </Record>
                </Annotation>
            </Annotations>
            <Annotations
                xmlns="http://docs.oasis-open.org/odata/ns/edm" Target="ZPRS_CMI_ADMIN_TABS_SRV.Riskconsideration/Personid">
                <Annotation Term="com.sap.vocabularies.Common.v1.ValueList">
                    <Record>
                        <PropertyValue Property="Label" String="CMI Default routing recipient search help - Persons"/>
                        <PropertyValue Property="CollectionPath" String="VL_SH_ZPRS_SH_CMI_QUES_PERSON_F"/>
                        <PropertyValue Property="Parameters">
                            <Collection>
                                <Record Type="com.sap.vocabularies.Common.v1.ValueListParameterInOut">
                                    <PropertyValue Property="LocalDataProperty" PropertyPath="Personid"/>
                                    <PropertyValue Property="ValueListProperty" String="PERSONID"/>
                                </Record>
                                <Record Type="com.sap.vocabularies.Common.v1.ValueListParameterDisplayOnly">
                                    <PropertyValue Property="ValueListProperty" String="NAME"/>
                                </Record>
                            </Collection>
                        </PropertyValue>
                    </Record>
                </Annotation>
            </Annotations>
            <Annotations
                xmlns="http://docs.oasis-open.org/odata/ns/edm" Target="ZPRS_CMI_ADMIN_TABS_SRV.Riskconsideration/Answerchoice1Risk">
                <Annotation Term="com.sap.vocabularies.Common.v1.ValueList">
                    <Record>
                        <PropertyValue Property="CollectionPath" String="VL_CH_ZPRS_CMI_RISK_L"/>
                        <PropertyValue Property="Parameters">
                            <Collection>
                                <Record Type="com.sap.vocabularies.Common.v1.ValueListParameterInOut">
                                    <PropertyValue Property="LocalDataProperty" PropertyPath="Answerchoice1Risk"/>
                                    <PropertyValue Property="ValueListProperty" String="RISK_LEVEL"/>
                                </Record>
                            </Collection>
                        </PropertyValue>
                    </Record>
                </Annotation>
            </Annotations>
            <Annotations
                xmlns="http://docs.oasis-open.org/odata/ns/edm" Target="ZPRS_CMI_ADMIN_TABS_SRV.Riskconsideration/Answerchoice2Risk">
                <Annotation Term="com.sap.vocabularies.Common.v1.ValueList">
                    <Record>
                        <PropertyValue Property="CollectionPath" String="VL_CH_ZPRS_CMI_RISK_L"/>
                        <PropertyValue Property="Parameters">
                            <Collection>
                                <Record Type="com.sap.vocabularies.Common.v1.ValueListParameterInOut">
                                    <PropertyValue Property="LocalDataProperty" PropertyPath="Answerchoice2Risk"/>
                                    <PropertyValue Property="ValueListProperty" String="RISK_LEVEL"/>
                                </Record>
                            </Collection>
                        </PropertyValue>
                    </Record>
                </Annotation>
            </Annotations>
            <Annotations
                xmlns="http://docs.oasis-open.org/odata/ns/edm" Target="ZPRS_CMI_ADMIN_TABS_SRV.Riskconsideration/Answerchoice3Risk">
                <Annotation Term="com.sap.vocabularies.Common.v1.ValueList">
                    <Record>
                        <PropertyValue Property="CollectionPath" String="VL_CH_ZPRS_CMI_RISK_L"/>
                        <PropertyValue Property="Parameters">
                            <Collection>
                                <Record Type="com.sap.vocabularies.Common.v1.ValueListParameterInOut">
                                    <PropertyValue Property="LocalDataProperty" PropertyPath="Answerchoice3Risk"/>
                                    <PropertyValue Property="ValueListProperty" String="RISK_LEVEL"/>
                                </Record>
                            </Collection>
                        </PropertyValue>
                    </Record>
                </Annotation>
            </Annotations>
            <Annotations
                xmlns="http://docs.oasis-open.org/odata/ns/edm" Target="ZPRS_CMI_ADMIN_TABS_SRV.Riskconsideration/AllowMoreQuestions">
                <Annotation Term="com.sap.vocabularies.Common.v1.ValueList">
                    <Record>
                        <PropertyValue Property="Label" String="CMI allow extra question"/>
                        <PropertyValue Property="CollectionPath" String="VL_FV_BOOLEAN"/>
                        <PropertyValue Property="Parameters">
                            <Collection>
                                <Record Type="com.sap.vocabularies.Common.v1.ValueListParameterInOut">
                                    <PropertyValue Property="LocalDataProperty" PropertyPath="AllowMoreQuestions"/>
                                    <PropertyValue Property="ValueListProperty" String="Code"/>
                                </Record>
                                <Record Type="com.sap.vocabularies.Common.v1.ValueListParameterDisplayOnly">
                                    <PropertyValue Property="ValueListProperty" String="Text"/>
                                </Record>
                            </Collection>
                        </PropertyValue>
                    </Record>
                </Annotation>
            </Annotations>
            <Annotations
                xmlns="http://docs.oasis-open.org/odata/ns/edm" Target="ZPRS_CMI_ADMIN_TABS_SRV.Riskconsideration/AddAnswerOrComment">
                <Annotation Term="com.sap.vocabularies.Common.v1.ValueList">
                    <Record>
                        <PropertyValue Property="Label" String="CMI Add answer or comment"/>
                        <PropertyValue Property="CollectionPath" String="VL_FV_BOOLEAN"/>
                        <PropertyValue Property="Parameters">
                            <Collection>
                                <Record Type="com.sap.vocabularies.Common.v1.ValueListParameterInOut">
                                    <PropertyValue Property="LocalDataProperty" PropertyPath="AddAnswerOrComment"/>
                                    <PropertyValue Property="ValueListProperty" String="Code"/>
                                </Record>
                                <Record Type="com.sap.vocabularies.Common.v1.ValueListParameterDisplayOnly">
                                    <PropertyValue Property="ValueListProperty" String="Text"/>
                                </Record>
                            </Collection>
                        </PropertyValue>
                    </Record>
                </Annotation>
            </Annotations>
            <Annotations
                xmlns="http://docs.oasis-open.org/odata/ns/edm" Target="ZPRS_CMI_ADMIN_TABS_SRV.Riskconsideration/AddNaColumn">
                <Annotation Term="com.sap.vocabularies.Common.v1.ValueList">
                    <Record>
                        <PropertyValue Property="Label" String="Add N/A column"/>
                        <PropertyValue Property="CollectionPath" String="VL_FV_BOOLEAN"/>
                        <PropertyValue Property="Parameters">
                            <Collection>
                                <Record Type="com.sap.vocabularies.Common.v1.ValueListParameterInOut">
                                    <PropertyValue Property="LocalDataProperty" PropertyPath="AddNaColumn"/>
                                    <PropertyValue Property="ValueListProperty" String="Code"/>
                                </Record>
                                <Record Type="com.sap.vocabularies.Common.v1.ValueListParameterDisplayOnly">
                                    <PropertyValue Property="ValueListProperty" String="Text"/>
                                </Record>
                            </Collection>
                        </PropertyValue>
                    </Record>
                </Annotation>
            </Annotations>
            <Annotations
                xmlns="http://docs.oasis-open.org/odata/ns/edm" Target="ZPRS_CMI_ADMIN_TABS_SRV.Term/Categoryid">
                <Annotation Term="com.sap.vocabularies.Common.v1.ValueList">
                    <Record>
                        <PropertyValue Property="Label" String="Search Help for CMI terms category"/>
                        <PropertyValue Property="CollectionPath" String="VL_SH_ZPRS_SH_CMI_TERMS_CAT_F"/>
                        <PropertyValue Property="Parameters">
                            <Collection>
                                <Record Type="com.sap.vocabularies.Common.v1.ValueListParameterOut">
                                    <PropertyValue Property="LocalDataProperty" PropertyPath="Categoryid"/>
                                    <PropertyValue Property="ValueListProperty" String="CATEGORYID"/>
                                </Record>
                                <Record Type="com.sap.vocabularies.Common.v1.ValueListParameterOut">
                                    <PropertyValue Property="LocalDataProperty" PropertyPath="Category"/>
                                    <PropertyValue Property="ValueListProperty" String="CATEGORY"/>
                                </Record>
                            </Collection>
                        </PropertyValue>
                    </Record>
                </Annotation>
            </Annotations>
            <atom:link
                xmlns:atom="http://www.w3.org/2005/Atom" rel="self" href="./sap/ZPRS_CMI_ADMIN_TABS_SRV/$metadata"/>
                <atom:link
                    xmlns:atom="http://www.w3.org/2005/Atom" rel="latest-version" href="./sap/ZPRS_CMI_ADMIN_TABS_SRV/$metadata"/>
                </Schema>
            </edmx:DataServices>
        </edmx:Edmx>