<edmx:Edmx xmlns:edmx="http://docs.oasis-open.org/odata/ns/edmx" Version="4.0">
	<edmx:Reference xmlns:edmx="http://docs.oasis-open.org/odata/ns/edmx"
		Uri="http://localhost:9080/webidedispatcher/destinations/FS7/sap/opu/odata/sap/ZPRS_PARTNER_OVP_SRV/$metadata">
		<edmx:Include xmlns:edmx="http://docs.oasis-open.org/odata/ns/edmx" Namespace="ZPRS_PARTNER_OVP_SRV"/>
	</edmx:Reference>
	<edmx:Reference Uri="http://docs.oasis-open.org/odata/odata-data-aggregation-ext/v4.0/cs02/vocabularies/Org.OData.Aggregation.V1.xml">
		<edmx:Include Alias="Aggregation" Namespace="Org.OData.Aggregation.V1"/>
	</edmx:Reference>
	<edmx:Reference Uri="http://docs.oasis-open.org/odata/odata/v4.0/errata03/os/complete/vocabularies/Org.OData.Capabilities.V1.xml">
		<edmx:Include Alias="Capabilities" Namespace="Org.OData.Capabilities.V1"/>
	</edmx:Reference>
	<edmx:Reference Uri="https://wiki.scn.sap.com/wiki/download/attachments/448470974/Common.xml?api=v2">
		<edmx:Include Alias="Common" Namespace="com.sap.vocabularies.Common.v1"/>
	</edmx:Reference>
	<edmx:Reference Uri="https://wiki.scn.sap.com/wiki/download/attachments/448470971/Communication.xml?api=v2">
		<edmx:Include Alias="vCard" Namespace="com.sap.vocabularies.Communication.v1"/>
	</edmx:Reference>
	<edmx:Reference Uri="http://docs.oasis-open.org/odata/odata/v4.0/errata03/os/complete/vocabularies/Org.OData.Core.V1.xml">
		<edmx:Include Alias="Core" Namespace="Org.OData.Core.V1"/>
	</edmx:Reference>
	<edmx:Reference Uri="http://docs.oasis-open.org/odata/odata/v4.0/errata03/os/complete/vocabularies/Org.OData.Measures.V1.xml">
		<edmx:Include Alias="CQP" Namespace="Org.OData.Measures.V1"/>
	</edmx:Reference>
	<edmx:Reference Uri="https://wiki.scn.sap.com/wiki/download/attachments/448470968/UI.xml?api=v2">
		<edmx:Include Alias="UI" Namespace="com.sap.vocabularies.UI.v1"/>
	</edmx:Reference>
	<edmx:DataServices>
		<Schema xmlns="http://docs.oasis-open.org/odata/ns/edm">
			<Annotations Target="ZPRS_PARTNER_OVP_SRV.Feedetail">
				<Annotation Term="UI.DataPoint" Qualifier="Collected">
					<Record Type="UI.DataPointType">
						<PropertyValue Property="Title" String="{@i18n&gt;Collected}"/>
						<PropertyValue Property="Value" Path="Collected"/>
						<PropertyValue Property="ValueFormat">
							<Record Type="UI.NumberFormat">
								<PropertyValue Property="ScaleFactor" Decimal="0"/>
								<PropertyValue Property="NumberOfFractionalDigits" Int="2"/>
							</Record>
						</PropertyValue>
					</Record>
				</Annotation>
				<Annotation Term="UI.DataPoint" Qualifier="Worked">
					<Record Type="UI.DataPointType">
						<PropertyValue Property="Title" String="{@i18n&gt;WORKED}"/>
						<PropertyValue Property="Value" Path="Fees"/>
						<PropertyValue Property="ValueFormat">
							<Record Type="UI.NumberFormat">
								<PropertyValue Property="NumberOfFractionalDigits" Int="2"/>
								<PropertyValue Property="ScaleFactor" Decimal="0"/>
							</Record>
						</PropertyValue>
					</Record>
				</Annotation>
				<Annotation Term="UI.DataPoint" Qualifier="Billed">
					<Record Type="UI.DataPointType">
						<PropertyValue Property="Title" String="{@i18n&gt;Billed}"/>
						<PropertyValue Property="Value" Path="Billed"/>
						<PropertyValue Property="ValueFormat">
							<Record Type="UI.NumberFormat">
								<PropertyValue Property="ScaleFactor" Decimal="0"/>
								<PropertyValue Property="NumberOfFractionalDigits" Int="2"/>
							</Record>
						</PropertyValue>
					</Record>
				</Annotation>
				<Annotation Term="UI.LineItem">
					<Collection>
						<Record Type="UI.DataFieldForAnnotation">
							<PropertyValue Property="Target" AnnotationPath="@UI.DataPoint#Worked"/>
							<PropertyValue Property="Label" String="{@i18n&gt;WORKED}"/>
						</Record>
						<Record Type="UI.DataFieldForAnnotation">
							<PropertyValue Property="Target" AnnotationPath="@UI.DataPoint#Billed"/>
							<PropertyValue Property="Label" String="{@i18n&gt;Billed}"/>
						</Record>
						<Record Type="UI.DataFieldForAnnotation">
							<PropertyValue Property="Target" AnnotationPath="@UI.DataPoint#Collected"/>
							<PropertyValue Property="Label" String="{@i18n&gt;Collected}"/>
						</Record>
						<Record Type="UI.DataFieldForIntentBasedNavigation">
							<PropertyValue Property="SemanticObject" String="donotNav"/>
							<PropertyValue Property="Determining" Bool="false"/>
							<PropertyValue Property="Inline" Bool="false"/>
							<PropertyValue Property="RequiresContext" Bool="false"/>
						</Record>
					</Collection>
				</Annotation>
				<Annotation Term="UI.SelectionVariant" Qualifier="FeesT1">
					<Record Type="UI.SelectionVariantType">
						<PropertyValue Property="SelectOptions">
							<Collection>
								<Record Type="UI.SelectOptionType">
									<PropertyValue Property="Ranges">
										<Collection>
											<Record Type="UI.SelectionRangeType">
												<PropertyValue Property="Sign" EnumMember="UI.SelectionRangeSignType/I"/>
												<PropertyValue Property="Option" EnumMember="UI.SelectionRangeOptionType/EQ"/>
												<PropertyValue Property="Low" String="01"/>
											</Record>
										</Collection>
									</PropertyValue>
									<PropertyValue Property="PropertyName" PropertyPath="Timeperiod"/>
								</Record>
							</Collection>
						</PropertyValue>
						<PropertyValue Property="FilterExpression" Path="Timeperiod"/>
						<PropertyValue Property="Parameters"/>
					</Record>
				</Annotation>
				<Annotation Term="UI.SelectionVariant" Qualifier="FeesT2">
					<Record Type="UI.SelectionVariantType">
						<PropertyValue Property="SelectOptions">
							<Collection>
								<Record Type="UI.SelectOptionType">
									<PropertyValue Property="Ranges">
										<Collection>
											<Record Type="UI.SelectionRangeType">
												<PropertyValue Property="Sign" EnumMember="UI.SelectionRangeSignType/I"/>
												<PropertyValue Property="Option" EnumMember="UI.SelectionRangeOptionType/EQ"/>
												<PropertyValue Property="Low" String="02"/>
											</Record>
										</Collection>
									</PropertyValue>
									<PropertyValue Property="PropertyName" PropertyPath="Timeperiod"/>
								</Record>
							</Collection>
						</PropertyValue>
						<PropertyValue Property="FilterExpression" Path="Timeperiod"/>
						<PropertyValue Property="Parameters"/>
					</Record>
				</Annotation>
				<Annotation Term="UI.SelectionVariant" Qualifier="FeesT3">
					<Record Type="UI.SelectionVariantType">
						<PropertyValue Property="SelectOptions">
							<Collection>
								<Record Type="UI.SelectOptionType">
									<PropertyValue Property="Ranges">
										<Collection>
											<Record Type="UI.SelectionRangeType">
												<PropertyValue Property="Sign" EnumMember="UI.SelectionRangeSignType/I"/>
												<PropertyValue Property="Option" EnumMember="UI.SelectionRangeOptionType/EQ"/>
												<PropertyValue Property="Low" String="03"/>
											</Record>
										</Collection>
									</PropertyValue>
									<PropertyValue Property="PropertyName" PropertyPath="Timeperiod"/>
								</Record>
							</Collection>
						</PropertyValue>
						<PropertyValue Property="FilterExpression" Path="Timeperiod"/>
						<PropertyValue Property="Parameters"/>
					</Record>
				</Annotation>
				<Annotation Term="UI.SelectionVariant" Qualifier="FeesT4">
					<Record Type="UI.SelectionVariantType">
						<PropertyValue Property="SelectOptions">
							<Collection>
								<Record Type="UI.SelectOptionType">
									<PropertyValue Property="Ranges">
										<Collection>
											<Record Type="UI.SelectionRangeType">
												<PropertyValue Property="Sign" EnumMember="UI.SelectionRangeSignType/I"/>
												<PropertyValue Property="Option" EnumMember="UI.SelectionRangeOptionType/EQ"/>
												<PropertyValue Property="Low" String="04"/>
											</Record>
										</Collection>
									</PropertyValue>
									<PropertyValue Property="PropertyName" PropertyPath="Timeperiod"/>
								</Record>
							</Collection>
						</PropertyValue>
						<PropertyValue Property="FilterExpression" Path="Timeperiod"/>
						<PropertyValue Property="Parameters"/>
					</Record>
				</Annotation>
				<Annotation Term="UI.Identification">
					<Collection>
						<Record Type="UI.DataField">
							<PropertyValue Property="Value" Path="Timeperiod"/>
						</Record>
						<Record Type="UI.DataFieldForIntentBasedNavigation">
							<PropertyValue Property="SemanticObject" String="ZPRS_MM_FEE02"/>
							<PropertyValue Property="Action" String="display"/>
						</Record>
					</Collection>
				</Annotation>
			</Annotations>
			<Annotations Target="ZPRS_PARTNER_OVP_SRV.Riskmatter">
				<Annotation Term="UI.LineItem">
					<Collection>
						<Record Type="UI.DataField">
							<PropertyValue Property="Value" Path="Kunnrui"/>
							<PropertyValue Property="Label" String="{@i18n&gt;CLIENT}"/>
						</Record>
						<Record Type="UI.DataField">
							<PropertyValue Property="Label" String="{@i18n&gt;MATTER_NAME}"/>
							<PropertyValue Property="Value" Path="Matterui"/>
						</Record>
						<Record Type="UI.DataField">
							<PropertyValue Property="Value" Path="Kunnradd"/>
							<PropertyValue Property="Label" String="{@i18n&gt;CLIENT}"/>
						</Record>
						<Record Type="UI.DataFieldForAnnotation">
							<PropertyValue Property="Target" AnnotationPath="@UI.DataPoint#BudgetUtilization"/>
							<Annotation Term="UI.Importance" EnumMember="UI.ImportanceType/High"/>
						</Record>
						<Record Type="UI.DataFieldForAnnotation">
							<PropertyValue Property="Target" AnnotationPath="@UI.DataPoint#Actual"/>
							<PropertyValue Property="Label" String="{@i18n&gt;ACTUAL}"/>
						</Record>
						<Record Type="UI.DataFieldForAnnotation">
							<PropertyValue Property="Target" AnnotationPath="@UI.DataPoint#Budget"/>
						</Record>
						<Record Type="UI.DataFieldForAnnotation">
							<PropertyValue Property="Target" AnnotationPath="@UI.DataPoint#Variance"/>
						</Record>
					</Collection>
				</Annotation>
				<Annotation Term="UI.DataPoint" Qualifier="Actual">
					<Record Type="UI.DataPointType">
						<PropertyValue Property="Title" String="{@i18n&gt;ACTUAL_FEES}"/>
						<PropertyValue Property="Value" Path="Actualfees"/>
					</Record>
				</Annotation>
				<Annotation Term="UI.DataPoint" Qualifier="Budget">
					<Record Type="UI.DataPointType">
						<PropertyValue Property="Title" String="{@i18n&gt;BUDGET_FEES}"/>
						<PropertyValue Property="Value" Path="Budgetfees"/>
					</Record>
				</Annotation>
				<Annotation Term="UI.DataPoint" Qualifier="BudgetUtilization">
					<Record Type="UI.DataPointType">
						<PropertyValue Property="Title" String="{@i18n&gt;BUDGET_UTILIZATION}"/>
						<PropertyValue Property="Value" Path="Margin"/>
						<PropertyValue Property="CriticalityCalculation">
							<Record Type="UI.CriticalityCalculationType">
								<PropertyValue Property="ImprovementDirection" EnumMember="UI.ImprovementDirectionType/Maximize"/>
								<PropertyValue Property="ToleranceRangeLowValue" Decimal="100"/>
								<PropertyValue Property="DeviationRangeLowValue" Decimal="100"/>
								<PropertyValue Property="AcceptanceRangeLowValue" Decimal="100"/>
							</Record>
						</PropertyValue>
						<PropertyValue Property="ValueFormat">
							<Record Type="com.sap.vocabularies.UI.v1.NumberFormat">
								<PropertyValue Property="ScaleFactor" Decimal="100"/>
								<PropertyValue Property="NumberOfFractionalDigits" int="1" Int="1"/>
							</Record>
						</PropertyValue>
					</Record>
				</Annotation>
				<Annotation Term="UI.SelectionVariant" Qualifier="FeesWorked">
					<Record Type="UI.SelectionVariantType">
						<PropertyValue Property="SelectOptions">
							<Collection>
								<Record Type="UI.SelectOptionType">
									<PropertyValue Property="Ranges">
										<Collection>
											<Record Type="UI.SelectionRangeType">
												<PropertyValue Property="Sign" EnumMember="UI.SelectionRangeSignType/I"/>
												<PropertyValue Property="Option" EnumMember="UI.SelectionRangeOptionType/EQ"/>
												<PropertyValue Property="Low" String="01"/>
											</Record>
										</Collection>
									</PropertyValue>
									<PropertyValue Property="PropertyName" PropertyPath="Feetype"/>
								</Record>
							</Collection>
						</PropertyValue>
						<PropertyValue Property="FilterExpression" Path="Feetype"/>
						<PropertyValue Property="Parameters"/>
					</Record>
				</Annotation>
				<Annotation Term="UI.SelectionVariant" Qualifier="FeesBilled">
					<Record Type="UI.SelectionVariantType">
						<PropertyValue Property="SelectOptions">
							<Collection>
								<Record Type="UI.SelectOptionType">
									<PropertyValue Property="Ranges">
										<Collection>
											<Record Type="UI.SelectionRangeType">
												<PropertyValue Property="Sign" EnumMember="UI.SelectionRangeSignType/I"/>
												<PropertyValue Property="Option" EnumMember="UI.SelectionRangeOptionType/EQ"/>
												<PropertyValue Property="Low" String="02"/>
											</Record>
										</Collection>
									</PropertyValue>
									<PropertyValue Property="PropertyName" PropertyPath="Feetype"/>
								</Record>
							</Collection>
						</PropertyValue>
						<PropertyValue Property="FilterExpression" Path="Feetype"/>
						<PropertyValue Property="Parameters"/>
					</Record>
				</Annotation>
				<Annotation Term="UI.DataPoint" Qualifier="Variance">
					<Record Type="UI.DataPointType">
						<PropertyValue Property="Title" String="{@i18n&gt;VARIANCE}"/>
						<PropertyValue Property="Value" Path="Variance"/>
					</Record>
				</Annotation>
				<Annotation Term="UI.Identification">
					<Collection>
						<Record Type="UI.DataFieldForIntentBasedNavigation">
							<PropertyValue Property="SemanticObject" String="PartnerMatter"/>
							<PropertyValue Property="Action" String="display"/>
							<PropertyValue Property="RequiresContext" Bool="true"/>
						</Record>
					</Collection>
				</Annotation>
			</Annotations>
			<Annotations Target="ZPRS_PARTNER_OVP_SRV.Matterperf">
				<Annotation Term="UI.SelectionVariant" Qualifier="FeesWorked">
					<Record Type="UI.SelectionVariantType">
						<PropertyValue Property="SelectOptions">
							<Collection>
								<Record Type="UI.SelectOptionType">
									<PropertyValue Property="Ranges">
										<Collection>
											<Record Type="UI.SelectionRangeType">
												<PropertyValue Property="Sign" EnumMember="UI.SelectionRangeSignType/I"/>
												<PropertyValue Property="Option" EnumMember="UI.SelectionRangeOptionType/EQ"/>
												<PropertyValue Property="Low" String="01"/>
											</Record>
										</Collection>
									</PropertyValue>
									<PropertyValue Property="PropertyName" PropertyPath="Feetype"/>
								</Record>
							</Collection>
						</PropertyValue>
						<PropertyValue Property="FilterExpression" Path="Feetype"/>
						<PropertyValue Property="Parameters"/>
					</Record>
				</Annotation>
				<Annotation Term="UI.SelectionVariant" Qualifier="FeesBilled">
					<Record Type="UI.SelectionVariantType">
						<PropertyValue Property="SelectOptions">
							<Collection>
								<Record Type="UI.SelectOptionType">
									<PropertyValue Property="Ranges">
										<Collection>
											<Record Type="UI.SelectionRangeType">
												<PropertyValue Property="Sign" EnumMember="UI.SelectionRangeSignType/I"/>
												<PropertyValue Property="Option" EnumMember="UI.SelectionRangeOptionType/EQ"/>
												<PropertyValue Property="Low" String="02"/>
											</Record>
										</Collection>
									</PropertyValue>
									<PropertyValue Property="PropertyName" PropertyPath="Feetype"/>
								</Record>
							</Collection>
						</PropertyValue>
						<PropertyValue Property="FilterExpression" Path="Feetype"/>
						<PropertyValue Property="Parameters"/>
					</Record>
				</Annotation>
				<Annotation Term="UI.SelectionVariant" Qualifier="FeesCollected">
					<Record Type="UI.SelectionVariantType">
						<PropertyValue Property="SelectOptions">
							<Collection>
								<Record Type="UI.SelectOptionType">
									<PropertyValue Property="Ranges">
										<Collection>
											<Record Type="UI.SelectionRangeType">
												<PropertyValue Property="Sign" EnumMember="UI.SelectionRangeSignType/I"/>
												<PropertyValue Property="Option" EnumMember="UI.SelectionRangeOptionType/EQ"/>
												<PropertyValue Property="Low" String="03"/>
											</Record>
										</Collection>
									</PropertyValue>
									<PropertyValue Property="PropertyName" PropertyPath="Feetype"/>
								</Record>
							</Collection>
						</PropertyValue>
						<PropertyValue Property="FilterExpression" Path="Feetype"/>
						<PropertyValue Property="Parameters"/>
					</Record>
				</Annotation>
				<Annotation Term="UI.PresentationVariant" Qualifier="CHMatterPerformance">
					<Record>
						<PropertyValue Property="MaxItems" Int32="5" Int="5"/>
						<PropertyValue Property="Visualizations">
							<Collection>
								<AnnotationPath>@UI.Chart#CHMatterPerformance</AnnotationPath>
							</Collection>
						</PropertyValue>
						<PropertyValue Property="SortOrder"/>
						<PropertyValue Property="GroupBy"/>
						<PropertyValue Property="TotalBy"/>
						<PropertyValue Property="Total"/>
						<PropertyValue Property="RequestAtLeast"/>
					</Record>
				</Annotation>
				<Annotation Term="UI.Chart" Qualifier="CHMatterPerformance">
					<Record Type="UI.ChartDefinitionType">
						<PropertyValue Property="MeasureAttributes">
							<Collection>
								<Record Type="UI.ChartMeasureAttributeType">
									<PropertyValue Property="Measure" PropertyPath="Budgetfees"/>
									<PropertyValue Property="Role" EnumMember="UI.ChartMeasureRoleType/Axis1"/>
								</Record>
								<Record Type="UI.ChartMeasureAttributeType">
									<PropertyValue Property="Measure" PropertyPath="Actualfees"/>
									<PropertyValue Property="Role" EnumMember="UI.ChartMeasureRoleType/Axis2"/>
								</Record>
							</Collection>
						</PropertyValue>
						<PropertyValue Property="DimensionAttributes">
							<Collection>
								<Record Type="UI.ChartDimensionAttributeType">
									<PropertyValue Property="Dimension" PropertyPath="Matterui"/>
									<PropertyValue Property="Role" EnumMember="UI.ChartDimensionRoleType/Category"/>
								</Record>
							</Collection>
						</PropertyValue>
						<PropertyValue Property="Actions"/>
						<PropertyValue Property="ChartType" EnumMember="UI.ChartType/VerticalBullet"/>
						<PropertyValue Property="Measures">
							<Collection>
								<PropertyPath>Actualfees</PropertyPath>
								<PropertyPath>Budgetfees</PropertyPath>
							</Collection>
						</PropertyValue>
						<PropertyValue Property="Dimensions">
							<Collection>
								<PropertyPath>Matterui</PropertyPath>
							</Collection>
						</PropertyValue>
						<!--<PropertyValue Property="Title" String=" "/>-->
					</Record>
				</Annotation>
				<Annotation Term="UI.Identification">
					<Collection>
						<Record Type="UI.DataFieldForIntentBasedNavigation">
							<PropertyValue Property="SemanticObject" String="PartnerMatter"/>
							<PropertyValue Property="Action" String="display"/>
						</Record>
					</Collection>
				</Annotation>
			</Annotations>
			<Annotations Target="ZPRS_PARTNER_OVP_SRV.Newmatter">
				<Annotation Term="UI.LineItem">
					<Collection>
						<Record Type="UI.DataField">
							<PropertyValue Property="Value" Path="Matterd"/>
							<PropertyValue Property="Label" String="{@i18n&gt;MATTER}"/>
						</Record>
						<Record Type="UI.DataField">
							<PropertyValue Property="Label" String="{@i18n&gt;CLIENT}"/>
							<PropertyValue Property="Value" Path="Clientd"/>
						</Record>
						<Record Type="UI.DataField">
							<PropertyValue Property="Value" Path="Estfees"/>
							<PropertyValue Property="Label" String="{@i18n&gt;FEES_BILLED}"/>
						</Record>
						<Record Type="UI.DataFieldForIntentBasedNavigation">
							<PropertyValue Property="SemanticObject" String="donotNav"/>
						</Record>
					</Collection>
				</Annotation>
				<Annotation Term="UI.Identification">
					<Collection>
						<Record Type="UI.DataFieldForIntentBasedNavigation">
							<PropertyValue Property="SemanticObject" String="zprs_mm_nmat"/>
							<PropertyValue Property="Action" String="display"/>
						</Record>
					</Collection>
				</Annotation>
			</Annotations>
			<Annotations Target="ZPRS_PARTNER_OVP_SRV.Glbfilter">
				<Annotation Term="UI.SelectionFields">
					<Collection>
						<PropertyPath>Kunnrk</PropertyPath>
						<PropertyPath>Kunnr</PropertyPath>
						<PropertyPath>Parvw</PropertyPath>
						<PropertyPath>Pernrk</PropertyPath>
						<PropertyPath>Currency</PropertyPath>
					</Collection>
				</Annotation>
			</Annotations>
			<Annotations Target="ZPRS_PARTNER_OVP_SRV.RevFee">
				<Annotation Term="UI.PresentationVariant" Qualifier="CHFeePerformance">
					<Record>
						<PropertyValue Property="MaxItems" Int32="5" Int="5"/>
						<PropertyValue Property="Visualizations">
							<Collection>
								<AnnotationPath>@UI.Chart#CHFeePerformance</AnnotationPath>
							</Collection>
						</PropertyValue>
						<PropertyValue Property="SortOrder"/>
						<PropertyValue Property="GroupBy"/>
						<PropertyValue Property="TotalBy"/>
						<PropertyValue Property="Total"/>
						<PropertyValue Property="RequestAtLeast"/>
					</Record>
				</Annotation>
				<Annotation Term="UI.Chart" Qualifier="CHFeePerformance">
					<Record Type="UI.ChartDefinitionType">
						<PropertyValue Property="MeasureAttributes">
							<Collection>
								<Record Type="UI.ChartMeasureAttributeType">
									<PropertyValue Property="Role" EnumMember="UI.ChartMeasureRoleType/Axis1"/>
									<PropertyValue Property="DataPoint" AnnotationPath="@UI.DataPoint"/>
									<PropertyValue Property="Measure" PropertyPath="Wip"/>
								</Record>
							</Collection>
						</PropertyValue>
						<PropertyValue Property="DimensionAttributes">
							<Collection>
								<Record Type="UI.ChartDimensionAttributeType">
									<PropertyValue Property="Role" EnumMember="UI.ChartDimensionRoleType/Category"/>
									<PropertyValue Property="Dimension" PropertyPath="Measuretype"/>
								</Record>
							</Collection>
						</PropertyValue>
						<PropertyValue Property="Actions"/>
						<PropertyValue Property="ChartType" EnumMember="UI.ChartType/Donut"/>
						<PropertyValue Property="Measures">
							<Collection>
								<PropertyPath>Wip</PropertyPath>
							</Collection>
						</PropertyValue>
						<PropertyValue Property="Dimensions">
							<Collection>
								<PropertyPath>Measuretype</PropertyPath>
							</Collection>
						</PropertyValue>
						<PropertyValue Property="Title" String="{@i18n&gt;AMOUNT}"/>
					</Record>
				</Annotation>
				<Annotation Term="UI.Identification">
					<Collection>
						<Record Type="UI.DataField">
							<PropertyValue Property="Value" Path="Measuretypek"/>
						</Record>
						<Record Type="UI.DataFieldForIntentBasedNavigation">
							<PropertyValue Property="SemanticObject" String="MMFeeApplication"/>
							<PropertyValue Property="Action" String="display"/>
						</Record>
					</Collection>
				</Annotation>
				<Annotation Term="UI.DataPoint">
					<Record Type="UI.DataPointType">
						<PropertyValue Property="Value" Path="Wip"/>
						<PropertyValue Property="Title" String="{@i18n&gt;fgt.mmpartner.overview_card04_title}"/>
						<PropertyValue Property="Visualization" EnumMember="UI.VisualizationType/Donut"/>
					</Record>
				</Annotation>
			</Annotations>
			<Annotations Target="ZPRS_PARTNER_OVP_SRV.Arage">
				<Annotation Term="UI.Identification">
					<Collection>
						<Record Type="UI.DataFieldForIntentBasedNavigation">
							<PropertyValue Property="SemanticObject" String="ZPRS_AR_REPORT"/>
							<PropertyValue Property="Action" String="display"/>
						</Record>
					</Collection>
				</Annotation>
				<Annotation Term="UI.Chart">
					<Record Type="UI.ChartDefinitionType">
						<PropertyValue Property="ChartType" EnumMember="UI.ChartType/ColumnStacked"/>
						<PropertyValue Property="Measures">
							<Collection>
								<PropertyPath>Arfee</PropertyPath>
								<PropertyPath>Arhc</PropertyPath>
								<PropertyPath>Arsc</PropertyPath>
							</Collection>
						</PropertyValue>
						<PropertyValue Property="MeasureAttributes">
							<Collection>
								<Record Type="UI.ChartMeasureAttributeType">
									<PropertyValue Property="Measure" PropertyPath="Arfee"/>
									<PropertyValue Property="Role" EnumMember="UI.ChartMeasureRoleType/Axis1"/>
								</Record>
								<Record Type="UI.ChartMeasureAttributeType">
									<PropertyValue Property="Measure" PropertyPath="Arhc"/>
									<PropertyValue Property="Role" EnumMember="UI.ChartMeasureRoleType/Axis1"/>
								</Record>
								<Record Type="UI.ChartMeasureAttributeType">
									<PropertyValue Property="Measure" PropertyPath="Arsc"/>
									<PropertyValue Property="Role" EnumMember="UI.ChartMeasureRoleType/Axis1"/>
								</Record>
							</Collection>
						</PropertyValue>
						<PropertyValue Property="Dimensions">
							<Collection>
								<PropertyPath>Noofdays</PropertyPath>
							</Collection>
						</PropertyValue>
						<PropertyValue Property="DimensionAttributes">
							<Collection>
								<Record Type="UI.ChartDimensionAttributeType">
									<PropertyValue Property="Dimension" PropertyPath="Noofdays"/>
									<PropertyValue Property="Role" EnumMember="UI.ChartDimensionRoleType/Category"/>
								</Record>
							</Collection>
						</PropertyValue>
						<PropertyValue Property="Actions"/>
					</Record>
				</Annotation>
			</Annotations>
			<Annotations Target="ZPRS_PARTNER_OVP_SRV.Arage/Noofdays">
				<Annotation Term="Common.Text" Path="Noofdaysd"/>
			</Annotations>
			<Annotations Target="ZPRS_PARTNER_OVP_SRV.Wipage">
				<Annotation Term="UI.Identification">
					<Collection>
						<Record Type="UI.DataFieldForIntentBasedNavigation">
							<PropertyValue Property="SemanticObject" String="ZPRS_WIP_REPORT"/>
							<PropertyValue Property="Action" String="display"/>
						</Record>
					</Collection>
				</Annotation>
				<Annotation Term="UI.Chart">
					<Record Type="UI.ChartDefinitionType">
						<PropertyValue Property="ChartType" EnumMember="UI.ChartType/ColumnStacked"/>
						<PropertyValue Property="Measures">
							<Collection>
								<PropertyPath>Wipfee</PropertyPath>
								<PropertyPath>Wiphc</PropertyPath>
								<PropertyPath>Wipsc</PropertyPath>
							</Collection>
						</PropertyValue>
						<PropertyValue Property="MeasureAttributes">
							<Collection>
								<Record Type="UI.ChartMeasureAttributeType">
									<PropertyValue Property="Measure" PropertyPath="Wipfee"/>
									<PropertyValue Property="Role" EnumMember="UI.ChartMeasureRoleType/Axis1"/>
								</Record>
								<Record Type="UI.ChartMeasureAttributeType">
									<PropertyValue Property="Measure" PropertyPath="Wiphc"/>
									<PropertyValue Property="Role" EnumMember="UI.ChartMeasureRoleType/Axis1"/>
								</Record>
								<Record Type="UI.ChartMeasureAttributeType">
									<PropertyValue Property="Measure" PropertyPath="Wipsc"/>
									<PropertyValue Property="Role" EnumMember="UI.ChartMeasureRoleType/Axis1"/>
								</Record>
							</Collection>
						</PropertyValue>
						<PropertyValue Property="Dimensions">
							<Collection>
								<PropertyPath>Noofdays</PropertyPath>
							</Collection>
						</PropertyValue>
						<PropertyValue Property="DimensionAttributes">
							<Collection>
								<Record Type="UI.ChartDimensionAttributeType">
									<PropertyValue Property="Dimension" PropertyPath="Noofdays"/>
									<PropertyValue Property="Role" EnumMember="UI.ChartDimensionRoleType/Category"/>
								</Record>
							</Collection>
						</PropertyValue>
						<PropertyValue Property="Actions"/>
					</Record>
				</Annotation>
			</Annotations>
			<Annotations Target="ZPRS_PARTNER_OVP_SRV.Mwcbilling">
				<Annotation Term="UI.Identification">
					<Collection>
						<Record Type="UI.DataField">
							<PropertyValue Property="Value" Path="Value"/>
						</Record>
						<Record Type="UI.DataField">
							<PropertyValue Property="Value" Path="Property"/>
						</Record>
						<Record Type="UI.DataFieldForIntentBasedNavigation">
							<PropertyValue Property="SemanticObject" String="zprs_mm_prpt"/>
							<PropertyValue Property="Action" String="display"/>
						</Record>
					</Collection>
				</Annotation>
				<Annotation Term="UI.Chart">
					<Record Type="UI.ChartDefinitionType">
						<PropertyValue Property="ChartType" EnumMember="UI.ChartType/Waterfall"/>
						<PropertyValue Property="Measures">
							<Collection>
								<PropertyPath>Value</PropertyPath>
							</Collection>
						</PropertyValue>
						<PropertyValue Property="MeasureAttributes">
							<Collection>
								<Record Type="UI.ChartMeasureAttributeType">
									<PropertyValue Property="Measure" PropertyPath="Value"/>
									<PropertyValue Property="Role" EnumMember="UI.ChartMeasureRoleType/Axis2"/>
								</Record>
							</Collection>
						</PropertyValue>
						<PropertyValue Property="Dimensions">
							<Collection>
								<PropertyPath>Property</PropertyPath>
							</Collection>
						</PropertyValue>
						<PropertyValue Property="DimensionAttributes">
							<Collection>
								<Record Type="UI.ChartDimensionAttributeType">
									<PropertyValue Property="Dimension" PropertyPath="Property"/>
									<PropertyValue Property="Role" EnumMember="UI.ChartDimensionRoleType/Category"/>
								</Record>
							</Collection>
						</PropertyValue>
						<PropertyValue Property="Actions"/>
						<PropertyValue Property="Title" String="{@i18n&gt;AMOUNT}"/>
					</Record>
				</Annotation>
			</Annotations>
			<Annotations Target="ZPRS_PARTNER_OVP_SRV.Mwccollection">
				<Annotation Term="UI.Identification">
					<Collection>
						<Record Type="UI.DataField">
							<PropertyValue Property="Value" Path="Value"/>
						</Record>
						<Record Type="UI.DataField">
							<PropertyValue Property="Value" Path="Property"/>
						</Record>
						<Record Type="UI.DataFieldForIntentBasedNavigation">
							<PropertyValue Property="SemanticObject" String="zprs_mm_prpt"/>
							<PropertyValue Property="Action" String="display"/>
						</Record>
					</Collection>
				</Annotation>
				<Annotation Term="UI.Chart">
					<Record Type="UI.ChartDefinitionType">
						<PropertyValue Property="ChartType" EnumMember="UI.ChartType/Waterfall"/>
						<PropertyValue Property="Measures">
							<Collection>
								<PropertyPath>Value</PropertyPath>
							</Collection>
						</PropertyValue>
						<PropertyValue Property="MeasureAttributes">
							<Collection>
								<Record Type="UI.ChartMeasureAttributeType">
									<PropertyValue Property="Measure" PropertyPath="Value"/>
									<PropertyValue Property="Role" EnumMember="UI.ChartMeasureRoleType/Axis2"/>
								</Record>
							</Collection>
						</PropertyValue>
						<PropertyValue Property="Dimensions">
							<Collection>
								<PropertyPath>Property</PropertyPath>
							</Collection>
						</PropertyValue>
						<PropertyValue Property="DimensionAttributes">
							<Collection>
								<Record Type="UI.ChartDimensionAttributeType">
									<PropertyValue Property="Dimension" PropertyPath="Property"/>
									<PropertyValue Property="Role" EnumMember="UI.ChartDimensionRoleType/Category"/>
								</Record>
							</Collection>
						</PropertyValue>
						<PropertyValue Property="Actions"/>
						<PropertyValue Property="Title" String="{@i18n&gt;AMOUNT}"/>
					</Record>
				</Annotation>
			</Annotations>
			<Annotations Target="ZPRS_PARTNER_OVP_SRV.Wipage/Noofdays">
				<Annotation Term="Common.Text" Path="Noofdaysd"/>
			</Annotations>
			<Annotations Target="ZPRS_PARTNER_OVP_SRV.RevFee/Measuretype">
				<Annotation Term="Common.Label" String="{@i18n&gt;FEE_TYPE}">
					<Annotation Term="UI.Importance" EnumMember="UI.ImportanceType/High"/>
				</Annotation>
			</Annotations>
			<Annotations Target="ZPRS_PARTNER_OVP_SRV.RevFee/Wip">
				<Annotation Term="Common.Label" String="{@i18n&gt;AMOUNT}"/>
				<Annotation Term="CQP.Unit" Path="Currency">
					<Annotation Term="UI.Importance" EnumMember="UI.ImportanceType/High"/>
				</Annotation>
			</Annotations>
			<Annotations Target="ZPRS_PARTNER_OVP_SRV.Glbfilter/Parvw">
				<Annotation Term="Common.Label" String="{@i18n&gt;PARTNER_ROLE}"/>
			</Annotations>
			<Annotations Target="ZPRS_PARTNER_OVP_SRV.Glbfilter/Pernrk">
				<Annotation Term="Common.Label" String="{@i18n&gt;PARTNER}"/>
			</Annotations>
			<Annotations Target="ZPRS_PARTNER_OVP_SRV.Glbfilter/Currency">
				<Annotation Term="Common.Label" String="{@i18n&gt;CURRENCY}"/>
			</Annotations>
			<Annotations Target="ZPRS_PARTNER_OVP_SRV.Riskmatter/Margin">
				<Annotation Term="CQP.Unit" String="%"/>
				<Annotation Term="CQP.Scale" Int="1">
					<Annotation Term="UI.Importance" EnumMember="UI.ImportanceType/High"/>
				</Annotation>
			</Annotations>
			<Annotations Target="ZPRS_PARTNER_OVP_SRV.Matterperf/Matterui"/>
			<Annotations Target="ZPRS_PARTNER_OVP_SRV.Feedetail/Collected">
				<Annotation Term="CQP.Unit" Path="Currency"/>
			</Annotations>
			<Annotations Target="ZPRS_PARTNER_OVP_SRV.Feedetail/Fees">
				<Annotation Term="CQP.Unit" Path="Currency"/>
			</Annotations>
			<Annotations Target="ZPRS_PARTNER_OVP_SRV.Feedetail/Billed">
				<Annotation Term="CQP.Unit" Path="Currency"/>
			</Annotations>
			<Annotations Target="ZPRS_PARTNER_OVP_SRV.Newmatter/Estfees">
				<Annotation Term="CQP.Unit" Path="Currency"/>
			</Annotations>
		</Schema>
	</edmx:DataServices>
</edmx:Edmx>