<edmx:Edmx
    xmlns:edmx="http://schemas.microsoft.com/ado/2007/06/edmx"
    xmlns:m="http://schemas.microsoft.com/ado/2007/08/dataservices/metadata"
    xmlns:sap="http://www.sap.com/Protocols/SAPData" Version="1.0">
    <edmx:DataServices m:DataServiceVersion="2.0">
        <Schema
            xmlns="http://schemas.microsoft.com/ado/2008/09/edm" Namespace="ZPRS_LSW_CMATTERS_SRV" xml:lang="en" sap:schema-version="1">
            <EntityType Name="Subscription" sap:semantics="subscriptions" sap:content-version="1">
                <Key>
                    <PropertyRef Name="ID"/>
                </Key>
                <Property Name="ID" Type="Edm.String" Nullable="false" MaxLength="32" sap:label="Sub. ID" sap:creatable="false" sap:updatable="false" sap:filterable="false"/>
                <Property Name="user" Type="Edm.String" MaxLength="12" m:FC_TargetPath="SyndicationAuthorName" m:FC_KeepInContent="false" sap:label="User Name" sap:creatable="false" sap:filterable="false"/>
                <Property Name="updated" Type="Edm.DateTime" Precision="0" m:FC_TargetPath="SyndicationUpdated" m:FC_KeepInContent="false" sap:label="Time Stamp" sap:creatable="false" sap:filterable="false"/>
                <Property Name="title" Type="Edm.String" MaxLength="255" m:FC_TargetPath="SyndicationTitle" m:FC_KeepInContent="false" sap:label="Title" sap:filterable="false"/>
                <Property Name="deliveryAddress" Type="Edm.String" sap:label="Delivery Address" sap:filterable="false"/>
                <Property Name="persistNotifications" Type="Edm.Boolean" sap:label="Persist Notification" sap:filterable="false"/>
                <Property Name="collection" Type="Edm.String" MaxLength="40" sap:label="Collection" sap:filterable="false"/>
                <Property Name="filter" Type="Edm.String" sap:label="Filter" sap:filterable="false"/>
                <Property Name="select" Type="Edm.String" MaxLength="255" sap:label="Select" sap:filterable="false"/>
                <Property Name="changeType" Type="Edm.String" MaxLength="30" sap:label="Change Type"/>
            </EntityType>
            <EntityType Name="Notification" sap:semantics="notifications" sap:content-version="1">
                <Key>
                    <PropertyRef Name="ID"/>
                </Key>
                <Property Name="ID" Type="Edm.String" Nullable="false" MaxLength="32" sap:label="Notification ID"/>
                <Property Name="collection" Type="Edm.String" MaxLength="40" sap:label="Collection"/>
                <Property Name="title" Type="Edm.String" m:FC_TargetPath="SyndicationTitle" m:FC_KeepInContent="false" sap:label="Notif. Text"/>
                <Property Name="updated" Type="Edm.DateTime" Precision="0" m:FC_TargetPath="SyndicationUpdated" m:FC_KeepInContent="false" sap:label="Time Stamp"/>
                <Property Name="changeType" Type="Edm.String" MaxLength="30" sap:label="Change Type"/>
                <Property Name="entriesOfInterest" Type="Edm.Int32" sap:label="No. of Entries"/>
                <Property Name="recipient" Type="Edm.String" MaxLength="112" sap:label="Recipient" sap:creatable="false" sap:updatable="false"/>
            </EntityType>
            <EntityType Name="Header" sap:content-version="1">
                <Key>
                    <PropertyRef Name="Pspid"/>
                </Key>
                <Property Name="Accrual" Type="Edm.Decimal" Nullable="false" Precision="16" Scale="3" sap:unit="AccrualCurr" sap:label="Net Value" sap:updatable="false" sap:sortable="false"/>
                <Property Name="Invoice" Type="Edm.Decimal" Nullable="false" Precision="16" Scale="3" sap:unit="InvoiceCurr" sap:label="Net Value" sap:creatable="false" sap:updatable="false" sap:sortable="false" sap:filterable="false"/>
                <Property Name="CmiRec" Type="Edm.String" Nullable="false" MaxLength="25" sap:label="CMI Record Number" sap:updatable="false" sap:sortable="false"/>
                <Property Name="InvoiceCurr" Type="Edm.String" Nullable="false" MaxLength="5" sap:label="Doc. Currency" sap:creatable="false" sap:updatable="false" sap:sortable="false" sap:filterable="false" sap:semantics="currency-code"/>
                <Property Name="StatusDesc" Type="Edm.String" Nullable="false" MaxLength="100" sap:label="Character 100" sap:updatable="false" sap:sortable="false"/>
                <Property Name="AccrualCurr" Type="Edm.String" Nullable="false" MaxLength="5" sap:label="Doc. Currency" sap:updatable="false" sap:sortable="false" sap:semantics="currency-code"/>
                <Property Name="Pspid" Type="Edm.String" Nullable="false" MaxLength="24" sap:label="Project Def." sap:updatable="false" sap:sortable="false"/>
                <Property Name="Budget" Type="Edm.Decimal" Nullable="false" Precision="14" Scale="3" sap:unit="BudgetCurr" sap:label="Amount in LC" sap:updatable="false" sap:sortable="false"/>
                <Property Name="Post1" Type="Edm.String" Nullable="false" MaxLength="40" sap:label="Description" sap:updatable="false" sap:sortable="false"/>
                <Property Name="BudgetCurr" Type="Edm.String" Nullable="false" MaxLength="5" sap:label="Doc. Currency" sap:updatable="false" sap:sortable="false" sap:semantics="currency-code"/>
                <Property Name="StoreNo" Type="Edm.String" Nullable="false" MaxLength="4" sap:label="Store Number" sap:updatable="false" sap:sortable="false"/>
                <Property Name="Status" Type="Edm.String" Nullable="false" MaxLength="4" sap:label="Matter Status" sap:updatable="false" sap:sortable="false"/>
                <Property Name="StoreName" Type="Edm.String" Nullable="false" MaxLength="40" sap:label="Name" sap:updatable="false" sap:sortable="false"/>
                <Property Name="AdrLine1" Type="Edm.String" Nullable="false" MaxLength="40" sap:label="Street 2" sap:updatable="false" sap:sortable="false"/>
                <Property Name="AdrLine2" Type="Edm.String" Nullable="false" MaxLength="40" sap:label="Street 3" sap:updatable="false" sap:sortable="false"/>
                <Property Name="City" Type="Edm.String" Nullable="false" MaxLength="40" sap:label="City" sap:updatable="false" sap:sortable="false"/>
                <Property Name="Region" Type="Edm.String" Nullable="false" MaxLength="3" sap:label="Region" sap:updatable="false" sap:sortable="false"/>
                <Property Name="Pstlz" Type="Edm.String" Nullable="false" MaxLength="10" sap:label="Postal Code" sap:updatable="false" sap:sortable="false"/>
                <NavigationProperty Name="HeaderToInvoiceSet" Relationship="ZPRS_LSW_CMATTERS_SRV.HeaderToInvoiceSet" FromRole="FromRole_HeaderToInvoiceSet" ToRole="ToRole_HeaderToInvoiceSet"/>
                <NavigationProperty Name="HeaderToAccrual" Relationship="ZPRS_LSW_CMATTERS_SRV.HeaderToAccrual" FromRole="FromRole_HeaderToAccrual" ToRole="ToRole_HeaderToAccrual"/>
                <NavigationProperty Name="HeaderToNarrativesSet" Relationship="ZPRS_LSW_CMATTERS_SRV.HeaderToNarratives" FromRole="FromRole_HeaderToNarratives" ToRole="ToRole_HeaderToNarratives"/>
                <NavigationProperty Name="HeaderToFinalResolSet" Relationship="ZPRS_LSW_CMATTERS_SRV.HeaderToFinalResol" FromRole="FromRole_HeaderToFinalResol" ToRole="ToRole_HeaderToFinalResol"/>
                <NavigationProperty Name="HeaderToDemandSet" Relationship="ZPRS_LSW_CMATTERS_SRV.HeaderToDemand" FromRole="FromRole_HeaderToDemand" ToRole="ToRole_HeaderToDemand"/>
                <NavigationProperty Name="HeaderToLawSuitSet" Relationship="ZPRS_LSW_CMATTERS_SRV.HeaderToLawSuit" FromRole="FromRole_HeaderToLawSuit" ToRole="ToRole_HeaderToLawSuit"/>
                <NavigationProperty Name="HeaderToLegalTeamSet" Relationship="ZPRS_LSW_CMATTERS_SRV.HeaderToLegalTeam" FromRole="FromRole_HeaderToLegalTeam" ToRole="ToRole_HeaderToLegalTeam"/>
                <NavigationProperty Name="HeaderToGeneralSet" Relationship="ZPRS_LSW_CMATTERS_SRV.HeaderToGeneral" FromRole="FromRole_HeaderToGeneral" ToRole="ToRole_HeaderToGeneral"/>
            </EntityType>
            <EntityType Name="General" sap:content-version="1">
                <Key>
                    <PropertyRef Name="Pspid"/>
                </Key>
                <Property Name="CaseTypeDesc" Type="Edm.String" Nullable="false" MaxLength="100" sap:label="Character 100" sap:creatable="false" sap:updatable="false" sap:sortable="false" sap:filterable="false"/>
                <Property Name="MatterCuky" Type="Edm.String" Nullable="false" MaxLength="5" sap:label="Billing Currency" sap:creatable="false" sap:updatable="false" sap:sortable="false" sap:filterable="false" sap:semantics="currency-code"/>
                <Property Name="Pspid" Type="Edm.String" Nullable="false" MaxLength="24" sap:label="Project Def." sap:creatable="false" sap:updatable="false" sap:sortable="false"/>
                <Property Name="CaseType" Type="Edm.String" Nullable="false" MaxLength="2" sap:label="Case" sap:creatable="false" sap:updatable="false" sap:sortable="false" sap:filterable="false"/>
                <Property Name="CaseTypeSecDesc" Type="Edm.String" Nullable="false" MaxLength="100" sap:label="Character 100" sap:creatable="false" sap:updatable="false" sap:sortable="false" sap:filterable="false"/>
                <Property Name="CaseTypeSec" Type="Edm.String" Nullable="false" MaxLength="2" sap:label="Case" sap:creatable="false" sap:updatable="false" sap:sortable="false" sap:filterable="false"/>
                <Property Name="MatterTypeDesc" Type="Edm.String" Nullable="false" MaxLength="100" sap:label="Character 100" sap:creatable="false" sap:updatable="false" sap:sortable="false" sap:filterable="false"/>
                <Property Name="MatterSubtype" Type="Edm.String" Nullable="false" MaxLength="2" sap:label="Matter  Sub Type" sap:creatable="false" sap:updatable="false" sap:sortable="false" sap:filterable="false"/>
                <Property Name="OpenDate" Type="Edm.DateTime" Precision="7" sap:label="Start date" sap:creatable="false" sap:updatable="false" sap:sortable="false" sap:filterable="false"/>
                <Property Name="CloseDate" Type="Edm.DateTime" Precision="7" sap:label="Finish date" sap:creatable="false" sap:updatable="false" sap:sortable="false" sap:filterable="false"/>
                <Property Name="MatterSubtypeDesc" Type="Edm.String" Nullable="false" MaxLength="100" sap:label="Character 100" sap:creatable="false" sap:updatable="false" sap:sortable="false" sap:filterable="false"/>
                <Property Name="MatterType" Type="Edm.String" Nullable="false" MaxLength="2" sap:label="Matter Type" sap:creatable="false" sap:updatable="false" sap:sortable="false" sap:filterable="false"/>
                <Property Name="PracticeAreaDesc" Type="Edm.String" Nullable="false" MaxLength="100" sap:label="Character 100" sap:creatable="false" sap:updatable="false" sap:sortable="false" sap:filterable="false"/>
                <Property Name="MatterCukyDesc" Type="Edm.String" Nullable="false" MaxLength="100" sap:label="Character 100" sap:creatable="false" sap:updatable="false" sap:sortable="false" sap:filterable="false"/>
                <Property Name="PracticeArea" Type="Edm.String" Nullable="false" MaxLength="4" sap:label="Practice Area" sap:creatable="false" sap:updatable="false" sap:sortable="false" sap:filterable="false"/>
            </EntityType>
            <EntityType Name="LegalTeam" sap:content-version="1">
                <Key>
                    <PropertyRef Name="Pspid"/>
                </Key>
                <Property Name="Parvwdesc" Type="Edm.String" Nullable="false" MaxLength="20" sap:label="Name" sap:creatable="false" sap:updatable="false" sap:sortable="false" sap:filterable="false"/>
                <Property Name="Pspid" Type="Edm.String" Nullable="false" MaxLength="24" sap:label="Project Def." sap:creatable="false" sap:updatable="false" sap:sortable="false"/>
                <Property Name="ParnrOld" Type="Edm.String" Nullable="false" MaxLength="12" sap:label="Partner" sap:creatable="false" sap:updatable="false" sap:sortable="false" sap:filterable="false"/>
                <Property Name="Parvw" Type="Edm.String" Nullable="false" MaxLength="2" sap:label="Partner Functn" sap:creatable="false" sap:updatable="false" sap:sortable="false" sap:filterable="false"/>
                <Property Name="Counter" Type="Edm.String" Nullable="false" MaxLength="6" sap:label="Counter" sap:creatable="false" sap:updatable="false" sap:sortable="false" sap:filterable="false"/>
                <Property Name="ParnrNew" Type="Edm.String" Nullable="false" MaxLength="12" sap:label="Partner" sap:creatable="false" sap:updatable="false" sap:sortable="false" sap:filterable="false"/>
                <Property Name="Update" Type="Edm.String" Nullable="false" MaxLength="1" sap:label="Char01" sap:creatable="false" sap:updatable="false" sap:sortable="false" sap:filterable="false"/>
                <Property Name="Name1" Type="Edm.String" Nullable="false" MaxLength="40" sap:label="Name" sap:creatable="false" sap:updatable="false" sap:sortable="false" sap:filterable="false"/>
                <Property Name="Zzlink" Type="Edm.String" Nullable="false" sap:label="ZZLINK" sap:creatable="false" sap:updatable="false" sap:sortable="false" sap:filterable="false"/>
                <Property Name="Addrln" Type="Edm.String" Nullable="false" sap:label="ADDRLN" sap:creatable="false" sap:updatable="false" sap:sortable="false" sap:filterable="false"/>
                <Property Name="IsEditable" Type="Edm.String" Nullable="false" sap:label="IS_EDITABLE" sap:creatable="false" sap:updatable="false" sap:sortable="false" sap:filterable="false"/>
                <Property Name="Error" Type="Edm.String" Nullable="false" sap:label="Message Type Indicat" sap:creatable="false" sap:updatable="false" sap:sortable="false" sap:filterable="false"/>
                <Property Name="Errormessage" Type="Edm.String" Nullable="false" sap:label="Message Type Indicat" sap:creatable="false" sap:updatable="false" sap:sortable="false" sap:filterable="false"/>
                <Property Name="BILLLIFE2DATE" Type="Edm.String" Nullable="false" MaxLength="15" sap:label="Billing To Date" sap:creatable="false" sap:updatable="false" sap:sortable="false" sap:filterable="false"/>
                <Property Name="RATE" Type="Edm.String" Nullable="false" MaxLength="10" sap:label="Rate" sap:creatable="false" sap:updatable="false" sap:sortable="false" sap:filterable="false"/>
                <Property Name="HOURS" Type="Edm.String" Nullable="false" MaxLength="10" sap:label="Hours" sap:creatable="false" sap:updatable="false" sap:sortable="false" sap:filterable="false"/>
            </EntityType>
            <EntityType Name="LawSuit" sap:content-version="1">
                <Key>
                    <PropertyRef Name="Pspid"/>
                </Key>
                <Property Name="FacilityDesc" Type="Edm.String" Nullable="false" MaxLength="100" sap:label="Character 100" sap:creatable="false" sap:updatable="false" sap:sortable="false" sap:filterable="false"/>
                <Property Name="Pspid" Type="Edm.String" Nullable="false" MaxLength="24" sap:label="Project Def." sap:creatable="false" sap:updatable="false" sap:sortable="false"/>
                <Property Name="Court" Type="Edm.String" Nullable="false" MaxLength="40" sap:label="Court" sap:creatable="false" sap:updatable="false" sap:sortable="false" sap:filterable="false"/>
                <Property Name="PrimaryIssuesDesc" Type="Edm.String" Nullable="false" MaxLength="100" sap:label="Character 100" sap:creatable="false" sap:updatable="false" sap:sortable="false" sap:filterable="false"/>
                <Property Name="Facility" Type="Edm.Int32" Nullable="false" sap:label="Facility" sap:creatable="false" sap:updatable="false" sap:sortable="false" sap:filterable="false"/>
                <Property Name="SecondaryIssuesDesc" Type="Edm.String" Nullable="false" MaxLength="100" sap:label="Character 100" sap:creatable="false" sap:updatable="false" sap:sortable="false" sap:filterable="false"/>
                <Property Name="PrimaryIssues" Type="Edm.String" Nullable="false" MaxLength="10" sap:label="Issue" sap:creatable="false" sap:updatable="false" sap:sortable="false" sap:filterable="false"/>
                <Property Name="StateDesc" Type="Edm.String" Nullable="false" MaxLength="100" sap:label="Character 100" sap:creatable="false" sap:updatable="false" sap:sortable="false" sap:filterable="false"/>
                <Property Name="CountyDesc" Type="Edm.String" Nullable="false" MaxLength="100" sap:label="Character 100" sap:creatable="false" sap:updatable="false" sap:sortable="false" sap:filterable="false"/>
                <Property Name="SecondaryIssues" Type="Edm.String" Nullable="false" MaxLength="10" sap:label="Issue" sap:creatable="false" sap:updatable="false" sap:sortable="false" sap:filterable="false"/>
                <Property Name="State" Type="Edm.String" Nullable="false" MaxLength="2" sap:label="State" sap:creatable="false" sap:updatable="false" sap:sortable="false" sap:filterable="false"/>
                <Property Name="County" Type="Edm.String" Nullable="false" MaxLength="2" sap:label="State" sap:creatable="false" sap:updatable="false" sap:sortable="false" sap:filterable="false"/>
                <Property Name="TrialDate" Type="Edm.DateTime" Precision="7" sap:label="Date" sap:creatable="false" sap:updatable="false" sap:sortable="false" sap:filterable="false"/>
                <Property Name="SettlementDate" Type="Edm.DateTime" Precision="7" sap:label="Date" sap:creatable="false" sap:updatable="false" sap:sortable="false" sap:filterable="false"/>
                <Property Name="ConferenceDate" Type="Edm.DateTime" Precision="7" sap:label="Date" sap:creatable="false" sap:updatable="false" sap:sortable="false" sap:filterable="false"/>
                <Property Name="MediationDate" Type="Edm.DateTime" Precision="7" sap:label="Date" sap:creatable="false" sap:updatable="false" sap:sortable="false" sap:filterable="false"/>
            </EntityType>
            <EntityType Name="Demand" sap:content-version="1">
                <Key>
                    <PropertyRef Name="Pspid"/>
                </Key>
                <Property Name="Pspid" Type="Edm.String" Nullable="false" MaxLength="24" sap:label="Project Def." sap:creatable="false" sap:updatable="false" sap:sortable="false"/>
                <Property Name="CurrentOffer" Type="Edm.Decimal" Nullable="false" Precision="14" Scale="3" sap:unit="MatterCuky" sap:label="Amount" sap:creatable="false" sap:updatable="false" sap:sortable="false" sap:filterable="false"/>
                <Property Name="AuthorizationAmount" Type="Edm.Decimal" Nullable="false" Precision="14" Scale="3" sap:unit="MatterCuky" sap:label="Amount" sap:creatable="false" sap:updatable="false" sap:sortable="false" sap:filterable="false"/>
                <Property Name="DemandAmount" Type="Edm.Decimal" Nullable="false" Precision="14" Scale="3" sap:unit="MatterCuky" sap:label="Amount" sap:creatable="false" sap:updatable="false" sap:sortable="false" sap:filterable="false"/>
                <Property Name="MatterCuky" Type="Edm.String" Nullable="false" MaxLength="5" sap:label="Billing Currency" sap:creatable="false" sap:updatable="false" sap:sortable="false" sap:filterable="false" sap:semantics="currency-code"/>
            </EntityType>
            <EntityType Name="FinalResol" sap:content-version="1">
                <Key>
                    <PropertyRef Name="Pspid"/>
                </Key>
                <Property Name="Pspid" Type="Edm.String" Nullable="false" MaxLength="24" sap:label="Project Def." sap:creatable="false" sap:updatable="false" sap:sortable="false"/>
                <Property Name="OutcomeDesc" Type="Edm.String" Nullable="false" MaxLength="100" sap:label="Character 100" sap:creatable="false" sap:updatable="false" sap:sortable="false" sap:filterable="false"/>
                <Property Name="Outcome" Type="Edm.String" Nullable="false" MaxLength="10" sap:label="Outcome" sap:creatable="false" sap:updatable="false" sap:sortable="false" sap:filterable="false"/>
                <Property Name="OutcomeSubDesc" Type="Edm.String" Nullable="false" MaxLength="100" sap:label="Character 100" sap:creatable="false" sap:updatable="false" sap:sortable="false" sap:filterable="false"/>
                <Property Name="OutcomeSub" Type="Edm.String" Nullable="false" MaxLength="20" sap:label="Outcome Subtype" sap:creatable="false" sap:updatable="false" sap:sortable="false" sap:filterable="false"/>
                <Property Name="PayerDesc" Type="Edm.String" Nullable="false" MaxLength="30" sap:label="Name 1" sap:creatable="false" sap:updatable="false" sap:sortable="false" sap:filterable="false"/>
                <Property Name="ResolutionDate" Type="Edm.DateTime" Precision="7" sap:label="Date" sap:creatable="false" sap:updatable="false" sap:sortable="false" sap:filterable="false"/>
                <Property Name="TotResAmt" Type="Edm.Decimal" Nullable="false" Precision="14" Scale="3" sap:unit="MatterCuky" sap:label="Amount" sap:creatable="false" sap:updatable="false" sap:sortable="false" sap:filterable="false"/>
                <Property Name="FinResAmt" Type="Edm.Decimal" Nullable="false" Precision="14" Scale="3" sap:unit="MatterCuky" sap:label="Amount" sap:creatable="false" sap:updatable="false" sap:sortable="false" sap:filterable="false"/>
                <Property Name="Payer" Type="Edm.String" Nullable="false" MaxLength="10" sap:label="Client" sap:creatable="false" sap:updatable="false" sap:sortable="false" sap:filterable="false"/>
                <Property Name="PaymentAmount" Type="Edm.Decimal" Nullable="false" Precision="14" Scale="3" sap:unit="MatterCuky" sap:label="Amount" sap:creatable="false" sap:updatable="false" sap:sortable="false" sap:filterable="false"/>
                <Property Name="PaymentDate" Type="Edm.DateTime" Precision="7" sap:label="Date" sap:creatable="false" sap:updatable="false" sap:sortable="false" sap:filterable="false"/>
                <Property Name="MatterCuky" Type="Edm.String" Nullable="false" MaxLength="5" sap:label="Billing Currency" sap:creatable="false" sap:updatable="false" sap:sortable="false" sap:filterable="false" sap:semantics="currency-code"/>
            </EntityType>
            <EntityType Name="Narratives" sap:content-version="1">
                <Key>
                    <PropertyRef Name="Pspid"/>
                </Key>
                <Property Name="Pspid" Type="Edm.String" Nullable="false" MaxLength="24" sap:label="Project Def." sap:creatable="false" sap:updatable="false" sap:sortable="false" sap:filterable="false"/>
                <Property Name="Counter" Type="Edm.String" Nullable="false" MaxLength="6" sap:label="Counter" sap:creatable="false" sap:updatable="false" sap:sortable="false" sap:filterable="false"/>
                <Property Name="Narrative" Type="Edm.String" Nullable="false" sap:label="NARRATIVE" sap:creatable="false" sap:updatable="false" sap:sortable="false" sap:filterable="false"/>
            </EntityType>
            <EntityType Name="MatterDetail" sap:content-version="1">
                <Key>
                    <PropertyRef Name="Pspid"/>
                </Key>
                <Property Name="MatterSubtype" Type="Edm.String" Nullable="false" MaxLength="2" sap:label="Matter  Sub Type"/>
                <Property Name="Pspid" Type="Edm.String" Nullable="false" MaxLength="24" sap:label="Project Def."/>
                <Property Name="Post1" Type="Edm.String" MaxLength="40" sap:label="Description"/>
                <Property Name="Status" Type="Edm.String" MaxLength="4" sap:label="Status"/>
                <Property Name="CmiRec" Type="Edm.String" MaxLength="25" sap:label="CMI Rec"/>
                <Property Name="StoreNo" Type="Edm.String" MaxLength="10" sap:label="Store"/>
                <Property Name="StoreName" Type="Edm.String" MaxLength="40" sap:label="Name"/>
                <Property Name="AdrLine1" Type="Edm.String" MaxLength="40" sap:label="Street 2"/>
                <Property Name="AdrLine2" Type="Edm.String" MaxLength="40" sap:label="Street 3"/>
                <Property Name="City" Type="Edm.String" MaxLength="40" sap:label="City"/>
                <Property Name="Region" Type="Edm.String" MaxLength="3" sap:label="Region"/>
                <Property Name="Pstlz" Type="Edm.String" MaxLength="10" sap:label="Postal Code"/>
                <Property Name="CaseType" Type="Edm.String" MaxLength="2" sap:label="Case"/>
                <Property Name="CaseTypeSec" Type="Edm.String" MaxLength="2" sap:label="Case"/>
                <Property Name="OpenDate" Type="Edm.DateTime" Precision="7" sap:label="Start date"/>
                <Property Name="CloseDate" Type="Edm.DateTime" Precision="7" sap:label="Finish date"/>
                <Property Name="MatterType" Type="Edm.String" MaxLength="2" sap:label="Matter Type"/>
                <Property Name="PracticeArea" Type="Edm.String" MaxLength="4" sap:label="Practice"/>
                <Property Name="OcFirm" Type="Edm.String" MaxLength="4" sap:label="Company Code"/>
                <Property Name="Court" Type="Edm.String" MaxLength="40" sap:label="Court"/>
                <Property Name="Facility" Type="Edm.Int32" sap:label="Facility"/>
                <Property Name="PrimaryIssues" Type="Edm.String" MaxLength="10" sap:label="Issue"/>
                <Property Name="SecondaryIssues" Type="Edm.String" MaxLength="10" sap:label="Issue"/>
                <Property Name="State" Type="Edm.String" MaxLength="2" sap:label="State"/>
                <Property Name="County" Type="Edm.String" MaxLength="2" sap:label="State"/>
                <Property Name="TrialDate" Type="Edm.DateTime" Precision="7" sap:label="Date"/>
                <Property Name="SettlementDate" Type="Edm.DateTime" Precision="7" sap:label="Date"/>
                <Property Name="ConferenceDate" Type="Edm.DateTime" Precision="7" sap:label="Date"/>
                <Property Name="MediationDate" Type="Edm.DateTime" Precision="7" sap:label="Date"/>
                <Property Name="CurrentOffer" Type="Edm.Decimal" Precision="14" Scale="3" sap:unit="MatterCuky" sap:label="Amount"/>
                <Property Name="AuthorizationAmount" Type="Edm.Decimal" Precision="14" Scale="3" sap:unit="MatterCuky" sap:label="Amount"/>
                <Property Name="DemandAmount" Type="Edm.Decimal" Precision="14" Scale="3" sap:unit="MatterCuky" sap:label="Amount"/>
                <Property Name="Outcome" Type="Edm.String" MaxLength="10" sap:label="Outcome"/>
                <Property Name="OutcomeSub" Type="Edm.String" MaxLength="20" sap:label="Outcome Subtype"/>
                <Property Name="ResolutionDate" Type="Edm.DateTime" Precision="7" sap:label="Date"/>
                <Property Name="TotResAmt" Type="Edm.Decimal" Precision="14" Scale="3" sap:unit="MatterCuky" sap:label="Amount"/>
                <Property Name="FinResAmt" Type="Edm.Decimal" Precision="14" Scale="3" sap:unit="MatterCuky" sap:label="Amount"/>
                <Property Name="Payer" Type="Edm.String" MaxLength="10" sap:label="Client"/>
                <Property Name="PaymentAmount" Type="Edm.Decimal" Precision="14" Scale="3" sap:unit="MatterCuky" sap:label="Amount"/>
                <Property Name="PaymentDate" Type="Edm.DateTime" Precision="7" sap:label="Date"/>
                <Property Name="MatterCuky" Type="Edm.String" MaxLength="5" sap:label="Billing Currency" sap:semantics="currency-code"/>
                <Property Name="Action" Type="Edm.String" MaxLength="10" sap:label="LSM Matters Action"/>
                <Property Name="Iserror" Type="Edm.String" MaxLength="1" sap:label="Boolean Variable (X=True, -=False, Space=Unknown)"/>
                <Property Name="Message" Type="Edm.String" MaxLength="1000" sap:label="Message String"/>
                <NavigationProperty Name="DetailToNarrativesSet" Relationship="ZPRS_LSW_CMATTERS_SRV.DetailToNarratives" FromRole="FromRole_DetailToNarratives" ToRole="ToRole_DetailToNarratives"/>
                <NavigationProperty Name="DetailToLegalTeamSet" Relationship="ZPRS_LSW_CMATTERS_SRV.DetailToLegalTeam" FromRole="FromRole_DetailToLegalTeam" ToRole="ToRole_DetailToLegalTeam"/>
            </EntityType>
            <EntityType Name="MatterCreate" sap:content-version="1">
                <Key>
                    <PropertyRef Name="Werks"/>
                </Key>
                <Property Name="Pspid" Type="Edm.String" Nullable="false" MaxLength="24" sap:label="Project Def." sap:creatable="false" sap:updatable="false" sap:sortable="false" sap:filterable="false"/>
                <Property Name="Post1" Type="Edm.String" Nullable="false" MaxLength="40" sap:label="Description" sap:creatable="false" sap:updatable="false" sap:sortable="false" sap:filterable="false"/>
                <Property Name="Werks" Type="Edm.String" Nullable="false" MaxLength="4" sap:label="Office" sap:creatable="false" sap:updatable="false" sap:sortable="false" sap:filterable="false"/>
                <Property Name="StoreNo" Type="Edm.String" Nullable="false" MaxLength="10" sap:label="Store" sap:creatable="false" sap:updatable="false" sap:sortable="false" sap:filterable="false"/>
                <Property Name="Iserror" Type="Edm.String" Nullable="false" MaxLength="1" sap:label="Boolean Variable (X=True, -=False, Space=Unknown)" sap:creatable="false" sap:updatable="false" sap:sortable="false" sap:filterable="false"/>
                <Property Name="CmiRec" Type="Edm.String" Nullable="false" MaxLength="25" sap:label="CMI Rec" sap:creatable="false" sap:updatable="false" sap:sortable="false" sap:filterable="false"/>
                <Property Name="Message" Type="Edm.String" Nullable="false" MaxLength="1000" sap:label="Message String" sap:creatable="false" sap:updatable="false" sap:sortable="false" sap:filterable="false"/>
                <Property Name="Status" Type="Edm.String" Nullable="false" MaxLength="4" sap:label="Status" sap:creatable="false" sap:updatable="false" sap:sortable="false" sap:filterable="false"/>
                <Property Name="CaseType" Type="Edm.String" Nullable="false" MaxLength="2" sap:label="Case" sap:creatable="false" sap:updatable="false" sap:sortable="false" sap:filterable="false"/>
                <Property Name="MatterType" Type="Edm.String" Nullable="false" MaxLength="2" sap:label="Matter Type" sap:creatable="false" sap:updatable="false" sap:sortable="false" sap:filterable="false"/>
                <Property Name="MatterCategory" Type="Edm.String" Nullable="false" MaxLength="2" sap:label="Matter Category" sap:creatable="false" sap:updatable="false" sap:sortable="false" sap:filterable="false"/>
                <Property Name="OpenDate" Type="Edm.DateTime" Nullable="false" Precision="7" sap:label="Start date" sap:creatable="false" sap:updatable="false" sap:sortable="false" sap:filterable="false"/>
                <Property Name="CloseDate" Type="Edm.DateTime" Nullable="false" Precision="7" sap:label="Finish date" sap:creatable="false" sap:updatable="false" sap:sortable="false" sap:filterable="false"/>
            </EntityType>
            <EntityType Name="PDFOut" m:HasStream="true" sap:content-version="1">
                <Key>
                    <PropertyRef Name="Vbeln"/>
                </Key>
                <Property Name="Vbeln" Type="Edm.String" Nullable="false" sap:creatable="false" sap:updatable="false" sap:sortable="false" sap:filterable="false"/>
            </EntityType>
            <EntityType Name="Accrual" sap:content-version="1">
                <Key>
                    <PropertyRef Name="Pspid"/>
                </Key>
                <Property Name="Quantity" Type="Edm.Decimal" Nullable="false" Precision="13" Scale="3" sap:label="Billed qty" sap:creatable="false" sap:updatable="false" sap:sortable="false" sap:filterable="false"/>
                <Property Name="Pspid" Type="Edm.String" Nullable="false" MaxLength="24" sap:label="Project Def."/>
                <Property Name="FeeSum" Type="Edm.Decimal" Nullable="false" Precision="16" Scale="3" sap:unit="FeeCurr" sap:label="Net Value"/>
                <Property Name="FeeCurr" Type="Edm.String" Nullable="false" MaxLength="5" sap:label="Doc. Currency" sap:semantics="currency-code"/>
                <Property Name="ScostSum" Type="Edm.Decimal" Nullable="false" Precision="16" Scale="3" sap:unit="ScostCurr" sap:label="Net Value"/>
                <Property Name="ScostCurr" Type="Edm.String" Nullable="false" MaxLength="5" sap:label="Doc. Currency" sap:semantics="currency-code"/>
                <Property Name="HcostSum" Type="Edm.Decimal" Nullable="false" Precision="16" Scale="3" sap:unit="HcostCurr" sap:label="Net Value"/>
                <Property Name="HcostCurr" Type="Edm.String" Nullable="false" MaxLength="5" sap:label="Doc. Currency" sap:semantics="currency-code"/>
                <Property Name="TotalSum" Type="Edm.Decimal" Nullable="false" Precision="16" Scale="3" sap:unit="HcostCurr" sap:label="Net Value"/>
            </EntityType>
            <EntityType Name="Invoice" sap:content-version="1">
                <Key>
                    <PropertyRef Name="Pspid"/>
                </Key>
                <Property Name="Pspid" Type="Edm.String" Nullable="false" MaxLength="24" sap:label="Project Def."/>
                <Property Name="Vbeln" Type="Edm.String" Nullable="false" MaxLength="10" sap:label="Billing Doc."/>
                <Property Name="Netwr" Type="Edm.Decimal" Nullable="false" Precision="16" Scale="3" sap:unit="Waerk" sap:label="Net Value"/>
                <Property Name="Waerk" Type="Edm.String" Nullable="false" MaxLength="5" sap:label="Doc. Currency" sap:semantics="currency-code"/>
                <Property Name="ZzinvStatus" Type="Edm.String" Nullable="false" MaxLength="20" sap:label="Invoice Verification Status"/>
            </EntityType>
            <Association Name="HeaderToGeneral" sap:content-version="1">
                <End Type="ZPRS_LSW_CMATTERS_SRV.Header" Multiplicity="1" Role="FromRole_HeaderToGeneral"/>
                <End Type="ZPRS_LSW_CMATTERS_SRV.General" Multiplicity="1" Role="ToRole_HeaderToGeneral"/>
                <ReferentialConstraint>
                    <Principal Role="FromRole_HeaderToGeneral">
                        <PropertyRef Name="Pspid"/>
                    </Principal>
                    <Dependent Role="ToRole_HeaderToGeneral">
                        <PropertyRef Name="Pspid"/>
                    </Dependent>
                </ReferentialConstraint>
            </Association>
            <Association Name="HeaderToLegalTeam" sap:content-version="1">
                <End Type="ZPRS_LSW_CMATTERS_SRV.Header" Multiplicity="1" Role="FromRole_HeaderToLegalTeam"/>
                <End Type="ZPRS_LSW_CMATTERS_SRV.LegalTeam" Multiplicity="*" Role="ToRole_HeaderToLegalTeam"/>
                <ReferentialConstraint>
                    <Principal Role="FromRole_HeaderToLegalTeam">
                        <PropertyRef Name="Pspid"/>
                    </Principal>
                    <Dependent Role="ToRole_HeaderToLegalTeam">
                        <PropertyRef Name="Pspid"/>
                    </Dependent>
                </ReferentialConstraint>
            </Association>
            <Association Name="HeaderToLawSuit" sap:content-version="1">
                <End Type="ZPRS_LSW_CMATTERS_SRV.Header" Multiplicity="1" Role="FromRole_HeaderToLawSuit"/>
                <End Type="ZPRS_LSW_CMATTERS_SRV.LawSuit" Multiplicity="1" Role="ToRole_HeaderToLawSuit"/>
                <ReferentialConstraint>
                    <Principal Role="FromRole_HeaderToLawSuit">
                        <PropertyRef Name="Pspid"/>
                    </Principal>
                    <Dependent Role="ToRole_HeaderToLawSuit">
                        <PropertyRef Name="Pspid"/>
                    </Dependent>
                </ReferentialConstraint>
            </Association>
            <Association Name="HeaderToDemand" sap:content-version="1">
                <End Type="ZPRS_LSW_CMATTERS_SRV.Header" Multiplicity="1" Role="FromRole_HeaderToDemand"/>
                <End Type="ZPRS_LSW_CMATTERS_SRV.Demand" Multiplicity="1" Role="ToRole_HeaderToDemand"/>
                <ReferentialConstraint>
                    <Principal Role="FromRole_HeaderToDemand">
                        <PropertyRef Name="Pspid"/>
                    </Principal>
                    <Dependent Role="ToRole_HeaderToDemand">
                        <PropertyRef Name="Pspid"/>
                    </Dependent>
                </ReferentialConstraint>
            </Association>
            <Association Name="HeaderToFinalResol" sap:content-version="1">
                <End Type="ZPRS_LSW_CMATTERS_SRV.Header" Multiplicity="1" Role="FromRole_HeaderToFinalResol"/>
                <End Type="ZPRS_LSW_CMATTERS_SRV.FinalResol" Multiplicity="1" Role="ToRole_HeaderToFinalResol"/>
                <ReferentialConstraint>
                    <Principal Role="FromRole_HeaderToFinalResol">
                        <PropertyRef Name="Pspid"/>
                    </Principal>
                    <Dependent Role="ToRole_HeaderToFinalResol">
                        <PropertyRef Name="Pspid"/>
                    </Dependent>
                </ReferentialConstraint>
            </Association>
            <Association Name="HeaderToNarratives" sap:content-version="1">
                <End Type="ZPRS_LSW_CMATTERS_SRV.Header" Multiplicity="1" Role="FromRole_HeaderToNarratives"/>
                <End Type="ZPRS_LSW_CMATTERS_SRV.Narratives" Multiplicity="*" Role="ToRole_HeaderToNarratives"/>
                <ReferentialConstraint>
                    <Principal Role="FromRole_HeaderToNarratives">
                        <PropertyRef Name="Pspid"/>
                    </Principal>
                    <Dependent Role="ToRole_HeaderToNarratives">
                        <PropertyRef Name="Pspid"/>
                    </Dependent>
                </ReferentialConstraint>
            </Association>
            <Association Name="HeaderToAccrual" sap:content-version="1">
                <End Type="ZPRS_LSW_CMATTERS_SRV.Header" Multiplicity="1" Role="FromRole_HeaderToAccrual"/>
                <End Type="ZPRS_LSW_CMATTERS_SRV.Accrual" Multiplicity="1" Role="ToRole_HeaderToAccrual"/>
                <ReferentialConstraint>
                    <Principal Role="FromRole_HeaderToAccrual">
                        <PropertyRef Name="Pspid"/>
                    </Principal>
                    <Dependent Role="ToRole_HeaderToAccrual">
                        <PropertyRef Name="Pspid"/>
                    </Dependent>
                </ReferentialConstraint>
            </Association>
            <Association Name="HeaderToInvoiceSet" sap:content-version="1">
                <End Type="ZPRS_LSW_CMATTERS_SRV.Header" Multiplicity="1" Role="FromRole_HeaderToInvoiceSet"/>
                <End Type="ZPRS_LSW_CMATTERS_SRV.Invoice" Multiplicity="*" Role="ToRole_HeaderToInvoiceSet"/>
                <ReferentialConstraint>
                    <Principal Role="FromRole_HeaderToInvoiceSet">
                        <PropertyRef Name="Pspid"/>
                    </Principal>
                    <Dependent Role="ToRole_HeaderToInvoiceSet">
                        <PropertyRef Name="Pspid"/>
                    </Dependent>
                </ReferentialConstraint>
            </Association>
            <Association Name="DetailToLegalTeam" sap:content-version="1">
                <End Type="ZPRS_LSW_CMATTERS_SRV.MatterDetail" Multiplicity="1" Role="FromRole_DetailToLegalTeam"/>
                <End Type="ZPRS_LSW_CMATTERS_SRV.LegalTeam" Multiplicity="*" Role="ToRole_DetailToLegalTeam"/>
                <ReferentialConstraint>
                    <Principal Role="FromRole_DetailToLegalTeam">
                        <PropertyRef Name="Pspid"/>
                    </Principal>
                    <Dependent Role="ToRole_DetailToLegalTeam">
                        <PropertyRef Name="Pspid"/>
                    </Dependent>
                </ReferentialConstraint>
            </Association>
            <Association Name="DetailToNarratives" sap:content-version="1">
                <End Type="ZPRS_LSW_CMATTERS_SRV.MatterDetail" Multiplicity="1" Role="FromRole_DetailToNarratives"/>
                <End Type="ZPRS_LSW_CMATTERS_SRV.Narratives" Multiplicity="*" Role="ToRole_DetailToNarratives"/>
                <ReferentialConstraint>
                    <Principal Role="FromRole_DetailToNarratives">
                        <PropertyRef Name="Pspid"/>
                    </Principal>
                    <Dependent Role="ToRole_DetailToNarratives">
                        <PropertyRef Name="Pspid"/>
                    </Dependent>
                </ReferentialConstraint>
            </Association>
            <EntityContainer Name="ZPRS_LSW_CMATTERS_SRV_Entities" m:IsDefaultEntityContainer="true" sap:supported-formats="atom json xlsx">
                <EntitySet Name="NotificationCollection" EntityType="ZPRS_LSW_CMATTERS_SRV.Notification" sap:creatable="false" sap:updatable="false" sap:deletable="false" sap:addressable="false" sap:content-version="1"/>
                <EntitySet Name="HeaderSet" EntityType="ZPRS_LSW_CMATTERS_SRV.Header" sap:creatable="false" sap:updatable="false" sap:deletable="false" sap:pageable="false" sap:content-version="1"/>
                <EntitySet Name="GeneralSet" EntityType="ZPRS_LSW_CMATTERS_SRV.General" sap:creatable="false" sap:updatable="false" sap:deletable="false" sap:pageable="false" sap:content-version="1"/>
                <EntitySet Name="LegalTeamSet" EntityType="ZPRS_LSW_CMATTERS_SRV.LegalTeam" sap:searchable="true" sap:requires-filter="true" sap:content-version="1"/>
                <EntitySet Name="LawSuitSet" EntityType="ZPRS_LSW_CMATTERS_SRV.LawSuit" sap:creatable="false" sap:updatable="false" sap:deletable="false" sap:pageable="false" sap:content-version="1"/>
                <EntitySet Name="DemandSet" EntityType="ZPRS_LSW_CMATTERS_SRV.Demand" sap:creatable="false" sap:updatable="false" sap:deletable="false" sap:pageable="false" sap:content-version="1"/>
                <EntitySet Name="FinalResolSet" EntityType="ZPRS_LSW_CMATTERS_SRV.FinalResol" sap:creatable="false" sap:updatable="false" sap:deletable="false" sap:pageable="false" sap:content-version="1"/>
                <EntitySet Name="Narrativesset" EntityType="ZPRS_LSW_CMATTERS_SRV.Narratives" sap:searchable="true" sap:requires-filter="true" sap:content-version="1"/>
                <EntitySet Name="MatterDetailSet" EntityType="ZPRS_LSW_CMATTERS_SRV.MatterDetail" sap:searchable="true" sap:requires-filter="true" sap:content-version="1"/>
                <EntitySet Name="MatterCreateSet" EntityType="ZPRS_LSW_CMATTERS_SRV.MatterCreate" sap:deletable="false" sap:pageable="false" sap:content-version="1"/>
                <EntitySet Name="PDFOutCollection" EntityType="ZPRS_LSW_CMATTERS_SRV.PDFOut" sap:content-version="1"/>
                <EntitySet Name="AccrualSet" EntityType="ZPRS_LSW_CMATTERS_SRV.Accrual" sap:searchable="true" sap:requires-filter="true" sap:content-version="1"/>
                <EntitySet Name="InvoiceSet" EntityType="ZPRS_LSW_CMATTERS_SRV.Invoice" sap:searchable="true" sap:requires-filter="true" sap:content-version="1"/>
                <EntitySet Name="SubscriptionCollection" EntityType="ZPRS_LSW_CMATTERS_SRV.Subscription" sap:content-version="1"/>
                <AssociationSet Name="HeaderToInvoiceSetSet" Association="ZPRS_LSW_CMATTERS_SRV.HeaderToInvoiceSet" sap:creatable="false" sap:updatable="false" sap:deletable="false" sap:content-version="1">
                    <End EntitySet="HeaderSet" Role="FromRole_HeaderToInvoiceSet"/>
                    <End EntitySet="InvoiceSet" Role="ToRole_HeaderToInvoiceSet"/>
                </AssociationSet>
                <AssociationSet Name="HeaderToLawSuitSet" Association="ZPRS_LSW_CMATTERS_SRV.HeaderToLawSuit" sap:creatable="false" sap:updatable="false" sap:deletable="false" sap:content-version="1">
                    <End EntitySet="HeaderSet" Role="FromRole_HeaderToLawSuit"/>
                    <End EntitySet="LawSuitSet" Role="ToRole_HeaderToLawSuit"/>
                </AssociationSet>
                <AssociationSet Name="HeaderToFinalResolSet" Association="ZPRS_LSW_CMATTERS_SRV.HeaderToFinalResol" sap:creatable="false" sap:updatable="false" sap:deletable="false" sap:content-version="1">
                    <End EntitySet="HeaderSet" Role="FromRole_HeaderToFinalResol"/>
                    <End EntitySet="FinalResolSet" Role="ToRole_HeaderToFinalResol"/>
                </AssociationSet>
                <AssociationSet Name="HeaderToDemandSet" Association="ZPRS_LSW_CMATTERS_SRV.HeaderToDemand" sap:creatable="false" sap:updatable="false" sap:deletable="false" sap:content-version="1">
                    <End EntitySet="HeaderSet" Role="FromRole_HeaderToDemand"/>
                    <End EntitySet="DemandSet" Role="ToRole_HeaderToDemand"/>
                </AssociationSet>
                <AssociationSet Name="DetailToLegalTeamSet" Association="ZPRS_LSW_CMATTERS_SRV.DetailToLegalTeam" sap:creatable="false" sap:updatable="false" sap:deletable="false" sap:content-version="1">
                    <End EntitySet="MatterDetailSet" Role="FromRole_DetailToLegalTeam"/>
                    <End EntitySet="LegalTeamSet" Role="ToRole_DetailToLegalTeam"/>
                </AssociationSet>
                <AssociationSet Name="HeaderToAccrualSet" Association="ZPRS_LSW_CMATTERS_SRV.HeaderToAccrual" sap:creatable="false" sap:updatable="false" sap:deletable="false" sap:content-version="1">
                    <End EntitySet="HeaderSet" Role="FromRole_HeaderToAccrual"/>
                    <End EntitySet="AccrualSet" Role="ToRole_HeaderToAccrual"/>
                </AssociationSet>
                <AssociationSet Name="HeaderToNarrativesSet" Association="ZPRS_LSW_CMATTERS_SRV.HeaderToNarratives" sap:creatable="false" sap:updatable="false" sap:deletable="false" sap:content-version="1">
                    <End EntitySet="HeaderSet" Role="FromRole_HeaderToNarratives"/>
                    <End EntitySet="Narrativesset" Role="ToRole_HeaderToNarratives"/>
                </AssociationSet>
                <AssociationSet Name="DetailToNarrativesSet" Association="ZPRS_LSW_CMATTERS_SRV.DetailToNarratives" sap:creatable="false" sap:updatable="false" sap:deletable="false" sap:content-version="1">
                    <End EntitySet="MatterDetailSet" Role="FromRole_DetailToNarratives"/>
                    <End EntitySet="Narrativesset" Role="ToRole_DetailToNarratives"/>
                </AssociationSet>
                <AssociationSet Name="HeaderToLegalTeamSet" Association="ZPRS_LSW_CMATTERS_SRV.HeaderToLegalTeam" sap:creatable="false" sap:updatable="false" sap:deletable="false" sap:content-version="1">
                    <End EntitySet="HeaderSet" Role="FromRole_HeaderToLegalTeam"/>
                    <End EntitySet="LegalTeamSet" Role="ToRole_HeaderToLegalTeam"/>
                </AssociationSet>
                <AssociationSet Name="HeaderToGeneralSet" Association="ZPRS_LSW_CMATTERS_SRV.HeaderToGeneral" sap:creatable="false" sap:updatable="false" sap:deletable="false" sap:content-version="1">
                    <End EntitySet="HeaderSet" Role="FromRole_HeaderToGeneral"/>
                    <End EntitySet="GeneralSet" Role="ToRole_HeaderToGeneral"/>
                </AssociationSet>
            </EntityContainer>
            <atom:link
                xmlns:atom="http://www.w3.org/2005/Atom" rel="self" href="./sap/ZPRS_LSW_CMATTERS_SRV/$metadata"/>
                <atom:link
                    xmlns:atom="http://www.w3.org/2005/Atom" rel="latest-version" href="./sap/ZPRS_LSW_CMATTERS_SRV/$metadata"/>
                </Schema>
            </edmx:DataServices>
        </edmx:Edmx>