<core:FragmentDefinition xmlns="sap.m" xmlns:l="sap.ui.layout" xmlns:smartField="sap.ui.comp.smartfield" xmlns:f="sap.ui.layout.form"
	xmlns:core="sap.ui.core" xmlns:smartform="sap.ui.comp.smartform">
	<smartform:SmartForm binding="{Matterdetails}" editable="{path:'generalSettings>/Edit',formatter:'.formatter.editRequestScreen'}" expandable="false" expanded="true" entityType="Cmimatterdetails"
		id="cmiamendmentnew.matter.CmimatterBillingData">
		<smartform:customData>
			<core:CustomData key="dateFormatSettings" value='\{"UTC":true,"style":"medium"\}'/>
		</smartform:customData>
		<smartform:Group id="cmiamendmentnew.matter.section_header_BillingData1">
			<smartform:GroupElement id="cmiamendmentnew.matter.taxStatusInput_">
				<smartField:SmartField showValueHelp="false" showSuggestion="false" id="cmiamendmentnew.matter.taxStatus" value="{Zztaxdesc}"
					textLabel="{i18n>BILLDATA_SMTFIELD_LBL_TAXSTATUS}"/>
			</smartform:GroupElement>
			<smartform:GroupElement id="cmiamendmentnew.matter.taxJurisdictionInput_">
				<smartField:SmartField showValueHelp="false" showSuggestion="false" id="cmiamendmentnew.matter.taxJurisdiction" value="{Txjcddesc}"
					textLabel="{i18n>BILLDATA_SMTFIELD_LBL_TAXJURIS}"/>
			</smartform:GroupElement>
			<smartform:GroupElement id="cmiamendmentnew.matter.billingFrequencyInput_">
				<smartField:SmartField showValueHelp="false" showSuggestion="false" id="cmiamendmentnew.matter.billingFrequency" value="{Zzbillfreqdesc}"
					textLabel="{i18n>BILLDATA_SMTFIELD_LBL_BILLFREQ}" mandatory="true">
					<smartField:configuration>
						<smartField:Configuration controlType="dropDownList" displayBehaviour="idOnly"/>
					</smartField:configuration>
				</smartField:SmartField>
			</smartform:GroupElement>
			<smartform:GroupElement id="cmiamendmentnew.matter.billingMethodInput_">
				<smartField:SmartField showValueHelp="false" showSuggestion="false" id="cmiamendmentnew.matter.billingMethod" value="{Zzbillmthddesc}"
					textLabel="{i18n>BILLDATA_SMTFIELD_LBL_BILLMTD}" mandatory="true">
					<smartField:configuration>
						<smartField:Configuration controlType="dropDownList" displayBehaviour="idOnly"/>
					</smartField:configuration>
				</smartField:SmartField>
			</smartform:GroupElement>
			<smartform:GroupElement id="cmiamendmentnew.matter.billingCurrencyInput_">
				<smartField:SmartField showValueHelp="true" showSuggestion="true" id="cmiamendmentnew.matter.billingCurrency" value="{Zzmcurrdesc}"
					textLabel="{i18n>BILLDATA_SMTFIELD_LBL_BILLCURR}" mandatory="true">
					<smartField:configuration>
						<smartField:Configuration preventInitialDataFetchInValueHelpDialog="false"/>
					</smartField:configuration>
				</smartField:SmartField>
			</smartform:GroupElement>
		</smartform:Group>
		<smartform:Group id="cmiamendmentnew.matter.section_header_BillingData2">
			<smartform:GroupElement id="cmiamendmentnew.matter.flatFeeTaskCodeInput_">
				<smartField:SmartField showValueHelp="false" showSuggestion="false" id="cmiamendmentnew.matter.flatFeeTaskCode" value="{Zzfftcsetdesc}"
					textLabel="{i18n>BILLDATA_SMTFIELD_LBL_FFTC}"/>
			</smartform:GroupElement>
			<smartform:GroupElement id="cmiamendmentnew.matter.phaseTaskCodeInput_">
				<smartField:SmartField showValueHelp="false" showSuggestion="false" id="cmiamendmentnew.matter.phaseTaskCode" value="{Zztaskcodesetdesc}"
					textLabel="{i18n>BILLDATA_SMTFIELD_LBL_PTC}"/>
				<smartField:SmartField value="{ZztcsetValidfrom}" id="cmiamendmentnew.matter.phaseTaskCodeDate" placeholder="Valid From">
					<smartField:configuration>
						<smartField:Configuration controlType="datePicker"/>
					</smartField:configuration>
				</smartField:SmartField>
			</smartform:GroupElement>
			<smartform:GroupElement id="cmiamendmentnew.matter.activityCodeInput_">
				<smartField:SmartField showValueHelp="false" showSuggestion="false" id="cmiamendmentnew.matter.activityCode" value="{Zzactcodesetdesc}"
					textLabel="{i18n>BILLDATA_SMTFIELD_LBL_AC}"/>
				<smartField:SmartField value="{ZzacsetValidfrom}" id="cmiamendmentnew.matter.activityCodeDate" placeholder="Valid From">
					<smartField:configuration>
						<smartField:Configuration controlType="datePicker"/>
					</smartField:configuration>
				</smartField:SmartField>
			</smartform:GroupElement>
			<smartform:GroupElement id="cmiamendmentnew.matter.expenceCodeInput_">
				<smartField:SmartField showValueHelp="false" showSuggestion="false" id="cmiamendmentnew.matter.expenceCode" value="{Zzexpcodesetdesc}"
					textLabel="{i18n>BILLDATA_SMTFIELD_LBL_EC}"/>
			</smartform:GroupElement>
			<smartform:GroupElement id="cmiamendmentnew.matter.matterCapControlInput_">
				<smartField:SmartField showValueHelp="false" showSuggestion="false" id="cmiamendmentnew.matter.matterCapControl" value="{Zzcapctrldesc}"
					textLabel="{i18n>BILLDATA_SMTFIELD_LBL_MATTERCAP}"/>
			</smartform:GroupElement>
			<smartform:GroupElement id="cmiamendmentnew.matter.matterCapAmountInput_" label="{i18n>BILLDATA_SMTFIELD_LBL_MCA}">
				<Input id="cmiamendmentnew.matter.matterCapAmount" value="{Zzcap}" textAlign="Right" liveChange="changeMatterInCurrDetails"  enabled="{path:'generalSettings>/Edit',formatter:'.formatter.editRequestScreen'}"/>
			</smartform:GroupElement>
		</smartform:Group>
	</smartform:SmartForm>
</core:FragmentDefinition>