<core:FragmentDefinition xmlns="sap.m" xmlns:mvc="sap.ui.core.mvc" xmlns:ux="sap.uxap" xmlns:l="sap.ui.layout" xmlns:f="sap.ui.layout.form"
	xmlns:core="sap.ui.core" xmlns:smartField="sap.ui.comp.smartfield">
	<IconTabBar expanded="{device>/isNoPhone}" id="cmiamendmentnew.matterIconTabBar" class="sapUiSizeCompact sapUiNoContentPadding">
		<items>
			<IconTabFilter id="cmiamendmentnew.matterDetails.general.tab_" text="{i18n>tabBarGeneral}">
				<content>
					<core:Fragment fragmentName="cmiamendmentnew.fragment.matterDetails.General" type="XML"/>
				</content>
			</IconTabFilter>
			<IconTabFilter id="cmiamendmentnew.matterDetails.workingOffice.tab_" text="{i18n>tabBarWorkOffice}">
				<content>
					<core:Fragment fragmentName="cmiamendmentnew.fragment.matterDetails.workingOffice.WorkingOfficeTable" type="XML"/>
				</content>
			</IconTabFilter>
			<IconTabFilter id="cmiamendmentnew.matterDetails.intContacts.tab_" text="{i18n>tabBarintContacts}">
				<content>
					<core:Fragment fragmentName="cmiamendmentnew.fragment.matterDetails.internalContacts.InternalContactsTable" type="XML"/>
				</content>
			</IconTabFilter>
			<IconTabFilter id="cmiamendmentnew.matterDetails.matterPartners.tab_" text="{i18n>tabBarmatterPartners}">
				<content>
					<core:Fragment fragmentName="cmiamendmentnew.fragment.matterDetails.matterPartners.MatterPartnerTable" type="XML"/>
				</content>
			</IconTabFilter>
			<IconTabFilter id="cmiamendmentnew.matterDetails.matterInfo.tab_" key="MatterToMDetail" text="{i18n>tabBarmatterInfo}">
				<content>
					<core:Fragment fragmentName="cmiamendmentnew.fragment.matterDetails.MatterInfo" type="XML"/>
				</content>
			</IconTabFilter>
			<IconTabFilter id="cmiamendmentnew.matterDetails.billingData.tab_" key="MatterToMDetail" text="{i18n>tabBatbillingData}">
				<content>
					<core:Fragment fragmentName="cmiamendmentnew.fragment.matterDetails.BillingData" type="XML"/>
				</content>
			</IconTabFilter>
			<IconTabFilter id="cmiamendmentnew.matterDetails.billingFinance.tab_" key="MatterToMDetail" text="{i18n>tabBarBillingFinance}">
				<content>
					<core:Fragment fragmentName="cmiamendmentnew.fragment.matterDetails.billingFinance.BillingFinance" type="XML"/>
				</content>
			</IconTabFilter>
			<IconTabFilter id="cmiamendmentnew.matterDetails.outputData.tab_" key="MatterToMDetail" text="{i18n>tabBarOutputData}">
				<content>
					<core:Fragment fragmentName="cmiamendmentnew.fragment.matterDetails.OutputData" type="XML"/>
				</content>
			</IconTabFilter>
			<IconTabFilter id="cmiamendmentnew.matterDetails.billingInstructions.tab_" key="MatterToMDetail" text="{i18n>tabBarBillingInstruction}">
				<content>
					<core:Fragment fragmentName="cmiamendmentnew.fragment.matterDetails.BillingInstructions" type="XML"/>
				</content>
			</IconTabFilter>
			<IconTabFilter id="cmiamendmentnew.matterDetails.taxonomy.tab_" key="MatterToMDetail" text="{i18n>tabBarTaxonomy}">
				<content>
					<core:Fragment fragmentName="cmiamendmentnew.fragment.matterDetails.Taxonomy" type="XML"/>
				</content>
			</IconTabFilter>
			<IconTabFilter id="cmiamendmentnew.matterDetails.clientData.tab_" key="MatterToMDetail" text="{i18n>tabBarClientData}">
				<content>
					<core:Fragment fragmentName="cmiamendmentnew.fragment.matterDetails.ClientData" type="XML"/>
				</content>
			</IconTabFilter>
			<core:ExtensionPoint name="extIconTabFilter"/>
		</items>
	</IconTabBar>
</core:FragmentDefinition>