<core:FragmentDefinition xmlns="sap.m" xmlns:smartField="sap.ui.comp.smartfield" xmlns:l="sap.ui.layout" xmlns:f="sap.ui.layout.form"
	xmlns:smartform="sap.ui.comp.smartform" xmlns:core="sap.ui.core"  xmlns:app="http://schemas.sap.com/sapui5/extension/sap.ui.core.CustomData/1">
	<l:Grid defaultSpan="L12 M12 S12" width="auto">
		<l:content>
			<smartform:SmartForm binding="{Matterdetails}" editable="{path:'generalSettings>/Edit',formatter:'.formatter.editRequestScreen'}" expandable="false" expanded="true" entityType="Cmimatterdetails"
				id="cmiamendmentnew.matter.Cmimatterdetails">
				<smartform:customData>
					<core:CustomData key="dateFormatSettings" value='\{"UTC":true,"style":"short"\}'/>
				</smartform:customData>
				<smartform:Group id="cmiamendmentnew.matter.section_header_matterInfo1">
					<smartform:GroupElement id="cmiamendmentnew.matter.matterTypeInput_">
					<smartField:SmartField  app:cFilterVal="MT" change="smartDpDwnCahnge"
							app:inOutParams='"vList":["MATTERTYPE","DESCRIPTION"],"local":["Zzmattertype","Zzmattertypedesc"]'  id="cmiamendmentnew.matter.matterType" value="{Zzmattertypedesc}"
							textLabel="{i18n>MI_SMTFIELD_LBL_MATTERTYPE}" mandatory="true" innerControlsCreated="samrtDpDwnMatterTypeCreated">
							<smartField:configuration>
								<smartField:Configuration controlType="dropDownList" displayBehaviour="idOnly"/>
							</smartField:configuration>
							</smartField:SmartField>
					</smartform:GroupElement>
					<smartform:GroupElement id="cmiamendmentnew.matter.matterCatInput_">
						<smartField:SmartField id="cmiamendmentnew.matter.matterCat"   value="{Zzmattercatdesc}"
							textLabel="{i18n>MI_SMTFIELD_LBL_MATTERCAT}" mandatory="true">
							<smartField:configuration>
								<smartField:Configuration preventInitialDataFetchInValueHelpDialog="false"/>
							</smartField:configuration>
						</smartField:SmartField>
					</smartform:GroupElement>
						<smartform:GroupElement id="cmiamendmentnew.matter.entryTypeInput_">
						<smartField:SmartField id="cmiamendmentnew.matter.entryType"   value="{Zzenttype}"
							textLabel="{i18n>MI_SMTFIELD_LBL_ENTRYTYPE}" mandatory="true"/>
					</smartform:GroupElement>
					<smartform:GroupElement id="cmiamendmentnew.matter.timeEntryInput_">
						<smartField:SmartField id="cmiamendmentnew.matter.timeEntry"   value="{Zztimeentryunit}"
							textLabel="{i18n>MI_SMTFIELD_LBL_TIMEENTRYUNIT}" mandatory="true"/>
					</smartform:GroupElement>
					<smartform:GroupElement id="cmiamendmentnew.matter.matterPricingInput_">
						<smartField:SmartField id="cmiamendmentnew.matter.matterPricing"   value="{Zzmprgrpdesc}" showSuggestion="false"
							showValueHelp="false" textLabel="{i18n>MI_SMTFIELD_LBL_MATTERPRCEGROUP}"/>
					</smartform:GroupElement>
					<smartform:GroupElement id="cmiamendmentnew.matter.matterReportingInput_">
						<smartField:SmartField id="cmiamendmentnew.matter.matterReporting"   value="{Zzmatrptgrpdesc}" showSuggestion="false"
							showValueHelp="false" textLabel="{i18n>MI_SMTFIELD_LBL_MATTERREPORTGRP}"/>
					</smartform:GroupElement>
					<smartform:GroupElement id="cmiamendmentnew.matter.groupBillInput_">
						<smartField:SmartField id="cmiamendmentnew.matter.groupBill"   value="{Zzgrpbilldesc}" showSuggestion="false"
							showValueHelp="false" textLabel="{i18n>MI_SMTFIELD_LBL_GRUPBILLID}"/>
					</smartform:GroupElement>
					<smartform:GroupElement id="cmiamendmentnew.matter.practiceGroupInput_">
						<smartField:SmartField id="cmiamendmentnew.matter.practiceGroup" change="changeInMatterDetailsDD" value="{Zzpracticegroupdesc}"
							textLabel="{i18n>MI_SMTFIELD_LBL_PRACGRP}" mandatory="true">
							<smartField:configuration>
								<smartField:Configuration controlType="dropDownList" displayBehaviour="idOnly"/>
							</smartField:configuration>
						</smartField:SmartField>
					</smartform:GroupElement>
				</smartform:Group>
				<smartform:Group id="cmiamendmentnew.matter.section_header_matterInfo2">
					<smartform:GroupElement id="cmiamendmentnew.matter.estimatedFeeInput_" label="{i18n>MI_SMTFIELD_LBL_ESTFEES}">
						<Input liveChange="changeMatterInCurrDetails" id="cmiamendmentnew.matter.estimatedFee" textAlign="Right" value="{Zzefees}"
							 enabled="{path:'generalSettings>/Edit',formatter:'.formatter.editRequestScreen'}"></Input>
					</smartform:GroupElement>
					<smartform:GroupElement id="cmiamendmentnew.matter.estimatedCostInput_" label="{i18n>MI_SMTFIELD_LBL_ESTVALUE}">
						<Input liveChange="changeMatterInCurrDetails" id="cmiamendmentnew.matter.estimatedCostInput" textAlign="Right" value="{Zzecost}"
							 enabled="{path:'generalSettings>/Edit',formatter:'.formatter.editRequestScreen'}"></Input>
					</smartform:GroupElement>
					<smartform:GroupElement id="cmiamendmentnew.matter.estimatedTransInput_" label="{i18n>MI_SMTFIELD_LBL_ESTTRACVALUE}">
						<Input liveChange="changeMatterInCurrDetails" id="cmiamendmentnew.matter.estimatedTransInput" textAlign="Right" value="{Zzetotal}"
						 enabled="{path:'generalSettings>/Edit',formatter:'.formatter.editRequestScreen'}"></Input>
					</smartform:GroupElement>
					<smartform:GroupElement id="cmiamendmentnew.matter.wipProvisionInput_">
						<smartField:SmartField id="cmiamendmentnew.matter.wipProvision" value="{Zzwipprovpercent}" textLabel="{i18n>MI_SMTFIELD_LBL_WIP}" innerControlsCreated="samrtDpDwnWIPCreated"/>
					</smartform:GroupElement>
					<smartform:GroupElement id="cmiamendmentnew.matter.syndLoanInput_" label="{i18n>MI_SMTFIELD_LBL_SYLOANAMOUNT}">
						<Switch enabled="{path:'generalSettings>/Edit',formatter:'.formatter.editRequestScreen'}"  id="cmiamendmentnew.matter.syndLoanInput" change="handleSwitchChange" state="{Zzsyndlomat}"
							customTextOn="{i18n>MI_SWITCH_ON}" customTextOff="{i18n>MI_SWITCH_OFF}"/>
					</smartform:GroupElement>
					<smartform:GroupElement id="cmiamendmentnew.matter.passThroughInput_" label="{i18n>MI_SMTFIELD_LBL_PASSACCOUNT}">
						<Switch enabled="{path:'generalSettings>/Edit',formatter:'.formatter.editRequestScreen'}"  id="cmiamendmentnew.matter.passThroughInput" change="handleSwitchChange" state="{Zzpassthru}"
							customTextOn="{i18n>MI_SWITCH_ON}" customTextOff="{i18n>MI_SWITCH_OFF}"/>
					</smartform:GroupElement>
					<smartform:GroupElement id="cmiamendmentnew.matter.infoBarrInput_" label="{i18n>MI_SMTFIELD_LBL_INFOBARRIER}">
						<Switch enabled="{path:'generalSettings>/Edit',formatter:'.formatter.editRequestScreen'}"  id="cmiamendmentnew.matter.infoBarrInput" change="handleSwitchChange" state="{Zzpriconf}"
							customTextOn="{i18n>MI_SWITCH_ON}" customTextOff="{i18n>MI_SWITCH_OFF}"/>
					</smartform:GroupElement>
				</smartform:Group>
			</smartform:SmartForm>
		</l:content>
	</l:Grid>
</core:FragmentDefinition>