<core:FragmentDefinition xmlns="sap.m" xmlns:l="sap.ui.layout" xmlns:smartField="sap.ui.comp.smartfield" xmlns:f="sap.ui.layout.form"
	xmlns:core="sap.ui.core" xmlns:smartform="sap.ui.comp.smartform">
	<smartform:SmartForm binding="{Matterdetails}" editable="{path:'generalSettings>/Edit',formatter:'.formatter.editRequestScreen'}" expandable="false" expanded="true" entityType="Cmimatterdetails" id="cmiamendmentnew.matter.CmimatterOutputData">
		<smartform:Group id="cmiamendmentnew.matter.section_header_OutputData1">
			<smartform:GroupElement id="cmiamendmentnew.matter.billingLanguageInput_">
				<smartField:SmartField   value="{Zzbsprasdesc}" showValueHelp="true" showSuggestion="true"
					id="cmiamendmentnew.matter.billingLanguage" textLabel="{i18n>OUTDATA_SMTFIELD_LBL_BILLLANG}" mandatory="true">
					<smartField:configuration>
						<smartField:Configuration preventInitialDataFetchInValueHelpDialog="false"/>
					</smartField:configuration>
				</smartField:SmartField>
			</smartform:GroupElement>
			<smartform:GroupElement id="cmiamendmentnew.matter.draftBillFormatInput_">
				<smartField:SmartField  id="cmiamendmentnew.matter.draftBillFormat" value="{Zzdrftformatdesc}"
					  textLabel="{i18n>OUTDATA_SMTFIELD_LBL_DRAFTBILLFRMT}">
						<smartField:configuration>
						<smartField:Configuration preventInitialDataFetchInValueHelpDialog="false"/>
					</smartField:configuration>
				</smartField:SmartField>
			</smartform:GroupElement>
			<smartform:GroupElement id="cmiamendmentnew.matter.finalBillFormatInput_">
				<smartField:SmartField  id="cmiamendmentnew.matter.finalBillFormat" value="{Zzfnalformatdesc}"
					  textLabel="{i18n>OUTDATA_SMTFIELD_LBL_FINALBILLFRMT}">
						<smartField:configuration>
						<smartField:Configuration preventInitialDataFetchInValueHelpDialog="false"/>
					</smartField:configuration>
				</smartField:SmartField>
			</smartform:GroupElement>
			<smartform:GroupElement id="cmiamendmentnew.matter.timeDetailInput_">
				<smartField:SmartField showValueHelp="false" showSuggestion="false" id="cmiamendmentnew.matter.timeDetail" value="{Zztmdtldesc}"
					  textLabel="{i18n>OUTDATA_SMTFIELD_LBL_TMEDETAIL}"/>
			</smartform:GroupElement>
			<smartform:GroupElement id="cmiamendmentnew.matter.tkSummarizationInput_">
				<smartField:SmartField showValueHelp="false" showSuggestion="false" id="cmiamendmentnew.matter.tkSummarization" value="{Zztksumrydesc}"
					  textLabel="{i18n>OUTDATA_SMTFIELD_LBL_TKS}"/>
			</smartform:GroupElement>
			<smartform:GroupElement id="cmiamendmentnew.matter.costDetailSummaryInput_">
				<smartField:SmartField showValueHelp="false" showSuggestion="false" id="cmiamendmentnew.matter.costDetailSummary" value="{Zzcstdtsumrydesc}"
					  textLabel="{i18n>OUTDATA_SMTFIELD_LBL_CDS}"/>
			</smartform:GroupElement>
		</smartform:Group>
		<smartform:Group id="cmiamendmentnew.matter.section_header_OutputData2">
			<smartform:GroupElement id="cmiamendmentnew.matter.internationalVersionInput_">
				<smartField:SmartField showValueHelp="false" showSuggestion="false" id="cmiamendmentnew.matter.internationalVersion" value="{Zzintverdesc}"
					  textLabel="{i18n>OUTDATA_SMTFIELD_LBL_INTVERSION}"/>
			</smartform:GroupElement>
			<smartform:GroupElement id="cmiamendmentnew.matter.clientCaseNoInput_">
				<smartField:SmartField showValueHelp="false" showSuggestion="false" id="cmiamendmentnew.matter.clientCaseNo" value="{Zzclcasenbr}"
					  textLabel="{i18n>OUTDATA_SMTFIELD_LBL_CLTCASENO}"/>
			</smartform:GroupElement>
			<smartform:GroupElement id="cmiamendmentnew.matter.clientCaseNameInput_">
				<smartField:SmartField showValueHelp="false" showSuggestion="false" id="cmiamendmentnew.matter.clientCaseName" value="{Zzclcasename}"
					  textLabel="{i18n>OUTDATA_SMTFIELD_LBL_CLNTCASENAME}"/>
			</smartform:GroupElement>
			<smartform:GroupElement id="cmiamendmentnew.matter.turnPageNumberInput_" label="{i18n>OUTDATA_SMTFIELD_LBL_TURNPGNO}">
				<Switch enabled="{path:'generalSettings>/Edit',formatter:'.formatter.editRequestScreen'}"  id="cmiamendmentnew.matter.turnPageNumberInput" change="handleSwitchChange"
					state="{Zzmatpageno}" customTextOn="{i18n>MI_SWITCH_ON}"
					customTextOff="{i18n>MI_SWITCH_OFF}"/>
			</smartform:GroupElement>
			<smartform:GroupElement id="cmiamendmentnew.matter.remittancePageInput_" label="{i18n>OUTDATA_SMTFIELD_LBL_REMIT}">
				<Switch enabled="{path:'generalSettings>/Edit',formatter:'.formatter.editRequestScreen'}"  id="cmiamendmentnew.matter.remittancePageInput" change="handleSwitchChange"
					state="{Zzmatremit}" customTextOn="{i18n>MI_SWITCH_ON}"
					customTextOff="{i18n>MI_SWITCH_OFF}"/>
			</smartform:GroupElement>
		</smartform:Group>
	</smartform:SmartForm>
</core:FragmentDefinition>