<core:FragmentDefinition xmlns="sap.m" xmlns:l="sap.ui.layout" xmlns:smartField="sap.ui.comp.smartfield" xmlns:f="sap.ui.layout.form"
	xmlns:core="sap.ui.core" xmlns:smartform="sap.ui.comp.smartform">
	<smartform:SmartForm binding="{Matterdetails}" editable="{path:'generalSettings>/Edit',formatter:'.formatter.editRequestScreen'}" expandable="false" expanded="true" entityType="Cmimatterdetails" id="cmiamendmentnew.matter.Cmimattertaxonomy">
		<smartform:Group id="cmiamendmentnew.matter.section_header_taxonomy1">
			<smartform:GroupElement id="cmiamendmentnew.matter.subIndustryInput_">
				<smartField:SmartField showValueHelp="false" showSuggestion="false" id="cmiamendmentnew.matter.subIndustry" value="{Zzsubindcodedesc}"
					  textLabel="{i18n>TAXONOMY_SMTFIELD_LBL_SUBIND}"/>
			</smartform:GroupElement>
			<smartform:GroupElement id="cmiamendmentnew.matter.technicalAreaInput_">
				<smartField:SmartField showValueHelp="false" showSuggestion="false" id="cmiamendmentnew.matter.technicalArea" value="{Zztechareadesc}"
					  textLabel="{i18n>TAXONOMY_SMTFIELD_LBL_TECHAREA}"/>
			</smartform:GroupElement>
		</smartform:Group>
		<smartform:Group id="cmiamendmentnew.matter.section_header_taxonomy2">
			<smartform:GroupElement id="cmiamendmentnew.matter.natureOfProceedingInput_">
				<smartField:SmartField showValueHelp="false" showSuggestion="false" id="cmiamendmentnew.matter.natureOfProceeding" value="{Zznatureprocddesc}"
					  textLabel="{i18n>TAXONOMY_SMTFIELD_LBL_NATUREPROD}"/>
			</smartform:GroupElement>
			<smartform:GroupElement id="cmiamendmentnew.matter.serviceAreaInput_">
				<smartField:SmartField id="cmiamendmentnew.matter.serviceAreaInput" value="{Servicearea}" textLabel="{i18n>generalServiceArea}" change="changeMatterDetails">
					<smartField:configuration>
						<smartField:Configuration preventInitialDataFetchInValueHelpDialog="false"/>
					</smartField:configuration>
				</smartField:SmartField>
			</smartform:GroupElement>
		</smartform:Group>
		
	</smartform:SmartForm>
</core:FragmentDefinition>