<edmx:Edmx xmlns:edmx="http://schemas.microsoft.com/ado/2007/06/edmx"
	xmlns:m="http://schemas.microsoft.com/ado/2007/08/dataservices/metadata" xmlns:sap="http://www.sap.com/Protocols/SAPData" Version="1.0">
	<edmx:DataServices m:DataServiceVersion="2.0">
		<Schema xmlns="http://schemas.microsoft.com/ado/2008/09/edm" Namespace="ZPRS_S_TRUST_RECEIPT_LTM_F" xml:lang="en" sap:schema-version="1">
			<EntityType Name="Headertrust" sap:content-version="1">
				<Key>
					<PropertyRef Name="Matter"/>
					<PropertyRef Name="Office"/>
					<PropertyRef Name="AccNum"/>
				</Key>
				<Property Name="GeneratedId" Type="Edm.String" Nullable="false" MaxLength="4" sap:unicode="false" sap:label="GENERATED_ID"
					sap:creatable="false" sap:updatable="false" sap:sortable="false" sap:filterable="false"/>
				<Property Name="Remitter" Type="Edm.String" Nullable="false" MaxLength="8" sap:unicode="false" sap:label="Remitter(If Client)"/>
				<Property Name="MatterDesc" Type="Edm.String" Nullable="false" MaxLength="40" sap:unicode="false" sap:label="Matter Description"
					sap:creatable="false" sap:updatable="false" sap:sortable="false" sap:filterable="false"/>
				<Property Name="ClientNum" Type="Edm.String" Nullable="false" MaxLength="10" sap:unicode="false" sap:creatable="false" sap:updatable="false"
					sap:sortable="false" sap:filterable="false"/>
				<Property Name="Matter" Type="Edm.String" Nullable="false" MaxLength="24" sap:unicode="false"/>
				<Property Name="ClientName" Type="Edm.String" Nullable="false" MaxLength="30" sap:unicode="false" sap:label="Client Name"
					sap:creatable="false" sap:updatable="false" sap:sortable="false" sap:filterable="false"/>
				<Property Name="Return" Type="Edm.String" Nullable="false" sap:unicode="false" sap:label="Return" sap:creatable="false"
					sap:updatable="false" sap:sortable="false" sap:filterable="false"/>
				<Property Name="Office" Type="Edm.String" Nullable="false" MaxLength="4" sap:unicode="false" sap:label="Office"/>
				<Property Name="OfficeDesc" Type="Edm.String" Nullable="false" MaxLength="30" sap:unicode="false" sap:label="Office Description"
					sap:creatable="false" sap:updatable="false" sap:sortable="false" sap:filterable="false"/>
				<Property Name="ReceiptType" Type="Edm.String" Nullable="false" MaxLength="20" sap:unicode="false" sap:label="Receipt Type"/>
				<Property Name="TransDate" Type="Edm.DateTime" Nullable="false" Precision="7" sap:unicode="false" sap:label="Transaction Date"
					sap:updatable="false" sap:sortable="false" sap:filterable="false"/>
				<Property Name="ReceivedDate" Type="Edm.DateTime" Nullable="false" Precision="7" sap:unicode="false" sap:label="Received Date"
					sap:updatable="false" sap:sortable="false" sap:filterable="false"/>
				<Property Name="ClearanceDate" Type="Edm.DateTime" Nullable="false" Precision="7" sap:unicode="false" sap:label="Clearance Date"
					sap:updatable="false" sap:sortable="false" sap:filterable="false"/>
				<Property Name="AccNum" Type="Edm.String" Nullable="false" MaxLength="20" sap:unicode="false" sap:label="Bank Account Number"/>
				<Property Name="Amount" Type="Edm.Decimal" Nullable="false" Precision="14" Scale="3" sap:unicode="false" sap:label="Amount"
					sap:updatable="false" sap:sortable="false" sap:filterable="false"/>
				<Property Name="Currency" Type="Edm.String" Nullable="false" MaxLength="5" sap:unicode="false" sap:label="Currency"
					sap:semantics="currency-code"/>
				<Property Name="CurrDesc" Type="Edm.String" Nullable="false" MaxLength="40" sap:unicode="false" sap:label="Currency Description"
					sap:creatable="false" sap:updatable="false" sap:sortable="false" sap:filterable="false"/>
				<Property Name="RemitText" Type="Edm.String" Nullable="false" MaxLength="40" sap:unicode="false" sap:label="Remitter Text"
					sap:creatable="false" sap:updatable="false" sap:sortable="false" sap:filterable="false"/>
				<Property Name="RemitNonClnt" Type="Edm.String" Nullable="false" MaxLength="25" sap:unicode="false" sap:label="Remitter (If Non-Client)"
					sap:updatable="false" sap:sortable="false" sap:filterable="false"/>
				<Property Name="ChqNum" Type="Edm.String" Nullable="false" MaxLength="16" sap:unicode="false" sap:label="Cheque Number"
					sap:updatable="false" sap:sortable="false" sap:filterable="false"/>
				<Property Name="ChqDate" Type="Edm.DateTime" Precision="7" sap:unicode="false" sap:label="Cheque Date" sap:updatable="false"
					sap:sortable="false" sap:filterable="false"/>
				<Property Name="BnkBrnchCode" Type="Edm.String" Nullable="false" MaxLength="10" sap:unicode="false" sap:label="Bank Branch Code"
					sap:updatable="false" sap:sortable="false" sap:filterable="false"/>
				<Property Name="BnkName" Type="Edm.String" Nullable="false" MaxLength="25" sap:unicode="false" sap:label="Bank Name" sap:updatable="false"
					sap:sortable="false" sap:filterable="false"/>
				<Property Name="DrawnBy" Type="Edm.String" Nullable="false" MaxLength="25" sap:unicode="false" sap:label="Drawn By" sap:updatable="false"
					sap:sortable="false" sap:filterable="false"/>
				<Property Name="RecvdFrom" Type="Edm.String" Nullable="false" MaxLength="25" sap:unicode="false" sap:label="Received From"
					sap:updatable="false" sap:sortable="false" sap:filterable="false"/>
				<NavigationProperty Name="ItemtrustSet" Relationship="ZPRS_S_TRUST_RECEIPT_LTM_F.Headertoitem" FromRole="FromRole_Headertoitem"
					ToRole="ToRole_Headertoitem"/>
			</EntityType>
			<EntityType Name="Itemtrust" sap:semantics="aggregate" sap:content-version="1">
				<Key>
					<PropertyRef Name="Matter"/>
					<PropertyRef Name="Office"/>
				</Key>
				<Property Name="AccNum" Type="Edm.String" Nullable="false" MaxLength="20" sap:unicode="false" sap:label="Bank Account Number"
					sap:creatable="false" sap:updatable="false" sap:sortable="false" sap:filterable="false"/>
				<Property Name="GeneratedId" Type="Edm.String" Nullable="false" MaxLength="4" sap:unicode="false" sap:creatable="false"
					sap:updatable="false" sap:sortable="false" sap:filterable="false"/>
				<Property Name="Matter" Type="Edm.String" Nullable="false" MaxLength="24" sap:unicode="false"/>
				<Property Name="Office" Type="Edm.String" Nullable="false" MaxLength="4" sap:unicode="false" sap:label="Office"/>
				<Property Name="Amount" Type="Edm.Decimal" Nullable="false" Precision="14" Scale="3" sap:unicode="false" sap:label="Amount"
					sap:updatable="false" sap:sortable="false" sap:filterable="false"/>
				<Property Name="ReasonForDeposit" Type="Edm.String" Nullable="false" MaxLength="50" sap:unicode="false" sap:label="Reason For Deposit"
					sap:updatable="false" sap:sortable="false" sap:filterable="false"/>
				<Property Name="MatterDesc" Type="Edm.String" Nullable="false" MaxLength="40" sap:unicode="false" sap:label="Matter Description"
					sap:updatable="false" sap:sortable="false" sap:filterable="false"/>
				<Property Name="ClientNum" Type="Edm.String" Nullable="false" MaxLength="10" sap:unicode="false"/>
				<Property Name="ClientName" Type="Edm.String" Nullable="false" MaxLength="30" sap:unicode="false" sap:label="Client Name"
					sap:updatable="false" sap:sortable="false" sap:filterable="false"/>
			</EntityType>
			<EntityType Name="MatterAccNum" sap:content-version="1">
				<Key>
					<PropertyRef Name="MatterStr"/>
				</Key>
				<Property Name="MatterStr" Type="Edm.String" Nullable="false" sap:unicode="false" sap:creatable="false" sap:updatable="false"
					sap:sortable="false" sap:filterable="false"/>
				<Property Name="Currency" Type="Edm.String" Nullable="false" MaxLength="5" sap:unicode="false" sap:label="Currency" sap:creatable="false"
					sap:updatable="false" sap:sortable="false" sap:filterable="false" sap:semantics="currency-code"/>
				<Property Name="AccNum" Type="Edm.String" Nullable="false" MaxLength="18" sap:unicode="false" sap:label="Bank Account" sap:creatable="false"
					sap:updatable="false" sap:sortable="false" sap:filterable="false"/>
			</EntityType>
			<EntityType Name="VL_SH_ZPRS_SH_TR_REMMITER" sap:content-version="1">
				<Key>
					<PropertyRef Name="OFFICE"/>
					<PropertyRef Name="REMITTER"/>
					<PropertyRef Name="REMIT_TEXT"/>
				</Key>
				<Property Name="OFFICE" Type="Edm.String" Nullable="false" MaxLength="4" sap:display-format="UpperCase" sap:label="Office"/>
				<Property Name="REMITTER" Type="Edm.String" Nullable="false" MaxLength="8" sap:display-format="NonNegative" sap:label="Remitter(If Client)"/>
				<Property Name="REMIT_TEXT" Type="Edm.String" Nullable="false" MaxLength="30" sap:display-format="UpperCase" sap:label="Remitter Text"/>
			</EntityType>
			<EntityType Name="VL_SH_ZPRS_TR_OFFICE_TRUST" sap:content-version="1">
				<Key>
					<PropertyRef Name="OFFICE"/>
					<PropertyRef Name="OFFICE_DESC"/>
				</Key>
				<Property Name="OFFICE" Type="Edm.String" Nullable="false" MaxLength="4" sap:display-format="UpperCase" sap:label="Office"/>
				<Property Name="OFFICE_DESC" Type="Edm.String" Nullable="false" MaxLength="30" sap:label="Office Description"/>
			</EntityType>
			<EntityType Name="VL_SH_ZPRS_SH_TR_MATTER" sap:content-version="1">
				<Key>
					<PropertyRef Name="OFFICE"/>
					<PropertyRef Name="OFFICE_DESC"/>
					<PropertyRef Name="MATTER"/>
					<PropertyRef Name="MATTER_DESC"/>
					<PropertyRef Name="CLIENT_NUM"/>
					<PropertyRef Name="CLIENT_NAME"/>
				</Key>
				<Property Name="OFFICE" Type="Edm.String" Nullable="false" MaxLength="4" sap:display-format="UpperCase" sap:label="Office"/>
				<Property Name="OFFICE_DESC" Type="Edm.String" Nullable="false" MaxLength="30" sap:label="Office Description"/>
				<Property Name="MATTER" Type="Edm.String" Nullable="false" MaxLength="24" sap:display-format="UpperCase" sap:label="Matter"/>
				<Property Name="MATTER_DESC" Type="Edm.String" Nullable="false" MaxLength="40" sap:label="Description"/>
				<Property Name="CLIENT_NUM" Type="Edm.String" Nullable="false" MaxLength="10" sap:display-format="UpperCase" sap:label="Client Number"/>
				<Property Name="CLIENT_NAME" Type="Edm.String" Nullable="false" MaxLength="35" sap:label="Client Name"/>
			</EntityType>
			<EntityType Name="VL_FV_ZPRS_REC_TYPE" sap:content-version="1">
				<Key>
					<PropertyRef Name="Code"/>
				</Key>
				<Property Name="Code" Type="Edm.String" Nullable="false" MaxLength="20" sap:text="Text"/>
				<Property Name="Text" Type="Edm.String" MaxLength="60" sap:label="Short Descript."/>
			</EntityType>
			<Association Name="Headertoitem" sap:content-version="1">
				<End Type="ZPRS_S_TRUST_RECEIPT_LTM_F.Headertrust" Multiplicity="1" Role="FromRole_Headertoitem"/>
				<End Type="ZPRS_S_TRUST_RECEIPT_LTM_F.Itemtrust" Multiplicity="*" Role="ToRole_Headertoitem"/>
				<ReferentialConstraint>
					<Principal Role="FromRole_Headertoitem">
						<PropertyRef Name="AccNum"/>
						<PropertyRef Name="Matter"/>
						<PropertyRef Name="Office"/>
					</Principal>
					<Dependent Role="ToRole_Headertoitem">
						<PropertyRef Name="AccNum"/>
						<PropertyRef Name="Matter"/>
						<PropertyRef Name="Office"/>
					</Dependent>
				</ReferentialConstraint>
			</Association>
			<EntityContainer Name="ZPRS_S_TRUST_RECEIPT_LTM_F_Entities" m:IsDefaultEntityContainer="true" sap:supported-formats="atom json xlsx">
				<EntitySet Name="VL_SH_ZPRS_SH_TR_REMMITER" EntityType="ZPRS_S_TRUST_RECEIPT_LTM_F.VL_SH_ZPRS_SH_TR_REMMITER" sap:creatable="false"
					sap:updatable="false" sap:deletable="false" sap:content-version="1" sap:countable="false"/>
				<EntitySet Name="VL_SH_ZPRS_TR_OFFICE_TRUST" EntityType="ZPRS_S_TRUST_RECEIPT_LTM_F.VL_SH_ZPRS_TR_OFFICE_TRUST" sap:creatable="false"
					sap:updatable="false" sap:deletable="false" sap:content-version="1" sap:countable="false"/>
				<EntitySet Name="VL_SH_ZPRS_SH_TR_MATTER" EntityType="ZPRS_S_TRUST_RECEIPT_LTM_F.VL_SH_ZPRS_SH_TR_MATTER" sap:creatable="false"
					sap:updatable="false" sap:deletable="false" sap:content-version="1" sap:countable="false"/>
				<EntitySet Name="VL_FV_ZPRS_REC_TYPE" EntityType="ZPRS_S_TRUST_RECEIPT_LTM_F.VL_FV_ZPRS_REC_TYPE" sap:content-version="1"
					sap:semantics="fixed-values"/>
				<EntitySet Name="Headertrusts" EntityType="ZPRS_S_TRUST_RECEIPT_LTM_F.Headertrust" sap:deletable="false" sap:searchable="true"
					sap:addressable="false" sap:content-version="1"/>
				<EntitySet Name="Itemtrusts" EntityType="ZPRS_S_TRUST_RECEIPT_LTM_F.Itemtrust" sap:deletable="false" sap:searchable="true"
					sap:addressable="false" sap:content-version="1"/>
				<EntitySet Name="MatterAccNums" EntityType="ZPRS_S_TRUST_RECEIPT_LTM_F.MatterAccNum" sap:creatable="false" sap:updatable="false"
					sap:deletable="false" sap:pageable="false" sap:content-version="1"/>
				<AssociationSet Name="HeadertoitemSet" Association="ZPRS_S_TRUST_RECEIPT_LTM_F.Headertoitem" sap:creatable="false" sap:updatable="false"
					sap:deletable="false" sap:content-version="1">
					<End EntitySet="Headertrusts" Role="FromRole_Headertoitem"/>
					<End EntitySet="Itemtrusts" Role="ToRole_Headertoitem"/>
				</AssociationSet>
			</EntityContainer>
			<Annotations xmlns="http://docs.oasis-open.org/odata/ns/edm" Target="ZPRS_S_TRUST_RECEIPT_LTM_F.Headertrust/Remitter">
				<Annotation Term="com.sap.vocabularies.Common.v1.ValueList">
					<Record>
						<PropertyValue Property="Label" String="Office, Company code, Authorised By Search Help"/>
						<PropertyValue Property="CollectionPath" String="VL_SH_ZPRS_SH_TR_REMMITER"/>
						<PropertyValue Property="SearchSupported" Bool="true"/>
						<PropertyValue Property="Parameters">
							<Collection>
								<Record Type="com.sap.vocabularies.Common.v1.ValueListParameterInOut">
									<PropertyValue Property="LocalDataProperty" PropertyPath="Office"/>
									<PropertyValue Property="ValueListProperty" String="OFFICE"/>
								</Record>
								<Record Type="com.sap.vocabularies.Common.v1.ValueListParameterInOut">
									<PropertyValue Property="LocalDataProperty" PropertyPath="Remitter"/>
									<PropertyValue Property="ValueListProperty" String="REMITTER"/>
								</Record>
								<Record Type="com.sap.vocabularies.Common.v1.ValueListParameterOut">
									<PropertyValue Property="LocalDataProperty" PropertyPath="RemitText"/>
									<PropertyValue Property="ValueListProperty" String="REMIT_TEXT"/>
								</Record>
							</Collection>
						</PropertyValue>
					</Record>
				</Annotation>
			</Annotations>
			<Annotations xmlns="http://docs.oasis-open.org/odata/ns/edm" Target="ZPRS_S_TRUST_RECEIPT_LTM_F.Headertrust/Office">
				<Annotation Term="com.sap.vocabularies.Common.v1.ValueList">
					<Record>
						<PropertyValue Property="Label" String="Office, Company code, Authorised By Search Help"/>
						<PropertyValue Property="CollectionPath" String="VL_SH_ZPRS_TR_OFFICE_TRUST"/>
						<PropertyValue Property="SearchSupported" Bool="true"/>
						<PropertyValue Property="Parameters">
							<Collection>
								<Record Type="com.sap.vocabularies.Common.v1.ValueListParameterOut">
									<PropertyValue Property="LocalDataProperty" PropertyPath="Office"/>
									<PropertyValue Property="ValueListProperty" String="OFFICE"/>
								</Record>
								<Record Type="com.sap.vocabularies.Common.v1.ValueListParameterOut">
									<PropertyValue Property="LocalDataProperty" PropertyPath="OfficeDesc"/>
									<PropertyValue Property="ValueListProperty" String="OFFICE_DESC"/>
								</Record>
							</Collection>
						</PropertyValue>
					</Record>
				</Annotation>
			</Annotations>
			<Annotations xmlns="http://docs.oasis-open.org/odata/ns/edm" Target="ZPRS_S_TRUST_RECEIPT_LTM_F.Headertrust/ReceiptType">
				<Annotation Term="com.sap.vocabularies.Common.v1.ValueList">
					<Record>
						<PropertyValue Property="Label" String="Receipt Type"/>
						<PropertyValue Property="CollectionPath" String="VL_FV_ZPRS_REC_TYPE"/>
						<PropertyValue Property="Parameters">
							<Collection>
								<Record Type="com.sap.vocabularies.Common.v1.ValueListParameterInOut">
									<PropertyValue Property="LocalDataProperty" PropertyPath="ReceiptType"/>
									<PropertyValue Property="ValueListProperty" String="Code"/>
								</Record>
								<Record Type="com.sap.vocabularies.Common.v1.ValueListParameterDisplayOnly">
									<PropertyValue Property="ValueListProperty" String="Text"/>
								</Record>
							</Collection>
						</PropertyValue>
					</Record>
				</Annotation>
			</Annotations>
			<Annotations xmlns="http://docs.oasis-open.org/odata/ns/edm" Target="ZPRS_S_TRUST_RECEIPT_LTM_F.Itemtrust/Matter">
				<Annotation Term="com.sap.vocabularies.Common.v1.ValueList">
					<Record>
						<PropertyValue Property="Label" String="Office Matter Client BankAccNum"/>
						<PropertyValue Property="CollectionPath" String="VL_SH_ZPRS_SH_TR_MATTER"/>
						<PropertyValue Property="SearchSupported" Bool="true"/>
						<PropertyValue Property="Parameters">
							<Collection>
								<Record Type="com.sap.vocabularies.Common.v1.ValueListParameterIn">
									<PropertyValue Property="LocalDataProperty" PropertyPath="Office"/>
									<PropertyValue Property="ValueListProperty" String="OFFICE"/>
								</Record>
								<Record Type="com.sap.vocabularies.Common.v1.ValueListParameterDisplayOnly">
									<PropertyValue Property="ValueListProperty" String="OFFICE_DESC"/>
								</Record>
								<Record Type="com.sap.vocabularies.Common.v1.ValueListParameterInOut">
									<PropertyValue Property="LocalDataProperty" PropertyPath="Matter"/>
									<PropertyValue Property="ValueListProperty" String="MATTER"/>
								</Record>
								<Record Type="com.sap.vocabularies.Common.v1.ValueListParameterOut">
									<PropertyValue Property="LocalDataProperty" PropertyPath="MatterDesc"/>
									<PropertyValue Property="ValueListProperty" String="MATTER_DESC"/>
								</Record>
								<Record Type="com.sap.vocabularies.Common.v1.ValueListParameterOut">
									<PropertyValue Property="LocalDataProperty" PropertyPath="ClientNum"/>
									<PropertyValue Property="ValueListProperty" String="CLIENT_NUM"/>
								</Record>
								<Record Type="com.sap.vocabularies.Common.v1.ValueListParameterOut">
									<PropertyValue Property="LocalDataProperty" PropertyPath="ClientName"/>
									<PropertyValue Property="ValueListProperty" String="CLIENT_NAME"/>
								</Record>
							</Collection>
						</PropertyValue>
					</Record>
				</Annotation>
			</Annotations>
			<atom:link xmlns:atom="http://www.w3.org/2005/Atom" rel="self"
				href="http://localhost:49362/sap/opu/odata/SAP/ZPRS_TRUST_RECEIPT_MULTIPUL_SRV/$metadata"/>
			<atom:link xmlns:atom="http://www.w3.org/2005/Atom" rel="latest-version"
				href="http://localhost:49362/sap/opu/odata/SAP/ZPRS_TRUST_RECEIPT_MULTIPUL_SRV/$metadata"/>
		</Schema>
	</edmx:DataServices>
</edmx:Edmx>