<core:FragmentDefinition xmlns="sap.m" xmlns:l="sap.ui.layout" xmlns:core="sap.ui.core" xmlns:f="sap.ui.layout.form" xmlns:ui="sap.ui.table"
	class="sapUiSizeCompact">
	<Table noDataText="No Data Found" mode="{path:'worklistView>/editScreen',formatter:'.formatter.showButton'}" delete="handleDeleteTerms" class="sapUiSizeCompact" items="{NRequestView>/Ocgs}">
		<headerToolbar>
			<Toolbar height="2rem">
				<ToolbarSpacer/>
				<Button type="Emphasized" text="{i18n>BtnAddTerms}" icon="sap-icon://add" enabled="{worklistView>/editScreen}" press="onTermReviewPress"/>
			</Toolbar>
		</headerToolbar>
		<columns>
			<Column>
				<Label text="{i18n>TblHdrLblDocumentTitle}" design="Bold"/>
			</Column>
			<Column>
				<Label text="{i18n>TblHdrLblStatus}" design="Bold"/>
			</Column>
			<Column>
				<Label text="{i18n>TblHdrLblFileName}" design="Bold"/>
			</Column>
			<Column>
				<Label text="{i18n>TblHdrLblDate}" design="Bold"/>
			</Column>
			<Column visible="false">
				<Label text="{i18n>TblHdrLblFileSize}" design="Bold"/>
			</Column>
			<Column width="6rem" hAlign="Right">
			</Column>
		</columns>
		<items>
			<ColumnListItem>
				<cells>
					<Link text="{NRequestView>Filename}" press="handleLinkTrem"/>
					<Text text="{NRequestView>Ostatus}"/>
					<Text text="{NRequestView>Filename}"/>
					<Text text="{path:'NRequestView>Uploadeddate',formatter:'.formatter.showValueDate'}"/>
					<Text text="{NRequestView>Filesize}"/>
					<Button type="Emphasized" text="{i18n>Submit}"  enabled="{parts:[{path:'NRequestView>Ostatus'},{path:'worklistView>/editScreen'}],formatter:'.formatter.checkStatus'}"  press="onSubmitTerms"/>
				</cells>
			</ColumnListItem>
		</items>
	</Table>
</core:FragmentDefinition>