<core:FragmentDefinition xmlns="sap.m" xmlns:mvc="sap.ui.core.mvc" xmlns:ux="sap.uxap" xmlns:l="sap.ui.layout" xmlns:f="sap.ui.layout.form"
	xmlns:core="sap.ui.core" xmlns:smartField="sap.ui.comp.smartfield">
	<Dialog contentWidth="800px" showHeader="true" title="Add New Payer" beforeOpen="beforeAltPayer"
		class="sapUiSizeCompact sapUiNoContentPadding">
		<content>
			<f:SimpleForm editable="true" id="idAlterDetails" layout="ResponsiveGridLayout" labelSpanL="4" labelSpanM="4" columnsL="2" columnsM="2"
				adjustLabelSpan="false" emptySpanXL="0" emptySpanL="0" emptySpanM="0" emptySpanS="0" columnsXL="2" columnsS="2"
				singleContainerFullSize="true">
				<f:content >
					<core:Title title=" "></core:Title>
					<!--<Label text="{i18n>LBLPName}"></Label>
						<Input value="{NRequestView>/Altpayers/AltpayersDetail/Altpayername}"></Input>-->
					<Label text="Partner Type"></Label>
					<!--	<Select id="idPayerSelect" xmlns="sap.m" selectedKey="{Partnertype}"  change="handleSelectPartnerTypeBP" items="{partner>/results}"
			>
						<core:Item key="{partner>Parvw}" text="{partner>Vtext}" />
					</Select>-->
					<smartField:SmartField id="idPayerSelect" value="{Partnertypedesc}" valueState="{ShowAlterError>/vAlternatepayerName}"
						change="changeAltDetails">
						<smartField:configuration>
							<smartField:Configuration controlType="dropDownList" displayBehaviour="idOnly"/>
						</smartField:configuration>
					</smartField:SmartField>
					<smartField:SmartLabel labelFor="idAltpayer" visible="false"/>
					<smartField:SmartField id="idAltpayer" visible="false" value="{Alternatepayer}" showValueHelp="false" showSuggestion="false"
						valueState="{ShowAlterError>/vAlternatepayer}" change="changeAltDetails"/>
					<smartField:SmartLabel labelFor="idAltpayername"/>
					<smartField:SmartField id="idAltpayername" value="{Altpayername}" valueState="{ShowAlterError>/vAlternatepayerName}"
						change="changeAltDetails"/>
					<!--	<Label text="{i18n>LBLPCity}" required="true"></Label>
						<Input value="{NRequestView>/Matters/rAltpayers/AltpayersDetail/Altpayercityk}"></Input>-->
					<!--<smartField:SmartLabel labelFor="idAltpayerphone"/>-->
					<Label text="{i18n>LBLPPhone}" required="true"></Label>
					<Input value="{Altpayerphone}" valueState="{ShowAlterError>/vAltpayerphone}" liveChange="changeInClientAdd"/>
					<core:Title title=" "></core:Title>
					<smartField:SmartLabel labelFor="idAltpayercityk"/>
					<smartField:SmartField id="idAltpayercityk" value="{Altpayercityk}" valueState="{ShowAlterError>/vAltpayercityk}" change="changeAltDetails"/>
					<!--<Label text="{i18n>LBLPZipPCode}" required="true"></Label>
						<Input value="{NRequestView>/Altpayers/AltpayersDetail/Altpayerzip}"></Input>-->
					<smartField:SmartLabel labelFor="idAltpayerzip"/>
					<smartField:SmartField id="idAltpayerzip" value="{Altpayerzip}" valueState="{ShowAlterError>/vAltpayerzip}" change="changeAltDetails"/>
					<!--<Label text="{i18n>LBLPPhone}" required="true"></Label>
						<Input value="{NRequestView>/Altpayers/AltpayersDetail/Altpayerphone}"></Input>-->
					<smartField:SmartLabel labelFor="idMState"/>
					<smartField:SmartField id="idMState" value="{Altpayerstate}" valueState="{ShowAlterError>/vAltpayerstate}" change="changeAltDetails">
						<smartField:configuration>
							<smartField:Configuration preventInitialDataFetchInValueHelpDialog="false"/>
						</smartField:configuration>
					</smartField:SmartField>
					<!--	<Label text="{i18n>LBLPCountry}" design="Bold" required="true" textDirection="RTL"></Label>
						<ComboBox items="{path:'countryData>/CountrySet',templateShareable:false}" selectedKey="{NRequestView>/Altpayers/AltpayersDetail/Altpayercountryk}" value="{NRequestView>/Altpayers/AltpayersDetail/Altpayercountry}">
							<core:Item key="{countryData>Countryk}" text="{countryData>Country}"/>
						</ComboBox>-->
					<smartField:SmartLabel labelFor="idMCountry"/>
					<smartField:SmartField id="idMCountry" value="{Altpayercountry}" valueState="{ShowAlterError>/vAltpayercountry}" change="changeAltDetails">
						<smartField:configuration>
							<smartField:Configuration preventInitialDataFetchInValueHelpDialog="false"/>
						</smartField:configuration>
					</smartField:SmartField>
				</f:content>
			</f:SimpleForm>
		</content>
		<beginButton>
			<Button text="Submit" press="onSubmitAltData" type="Emphasized"/>
		</beginButton>
		<endButton>
			<Button text="Cancel" press="onCloseAltData" type="Emphasized"/>
		</endButton>
	</Dialog>
</core:FragmentDefinition>