<core:FragmentDefinition xmlns="sap.m" xmlns:mvc="sap.ui.core.mvc" xmlns:core="sap.ui.core" xmlns:ux="sap.uxap" xmlns:l="sap.ui.layout"
	xmlns:f="sap.ui.layout.form">
	<List items="{
				path: 'jsonConsiModel>/ConsiData',
				factory: '.BusinessListFactory'
			}">
	<!--	<CustomListItem class="sapUiSmallMarginTop">
			<HBox justifyContent="SpaceBetween">
				<Label text="{i18n>LBLBC1}" required="true" design="Bold"/>
				<Switch state="false" customTextOn="Yes" customTextOff="No"/>
			</HBox>
			<HBox justifyContent="SpaceBetween">
				<Label text="{i18n>LBLBC2}" required="true" design="Bold"/>
				<Switch state="false" customTextOn="Yes" customTextOff="No"/>
			</HBox>
			<HBox justifyContent="SpaceBetween">
				<Label text="{i18n>LBLBC3}" required="true" design="Bold"/>
				<Switch state="false" customTextOn="Yes" customTextOff="No"/>
			</HBox>
			<HBox justifyContent="SpaceBetween">
				<Label text="{i18n>LBLBC4}" required="true" design="Bold"/>
				<Switch state="false" customTextOn="Yes" customTextOff="No"/>
			</HBox>
			<HBox justifyContent="SpaceBetween">
				<Label text="{i18n>LBLBC5}" required="true" design="Bold"/>
				<Switch state="true" customTextOn="Yes" customTextOff="No" change="handleChangeCountry"/>
			</HBox>
			<HBox visible="{objectView>/countryVis}" class="sapUiTinyMarginBottom sapUiSmallMarginBegin">
				<Label text="{i18n>LBLSCnty}" textAlign="Center" design="Bold" class="sapUiTinyMarginTop sapUiTinyMarginEnd" width="100%"/>
				<ComboBox items="{path:'countryData>/CountrySet',templateShareable:false}" selectedKey="{NRequestView>/Altpayers/AltpayersDetail/Altpayercountryk}" value="{NRequestView>/Altpayers/AltpayersDetail/Altpayercountry}">
							<core:Item key="{countryData>Countryk}" text="{countryData>Country}"/>
						</ComboBox>
			</HBox>
		</CustomListItem>-->
	</List>
	<List headerText="Risk Considerations" visible="{worklistView>/idisplayapprove01}" items="{
				path: 'riskConsiModel>/RiskData',
				factory: '.riskListFactory'
			}"/>
</core:FragmentDefinition>