<core:FragmentDefinition xmlns="sap.m" xmlns:l="sap.ui.layout" xmlns:f="sap.ui.layout.form" xmlns:core="sap.ui.core">
	<IconTabBar expanded="{device>/isNoPhone}" class="sapUiNoContentPadding" id="idIconTabBar1" select="onTabSelect">
		<items id="detailsItems">
					<IconTabFilter  id="ClientContactsStep" text="{i18n>CdetailIconTabFilterText4}">
				<content>
					<core:Fragment fragmentName="cminewrequest.fragments.ClientContacts" type="XML"/>
					<!--<core:Fragment fragmentName="MyClients.fragments.change.BC" type="XML"/>-->
				</content>
			</IconTabFilter>
			<IconTabFilter  id="GD" key="MYCLIENTSToClientGData" text="{i18n>CdetailIconTabFilterText1}">
				<content>
					<core:Fragment fragmentName="cminewrequest.fragments.Clients.GD" type="XML"/>
					<!--<core:Fragment fragmentName="cminewrequest.fragments.change.GD" type="XML"/>-->
				</content>
			</IconTabFilter>
			<IconTabFilter  id="CA" key="MYCLIENTSToClientAddr" text="{i18n>CdetailIconTabFilterText2}">
				<content>
					<core:Fragment fragmentName="cminewrequest.fragments.Clients.CA" type="XML"/>
					<!--
<core:Fragment fragmentName="MyClients.fragments.change.CA" type="XML"/>
-->
				</content>
			</IconTabFilter>
			<!--
          <IconTabFilter icon="sap-icon://group" id="IA" key="MYCLIENTSToClientIAddr" text="{i18n>CdetailIconTabFilterText3}">
            <content>
              <core:Fragment fragmentName="MyClients.fragments.display.IA" type="XML"/>
              <core:Fragment fragmentName="MyClients.fragments.change.IA" type="XML"/>
            </content>
          </IconTabFilter>
-->
	
			<IconTabFilter  id="LeadPartnersStep" text="{i18n>CdetailIconTabFilterClient}">
				<content>
					<core:Fragment fragmentName="cminewrequest.fragments.LeadPartners" type="XML"/>
					<!--<core:Fragment fragmentName="MyClients.fragments.change.BC" type="XML"/>-->
				</content>
			</IconTabFilter>
			
			<IconTabFilter  id="BD" key="MYCLIENTSToClientBilling" text="{i18n>CdetailIconTabFilterText7}">
				<content>
					<core:Fragment fragmentName="cminewrequest.fragments.Clients.BD" type="XML"/>
					<!--<core:Fragment fragmentName="MyClients.fragments.change.BD" type="XML"/>-->
				</content>
			</IconTabFilter>
			<IconTabFilter id="ODX" key="MYCLIENTSToClientOutput" text="{i18n>CdetailIconTabFilterText8}">
				<content>
					<core:Fragment fragmentName="cminewrequest.fragments.Clients.OD" type="XML"/>
					<!--<core:Fragment fragmentName="MyClients.fragments.change.OD" type="XML"/>-->
				</content>
			</IconTabFilter>
			<IconTabFilter  id="LE" text="{i18n>CdetailIconTabFilterText5}">
				<content>
					<core:Fragment fragmentName="cminewrequest.fragments.Clients.LE" type="XML"/>
				</content>
			</IconTabFilter>
			<IconTabFilter  id="CS" key="MYCLIENTSToClientStatus" text="{i18n>CdetailIconTabFilterText6}"
				visible="false">
				<content>
					<core:Fragment fragmentName="cminewrequest.fragments.Clients.CS" type="XML"/>
					<!--<core:Fragment fragmentName="cminewrequest.fragments.change.CS" type="XML"/>-->
				</content>
			</IconTabFilter>
			<core:ExtensionPoint name="extIconTabFilter"/>
		</items>
	</IconTabBar>
</core:FragmentDefinition>