<core:FragmentDefinition xmlns="sap.m" xmlns:l="sap.ui.layout" xmlns:core="sap.ui.core" xmlns:f="sap.ui.layout.form">
	<!--	<VBox>
		<MessageStrip text=" Note: You must provide at least one (1) primary contact." showIcon="true" customIcon="sap-icon://message-information"
			showCloseButton="true" class="sapUiTinyMarginBottom sapUiSmallMarginBegin"/>
		<Table showSeparators="None">
			<columns>
				<Column demandPopin="true"></Column>
				<Column minScreenWidth="Tablet" demandPopin="true"></Column>
				<Column minScreenWidth="Tablet" demandPopin="true"></Column>
				<Column minScreenWidth="Tablet" demandPopin="true" hAlign="Left"></Column>
			</columns>
			<ColumnListItem>
				<cells>
					<VBox>
						<Label text="{i18n>LBLPc}" design="Bold" required="true"/>
						<Input value="{oContactDataModel>/Name}" valueState="{ErrorShow>/vContactName}" maxLength="80"/>
					</VBox>
					<VBox>
						<Label text="{i18n>LBLPhone}" design="Bold" required="true"/>
						<Input value="{oContactDataModel>/Phone}" maxLength="30" liveChange="validPhone" valueState="{ErrorShow>/vContactPhone}"/>
					</VBox>
					<VBox>
						<Label text="{i18n>LBLEM}" design="Bold" required="true"/>
						<Input value="{oContactDataModel>/Email}" valueState="{ErrorShow>/vContactEmail}" maxLength="241"/>
					</VBox>
					<HBox class="sapUiSmallMarginTop">
						<Button type="Emphasized" text="" icon="sap-icon://add" press="onAddContact"/>
					</HBox>
				</cells>
			</ColumnListItem>
		</Table>-->
	<Table id="TableDialog" noDataText="Click on + icon to add Contact details by filling the respective fields"
		mode="{path:'worklistView>/editScreen',formatter:'.formatter.showButton'}" updateFinished="handleClientFinish" class="sapUiSmallMarginTop"
		items="{NRequestView>/Clientcontacts}" delete="handleDeleteContacts">
		<columns>
			<Column>
				<Label text="{i18n>LBLPc}" design="Bold"/>
			</Column>
			<Column width="12%">
				<Label text="{i18n>LBLPhone}" design="Bold"/>
			</Column>
			<Column>
				<Label text="{i18n>LBLEM}" design="Bold"/>
			</Column>
			<Column width="10%" hAlign="Left">
				<Label text="Preferred" design="Bold"/>
			</Column>
			<Column>
				<Label text="{i18n>Comments}" design="Bold"/>
			</Column>
			<Column width="7rem" hAlign="Right">
				<Label text="" design="Bold"/>
			</Column>
		</columns>
		<items>
			<ColumnListItem>
				<cells>
					<Input value="{NRequestView>Name}" enabled="{worklistView>/editScreen}" maxLength="80"/>
					<Input value="{NRequestView>Phone}" liveChange="validPhone" enabled="{worklistView>/editScreen}" maxLength="30"/>
					<Input value="{NRequestView>Email}" enabled="{worklistView>/editScreen}" maxLength="241"/>
					<core:Icon color="{=${NRequestView>Contacttype} === 'P' ? 'green' : 'black'}"
						src="{=${NRequestView>Contacttype} === 'P' ? 'sap-icon://accept' : 'sap-icon://circle-task'}"
						size="{=${NRequestView>Contacttype} === 'P' ? '20px' : '1rem'}" enabled="{worklistView>/editScreen}" press="handlePrimaryContact"/>
					<!--<Button icon="sap-icon://message-popup" type="{=${NRequestView>Comments} ? 'Emphasized':'Default'}" press="onPressContactComments"/>-->
					<TextArea value="{NRequestView>Comments}" enabled="{worklistView>/editScreen}" placeholder="{i18n>CommentsPlaceholder}" cols="50" rows="1"
						maxLength="241"/>
					<Button type="Emphasized" icon="sap-icon://add" enabled="{worklistView>/editScreen}" press="onAddContact"/>
					<!--<Button icon="sap-icon://add" type="Emphasized" press="onPressPopinDispBtn"/>-->
					<!--<Button icon="sap-icon://edit" type="Transparent" press="onPressContactComments"/>-->
				</cells>
			</ColumnListItem>
		</items>
	</Table>
	<!--	</VBox>-->
</core:FragmentDefinition>