<core:FragmentDefinition xmlns="sap.m" xmlns:mvc="sap.ui.core.mvc" xmlns:ux="sap.uxap" xmlns:l="sap.ui.layout" xmlns:f="sap.ui.layout.form"
	xmlns:core="sap.ui.core">
	<f:SimpleForm id="SimpleFormToolbar" maxContainerCols="2" editable="true" layout="ResponsiveGridLayout" labelSpanXL="4" labelSpanL="3"
		labelSpanM="4" labelSpanS="12" adjustLabelSpan="false" emptySpanXL="0" emptySpanL="4" emptySpanM="0" emptySpanS="0" columnsXL="2"
		columnsL="2" columnsM="2" class="sapUiSizeCompact sapUiNoContentPadding" title="Client Details">
		<f:content>
			<core:Title text=""/>
			<Label text="{i18n>LBLName}" design="Bold" width="auto"/>
			<Text text="{NRequestView>/ClientDetails/Name}"/>
			<Label text="{i18n>LBLPCP}" design="Bold" />
			<Text text="{NRequestView>/ClientDetails/PrimaryCPhone}"/>
			<Label text="{i18n>LBLAds}" design="Bold" width="auto"/>
			<Text text="{NRequestView>/ClientDetails/Address1}"/>
			<core:Title text=""/>
			<Label text="{i18n>LBLPc}" design="Bold" width="auto"/>
			<Text text="{NRequestView>/ClientDetails/PContact}"/>
			<Label text="{i18n>LBLEMail}" design="Bold" width="auto"/>
			<Text text="{NRequestView>/ClientDetails/Email}"/>
			<Label text="{i18n>LBLBOffice}" design="Bold" width="auto"/>
			<Text text="{NRequestView>/ClientDetails/BOffice}"/>
		</f:content>
	</f:SimpleForm>
</core:FragmentDefinition>