<core:FragmentDefinition xmlns="sap.m" xmlns:mvc="sap.ui.core.mvc" xmlns:ux="sap.uxap" xmlns:l="sap.ui.layout" xmlns:f="sap.ui.layout.form"
	xmlns:core="sap.ui.core" xmlns:smartField="sap.ui.comp.smartfield">
	<f:SimpleForm id="SimpFormClient1" editable="true" layout="ResponsiveGridLayout" labelSpanXL="3" labelSpanL="3" labelSpanM="3"
		labelSpanS="4" adjustLabelSpan="false" emptySpanXL="0" emptySpanL="0" emptySpanM="0" emptySpanS="0" columnsXL="1" columnsL="1" columnsM="1"
		singleContainerFullSize="false">
		<f:content >
			<Label text="Client Name"></Label>
			<smartField:SmartField id="idClientDetails1" value="{Client}" change="changeClientDetailsNew">
					<smartField:configuration>
					<smartField:Configuration preventInitialDataFetchInValueHelpDialog="false"/>
				</smartField:configuration>
			</smartField:SmartField>
			<Label text="Classification"></Label>
			<Text text="{NRequestView>/ClientDetail/Classification}"/>
			<Label text="Billing Office" textAlign="Right"></Label>
			<Text text="{NRequestView>/ClientDetail/Boffice}"/>
			<Label text="Address1" textAlign="Left"></Label>
			<Text text="{NRequestView>/ClientDetail/Addr1}"/>
			<Label text="Address2" textAlign="Left"></Label>
			<Text text="{NRequestView>/ClientDetail/Addr2}"/>
			<Label text="City" textAlign="Right"></Label>
			<Text text="{NRequestView>/ClientDetail/City}"/>
			<Label text="State" textAlign="Right"></Label>
			<Text text="{NRequestView>/ClientDetail/State}"/>
			<Label text="Country" textAlign="Right"></Label>
			<Text text="{NRequestView>/ClientDetail/Country}"/>
			<Label text="Zip Code" textAlign="Right"></Label>
			<Text text="{NRequestView>/ClientDetail/Zipcode}"/>
			<!--<Label text="Primary {i18n>LBLPc}" textAlign="Right"></Label>-->
			<!--<Text text="{NRequestView>/ClientContact/Name}"/>-->
			<Label text="Email" textAlign="Right"></Label>
			<Text text="{NRequestView>/ClientContact/Email}"/>
		</f:content>
	</f:SimpleForm>
</core:FragmentDefinition>