<core:FragmentDefinition xmlns="sap.m" xmlns:l="sap.ui.layout" xmlns:core="sap.ui.core" xmlns:smartField="sap.ui.comp.smartfield">
	<Dialog title="{i18n>impdailog}" class="sapUiContentPadding" contentWidth="40%">
		<content>
			<UploadCollection class="attachName" maximumFilenameLength="55" multiple="false" showSeparators="All" change="onChange"
				fileDeleted="onFileDeleted" selectionChange="onSelectionChange" typeMissmatch="onTypeMissmatch" uploadComplete="onUploadComplete"
				beforeUploadStarts="onBeforeUploadStarts" uploadTerminated="onUploadTerminated" items="{AttachmentModel>/FileDataSet}"
				numberOfAttachmentsText="" mode="SingleSelectMaster" uploadUrl="">
				<items>
					<UploadCollectionItem documentId="{AttachmentModel>AttachmentNo}" fileName="{AttachmentModel>FileName}"
						mimeType="{AttachmentModel>MimeType}" url="{AttachmentModel>url}" enableEdit="" enableDelete="true"
						visibleDelete="{AttachmentModel>visibleDelete}" visibleEdit="false"></UploadCollectionItem>
				</items>
			</UploadCollection>
		</content>
		<beginButton>
			<Button text="Submit" press="onSubmitAttchDailog" type="Emphasized"/>
		</beginButton>
		<endButton>
			<Button text="Cancel" press="onCloseAttchDailogDialog" type="Emphasized"/>
		</endButton>
	</Dialog>
</core:FragmentDefinition>