<core:FragmentDefinition xmlns="sap.m" xmlns:l="sap.ui.layout" xmlns:core="sap.ui.core" xmlns:smartField="sap.ui.comp.smartfield">
	<Dialog title="{i18n>Conflicts}" class="sapUiContentPadding" contentWidth="80%" xmlns:table="sap.ui.table">
		<content>
			<table:Table id="ConflictSearchTableId" rows="{csTableModel>/results}" selectionMode="None" visibleRowCountMode="Auto"
				rowSelectionChange="onRowSelection" busy="{worklistView>/tableBusy}">
				<table:noData>
					<FlexBox height="100%" alignItems="Center" justifyContent="Center">
						<items>
							<Text text="{worklistView>/tableNoDataText}"/>
						</items>
					</FlexBox>
				</table:noData>
				<table:toolbar>
					<OverflowToolbar>
						<Title text="Results ({worklistView>/tableCount})" level="H4"/>
						<ToolbarSpacer/>
						<Button icon="sap-icon://action-settings" press="onPersoButtonPressed">
							<layoutData>
								<OverflowToolbarLayoutData priority="NeverOverflow"/>
							</layoutData>
						</Button>
					</OverflowToolbar>
				</table:toolbar>
				<table:columns>
					<table:Column id="clientId" width="10rem">
						<table:label>
							<Label text="Client"/>
						</table:label>
						<table:template>
							<Text text="{csTableModel>Client}"/>
						</table:template>
					</table:Column>
					<table:Column width="12rem">
						<table:label>
							<Label text="Matter Name"/>
						</table:label>
						<table:template>
							<Text text="{csTableModel>Matter}"/>
						</table:template>
					</table:Column>
					<table:Column width="8rem">
						<table:label>
							<Label text="Matter Status"/>
						</table:label>
						<table:template>
							<Text text="{csTableModel>Matterstatus}"/>
						</table:template>
					</table:Column>
					<table:Column width="14rem">
						<table:label>
							<Label text="Party Name"/>
						</table:label>
						<table:template>
							<Text text="{csTableModel>Name}"/>
						</table:template>
					</table:Column>
					<table:Column width="8rem" visible="false">
						<table:label>
							<Label text="Designation"/>
						</table:label>
						<table:template>
							<Text text="{csTableModel>Designation}"/>
						</table:template>
					</table:Column>
					<table:Column width="8rem">
						<table:label>
							<Label text="Role"/>
						</table:label>
						<table:template>
							<Text text="{csTableModel>Role}"/>
						</table:template>
					</table:Column>
					<table:Column width="8rem">
						<table:label>
							<Label text="Practice Group"/>
						</table:label>
						<table:template>
							<Text text="{csTableModel>Practicegroup}"/>
						</table:template>
					</table:Column>
					<table:Column id="dateId" width="8rem" visible="false">
						<table:label>
							<Label text="Date"/>
						</table:label>
						<table:template>
							<Text text="{csTableModel>Date}"/>
						</table:template>
					</table:Column>
					<table:Column width="10rem" visible="false">
						<table:label>
							<Label text="WF Status"/>
						</table:label>
						<table:template>
							<Text text="{csTableModel>Wfstat}"/>
						</table:template>
					</table:Column>
						<table:Column width="10rem" visible="false">
						<table:label>
							<Label text="Lead Partner#"/>
						</table:label>
						<table:template>
							<Text text="{csTableModel>Leadpartnerk}"/>
						</table:template>
					</table:Column>
					<table:Column width="10rem">
						<table:label>
							<Label text="Lead Partner Name"/>
						</table:label>
						<table:template>
							<Text text="{csTableModel>Leadpartner}"/>
						</table:template>
					</table:Column>
					<table:Column width="10rem" visible="false">
						<table:label>
							<Label text="CMI Number"/>
						</table:label>
						<table:template>
							<Text text="{csTableModel>Knownpartycmino}"/>
						</table:template>
					</table:Column>
					<table:Column width="10rem" visible="false">
						<table:label>
							<Label text="Billing Office"/>
						</table:label>
						<table:template>
							<Text text="{csTableModel>Billingoffice}"/>
						</table:template>
					</table:Column>
					<table:Column width="10rem" visible="false">
						<table:label>
							<Label text="Service Area"/>
						</table:label>
						<table:template>
							<Text text="{csTableModel>Servicearea}"/>
						</table:template>
					</table:Column>
					<table:Column width="10rem" visible="false">
						<table:label>
							<Label text="Matter Type"/>
						</table:label>
						<table:template>
							<Text text="{csTableModel>Mattertype}"/>
						</table:template>
					</table:Column>
					<table:Column width="10rem" visible="false">
						<table:label>
							<Label text="Matter Category"/>
						</table:label>
						<table:template>
							<Text text="{csTableModel>Mattercategory}"/>
						</table:template>
					</table:Column>
					<table:Column width="10rem">
						<table:label>
							<Label text="Office"/>
						</table:label>
						<table:template>
							<Text text="{csTableModel>Billingoffice}"/>
						</table:template>
					</table:Column>
					<table:Column width="10rem">
						<table:label>
							<Label text="Status"/>
						</table:label>
						<table:template>
							<Text text="{csTableModel>Wfstat}"/>
						</table:template>
					</table:Column>
				</table:columns>
			</table:Table>
		</content>
		<endButton>
			<Button text="Cancel" press="onCloseConflictsSearch" type="Emphasized"/>
		</endButton>
	</Dialog>
</core:FragmentDefinition>