<core:FragmentDefinition xmlns="sap.m" xmlns:mvc="sap.ui.core.mvc" xmlns:ux="sap.uxap" xmlns:layout="sap.ui.layout" xmlns:u="sap.ui.unified"
	xmlns:f="sap.ui.layout.form" xmlns:core="sap.ui.core">
	<VBox class="sapUiNoContentPadding sapUiNoMargin">
		<Table  updateFinished="updateFinishedTableResult"  mode="{path:'worklistView>/editScreen',formatter:'.formatter.showButton'}" id="idKnownParty" delete="handleDeleteKnownParties">
			<headerToolbar>
				<Toolbar>
					<ToolbarSpacer/>
					<Button enabled="{worklistView>/editScreen}" visible="false" icon="sap-icon://add-activity" text="Add Party" type="Accept" press="onPressAddParty"/>
					<!--<Button type="Emphasized" icon="sap-icon://attachment" text="{i18n>TBLHTImportPartyes}" press="onImportParty"/>-->
					<u:FileUploader enabled="{worklistView>/editScreen}" id="fileUploader" icon="sap-icon://attachment" name="myFileUpload" uploadUrl="upload/" tooltip="Upload Import Parties"
						buttonOnly="true" buttonText="{i18n>TBLHTImportPartyes}" change="handleUpload" style="Emphasized"/>
				</Toolbar>
			</headerToolbar>
			<columns>
				<Column>
					<Label text="{i18n>TBLCTName}" design="Bold"/>
				</Column>
				<Column>
					<Label text="{i18n>TBLCTClassification}" design="Bold"/>
				</Column>
				<Column>
					<Label text="{i18n>TBLCTRole}" design="Bold"/>
				</Column>
				<Column>
					<Label text="{i18n>TBLCTDesgnation}" design="Bold"/>
				</Column>
				<Column width="4rem">
					<Label text="{i18n>TBLCTConflicts}" design="Bold" />
				</Column>
				<Column width="4rem">
					<Label text="{i18n>TBLCTNotes}" design="Bold"/>
				</Column>
				<Column width="8rem">
					<Label text="{i18n>Documents}" design="Bold"/>
				</Column>
				<Column width="7rem" hAlign="Right">
					<Label text="" design="Bold"/>
				</Column>
			</columns>

		</Table>
			<Toolbar>
			<ToolbarSpacer/>
			<Button type="Emphasized" visible="{= ${worklistView>/Searchid} === '' ? false: true}" icon="sap-icon://bell" text="{i18n>TBLHTviewConflicts}"
				press="onPressConflictSearch"/>
		</Toolbar>
	</VBox>
</core:FragmentDefinition>