<core:FragmentDefinition xmlns="sap.m" xmlns:l="sap.ui.layout" xmlns:core="sap.ui.core" xmlns:smartField="sap.ui.comp.smartfield"
	xmlns:f="sap.ui.layout.form">
	<Table class="sapUiSmallMarginTop" noDataText="Click on + icon to add Lead Partners by filling the respective fields" mode="{path:'worklistView>/editScreen',formatter:'.formatter.showButton'}" delete="handleDeleteLPartner"
		id="idLeadPartnerT">
		<columns>
			<!--<Column>-->
			<!--	<header>-->
			<!--		<Label text="" design="Bold"></Label>-->
			<!--	</header>-->
			<!--</Column>-->
			<Column width="3rem">
				<header>
					<Label text="{i18n>TblHdrLblrank}" design="Bold"></Label>
				</header>
			</Column>
			<Column>
				<header>
					<Label text="{i18n>TblHdrLblOfc}" design="Bold"></Label>
				</header>
			</Column>
			<Column>
				<header>
					<Label text="{i18n>TblHdrLeadPartner}" design="Bold"></Label>
				</header>
			</Column>
			<Column>
				<header>
					<Label text="{i18n>TblHdrClientParType}" design="Bold"></Label>
				</header>
			</Column>
			<Column>
				<header>
					<Label text="{i18n>TblHdrLblPhone}" design="Bold"></Label>
				</header>
			</Column>
			<Column>
				<header>
					<Label text="{i18n>TblHdrLblemail}" design="Bold"></Label>
				</header>
			</Column>
			<Column width="7rem" hAlign="Right">
				<header>
					<Label text="" design="Bold"></Label>
				</header>
			</Column>
		</columns>
	</Table>
</core:FragmentDefinition>