<core:FragmentDefinition xmlns="sap.m" xmlns:mvc="sap.ui.core.mvc" xmlns:ux="sap.uxap" xmlns:l="sap.ui.layout" xmlns:f="sap.ui.layout.form"
	xmlns:core="sap.ui.core" xmlns:smartField="sap.ui.comp.smartfield">
	<IconTabBar expanded="{device>/isNoPhone}" id="idIconTabBar" select="onTabSelect" class="sapUiSizeCompact sapUiNoContentPadding">
		<items id="detailsItems">
			<IconTabFilter  id="MatterDetailsStep" text="General">
				<content>
				<core:Fragment fragmentName="cminewrequest.fragments.NMRMatterDetails" type="XML"/>
				</content>
			</IconTabFilter>
			<IconTabFilter  id="WO" text="{i18n>detailIconTabFilterText10}">
				<content>
					<core:Fragment fragmentName="cminewrequest.fragments.Matters.WO" type="XML"/>
				</content>
			</IconTabFilter>
				<IconTabFilter id="BP" text="{i18n>detailIconTabFilterText3}">
				<content>
					<core:Fragment fragmentName="cminewrequest.fragments.Matters.BP" type="XML"/>
				</content>
			</IconTabFilter>
		<!--	<IconTabFilter icon="sap-icon://pie-chart" visible="false" id="MP" text="{i18n>detailIconTabFilterText2}">
				<content>
					<core:Fragment fragmentName="cminewrequest.fragments.Matters.MP" type="XML"/>
				</content>
			</IconTabFilter>-->
			<!--<IconTabFilter icon="sap-icon://group" id="BP" text="{i18n>detailIconTabFilterText3}">
				<content>
					<core:Fragment fragmentName="cminewrequest.fragments.Matters.BP" type="XML"/>
				</content>
			</IconTabFilter>-->
			<IconTabFilter id="MI" key="MatterToMDetail" text="{i18n>detailIconTabFilterText4}">
				<content>
					<core:Fragment fragmentName="cminewrequest.fragments.Matters.MI" type="XML"/>
				</content>
			</IconTabFilter>
			<IconTabFilter key="MatterToMDetail" text="{i18n>detailIconTabFilterText5}">
				<content>
					<core:Fragment fragmentName="cminewrequest.fragments.Matters.BD" type="XML"/>
				</content>
			</IconTabFilter>
			<IconTabFilter  key="MatterToMDetail" text="{i18n>detailIconTabFilterText6}">
				<content>
					<core:Fragment fragmentName="cminewrequest.fragments.Matters.BF" type="XML"/>
				</content>
			</IconTabFilter>
			<IconTabFilter  id="OD" key="MatterToMDetail" text="{i18n>detailIconTabFilterText7}">
				<content>
					<core:Fragment fragmentName="cminewrequest.fragments.Matters.OD" type="XML"/>
				</content>
			</IconTabFilter>
			<IconTabFilter  visible="false" id="AL" text="{i18n>detailIconTabFilterText8}">
				<content>
					<Text text=""/>
					<core:Fragment fragmentName="cminewrequest.fragments.Matters.ALH" type="XML"/>
				</content>
			</IconTabFilter>
			<IconTabFilter  id="BI" key="MatterToMDetail" text="{i18n>detailIconTabFilterText9}">
				<content>
					<core:Fragment fragmentName="cminewrequest.fragments.Matters.BI" type="XML"/>
				</content>
			</IconTabFilter>
			<IconTabFilter  id="TD" key="MatterToMDetail" text="{i18n>detailIconTabFilterText12}">
				<content>
					<core:Fragment fragmentName="cminewrequest.fragments.Matters.TD" type="XML"/>
				</content>
			</IconTabFilter>
			<IconTabFilter  id="ID" key="MatterToMDetail" text="{i18n>detailIconTabFilterText13}">
				<content>
					<core:Fragment fragmentName="cminewrequest.fragments.Matters.ID" type="XML"/>
				</content>
			</IconTabFilter>
		<!--	<IconTabFilter icon="sap-icon://batch-payments" id="CD" key="MatterToMDetail" text="{i18n>detailIconTabFilterText11}">
				<content>
					<core:Fragment fragmentName="cminewrequest.fragments.Matters.CD" type="XML"/>
				</content>
			</IconTabFilter>-->
			<core:ExtensionPoint name="extIconTabFilter"/>
		</items>
	</IconTabBar>
</core:FragmentDefinition>