<core:FragmentDefinition xmlns="sap.m" xmlns:mvc="sap.ui.core.mvc" xmlns:ux="sap.uxap" xmlns:l="sap.ui.layout" xmlns:f="sap.ui.layout.form"
	xmlns:core="sap.ui.core" xmlns:smartField="sap.ui.comp.smartfield">
	<l:BlockLayout class="sapUiNoContentPadding" id="idMatterDetails">
		<l:BlockLayoutRow>
			<l:BlockLayoutCell class="sapUiNoContentPadding">
				<f:SimpleForm editable="true" layout="ResponsiveGridLayout" labelSpanXL="4" labelSpanL="6" labelSpanM="4" labelSpanS="12"
					adjustLabelSpan="false" emptySpanXL="0" emptySpanL="0" emptySpanM="2" emptySpanS="0" columnsXL="0" columnsL="0" columnsM="0"
					singleContainerFullSize="true">
					<f:content >
						<!--	<Label text="{i18n>LBLMName}" design="Bold" required="true" textDirection="RTL"></Label>
						<Input value="{NRequestView>/Matters/Mattername}"></Input>-->
						<smartField:SmartLabel labelFor="idMatterName"/>
						<smartField:SmartField id="idMatterName" value="{Mattername}" showValueHelp="false" showSuggestion="false" valueState="{ShowMatterError>/vMatterMN}" change="changeMatterDetails"/>
						<!--<Label text="{i18n>LBLSArea}" design="Bold" required="true" textDirection="RTL"></Label>-->
						<!--<ComboBox items="{path:'serviceAreaData>/ServiceAreaSet',templateShareable:false}" selectedKey="{NRequestView>/Matters/Serviceareak}" value="{NRequestView>/Matters/Servicearea}">
							<core:Item key="{serviceAreaData>Serviceareak}" text="{serviceAreaData>Servicearea}"/>
						</ComboBox>-->
						<smartField:SmartLabel labelFor="idService"/>
						<smartField:SmartField id="idService" value="{Servicearea}" valueState="{ShowMatterError>/vMatterSA}" change="changeMatterDetails"/>
						<!--	<Label text="{i18n>LBLMMgmtPartner}" design="Bold" required="true" textDirection="RTL"></Label>
						<ComboBox items="{path:'matterManagementData>/MatterManagementSet',templateShareable:false}" selectedKey="{NRequestView>/Matters/Mmak}"
							value="{NRequestView>/Matters/Mma}">
							<core:Item key="{matterManagementData>Mmak}" text="{matterManagementData>Mma}"/>
						</ComboBox>-->
						<smartField:SmartLabel labelFor="idMma"/>
						<smartField:SmartField id="idMma" value="{Mma}" valueState="{ShowMatterError>/vMatterMMA}" change="changeMatterDetails"/>
						<Label text="{i18n>LBLMDesc}" required="true"></Label>
						<TextArea value="{Matterlongtext}" change="changeMatterDetails" valueState="{ShowMatterError>/vMatterMD}"></TextArea>
				<!--		<smartField:SmartLabel labelFor="Matterdesc"/>
						<smartField:SmartField id="Matterdesc" value="{Matterlongtext}" change="changeMatterDetails"/>-->
					</f:content>
				</f:SimpleForm>
			</l:BlockLayoutCell>
			<l:BlockLayoutCell class="sapUiNoContentPadding">
				<f:SimpleForm editable="true" layout="ResponsiveGridLayout" labelSpanXL="4" labelSpanL="6" labelSpanM="4" labelSpanS="12"
					adjustLabelSpan="false" emptySpanXL="0" emptySpanL="0" emptySpanM="2" emptySpanS="0" columnsXL="0" columnsL="0" columnsM="0"
					singleContainerFullSize="true">
					<f:content >
						<!--	<Label text="{i18n>LBLPGroup}" design="Bold" required="true" textDirection="RTL"></Label>
						<ComboBox items="{path:'practiceGroupData>/PracticeGroupSet',templateShareable:false}" selectedKey="{NRequestView>/Matters/Practicegroupk}"
							value="{NRequestView>/Matters/Practicegroup}">
							<core:Item key="{practiceGroupData>Practicegroupk}" text="{practiceGroupData>Practicegroup}"/>
						</ComboBox>-->
						<smartField:SmartLabel labelFor="idPracticegroup"/>
						<smartField:SmartField id="idPracticegroup" value="{Practicegroup}" valueState="{ShowMatterError>/vMatterPG}" change="changeMatterDetails"/>
						<!--<Label text="{i18n>LBLMMgtOffice}" design="Bold" required="true" textDirection="RTL"></Label>
						<ComboBox items="{path:'matterMgmtOfficeData>/MatterMgmtOfficeSet',templateShareable:false}" selectedKey="{NRequestView>/Matters/Mmofficek}"
							value="{NRequestView>/Matters/Mmoffice}">
							<core:Item key="{matterMgmtOfficeData>Mmofficek}" text="{matterMgmtOfficeData>Mmoffice}"/>
						</ComboBox>-->
						<smartField:SmartLabel labelFor="idMmoffice"/>
						<smartField:SmartField id="idMmoffice" value="{Mmoffice}" valueState="{ShowMatterError>/vMatterO}" change="changeMatterDetails"/>
						<!--	<Label text="{i18n>LBLEFees}" design="Bold" required="true" textDirection="RTL"></Label>
						<Input value="{NRequestView>/Matters/Estimatedfees}"></Input>-->
						<smartField:SmartLabel labelFor="idEstimatedfees" />
						<smartField:SmartField textAlign="Right" id="idEstimatedfees" value="{path:'Estimatedfees',type: 'sap.ui.model.type.Currency'}" valueState="{ShowMatterError>/vMatterEF}" change="changeMatterCurrDetails"/>
						<Label text="{i18n>LBLATPayer}" required="true"></Label>
						<Switch id="idAlterSwitch" state="false" customTextOn="Yes" customTextOff="No" change="onAlterChange"></Switch>
					</f:content>
				</f:SimpleForm>
			</l:BlockLayoutCell>
		</l:BlockLayoutRow>
	</l:BlockLayout>
	<l:BlockLayout class="sapUiNoContentPadding" id="idAlterDetails" visible="{worklistView>/altVisible}">
		<l:BlockLayoutRow>
			<l:BlockLayoutCell class="sapUiNoContentPadding">
				<f:SimpleForm editable="true" layout="ResponsiveGridLayout" labelSpanXL="4" labelSpanL="6" labelSpanM="4" labelSpanS="12"
					adjustLabelSpan="false" emptySpanXL="0" emptySpanL="0" emptySpanM="2" emptySpanS="0" columnsXL="0" columnsL="0" columnsM="0"
					singleContainerFullSize="true">
					<f:content >
						<!--<Label text="{i18n>LBLPName}"></Label>
						<Input value="{NRequestView>/Altpayers/AltpayersDetail/Altpayername}"></Input>-->
						<smartField:SmartLabel labelFor="idAltpayername"/>
						<smartField:SmartField id="idAltpayername" value="{Alternatepayer}" valueState="{ShowAlterError>/vAlternatepayer}" change="changeAltDetails"/>
					<!--	<Label text="{i18n>LBLPCity}" required="true"></Label>
						<Input value="{NRequestView>/Matters/rAltpayers/AltpayersDetail/Altpayercityk}"></Input>-->
						<smartField:SmartLabel labelFor="idAltpayercityk"/>
						<smartField:SmartField id="idAltpayercityk" value="{Altpayercityk}" valueState="{ShowAlterError>/vAltpayercityk}" change="changeAltDetails"/>
						<!--<Label text="{i18n>LBLPZipPCode}" required="true"></Label>
						<Input value="{NRequestView>/Altpayers/AltpayersDetail/Altpayerzip}"></Input>-->
						<smartField:SmartLabel labelFor="idAltpayerzip"/>
						<smartField:SmartField id="idAltpayerzip" value="{Altpayerzip}" valueState="{ShowAlterError>/vAltpayerzip}"  change="changeAltDetails"/>
						<!--<Label text="{i18n>LBLPPhone}" required="true"></Label>
						<Input value="{NRequestView>/Altpayers/AltpayersDetail/Altpayerphone}"></Input>-->
						<smartField:SmartLabel labelFor="idAltpayerphone"/>
						<smartField:SmartField id="idAltpayerphone" value="{Altpayerphone}" valueState="{ShowAlterError>/vAltpayerphone}" change="changeAltDetails" liveChange="validPhone"/>
					</f:content>
				</f:SimpleForm>
			</l:BlockLayoutCell>
			<l:BlockLayoutCell class="sapUiNoContentPadding">
				<f:SimpleForm editable="true" layout="ResponsiveGridLayout" labelSpanXL="4" labelSpanL="6" labelSpanM="4" labelSpanS="12"
					adjustLabelSpan="false" emptySpanXL="0" emptySpanL="0" emptySpanM="2" emptySpanS="0" columnsXL="0" columnsL="0" columnsM="0"
					singleContainerFullSize="true">
					<f:content >
						<!--<Label text="{i18n>LBLPAddress1}" required="true"></Label>
						<Input value="{NRequestView>/Altpayers/AltpayersDetail/Altpayeraddr1}"></Input>-->
						<smartField:SmartLabel labelFor="idAltpayeraddr1"/>
						<smartField:SmartField id="idAltpayeraddr1" value="{Altpayeraddr1}" valueState="{ShowAlterError>/vAltpayeraddr1}" change="changeAltDetails"/>
						<!--	<Label text="{i18n>LBLPAddress2}"></Label>
						<Input value="{NRequestView>/Altpayers/AltpayersDetail/Altpayeraddr2}"></Input>-->
						<smartField:SmartLabel labelFor="idAltpayeraddr2"/>
						<smartField:SmartField id="idAltpayeraddr2" value="{Altpayeraddr2}" change="changeAltDetails"/>
						<!--<Label text="{i18n>LBLPState}" design="Bold" required="true" textDirection="RTL"></Label>
						<ComboBox items="{path:'stateData>/StateSet',templateShareable:false}" selectedKey="{NRequestView>/Altpayers/AltpayersDetail/Altpayerstatek}" value="{NRequestView>/Altpayers/AltpayersDetail/Altpayerstate}">
							<core:Item key="{stateData>Statek}" text="{stateData>State}"/>
						</ComboBox>-->
						<smartField:SmartLabel labelFor="idMState"/>
						<smartField:SmartField id="idMState" value="{Altpayerstate}" valueState="{ShowAlterError>/vAltpayerstate}" change="changeAltDetails"/>
						<!--	<Label text="{i18n>LBLPCountry}" design="Bold" required="true" textDirection="RTL"></Label>
						<ComboBox items="{path:'countryData>/CountrySet',templateShareable:false}" selectedKey="{NRequestView>/Altpayers/AltpayersDetail/Altpayercountryk}" value="{NRequestView>/Altpayers/AltpayersDetail/Altpayercountry}">
							<core:Item key="{countryData>Countryk}" text="{countryData>Country}"/>
						</ComboBox>-->
						<smartField:SmartLabel labelFor="idMCountry"/>
						<smartField:SmartField id="idMCountry" value="{Altpayercountry}"  valueState="{ShowAlterError>/vAltpayercountry}"  change="changeAltDetails"/>
					</f:content>
				</f:SimpleForm>
			</l:BlockLayoutCell>
		</l:BlockLayoutRow>
	</l:BlockLayout>
</core:FragmentDefinition>