<core:FragmentDefinition xmlns="sap.m" xmlns:l="sap.ui.layout" xmlns:core="sap.ui.core" xmlns:smartField="sap.ui.comp.smartfield">
	<TableSelectDialog noDataText="No Data Found" title="Select Party" search="handleSearch" confirm="handleConfirm" cancel="handleClose"
		items="{worklistView>/conflictRequest}" multiSelect="true">
		<columns>
				<Column>
					<Label text="PartyName" design="Bold"/>
				</Column>
				<Column>
					<Label text="Matter Status Name" design="Bold"/>
				</Column>
				<Column>
					<Label text="Role Name" design="Bold"/>
				</Column>
			</columns>
			<items>
				<ColumnListItem vAlign="Middle">
					<cells>
						<Text text="{worklistView>Name}"/>
						<Text text="{worklistView>MatterStatName}"/>
						<Text text="{worklistView>Role}"/>
					</cells>
				</ColumnListItem>
			</items>
	</TableSelectDialog>
</core:FragmentDefinition>