<core:FragmentDefinition xmlns="sap.m" xmlns:l="sap.ui.layout" xmlns:core="sap.ui.core" xmlns:smartField="sap.ui.comp.smartfield"
	xmlns:f="sap.ui.layout.form">
	<l:Grid defaultSpan="L2 M6 S6" width="auto" visible="{objectView>/expandClientDetails}" class="gridclass" id="idClientDetails">
		<l:content>
			<VBox>
				<Label text="Client Name" required="true"/>
				<Input id="idClient" value="{Client}" valueState="{ErrorShow>/vClientName}" change="changeField"/>
			</VBox>
			<VBox>
				<smartField:SmartLabel labelFor="idClassification"/>
				<smartField:SmartField id="idClassification" value="{Classification}" valueState="{ErrorShow>/vClassification}" change="changeField">
					<smartField:configuration>
						<smartField:Configuration controlType="dropDownList" displayBehaviour="description"/>
					</smartField:configuration>
				</smartField:SmartField>
			</VBox>
			<VBox>
				<smartField:SmartLabel labelFor="idAddr1"/>
				<smartField:SmartField id="idAddr1" value="{Addr1}" valueState="{ErrorShow>/vAddress1}" change="changeField"/>
			</VBox>
			<VBox>
				<smartField:SmartLabel labelFor="idAddr2"/>
				<smartField:SmartField id="idAddr2" value="{Addr2}" change="changeField"/>
			</VBox>
			<VBox>
				<smartField:SmartLabel labelFor="idCity"/>
				<smartField:SmartField id="idCity" value="{City}" valueState="{ErrorShow>/vCity}" change="changeField"/>
			</VBox>
			<VBox>
				<smartField:SmartLabel labelFor="idState"/>
				<smartField:SmartField id="idState" value="{State}" valueState="{ErrorShow>/vState}" change="changeField"/>
			</VBox>
			<VBox>
				<smartField:SmartLabel labelFor="idZipcode"/>
				<smartField:SmartField id="idZipcode" value="{Zipcode}" valueState="{ErrorShow>/vZipCode}" change="changeField"/>
			</VBox>
			<VBox>
				<smartField:SmartLabel labelFor="idcountry"/>
				<smartField:SmartField id="idcountry" value="{Country}" valueState="{ErrorShow>/vCountry}" change="changeField"/>
			</VBox>
			<VBox>
				<smartField:SmartLabel labelFor="idoffice"/>
				<smartField:SmartField id="idoffice" value="{Boffice}" valueState="{ErrorShow>/vOffice}" change="changeField"/>
			</VBox>
			<VBox>
				<smartField:SmartLabel labelFor="idEmail"/>
				<smartField:SmartField id="idEmail" value="{Email}" valueState="{ErrorShow>/vEmail}" change="changeField"/>
			</VBox>
		</l:content>
	</l:Grid>
</core:FragmentDefinition>