<core:FragmentDefinition xmlns="sap.m" xmlns:l="sap.ui.layout" xmlns:core="sap.ui.core" xmlns:smartField="sap.ui.comp.smartfield"
	xmlns:f="sap.ui.layout.form">
	<ResponsivePopover title="Client Details" contentWidth="30%" modal="true" afterOpen="handlepopDisplay">
		<content>
			<f:SimpleForm id="SimpFormClientEdit" editable="true" layout="ResponsiveGridLayout" labelSpanXL="4" labelSpanL="4" labelSpanM="4"
				labelSpanS="4" adjustLabelSpan="false" emptySpanXL="0" emptySpanL="0" emptySpanM="0" emptySpanS="0" columnsXL="1" columnsL="1" columnsM="1"
				singleContainerFullSize="false" visible="{worklistView>/PopOverClientEdit}">
				<f:content >
					<Label text="Client Name" required="true"></Label>
					<Input value="{Client}" change="changeField" editable="{worklistView>/clientFalse}"/>
					<Label text="Classification" required="true"></Label>
					<smartField:SmartField id="idPopOverClassification" value="{Classification}"  change="changeFieldDD" editable="{worklistView>/clientFalse}">
							<smartField:configuration>
						<smartField:Configuration controlType="dropDownList" displayBehaviour="idOnly"/>
					</smartField:configuration>
				</smartField:SmartField>
					<Label text="Billing Office" textAlign="Right" required="true"></Label>
					<smartField:SmartField value="{Boffice}"  change="changeField" editable="{worklistView>/clientFalse}">
							<smartField:configuration>
					<smartField:Configuration preventInitialDataFetchInValueHelpDialog="false"/>
				</smartField:configuration>
			</smartField:SmartField>
					<Label text="Address 1" textAlign="Left" required="true"></Label>
					<smartField:SmartField value="{Addr1}" change="changeField" editable="{worklistView>/clientFalse}"/>
					<Label text="Address 2" textAlign="Left" ></Label>
					<smartField:SmartField value="{Addr2}" change="changeField" editable="{worklistView>/clientFalse}"/>
					<Label text="City" textAlign="Right" required="true"></Label>
					<smartField:SmartField value="{City}" change="changeField" editable="{worklistView>/clientFalse}"/>
					<Label text="State" textAlign="Right" required="true"></Label>
					<smartField:SmartField value="{State}" change="changeField" editable="{worklistView>/clientFalse}">
							<smartField:configuration>
					<smartField:Configuration preventInitialDataFetchInValueHelpDialog="false"/>
				</smartField:configuration>
			</smartField:SmartField>
					<Label text="Country" textAlign="Right" required="true"></Label>
					<smartField:SmartField value="{Country}" change="changeField" editable="{worklistView>/clientFalse}">
							<smartField:configuration>
					<smartField:Configuration preventInitialDataFetchInValueHelpDialog="false"/>
				</smartField:configuration>
			</smartField:SmartField>
					<Label text="Zip Code" textAlign="Right" required="true"></Label>
					<smartField:SmartField value="{Zipcode}" change="changeField" editable="{worklistView>/clientFalse}"/>
					<!-- <Label text="Primary {i18n>LBLPc}" textAlign="Right"></Label>
     <Text text=""/>-->
					<Label text="Email" textAlign="Right" required="true"></Label>
					<smartField:SmartField value="{Email}" change="changeField" editable="{worklistView>/clientFalse}"/>
				</f:content>
			</f:SimpleForm>
			<Toolbar design="footer">
				<ToolbarSpacer/>
				<Button text="Edit" press="handleClientEdit" visible="{worklistView>/btnEdit}"/>
				<Button text="Save" press="handleClientDisplay" visible="{worklistView>/btnDiplay}"/>
				<Button text="Close" press="handleclose"/>
			</Toolbar>
		</content>
		<!--<beginButton><Button text="Edit" press="handleClientEdit" visible="{worklistView>/btnEdit}"/></beginButton>
		<endButton><Button text="Display" press="handleClientDisplay" visible="{worklistView>/btnDiplay}"/></endButton>-->
		<!--<Toolbar>
				<ToolbarSpacer/>
				<Button text="Edit" press="handleClientEdit" visible="{worklistView>/btnEdit}"/>
			<Button text="Display" press="handleClientDisplay"  visible="{worklistView>/btnDiplay}"/>
			</Toolbar>-->
	</ResponsivePopover>
</core:FragmentDefinition>