<core:FragmentDefinition xmlns="sap.m" xmlns:l="sap.ui.layout" xmlns:core="sap.ui.core" xmlns:smartField="sap.ui.comp.smartfield"
	xmlns:f="sap.ui.layout.form">
	<l:Grid hSpacing="1" vSpacing="0" defaultSpan="L12 M12 S12" id="idClientDetailsNew" class="sapUiSmallMarginTop">
		<l:content>
			<ObjectIdentifier title="Client Details" class="sapUiSmallMarginTop sapUiSmallMarginBottom"/>
			<smartField:SmartField id="idClient" showValueHelp="false" showSuggestion="false" value="{Client}" placeholder="Client Name" valueState="{ErrorShow>/vClientName}"
				change="handleChangeNewClientDetails"/>
			<smartField:SmartField placeholder="Client Classification" id="idClassification" value="{Classification}"
				valueState="{ErrorShow>/vClassification}" maxLength="10" change="handleChangeNewClientDetailsDD">
				<smartField:configuration>
					<smartField:Configuration controlType="dropDownList" displayBehaviour="idOnly"/>
				</smartField:configuration>
			</smartField:SmartField>
			<Label required="true" text="Address :" design="Bold" class="sapUiTinyMarginTop sapUiTinyMarginBottom"/>
			<smartField:SmartField placeholder="Address Line1" id="idAddr1" value="{Addr1}" valueState="{ErrorShow>/vAddress1}"
				change="handleChangeNewClientDetails"/>
			<smartField:SmartField placeholder="Address Line2 (Optional)" id="idAddr2" value="{Addr2}" change="handleChangeNewClientDetails"/>
			<smartField:SmartField placeholder="City" id="idCity" value="{City}" valueState="{ErrorShow>/vCity}" change="handleChangeNewClientDetails"/>
			<smartField:SmartField placeholder="Region" id="idState" value="{State}" valueState="{ErrorShow>/vState}"
				change="handleChangeNewClientDetails">
					<smartField:configuration>
					<smartField:Configuration preventInitialDataFetchInValueHelpDialog="false"/>
				</smartField:configuration>
			</smartField:SmartField>
			<smartField:SmartField placeholder="Postal Code" id="idZipcode" value="{Zipcode}" valueState="{ErrorShow>/vZipCode}"
				change="handleChangeNewClientDetails"/>
			<smartField:SmartField placeholder="Country" id="idcountry" value="{Country}" valueState="{ErrorShow>/vCountry}"
				change="handleChangeNewClientDetails">
					<smartField:configuration>
					<smartField:Configuration preventInitialDataFetchInValueHelpDialog="false"/>
				</smartField:configuration>
			</smartField:SmartField>
			<smartField:SmartField placeholder="Billing Office" id="idoffice" value="{Boffice}" valueState="{ErrorShow>/vOffice}"
				change="handleChangeNewClientDetails">
					<smartField:configuration>
					<smartField:Configuration preventInitialDataFetchInValueHelpDialog="false"/>
				</smartField:configuration>
			</smartField:SmartField>
			<smartField:SmartField placeholder="E-Mail Address" id="idEmail" value="{Email}" valueState="{ErrorShow>/vEmail}"
				change="handleChangeNewClientDetails"/>
		</l:content>
	</l:Grid>
</core:FragmentDefinition>