<core:FragmentDefinition xmlns="sap.m" xmlns:l="sap.ui.layout" xmlns:core="sap.ui.core" xmlns:smartField="sap.ui.comp.smartfield">
	<Dialog title="New Matter Request" class="sapUiContentPadding" contentWidth="640px" contentHeight="180px" beforeClose="onCloseDialog">
		<content>
			<l:Grid defaultSpan="L2 M6 S6">
				<l:content>
					<VBox class="sapUiSmallMarginTop">
						<core:Icon src="sap-icon://request" size="5rem" color="#072B8A">
							<core:layoutData>
								<FlexItemData growFactor="1"/>
							</core:layoutData>
						</core:Icon>
					</VBox >
					<VBox class="sapUiTinyMarginEnd">
						<HBox justifyContent="SpaceBetween" class="sapUiMediumMarginBottom">
							<Label text="{i18n>LBLEC}" textAlign="Center" design="Bold" width="auto" class="sapUiTinyMargin"/>
							<Switch  state="{worklistView>/state}" customTextOn="Yes" customTextOff="No" change="onSwitchRequest"/>
						</HBox>
						<HBox justifyContent="SpaceBetween" class="sapUiTinyMarginBottom" visible="{worklistView>/selectCliVisible}">
							<Label text="{i18n>LBLSC}"  design="Bold" class="sapUiTinyMargin"/>
							<ComboBox id="CliSelID" items="{NRequestView>/Clients/results}" change="onClientSelction">
								<core:Item key="{NRequestView>Clientk}" text="{NRequestView>Client}"/>
							</ComboBox>
						</HBox>
						<HBox>
							<Label text="{worklistView>/LbLMsgp}" textAlign="Center" width="auto" design="Bold" class="sapUiTinyMarginBegin"/>
						</HBox>
						<layoutData>
							<l:GridData span="L10 M12 S12"/>
						</layoutData>
					</VBox>
				</l:content>
			</l:Grid>
		</content>
		<beginButton>
			<Button text="Submit" press="onSubmitDialog" type="Emphasized" enabled="{worklistView>/submitEnable}"/>
		</beginButton>
		<endButton>
			<Button text="Cancel" press="onCloseDialog" type="Emphasized"/>
		</endButton>
	</Dialog>
</core:FragmentDefinition>