<core:FragmentDefinition xmlns="sap.m" xmlns:l="sap.ui.layout" xmlns:core="sap.ui.core" xmlns:smartField="sap.ui.comp.smartfield">
	<Dialog contentWidth="440px" contentHeight="35rem" showHeader="false" beforeClose="onCloseDialog" class="sapUiSizeCompact sapUiNoContentPadding">
		<content>
			<NavContainer id="navCon" class="sapUiSizeCompact sapUiNoContentPadding">
				<Page id="master" title="Products" showHeader="false">
					<List id="list" headerText="New Matter Request" class="sapUiSizeCompact sapUiNoContentPadding">
						<StandardListItem title="New Client New Matter" type="Navigation" press="onNavToClient" iconDensityAware="false" iconInset="false"/>
						<StandardListItem title="Existing Client New Matter" type="Navigation" press="onNavToExtclient" iconDensityAware="false" iconInset="false"/>
					</List>
				</Page>
				<Page id="detail" showNavButton="true" navButtonPress="onNavBackEclient" title="Existing Client New Matter">
					<core:Fragment fragmentName="cminewrequest.fragments.ClientDetailsNew" type="XML" class="sapUiTinyMarginTop"/>
				</Page>
				<Page id="detail1" showNavButton="true" navButtonPress="onNavBackclient" title="New Client New Matter">
					<core:Fragment fragmentName="cminewrequest.fragments.NMRClientDetailsNew" type="XML" class="sapUiTinyMarginTop"/>
				</Page>
			</NavContainer>
		</content>
		<beginButton>
			<Button text="Submit" press="onSubmitDialog" type="Emphasized" enabled="{worklistView>/submitEnable}"/>
		</beginButton>
		<endButton>
			<Button text="Cancel" press="onCloseDialog" type="Emphasized"/>
		</endButton>
	</Dialog>
</core:FragmentDefinition>