<core:FragmentDefinition xmlns="sap.m" xmlns:mvc="sap.ui.core.mvc" xmlns:ux="sap.uxap" xmlns:l="sap.ui.layout" xmlns:f="sap.ui.layout.form"
	xmlns:core="sap.ui.core" xmlns:smartField="sap.ui.comp.smartfield">
	<l:BlockLayout class="sapUiNoContentPadding" id="idMatterDetails">
		<l:BlockLayoutRow>
			<l:BlockLayoutCell class="sapUiNoContentPadding">
				<f:SimpleForm editable="true" layout="ResponsiveGridLayout" labelSpanXL="4" labelSpanL="6" labelSpanM="4" labelSpanS="4"
					adjustLabelSpan="false" emptySpanXL="0" emptySpanL="2" emptySpanM="2" emptySpanS="2" columnsXL="0" columnsL="0" columnsM="0"
					singleContainerFullSize="true">
					<f:content >
						<!--	<Label text="{i18n>LBLMName}" design="Bold" required="true" textDirection="RTL"></Label>
						<Input value="{NRequestView>/Matters/Mattername}"></Input>-->
						<Label text="{i18n>generalOpenDate}" required="true"/>
						<DatePicker enabled="{worklistView>/editScreen}" change="changeMatterDetails" id="ChgBDDATE1"
							valueStateText="{i18n>detailBDValueStateText3}" valueFormat="yyyy-MM-dd" displayFormat="yyyy-MM-dd"
							value="{ path: 'Zzplfaz', formatter: '.formatter.myDate1'}" placeholder="yyyy-MM-dd"/>
						<Label text="{i18n>generalCloseDate}" required="true"/>
						<DatePicker enabled="{worklistView>/editScreen}" change="changeMatterDetails" id="ChgBDDATE2"
							valueStateText="{i18n>detailBDValueStateText3}" valueFormat="yyyy-MM-dd" displayFormat="yyyy-MM-dd"
							value="{ path: 'Zzplsez', formatter: '.formatter.myDate1'}" placeholder="yyyy-MM-dd"/>
						<smartField:SmartLabel labelFor="idMatterName"/>
						<smartField:SmartField editable="{worklistView>/editScreen}" showValueHelp="false" showSuggestion="false" id="idMatterName"
							value="{Mattername}" valueState="{ShowMatterError>/vMatterMN}" change="changeMatterDetails"/>
						<!--<Label text="{i18n>LBLSArea}" design="Bold" required="true" textDirection="RTL"></Label>-->
						<!--<ComboBox items="{path:'serviceAreaData>/ServiceAreaSet',templateShareable:false}" selectedKey="{NRequestView>/Matters/Serviceareak}" value="{NRequestView>/Matters/Servicearea}">
							<core:Item key="{serviceAreaData>Serviceareak}" text="{serviceAreaData>Servicearea}"/>
						</ComboBox>-->
						<smartField:SmartLabel labelFor="idService"/>
						<smartField:SmartField editable="{worklistView>/editScreen}" id="idService" value="{Servicearea}" valueState="{ShowMatterError>/vMatterSA}"
							change="changeMatterDetails">
							<smartField:configuration>
								<smartField:Configuration preventInitialDataFetchInValueHelpDialog="false"/>
							</smartField:configuration>
						</smartField:SmartField>
						<!--	<Label text="{i18n>LBLMMgmtPartner}" design="Bold" required="true" textDirection="RTL"></Label>
						<ComboBox items="{path:'matterManagementData>/MatterManagementSet',templateShareable:false}" selectedKey="{NRequestView>/Matters/Mmak}"
							value="{NRequestView>/Matters/Mma}">
							<core:Item key="{matterManagementData>Mmak}" text="{matterManagementData>Mma}"/>
						</ComboBox>-->
						<!--		<smartField:SmartLabel labelFor="Matterdesc"/>
						<smartField:SmartField editable="{worklistView>/editScreen}"  id="Matterdesc" value="{Matterlongtext}" change="changeMatterDetails"/>-->
					</f:content>
				</f:SimpleForm>
			</l:BlockLayoutCell>
			<l:BlockLayoutCell class="sapUiNoContentPadding">
				<f:SimpleForm editable="true" layout="ResponsiveGridLayout" labelSpanXL="4" labelSpanL="6" labelSpanM="4" labelSpanS="4"
					adjustLabelSpan="false" emptySpanXL="2" emptySpanL="2" emptySpanM="2" emptySpanS="2" columnsXL="0" columnsL="0" columnsM="0"
					singleContainerFullSize="true">
					<f:content >
						<smartField:SmartLabel labelFor="idMma"/>
						<smartField:SmartField editable="{worklistView>/editScreen}" id="idMma" value="{Mma}" valueState="{ShowMatterError>/vMatterMMA}"
							change="changeMatterDetails">
								<smartField:configuration>
					<smartField:Configuration preventInitialDataFetchInValueHelpDialog="false"/>
				</smartField:configuration>
			</smartField:SmartField>
						<!--	<Label text="{i18n>LBLPGroup}" design="Bold" required="true" textDirection="RTL"></Label>
						<ComboBox items="{path:'practiceGroupData>/PracticeGroupSet',templateShareable:false}" selectedKey="{NRequestView>/Matters/Practicegroupk}"
							value="{NRequestView>/Matters/Practicegroup}">
							<core:Item key="{practiceGroupData>Practicegroupk}" text="{practiceGroupData>Practicegroup}"/>
						</ComboBox>-->
						<!--<smartField:SmartLabel labelFor="idPracticegroup"/>
						<smartField:SmartField editable="{worklistView>/editScreen}"  id="idPracticegroup" value="{Practicegroup}" valueState="{ShowMatterError>/vMatterPG}" change="changeMatterDetails"/>-->
						<!--<Label text="{i18n>LBLMMgtOffice}" design="Bold" required="true" textDirection="RTL"></Label>
						<ComboBox items="{path:'matterMgmtOfficeData>/MatterMgmtOfficeSet',templateShareable:false}" selectedKey="{NRequestView>/Matters/Mmofficek}"
							value="{NRequestView>/Matters/Mmoffice}">
							<core:Item key="{matterMgmtOfficeData>Mmofficek}" text="{matterMgmtOfficeData>Mmoffice}"/>
						</ComboBox>-->
						<smartField:SmartLabel labelFor="idMmoffice"/>
						<smartField:SmartField editable="{worklistView>/editScreen}" id="idMmoffice" value="{Mmoffice}" valueState="{ShowMatterError>/vMatterO}"
							change="changeMatterDetails"/>
						<Label text="{i18n>LBLMDesc}" required="true"></Label>
						<TextArea value="{Matterlongtext}" editable="{worklistView>/editScreen}" change="changeMatterDetails"
							valueState="{ShowMatterError>/vMatterMD}"></TextArea>
						<!--	<Label text="{i18n>LBLEFees}" design="Bold" required="true" textDirection="RTL"></Label>
						<Input value="{NRequestView>/Matters/Estimatedfees}"></Input>-->
						<!--		<smartField:SmartLabel labelFor="idEstimatedfees" />
						<smartField:SmartField editable="{worklistView>/editScreen}"  textAlign="Right" id="idEstimatedfees" value="{path:'Estimatedfees',type: 'sap.ui.model.type.Currency'}" valueState="{ShowMatterError>/vMatterEF}" change="changeMatterCurrDetails"/>-->
						<!--<Label text="{i18n>LBLATPayer}" required="true"></Label>
						<Switch id="idAlterSwitch" state="false" customTextOn="Yes" customTextOff="No" change="onAlterChange"></Switch>-->
					</f:content>
				</f:SimpleForm>
			</l:BlockLayoutCell>
		</l:BlockLayoutRow>
	</l:BlockLayout>
</core:FragmentDefinition>