<core:FragmentDefinition xmlns="sap.m" xmlns:l="sap.ui.layout" xmlns:core="sap.ui.core" xmlns:smartField="sap.ui.comp.smartfield">
	<Dialog title="View Conflicts" class="sapUiSizeCompact sapUiNoContentPadding" contentWidth="99%" contentHeight="65%">
		<content>
			<Table items="{NRequestView>/VAConflicts}">
				<columns>
					<Column ><Label design="Bold" text="Client"/></Column>
					<Column ><Label design="Bold" text="Date"/></Column>
					<Column ><Label design="Bold" text="Matter Name"/></Column>
					<Column ><Label design="Bold" text="Matter Status"/></Column>
					<Column ><Label design="Bold" text="Party Name"/></Column>
					<Column ><Label design="Bold" text="Role"/></Column>
					<Column ><Label design="Bold" text="Designation"/></Column>
					<Column ><Text class="textBold" design="Bold" text="Responsible Partner" /></Column>
				</columns>
				<ColumnListItem id="columnListItemTemplate">
					<cells>
						<Text text="{NRequestView>Client}"/>
						<Text text="{NRequestView>Date}"/>
						<Text text="{NRequestView>Matter}"/>
						<Text text="{NRequestView>Matterstatus}"/>
						<Text text="{NRequestView>Name}"/>
						<Text text="{NRequestView>Role}"/>
						<Text text="{NRequestView>Designation}"/>
						<Text text="{NRequestView>Leadpartner}"/>
					</cells>
				</ColumnListItem>
			</Table>
			
		</content>
		<beginButton>
			<Button text="Submit" visible="false" press="onSubmitView" type="Emphasized"/>
		</beginButton>
		<endButton>
			<Button text="Cancel" press="onClosevConflicts" type="Emphasized"/>
		</endButton>
	</Dialog>
</core:FragmentDefinition>