<edmx:Edmx xmlns:edmx="http://docs.oasis-open.org/odata/ns/edmx" Version="4.0">
	<edmx:Reference xmlns:edmx="http://docs.oasis-open.org/odata/ns/edmx"
		Uri="http://localhost:8484/webidedispatcher/destinations/G4B/sap/opu/odata/sap/ZPRS_CMI_SRV/$metadata">
		<edmx:Include xmlns:edmx="http://docs.oasis-open.org/odata/ns/edmx" Namespace="ZPRS_CMI_SRV"/>
	</edmx:Reference>
	<edmx:Reference Uri="http://docs.oasis-open.org/odata/odata-data-aggregation-ext/v4.0/cs02/vocabularies/Org.OData.Aggregation.V1.xml">
		<edmx:Include Alias="Aggregation" Namespace="Org.OData.Aggregation.V1"/>
	</edmx:Reference>
	<edmx:Reference Uri="http://docs.oasis-open.org/odata/odata/v4.0/errata03/os/complete/vocabularies/Org.OData.Capabilities.V1.xml">
		<edmx:Include Alias="Capabilities" Namespace="Org.OData.Capabilities.V1"/>
	</edmx:Reference>
	<edmx:Reference Uri="https://wiki.scn.sap.com/wiki/download/attachments/448470974/Common.xml?api=v2">
		<edmx:Include Alias="Common" Namespace="com.sap.vocabularies.Common.v1"/>
	</edmx:Reference>
	<edmx:Reference Uri="https://wiki.scn.sap.com/wiki/download/attachments/448470971/Communication.xml?api=v2">
		<edmx:Include Alias="vCard" Namespace="com.sap.vocabularies.Communication.v1"/>
	</edmx:Reference>
	<edmx:Reference Uri="http://docs.oasis-open.org/odata/odata/v4.0/errata03/os/complete/vocabularies/Org.OData.Core.V1.xml">
		<edmx:Include Alias="Core" Namespace="Org.OData.Core.V1"/>
	</edmx:Reference>
	<edmx:Reference Uri="http://docs.oasis-open.org/odata/odata/v4.0/errata03/os/complete/vocabularies/Org.OData.Measures.V1.xml">
		<edmx:Include Alias="CQP" Namespace="Org.OData.Measures.V1"/>
	</edmx:Reference>
	<edmx:Reference Uri="https://wiki.scn.sap.com/wiki/download/attachments/448470968/UI.xml?api=v2">
		<edmx:Include Alias="UI" Namespace="com.sap.vocabularies.UI.v1"/>
	</edmx:Reference>
	<edmx:DataServices>
		<Schema xmlns="http://docs.oasis-open.org/odata/ns/edm">
			<Annotations Target="ZPRS_CMI_SRV.VL_SH_ZPRS_CMI_SH_DEBIA_F"/>
			<Annotations Target="ZPRS_CMI_SRV.VL_SH_ZPRS_CMI_SH_DEBIA_F/ADDR1">
				<Annotation Term="UI.HiddenFilter"/>
			</Annotations>
			<Annotations Target="ZPRS_CMI_SRV.VL_SH_ZPRS_CMI_SH_DEBIA_F/ADDR2">
				<Annotation Term="UI.HiddenFilter"/>
			</Annotations>
			<Annotations Target="ZPRS_CMI_SRV.VL_SH_ZPRS_CMI_SH_DEBIA_F/CLASSIFICATION">
				<Annotation Term="UI.HiddenFilter"/>
			</Annotations>
			<Annotations Target="ZPRS_CMI_SRV.VL_SH_ZPRS_CMI_SH_DEBIA_F/CLASSIFICATIONK">
				<Annotation Term="UI.HiddenFilter"/>
			</Annotations>
			<Annotations Target="ZPRS_CMI_SRV.VL_SH_ZPRS_CMI_SH_DEBIA_F/CITY">
				<Annotation Term="UI.HiddenFilter"/>
			</Annotations>
			<Annotations Target="ZPRS_CMI_SRV.VL_SH_ZPRS_CMI_SH_DEBIA_F/ZIPCODE">
				<Annotation Term="UI.HiddenFilter"/>
			</Annotations>
			<Annotations Target="ZPRS_CMI_SRV.VL_SH_ZPRS_CMI_SH_DEBIA_F/STATEK">
				<Annotation Term="UI.HiddenFilter"/>
			</Annotations>
			<Annotations Target="ZPRS_CMI_SRV.VL_SH_ZPRS_CMI_SH_DEBIA_F/STATE">
				<Annotation Term="UI.HiddenFilter"/>
			</Annotations>
			<Annotations Target="ZPRS_CMI_SRV.VL_SH_ZPRS_CMI_SH_DEBIA_F/EMAIL">
				<Annotation Term="UI.HiddenFilter"/>
			</Annotations>
			<Annotations Target="ZPRS_CMI_SRV.VL_SH_ZPRS_CMI_SH_DEBIA_F/COUNTRY">
				<Annotation Term="UI.HiddenFilter"/>
			</Annotations>
			<Annotations Target="ZPRS_CMI_SRV.VL_SH_ZPRS_CMI_SH_DEBIA_F/COUNTRYK">
				<Annotation Term="UI.HiddenFilter"/>
			</Annotations>
			<Annotations Target="ZPRS_CMI_SRV.VL_SH_ZPRS_CMI_SH_LEADPARTNER_F/CURRENCY">
				<Annotation Term="UI.HiddenFilter"/>
			</Annotations>
			<Annotations Target="ZPRS_CMI_SRV.VL_SH_ZPRS_CMI_SH_LEADPARTNER_F/CURRENCYNAME">
				<Annotation Term="UI.HiddenFilter"/>
			</Annotations>
			<Annotations Target="ZPRS_CMI_SRV.VL_SH_ZPRS_CMI_SH_LEADPARTNER_F/PRACTICEGROUP">
				<Annotation Term="UI.HiddenFilter"/>
			</Annotations>
			<Annotations Target="ZPRS_CMI_SRV.VL_SH_ZPRS_CMI_SH_LEADPARTNER_F/PRACTICEGROUPDESC">
				<Annotation Term="UI.HiddenFilter"/>
			</Annotations>
			<Annotations Target="ZPRS_CMI_SRV.VL_SH_ZPRS_CMI_SH_LEADPARTNER_F/EMAIL">
				<Annotation Term="UI.HiddenFilter"/>
			</Annotations>
			<Annotations Target="ZPRS_CMI_SRV.Cmiclient/Email">
				<Annotation Term="vCard.IsEmailAddress"/>
			</Annotations>
			<Annotations Target="ZPRS_CMI_SRV.Cmimatteroffices"/>
			<Annotations xmlns="http://docs.oasis-open.org/odata/ns/edm" Target="ZPRS_CMI_SRV.Cmimatter/Mma">
				<Annotation Term="com.sap.vocabularies.Common.v1.ValueList">
					<Record>
						<PropertyValue Property="Label" String="Search Help for lead partner"/>
						<PropertyValue Property="CollectionPath" String="VL_SH_ZPRS_CMI_SH_LEADPARTNER_F"/>
						<PropertyValue Property="SearchSupported" Bool="true"/>
						<PropertyValue Property="Parameters">
							<Collection>
								<Record Type="com.sap.vocabularies.Common.v1.ValueListParameterOut">
									<PropertyValue Property="LocalDataProperty" PropertyPath="Mmak"/>
									<PropertyValue Property="ValueListProperty" String="PERNR"/>
								</Record>
								<Record Type="com.sap.vocabularies.Common.v1.ValueListParameterInOut">
									<PropertyValue Property="LocalDataProperty" PropertyPath="Mma"/>
									<PropertyValue Property="ValueListProperty" String="ENAME"/>
								</Record>
								<Record Type="com.sap.vocabularies.Common.v1.ValueListParameterOut">
									<PropertyValue Property="LocalDataProperty" PropertyPath="Mmofficek"/>
									<PropertyValue Property="ValueListProperty" String="WERKS"/>
								</Record>
								<Record Type="com.sap.vocabularies.Common.v1.ValueListParameterInOut">
									<PropertyValue Property="LocalDataProperty" PropertyPath="Mmoffice"/>
									<PropertyValue Property="ValueListProperty" String="WERKSNAME"/>
								</Record>
								<Record Type="com.sap.vocabularies.Common.v1.ValueListParameterOut">
									<PropertyValue Property="LocalDataProperty" PropertyPath="Estimatedfeecurr"/>
									<PropertyValue Property="ValueListProperty" String="CURRENCY"/>
								</Record>
								<Record Type="com.sap.vocabularies.Common.v1.ValueListParameterDisplayOnly">
									<PropertyValue Property="ValueListProperty" String="CURRENCYNAME"/>
								</Record>
								<Record Type="com.sap.vocabularies.Common.v1.ValueListParameterOut">
									<PropertyValue Property="LocalDataProperty" PropertyPath="Practicegroupk"/>
									<PropertyValue Property="ValueListProperty" String="PRACTICEGROUP"/>
								</Record>
								<Record Type="com.sap.vocabularies.Common.v1.ValueListParameterOut">
									<PropertyValue Property="LocalDataProperty" PropertyPath="Practicegroup"/>
									<PropertyValue Property="ValueListProperty" String="PRACTICEGROUPDESC"/>
								</Record>
								<Record Type="Common.ValueListParameterOut">
									<PropertyValue Property="LocalDataProperty" PropertyPath="Email"/>
									<PropertyValue Property="ValueListProperty" String="EMAIL"/>
								</Record>
							</Collection>
						</PropertyValue>
					</Record>
				</Annotation>
			</Annotations>
			<Annotations Target="ZPRS_CMI_SRV.VL_SH_ZPRS_CMI_SH_WORKINGOFFICE_F">
				<Annotation Term="UI.LineItem">
					<Collection>
						<Record Type="UI.DataField">
							<PropertyValue Property="Value" Path="WERKS"/>
							<PropertyValue Property="Label" String="{@i18n&gt;OFFICE_CODE}"/>
							<Annotation Term="UI.Importance" EnumMember="UI.ImportanceType/High"/>
						</Record>
						<Record Type="UI.DataField">
							<PropertyValue Property="Label" String="{@i18n&gt;TblHdrLblOfc}"/>
							<PropertyValue Property="Value" Path="WERKSNAME"/>
							<Annotation Term="UI.Importance" EnumMember="UI.ImportanceType/High"/>
						</Record>
						<!--	<Record Type="UI.DataField">
							<PropertyValue Property="Label" String="{@i18n&gt;COMPANY_CODE}"/>
							<PropertyValue Property="Value" Path="VKORG"/>
							<Annotation Term="UI.Importance" EnumMember="UI.ImportanceType/High"/>
						</Record>-->
					<!--	<Record Type="UI.DataField">
							<PropertyValue Property="Label" String="{@i18n&gt;TAB_WO_HDR_COMPANY}"/>
							<PropertyValue Property="Value" Path="VKORGDESC"/>
							<Annotation Term="UI.Importance" EnumMember="UI.ImportanceType/High"/>
						</Record>-->
						<!--		<Record Type="UI.DataField">
							<PropertyValue Property="Label" String="{@i18n&gt;_COUNTRY_CODE}"/>
							<PropertyValue Property="Value" Path="COUNTRY"/>
							<Annotation Term="UI.Importance" EnumMember="UI.ImportanceType/High"/>
						</Record>-->
						<Record Type="UI.DataField">
							<PropertyValue Property="Label" String="{@i18n&gt;TAB_WO_HDR_COUNTRY}"/>
							<PropertyValue Property="Value" Path="COUNTRYNAME"/>
							<Annotation Term="UI.Importance" EnumMember="UI.ImportanceType/High"/>
						</Record>
					</Collection>
				</Annotation>
				<Annotation Term="UI.SelectionFields">
					<Collection>
						<PropertyPath>WERKSNAME</PropertyPath>
						<PropertyPath>COUNTRYNAME</PropertyPath>
					</Collection>
				</Annotation>
			</Annotations>
			<Annotations Target="ZPRS_CMI_SRV.VL_SH_ZPRS_CMI_SH_WORKINGOFFICE_F/COUNTRYNAME">
				<Annotation Term="Common.Label" String="{@i18n&gt;TAB_WO_HDR_COUNTRY}">
					<Annotation Term="UI.Importance" EnumMember="UI.ImportanceType/High"/>
				</Annotation>
			</Annotations>
			<Annotations Target="ZPRS_CMI_SRV.VL_SH_ZPRS_CMI_SH_WORKINGOFFICE_F/WERKSNAME">
				<Annotation Term="Common.Label" String="{@i18n&gt;TblHdrLblOfc}">
					<Annotation Term="UI.Importance" EnumMember="UI.ImportanceType/High"/>
				</Annotation>
			</Annotations>
			<Annotations Target="ZPRS_CMI_SRV.VL_SH_ZPRS_CMI_SH_WORKINGOFFICE_F/VKORGDESC">
				<Annotation Term="Common.Label" String="{@i18n&gt;TAB_WO_HDR_COMPANY}">
					<Annotation Term="UI.Importance" EnumMember="UI.ImportanceType/High"/>
				</Annotation>
					<Annotation Term="UI.HiddenFilter"/>
			</Annotations>
			<Annotations Target="ZPRS_CMI_SRV.VL_SH_ZPRS_CMI_SH_WORKINGOFFICE_F/COUNTRY">
				<Annotation Term="Common.Label" String="{@i18n&gt;COUNTRY_CODE}">
					<Annotation Term="UI.Importance" EnumMember="UI.ImportanceType/High"/>
				</Annotation>
				<Annotation Term="UI.HiddenFilter"/>
			</Annotations>
			<Annotations Target="ZPRS_CMI_SRV.VL_SH_ZPRS_CMI_SH_WORKINGOFFICE_F/VKORG">
				<Annotation Term="Common.Label" String="{@i18n&gt;COMPANY_CODE}">
					<Annotation Term="UI.Importance" EnumMember="UI.ImportanceType/High"/>
				</Annotation>
				<Annotation Term="UI.HiddenFilter"/>
			</Annotations>
			<Annotations Target="ZPRS_CMI_SRV.VL_SH_ZPRS_CMI_SH_WORKINGOFFICE_F/WERKS">
				<Annotation Term="Common.Label" String="{@i18n&gt;OFFICE_CODE}">
					<Annotation Term="UI.Importance" EnumMember="UI.ImportanceType/High"/>
				</Annotation>
				<Annotation Term="UI.HiddenFilter"/>
			</Annotations>
			<Annotations xmlns="http://docs.oasis-open.org/odata/ns/edm" Target="ZPRS_CMI_SRV.Cmimatterdetails/Zzmattercatdesc">
				<Annotation Term="com.sap.vocabularies.Common.v1.ValueList">
					<Record>
						<PropertyValue Property="Label" String="CMI Search help for mattercategory"/>
						<PropertyValue Property="CollectionPath" String="VL_SH_ZPRS_CMI_SH_MATTERCATEGORY_F"/>
						<PropertyValue Property="SearchSupported" Bool="true"/>
						<PropertyValue Property="Parameters">
							<Collection>
								<Record Type="com.sap.vocabularies.Common.v1.ValueListParameterOut">
									<PropertyValue Property="LocalDataProperty" PropertyPath="Zzmattertypedesc"/>
									<PropertyValue Property="ValueListProperty" String="MATTERTYPEDESC"/>
								</Record>
								<Record Type="com.sap.vocabularies.Common.v1.ValueListParameterInOut">
									<PropertyValue Property="LocalDataProperty" PropertyPath="Zzmattertype"/>
									<PropertyValue Property="ValueListProperty" String="MATTERTYPE"/>
								</Record>
								<Record Type="com.sap.vocabularies.Common.v1.ValueListParameterOut">
									<PropertyValue Property="LocalDataProperty" PropertyPath="Zzmattercatdesc"/>
									<PropertyValue Property="ValueListProperty" String="MATTERCATDESC"/>
								</Record>
								<Record Type="com.sap.vocabularies.Common.v1.ValueListParameterOut">
									<PropertyValue Property="LocalDataProperty" PropertyPath="Zzmattercat"/>
									<PropertyValue Property="ValueListProperty" String="MATTERCAT"/>
								</Record>
							</Collection>
						</PropertyValue>
					</Record>
				</Annotation>
			</Annotations>
			<Annotations Target="ZPRS_CMI_SRV.VL_SH_ZPRS_CMI_SH_MATTERCATEGORY_F">
				<Annotation Term="UI.SelectionFields">
					<Collection>
						<PropertyPath>MATTERCATDESC</PropertyPath>
						<PropertyPath>MATTERTYPEDESC</PropertyPath>
						<PropertyPath>MATTERCAT</PropertyPath>
						<PropertyPath>MATTERTYPE</PropertyPath>
					</Collection>
				</Annotation>
			</Annotations>
			<Annotations xmlns="http://docs.oasis-open.org/odata/ns/edm" Target="ZPRS_CMI_SRV.Cmileadpartner/Firstname">
				<Annotation Term="com.sap.vocabularies.Common.v1.ValueList">
					<Record>
						<PropertyValue Property="Label" String="CMI BP"/>
						<PropertyValue Property="CollectionPath" String="VL_SH_ZPRS_CMI_SH_BP_F"/>
						<PropertyValue Property="Parameters">
							<Collection>
								<Record Type="com.sap.vocabularies.Common.v1.ValueListParameterInOut">
									<PropertyValue Property="LocalDataProperty" PropertyPath="Parvw"/>
									<PropertyValue Property="ValueListProperty" String="PARTNERTYPE"/>
								</Record>
								<Record Type="com.sap.vocabularies.Common.v1.ValueListParameterOut">
									<PropertyValue Property="LocalDataProperty" PropertyPath="Leadpartnerk"/>
									<PropertyValue Property="ValueListProperty" String="ALTERNATEPAYER"/>
								</Record>
								<Record Type="com.sap.vocabularies.Common.v1.ValueListParameterOut">
									<PropertyValue Property="LocalDataProperty" PropertyPath="Firstname"/>
									<PropertyValue Property="ValueListProperty" String="FIRSTNAME"/>
								</Record>
								<Record Type="com.sap.vocabularies.Common.v1.ValueListParameterOut">
									<PropertyValue Property="LocalDataProperty" PropertyPath="Lastname"/>
									<PropertyValue Property="ValueListProperty" String="ALTPAYERNAME"/>
								</Record>
								<Record Type="com.sap.vocabularies.Common.v1.ValueListParameterOut">
									<PropertyValue Property="LocalDataProperty" PropertyPath="Email"/>
									<PropertyValue Property="ValueListProperty" String="EMAIL"/>
								</Record>
							</Collection>
						</PropertyValue>
					</Record>
				</Annotation>
			</Annotations>
			<Annotations xmlns="http://docs.oasis-open.org/odata/ns/edm" Target="ZPRS_CMI_SRV.Cmileadpartner/Office">
				<Annotation Term="com.sap.vocabularies.Common.v1.ValueList">
					<Record>
						<PropertyValue Property="Label" String="Search Help for Office"/>
						<PropertyValue Property="CollectionPath" String="VL_SH_ZPRS_CMI_SH_OFFICE_F"/>
						<PropertyValue Property="SearchSupported" Bool="true"/>
						<PropertyValue Property="Parameters">
							<Collection>
								<Record Type="com.sap.vocabularies.Common.v1.ValueListParameterOut">
									<PropertyValue Property="LocalDataProperty" PropertyPath="Office"/>
									<PropertyValue Property="ValueListProperty" String="WERKSNAME"/>
								</Record>
								<Record Type="com.sap.vocabularies.Common.v1.ValueListParameterOut">
									<PropertyValue Property="LocalDataProperty" PropertyPath="Officek"/>
									<PropertyValue Property="ValueListProperty" String="WERKS"/>
								</Record>
								<Record Type="com.sap.vocabularies.Common.v1.ValueListParameterDisplayOnly">
									<PropertyValue Property="ValueListProperty" String="VKORG"/>
								</Record>
								<Record Type="com.sap.vocabularies.Common.v1.ValueListParameterDisplayOnly">
									<PropertyValue Property="ValueListProperty" String="VKORGDESC"/>
								</Record>
							</Collection>
						</PropertyValue>
					</Record>
				</Annotation>
			</Annotations>
			<Annotations xmlns="http://docs.oasis-open.org/odata/ns/edm" Target="ZPRS_CMI_SRV.Cmimatteroffices/OfficeCode">
				<Annotation Term="com.sap.vocabularies.Common.v1.ValueList">
					<Record>
						<PropertyValue Property="Label" String="Search Help for Office, Company"/>
						<PropertyValue Property="CollectionPath" String="VL_SH_ZPRS_CMI_SH_WORKINGOFFICE_F"/>
						<PropertyValue Property="SearchSupported" Bool="true"/>
						<PropertyValue Property="Parameters">
							<Collection>
								<Record Type="com.sap.vocabularies.Common.v1.ValueListParameterOut">
									<PropertyValue Property="LocalDataProperty" PropertyPath="OfficeCode"/>
									<PropertyValue Property="ValueListProperty" String="WERKS"/>
								</Record>
								<Record Type="com.sap.vocabularies.Common.v1.ValueListParameterOut">
									<PropertyValue Property="LocalDataProperty" PropertyPath="OfficeName"/>
									<PropertyValue Property="ValueListProperty" String="WERKSNAME"/>
								</Record>
						<!--		<Record Type="com.sap.vocabularies.Common.v1.ValueListParameterOut">
									<PropertyValue Property="LocalDataProperty" PropertyPath="CompCode"/>
									<PropertyValue Property="ValueListProperty" String="VKORG"/>
								</Record>-->
						<!--		<Record Type="com.sap.vocabularies.Common.v1.ValueListParameterOut">
									<PropertyValue Property="LocalDataProperty" PropertyPath="CompanyName"/>
									<PropertyValue Property="ValueListProperty" String="VKORGDESC"/>
								</Record>-->
							<!--	<Record Type="com.sap.vocabularies.Common.v1.ValueListParameterOut">
									<PropertyValue Property="LocalDataProperty" PropertyPath="Country"/>
									<PropertyValue Property="ValueListProperty" String="COUNTRY"/>
								</Record>-->
								<Record Type="com.sap.vocabularies.Common.v1.ValueListParameterOut">
									<PropertyValue Property="LocalDataProperty" PropertyPath="CountryName"/>
									<PropertyValue Property="ValueListProperty" String="COUNTRYNAME"/>
								</Record>
							</Collection>
						</PropertyValue>
					</Record>
				</Annotation>
			</Annotations>
			<Annotations Target="ZPRS_CMI_SRV.VL_SH_ZPRS_CMI_SH_OFFICE_F/CURRENCY">
				<Annotation Term="UI.HiddenFilter"/>
			</Annotations>
		</Schema>
	</edmx:DataServices>
</edmx:Edmx>