<edmx:Edmx
    xmlns:edmx="http://schemas.microsoft.com/ado/2007/06/edmx"
    xmlns:m="http://schemas.microsoft.com/ado/2007/08/dataservices/metadata"
    xmlns:sap="http://www.sap.com/Protocols/SAPData" Version="1.0">
    <edmx:DataServices m:DataServiceVersion="2.0">
        <Schema
            xmlns="http://schemas.microsoft.com/ado/2008/09/edm" Namespace="ZPRS_DB_WF02_SRV" xml:lang="en" sap:schema-version="1">
            <EntityType Name="DBList" sap:content-version="1">
                <Key>
                    <PropertyRef Name="Uname"/>
                    <PropertyRef Name="Vbeln"/>
                </Key>
                <Property Name="Uname" Type="Edm.String" Nullable="false" MaxLength="12" sap:label="User Name" sap:creatable="false" sap:updatable="false"/>
                <Property Name="Vbeln" Type="Edm.String" Nullable="false" MaxLength="10" sap:label="Sales Document" sap:creatable="false" sap:updatable="false"/>
                <Property Name="Pspid" Type="Edm.String" Nullable="false" MaxLength="24" sap:label="Project Def." sap:creatable="false" sap:updatable="false"/>
                <Property Name="Post1" Type="Edm.String" Nullable="false" MaxLength="40" sap:label="Matter Desc" sap:creatable="false" sap:updatable="false"/>
                <Property Name="Pspid1" Type="Edm.String" Nullable="false" MaxLength="24" sap:label="Project Def." sap:creatable="false" sap:updatable="false" sap:sortable="false" sap:filterable="false"/>
                <Property Name="Kunnr" Type="Edm.String" Nullable="false" MaxLength="10" sap:label="Client" sap:creatable="false" sap:updatable="false"/>
                <Property Name="Name1" Type="Edm.String" Nullable="false" MaxLength="30" sap:label="Client Name" sap:creatable="false" sap:updatable="false"/>
                <Property Name="Office" Type="Edm.String" Nullable="false" MaxLength="4" sap:label="Office" sap:creatable="false" sap:updatable="false"/>
                <Property Name="Werksname" Type="Edm.String" Nullable="false" MaxLength="30" sap:label="Office Name" sap:creatable="false" sap:updatable="false"/>
                <Property Name="Zzmcurr" Type="Edm.String" Nullable="false" MaxLength="5" sap:label="Matter Currency" sap:creatable="false" sap:updatable="false" sap:semantics="currency-code"/>
                <Property Name="Zzgrpbill" Type="Edm.String" Nullable="false" MaxLength="24" sap:label="Group Billing ID" sap:creatable="false" sap:updatable="false" sap:sortable="false" sap:filterable="false"/>
                <Property Name="Pernr" Type="Edm.String" Nullable="false" MaxLength="8" sap:label="Personnel No." sap:creatable="false" sap:updatable="false"/>
                <Property Name="Bname" Type="Edm.String" Nullable="false" MaxLength="80" sap:label="Full Name" sap:creatable="false" sap:updatable="false"/>
                <Property Name="Cname" Type="Edm.String" Nullable="false" MaxLength="30" sap:label="Name 1" sap:creatable="false" sap:updatable="false"/>
                <Property Name="NetwrSc" Type="Edm.Decimal" Nullable="false" Precision="16" Scale="3" sap:unit="Waers" sap:label="Net Disbursments" sap:creatable="false" sap:updatable="false"/>
                <Property Name="NetwrFee" Type="Edm.Decimal" Nullable="false" Precision="16" Scale="3" sap:unit="Waers" sap:label="Net Fees" sap:creatable="false" sap:updatable="false"/>
                <Property Name="NetwrHc" Type="Edm.Decimal" Nullable="false" Precision="16" Scale="3" sap:unit="Waers" sap:label="Net Disbursments" sap:creatable="false" sap:updatable="false"/>
                <Property Name="Netwr" Type="Edm.Decimal" Nullable="false" Precision="16" Scale="3" sap:unit="Waers" sap:label="Net Value" sap:creatable="false" sap:updatable="false"/>
                <Property Name="Waers" Type="Edm.String" Nullable="false" MaxLength="5" sap:label="Currency" sap:creatable="false" sap:updatable="false" sap:semantics="currency-code"/>
                <Property Name="Comments" Type="Edm.String" Nullable="false" MaxLength="1000" sap:label="Message String" sap:creatable="false" sap:updatable="false"/>
                <Property Name="Newcomments" Type="Edm.String" Nullable="false" MaxLength="1000" sap:label="Message String" sap:creatable="false" sap:updatable="false" sap:sortable="false" sap:filterable="false"/>
                <Property Name="Action" Type="Edm.String" Nullable="false" MaxLength="4" sap:label="Action" sap:creatable="false" sap:updatable="false"/>
                <Property Name="Iserror" Type="Edm.String" Nullable="false" MaxLength="1" sap:label="Char01" sap:creatable="false" sap:updatable="false"/>
                <Property Name="Message" Type="Edm.String" Nullable="false" MaxLength="1000" sap:label="Message String" sap:creatable="false" sap:updatable="false"/>
                <Property Name="Checkoutby" Type="Edm.String" Nullable="false" MaxLength="12" sap:label="User Name" sap:creatable="false" sap:updatable="false"/>
                <Property Name="Checkoutat" Type="Edm.DateTime" Precision="0" sap:label="Time Stamp" sap:creatable="false" sap:updatable="false"/>
                <Property Name="Checkinby" Type="Edm.String" Nullable="false" MaxLength="12" sap:label="User Name" sap:creatable="false" sap:updatable="false"/>
                <Property Name="Checkinat" Type="Edm.DateTime" Precision="0" sap:label="Time Stamp" sap:creatable="false" sap:updatable="false"/>
                <Property Name="Werks" Type="Edm.String" Nullable="false" MaxLength="4" sap:label="Billing Office" sap:creatable="false" sap:updatable="false"/>
                <Property Name="Erdat" Type="Edm.DateTime" Precision="0" sap:label="Created on" sap:creatable="false" sap:updatable="false"/>
                <Property Name="Stext" Type="Edm.String" Nullable="false" MaxLength="50" sap:label="Explanation" sap:creatable="false" sap:updatable="false" sap:sortable="false" sap:filterable="false"/>
            </EntityType>
            <EntityType Name="Checkout" sap:content-version="1">
                <Key>
                    <PropertyRef Name="Vbeln"/>
                    <PropertyRef Name="Action"/>
                    <PropertyRef Name="Comments"/>
                </Key>
                <Property Name="Vbeln" Type="Edm.String" Nullable="false" MaxLength="10" sap:label="Sales Document" sap:creatable="false" sap:updatable="false"/>
                <Property Name="Action" Type="Edm.String" Nullable="false" MaxLength="4" sap:label="Action" sap:creatable="false" sap:updatable="false"/>
                <Property Name="Uname" Type="Edm.String" Nullable="false" MaxLength="12" sap:label="User Name" sap:creatable="false" sap:updatable="false" sap:sortable="false" sap:filterable="false"/>
                <Property Name="Comments" Type="Edm.String" Nullable="false" sap:label="String" sap:creatable="false" sap:updatable="false"/>
                <Property Name="Status" Type="Edm.String" Nullable="false" MaxLength="2" sap:label="Workflow Status - Draft Bill" sap:creatable="false" sap:updatable="false" sap:sortable="false" sap:filterable="false"/>
                <Property Name="Message" Type="Edm.String" Nullable="false" MaxLength="100" sap:label="Character 100" sap:creatable="false" sap:updatable="false" sap:sortable="false" sap:filterable="false"/>
            </EntityType>
            <EntityType Name="Office" sap:content-version="1">
                <Key>
                    <PropertyRef Name="Werks"/>
                </Key>
                <Property Name="Werks" Type="Edm.String" Nullable="false" MaxLength="4" sap:label="Office" sap:creatable="false" sap:updatable="false" sap:sortable="false" sap:filterable="false"/>
                <Property Name="Name1" Type="Edm.String" Nullable="false" MaxLength="30" sap:label="Name 1" sap:creatable="false" sap:updatable="false" sap:sortable="false" sap:filterable="false"/>
            </EntityType>
            <EntityType Name="Matter" sap:content-version="1">
                <Key>
                    <PropertyRef Name="Pspid"/>
                </Key>
                <Property Name="Pspid" Type="Edm.String" Nullable="false" sap:creatable="false" sap:updatable="false" sap:sortable="false" sap:filterable="false"/>
                <Property Name="Post1" Type="Edm.String" Nullable="false" MaxLength="40" sap:creatable="false" sap:updatable="false" sap:sortable="false" sap:filterable="false"/>
            </EntityType>
            <EntityContainer Name="ZPRS_DB_WF02_SRV_Entities" m:IsDefaultEntityContainer="true" sap:supported-formats="atom json xlsx">
                <EntitySet Name="DBListSet" EntityType="ZPRS_DB_WF02_SRV.DBList" sap:creatable="false" sap:updatable="false" sap:deletable="false" sap:pageable="false" sap:content-version="1"/>
                <EntitySet Name="CheckoutSet" EntityType="ZPRS_DB_WF02_SRV.Checkout" sap:creatable="false" sap:updatable="false" sap:deletable="false" sap:pageable="false" sap:content-version="1"/>
                <EntitySet Name="OfficeSet" EntityType="ZPRS_DB_WF02_SRV.Office" sap:creatable="false" sap:updatable="false" sap:deletable="false" sap:pageable="false" sap:content-version="1"/>
                <EntitySet Name="MatterSet" EntityType="ZPRS_DB_WF02_SRV.Matter" sap:creatable="false" sap:updatable="false" sap:deletable="false" sap:pageable="false" sap:addressable="false" sap:content-version="1"/>
            </EntityContainer>
            <atom:link
                xmlns:atom="http://www.w3.org/2005/Atom" rel="self" href="./sap/ZPRS_DB_WF02_SRV/$metadata"/>
                <atom:link
                    xmlns:atom="http://www.w3.org/2005/Atom" rel="latest-version" href="./sap/ZPRS_DB_WF02_SRV/$metadata"/>
                </Schema>
            </edmx:DataServices>
        </edmx:Edmx>