<core:FragmentDefinition xmlns="sap.m" xmlns:l="sap.ui.layout" xmlns:core="sap.ui.core"
	xmlns:app="http://schemas.sap.com/sapui5/extension/sap.ui.core.CustomData/1" xmlns:smartField="sap.ui.comp.smartfield"
	xmlns:smartform="sap.ui.comp.smartform">
	<Dialog beforeClose="beforeCloseAddEditDialog" contentWidth="800px"  showHeader="true" title="{i18n>DIALOG_TITLE_KNOWNPARTY}" class="sapUiSizeCompact sapUiNoContentPadding">
		<content>
			<smartform:SmartForm editable="true" expandable="false" expanded="true" entityType="Cmiknownparty" id="cmiamendmentnew.knownParty.form_"
				flexEnabled="false">
				<smartform:customData>
					<core:CustomData key="dateFormatSettings" value='\{"UTC":true,"style":"short"\}'/>
				</smartform:customData>
				<smartform:Group id="cmiamendmentnew.knownParty.form_1" editable="true">
					<smartform:GroupElement id="cmiamendmentnew.knownParty.name" label="{i18n>KNOWNPARTIES_SMARTFIELD_LBL_NAME}">
						<smartField:SmartField editable="true" showLabel="true" value="{Name}"></smartField:SmartField>
					</smartform:GroupElement>
					<smartform:GroupElement id="cmiamendmentnew.knownParty.classification" label="{i18n>KNOWNPARTIES_SMARTFIELD_LBL_CLASSIFICATION}">
						<smartField:SmartField showLabel="true" value="{Classification}">
								<smartField:configuration>
										<smartField:Configuration preventInitialDataFetchInValueHelpDialog="false"/>
									</smartField:configuration>
						</smartField:SmartField>
					</smartform:GroupElement>
						<smartform:GroupElement id="cmiamendmentnew.knownParty.role" label="{i18n>KNOWNPARTIES_SMARTFIELD_LBL_ROLE}">
						<smartField:SmartField showLabel="true" value="{Role}">
								<smartField:configuration>
										<smartField:Configuration preventInitialDataFetchInValueHelpDialog="false"/>
									</smartField:configuration>
						</smartField:SmartField>
					</smartform:GroupElement>
				</smartform:Group>
				<smartform:Group id="cmiamendmentnew.knownParty.form_2" editable="true">
					<smartform:GroupElement id="cmiamendmentnew.knownParty.designation" label="{i18n>KNOWNPARTIES_SMARTFIELD_LBL_DESIGNATION}">
						<smartField:SmartField showLabel="true" value="{Designation}">
								<smartField:configuration>
										<smartField:Configuration preventInitialDataFetchInValueHelpDialog="false"/>
									</smartField:configuration>
						</smartField:SmartField>
					</smartform:GroupElement>
					<smartform:GroupElement id="cmiamendmentnew.knownParty.notes" label="{i18n>KNOWNPARTIES_SMARTFIELD_LBL_NOTES}">
						<smartField:SmartField showLabel="true" value="{Comments}"></smartField:SmartField>
					</smartform:GroupElement>
				</smartform:Group>
			</smartform:SmartForm>
		</content>
			<beginButton>
			<Button text="{i18n>KNOWNPARTIES_BUTTON_TXT_SUBMIT}" app:btnType="SUB" press="onPressSubmitKnownparty" type="Emphasized" visible="{generalSettings>/bClientSubmitButton}"/>
		</beginButton>
		<endButton>
			<Button text="{i18n>KNOWNPARTIES_BUTTON_TXT_CANCEL}" app:btnType="CNL" press="closeKnownparty" type="Emphasized"/>
		</endButton>
	</Dialog>
</core:FragmentDefinition>