<core:FragmentDefinition xmlns="sap.m" xmlns:mvc="sap.ui.core.mvc" xmlns:ux="sap.uxap" xmlns:layout="sap.ui.layout" xmlns:u="sap.ui.unified"
	xmlns:f="sap.ui.layout.form" xmlns:core="sap.ui.core" xmlns:app="http://schemas.sap.com/sapui5/extension/sap.ui.core.CustomData/1">
	<VBox class="sapUiNoContentPadding sapUiNoMargin">
		<Table id="idKnownParty" items="{Knownparties}" mode="{=${generalSettings>/Edit} === '' ? 'None': 'Delete'}" delete="onPressDeleteConfirm">
			<headerToolbar>
				<Toolbar>
					<ToolbarSpacer/>
					<Button  visible="{path:'generalSettings>/Edit',formatter:'.formatter.editRequestScreen'}" app:Action="add" icon="sap-icon://add-activity" text="{i18n>KNOWNPARTIES_BUTTON_TXT_ADDPARTY}" type="Accept"
						press="onpressaddKnownparty"/>
					<Button type="Emphasized" visible="{= ${Searchid} === '' ? false: true}" icon="sap-icon://bell"
						text="{i18n>TBLHTviewConflicts}" press="onPressConflictSearch" app:Action="searchConflicts"/>
					<u:FileUploader visible="{path:'generalSettings>/Edit',formatter:'.formatter.editRequestScreen'}" id="fileUploader" icon="sap-icon://attachment" name="myFileUpload" uploadUrl="upload/"
						tooltip="Upload Import Parties" buttonOnly="true" buttonText="{i18n>TBLHTImportPartyes}" change="handleUpload" style="Emphasized"/>
				</Toolbar>
			</headerToolbar>
			<columns>
				<Column>
					<Label text="{i18n>TBLCTName}" design="Bold" required="true"/>
				</Column>
				<Column>
					<Label text="{i18n>TBLCTClassification}" design="Bold" required="true"/>
				</Column>
				<Column>
					<Label text="{i18n>TBLCTRole}" design="Bold" required="true"/>
				</Column>
				<Column>
					<Label text="{i18n>TBLCTDesgnation}" design="Bold" required="true"/>
				</Column>
				<Column>
					<Label text="{i18n>TBLCTConflicts}" design="Bold"/>
				</Column>
				<Column>
					<Label text="{i18n>TBLCTNotes}" design="Bold"/>
				</Column>
				<Column>
					<Label text="{i18n>Documents}" design="Bold"/>
				</Column>
			</columns>
			<items>
				<ColumnListItem type="{=${generalSettings>/Edit} === '' ? 'Inactive' : 'DetailAndActive'}" detailPress="onKnownpartyEdit">
					<cells>
						<Text text="{Name}"/>
						<Text text="{Classification}"/>
						<Text text="{Role}"/>
						<Text text="{Designation}"/>
						<Button press="onPressConflictSearch" visible="{=${Hasconflict} ? true:false}" app:Action="kpConflicts"  icon="sap-icon://bell" type="Reject" tooltip="conflicts"/>
						<!--<Button press="onPressConflictSearch" app:Action="kpConflicts"  icon="sap-icon://bell" type="Reject" tooltip="conflicts"/>-->
						<Text text="{Comments}"/>
						<Button press="onKnownPartyDocuments" app:Action="documents" icon="sap-icon://attachment" type="{=${Hasdocument} ? 'Emphasized':'Default'}" tooltip="documents"/>
					</cells>
				</ColumnListItem>
			</items>
		</Table>
	</VBox>
</core:FragmentDefinition>