<core:FragmentDefinition xmlns="sap.m" xmlns:core="sap.ui.core">
	<TableSelectDialog noDataText="No Bank Account Found" id="cmbBankAcc" title="Select Bank Account" search="_handleValueHelpSearch"
		confirm="_handleValueHelpClose" cancel="handleClose" items="{ path: 'jsonViewMod>/bankAccNum',templateShareable: 'true'}">
		<ColumnListItem>
			<cells>
				<ObjectIdentifier title="{jsonViewMod>TBankAccNo}"/>
				<Text text="{jsonViewMod>AccDesc}"/>
				<Text text="{jsonViewMod>Currency}"/>
					<Text text="{jsonViewMod>Hkont}"/>
				<Text text="{jsonViewMod>Hbkid}"/>
				<Text text="{jsonViewMod>Hktid}"/>
			
				
			</cells>
		</ColumnListItem>
		<columns>
			<Column width="15%">
				<header>
					<Text text="Bank Account"/>
				</header>
			</Column >
				<Column minScreenWidth="Tablet" demandPopin="true" width="22%">
				<header>
					<Text text="Description"/>
				</header>
			</Column>
				<Column minScreenWidth="Tablet" demandPopin="true" width="15%">
				<header>
					<Text text="Currency"/>
				</header>
			</Column>
				<Column minScreenWidth="Tablet" demandPopin="true" width="15%">
				<header>
					<Text text="G/L"/>
				</header>
			</Column>
			<Column minScreenWidth="Tablet" demandPopin="true"  width="10%">
				<header>
					<Text text="House Bank"/>
				</header>
			</Column>
			<Column minScreenWidth="Tablet" demandPopin="true" width="15%">
				<header>
					<Text text="Account ID"/>
				</header>
			</Column>
		
		
		</columns>
	</TableSelectDialog>
</core:FragmentDefinition>