<core:FragmentDefinition xmlns="sap.m" xmlns:l="sap.ui.layout" xmlns:core="sap.ui.core" xmlns:f="sap.ui.layout.form"
	xmlns:smartForm="sap.ui.comp.smartform" class="sapUiSizeCompact">
	<Page title="{i18n>documentTitle}">
		<content>
			<core:ComponentContainer id="idDispContainer"/>
		</content>
		<footer id="footid">
			<Toolbar>
				<ToolbarSpacer/>
				<Button text="{i18n>BTnDoctext}" icon="sap-icon://create-form" press="handleOnNewDoc"/>
			</Toolbar>
		</footer>
	</Page>
</core:FragmentDefinition>