<core:FragmentDefinition xmlns="sap.m" xmlns:l="sap.ui.layout" xmlns:core="sap.ui.core" xmlns:f="sap.ui.layout.form"
	xmlns:smartForm="sap.ui.comp.smartform" xmlns:smartField="sap.ui.comp.smartfield" class="sapUiSizeCompact">
	<Page showHeader="false"> 
		<content>
			<l:BlockLayout class="sapUiNoContentPadding">
				<l:BlockLayoutRow>
					<l:BlockLayoutCell class="sapUiNoContentPadding">
						<f:SimpleForm minWidth="1024" editable="true" layout="ResponsiveGridLayout" labelSpanL="4" labelSpanM="4" emptySpanL="1" emptySpanM="1"
							columnsL="1" columnsM="1" title="{i18n>formTitel}" class="editableForm">
							<f:content>
								<Label text="{i18n>lblOffice}" required="true" design="Bold"/>
								<smartField:SmartField value="{OfficeT}" id="idOffice" change="onChangeOffice" valueListChanged="onUpdateOfficeValue"/>
								<Label text="{i18n>lblPostinDate}" required="true" design="Bold"/>
								<!--	<smartField:SmartField value="{PostDate}" id="idPostDate" change="handleChange"/>-->
								<DatePicker  dateValue="{PostDate}" id="idPostDate" displayFormat="short"
									change="handleDate" width="40%"/>
								<Label text="{i18n>lblBankAccNumber}" required="true" design="Bold"/>
								<Input id="idbankAccNumInput" type="Text" textFormatMode="KeyValue" placeholder="Enter Bank Account Number" showSuggestion="true"
									showValueHelp="true" valueHelpRequest="handleValueHelp" value="{jsonViewMod>/bAccNum}" suggestionItems="{jsonViewMod>/bankAccNum}"
									enabled="{= ${jsonViewMod>/bankAccNum}.length >0}" suggestionItemSelected="suggestionItemSelected" change="onChangeAccNumber">
									<suggestionItems>
										<core:ListItem key="{jsonViewMod>TBankAccNo}" text="{jsonViewMod>TBankAccNo}"/>
									</suggestionItems>
									<layoutData>
										<l:GridData span="XL1 L4 M4 S4"/>
									</layoutData>
								</Input>
								<Label text="{i18n>lblBankDescription}" required="true" design="Bold"/>
								<Input value="{jsonViewMod>/bankDescription}" enabled="false"></Input>
								<Label text="{i18n>lblTypeofPayment}" required="true" design="Bold"/>
								<smartField:SmartField value="{PayType}" id="idPayType" change="onChangePayType" width="80%"/>
								<Label text="{i18n>lblPaymentMethod}" required="true" design="Bold"/>
								<smartField:SmartField value="{PayMethod}" id="idPayMethod" change="onPayMethod" width="80%"/>
								<!--		<Label text="Matter"/>
						<smartField:SmartField value="{Matter}" id="idMatter" change="onPayMethod"/>-->
							</f:content>
						</f:SimpleForm>
					</l:BlockLayoutCell>
					<l:BlockLayoutCell class="sapUiNoContentPadding">
						<f:SimpleForm minWidth="1024" maxContainerCols="1" editable="true" layout="ResponsiveGridLayout" labelSpanL="4" labelSpanM="5"
							emptySpanL="1" emptySpanM="1" columnsL="1" columnsM="1" title=" " class="editableForm">
							<f:content>
								<Label text="{i18n>lblPayerName}" design="Bold" required="{jsonViewMod>/PayerNameReq}"/>
								<Input value="{PayerName}" enabled="{jsonViewMod>/PayerName}" id="idPayerName" change="handleChange"></Input>
								<Label text="{i18n>lblVendor}" required="{jsonViewMod>/venderReq}" design="Bold"/>
								<smartField:SmartField value="{Vender}" id="idVender" enabled="{jsonViewMod>/Vender}" change="handleChange"/>
								<!--	<smartField:SmartField value="{Vender}" id="idVender" editable="{jsonViewMod>/Vender}"/>-->
								<!--	<Input value="{Vender}" enabled="{jsonViewMod>/Vender}" id="idVender" change="handleChange"></Input>-->
								<Label text="{i18n>lblAmount}" required="true" design="Bold"/>
								<!--	<Input value="{jsonViewMod>/totalAmount}" id="idAmount" enabled="false">
							<layoutData>
								<l:GridData span="XL1 L3 M3 S4"/>
							</layoutData>
						</Input>-->
								<Input id="idAmt"
									value="{parts: [ {path: 'jsonViewMod>/totalAmount'}, {path: 'jsonViewMod>/currency'} ], formatter: '.formatter.currencyFormatter'}"
									editable="false" textAlign="Right">
									<layoutData>
										<l:GridData span="XL1 L3 M3 S4"/>
									</layoutData>
								</Input>
								<Text text="{jsonViewMod>/currency}"/>
								<!--	<Label text="{i18n>lblCurrency}" required="true" design="Bold"/>
						<Input value="{jsonViewMod>/currency}" id="idCurrency" enabled="false" change="handleChange"/>-->
								<Label text="{i18n>lblAuthorisedBy}" required="true" design="Bold"/>
								<smartField:SmartField value="{AuthorisedByT}" id="idAuthorisedBy" change="handleChange" valueListChanged="onAuthorisedByChanged"/>
								<Label text="{i18n>lblBranchCode}" design="Bold" required="{jsonViewMod>/BankCodeReq}"/>
								<Input value="{BranchCode}" enabled="{jsonViewMod>/BankCode}" id="idBranchCode" change="handleChange"></Input>
								<!--	<smartField:SmartField value="{BranchCode}" id="idBranchCode"/>-->
								<Label text="{i18n>lblReferenceNumber}" design="Bold" required="{jsonViewMod>/ReferenceNumberReq}"/>
								<Input value="{RefDocNo}" enabled="{jsonViewMod>/ReferenceNumber}" id="idRefDocNo" change="handleChange"></Input>
								<!--<smartField:SmartField value="{RefDocNo}" id="idRefDocNo"/>-->
							</f:content>
						</f:SimpleForm>
					</l:BlockLayoutCell>
				</l:BlockLayoutRow>
				<l:BlockLayoutRow visible="{jsonViewMod>/AddressForm}">
					<l:BlockLayoutCell class="sapUiNoContentPadding ">
						<f:SimpleForm minWidth="1024" editable="true" layout="ResponsiveGridLayout" labelSpanL="3" labelSpanM="3" emptySpanL="4" emptySpanM="4"
							columnsL="1" columnsM="1" title="Address" class="editableForm">
							<f:content>
								<Label text="{i18n>lblStreet}" required="true" design="Bold"/>
								<Input value="{Street}" change="handleChange" id="idStreet"></Input>
								<Label text="{i18n>lblPOBox}"  design="Bold"/>
								<Input value="{PoBox}" change="handleChange" maxLength="10" id="idPoBox"></Input>
								<Label text="{i18n>lblCity}" required="true" design="Bold"/>
								<Input value="{City}" change="handleChange" id="idCity"></Input>
							</f:content>
						</f:SimpleForm>
					</l:BlockLayoutCell>
					<l:BlockLayoutCell class="sapUiNoContentPadding">
						<f:SimpleForm minWidth="1024" maxContainerCols="1" editable="true" layout="ResponsiveGridLayout" labelSpanL="3" labelSpanM="3"
							emptySpanL="4" emptySpanM="4" columnsL="1" columnsM="1" title=" " class="editableForm">
							<f:content>
								<Label text="{i18n>lblCountry}" required="true" design="Bold"/>
								<smartField:SmartField value="{Country}" id="idCountry" change="handleChange"/>
								<Label text="{i18n>lblPOBoxPCode}"  design="Bold"/>
								<Input value="{PoBoxCode}" change="handleChange" id="idPoBoxCode"></Input>
								<Label text="{i18n>lblPostalCode}" required="true" design="Bold"/>
								<Input value="{PostalCode}" change="handleChange" id="idPostalCode"></Input>
								<!--	<Label text="Region"/>
						<Input value="" change="handleChange"></Input>-->
							</f:content>
						</f:SimpleForm>
					</l:BlockLayoutCell>
				</l:BlockLayoutRow>
			</l:BlockLayout>
			<Table id="tblPaymentMM" mode="Delete" delete="handleDeleteMatter" noDataText="Add Matter">
				<headerToolbar>
					<Toolbar height="1.85rem">
						<ToolbarSpacer/>
						<Button text="Add" type="Emphasized" enabled="{jsonViewMod>/addBtn}" press="onAddRowItemMatter"/>
					</Toolbar>
				</headerToolbar>
				<columns>
					<Column >
						<Label text="{i18n>lblMatter}" design="Bold"/>
					</Column>
					<Column>
						<Text text="{i18n>lblMatterDescription}" class="tblHeadingCss"/>
					</Column>
					<Column>
						<Label text="{i18n>lblMatterAmount}" design="Bold"/>
					</Column>
					<Column >
						<Text text="{i18n>lblReasonforPayment}" class="tblHeadingCss"/>
					</Column>
					<Column >
						<Text text="{i18n>lblAvailableMatter}" class="tblHeadingCss"/>
					</Column>
					<Column >
						<Text text="{i18n>lblTotalMatter}" class="tblHeadingCss"/>
					</Column>
					<Column>
						<Label text="Currency" design="Bold"/>
					</Column>
					<Column >
						<Label text="{i18n>lblClientNumber}" design="Bold"/>
					</Column>
					<Column>
						<Label text="{i18n>lblClientName}" design="Bold"/>
					</Column>
				</columns>
				<!--	<items>
			<ColumnListItem >
				<cells>
				
					<smartField:SmartField value="{Matter}" change="onChangeMatterTblRow" enabled="{jsonViewMod>/MatterTbl}"/>
					<Input value="{Amt}" type="Number" liveChange="handleTotalAmount" enabled="{jsonViewMod>/AmtTbl}" ></Input>
					<TextArea maxLength="100" width="100%" value="{ResonPay}"></TextArea>
					<Text text="{AvilMattBal}"/>
					<Text text="{TotMattBal}"/>
					<Text text="{MatterTxt}"/>
					<Text text="{Client}"/>
					<Text text="{ClientT}"/>
				</cells>
			</ColumnListItem>
		</items>-->
			</Table>
		</content>
		<footer id="footid">
			<Toolbar>
				<ToolbarSpacer/>
				<Button text="{i18n>BTnSave}" id="btnPaymentMatter" enabled="{= ${jsonViewMod>/bankAccNum}.length >0}" type="Accept" press="onPressSave"/>
				<!--	<Button text="Cancel" type="Emphasized"/>-->
			</Toolbar>
		</footer>
	</Page>
</core:FragmentDefinition>