<core:FragmentDefinition xmlns="sap.m" xmlns:l="sap.ui.layout" xmlns:smartField="sap.ui.comp.smartfield" xmlns:f="sap.ui.layout.form"
	xmlns:core="sap.ui.core">
	<l:Grid defaultSpan="L12 M12 S12" width="auto">
		<l:content>
			<f:SimpleForm id="FormChange354BD" visible="true" minWidth="1024" maxContainerCols="2" editable="true" layout="ResponsiveGridLayout"
				labelSpanL="5" labelSpanM="5" emptySpanL="0" emptySpanM="0" columnsL="2" columnsM="2" class="editableForm">
				<f:content>
					<core:Title text=""/>
					<Label text="{i18n>detailBDLabelText2}"/>
					<smartField:SmartField change="changeInMatterDetails" value="{Zztaxdesc}" editable="{AmendmentViewMod>/isEditable}"/>
					<Label text="{i18n>detailBDLabelText3}"/>
					<smartField:SmartField change="changeInMatterDetails" value="{Txjcddesc}" editable="{AmendmentViewMod>/isEditable}"/>
					<Label text="{i18n>detailBDLabelText5}" required="true"/>
					<smartField:SmartField change="changeInMatterDetailsDD" value="{Zzbillfreqdesc}" editable="{AmendmentViewMod>/isEditable}">
								<smartField:configuration>
					<smartField:Configuration controlType="dropDownList" displayBehaviour="idOnly"/>
				</smartField:configuration>
			</smartField:SmartField>
					<Label text="{i18n>detailBDLabelText6}"/>
					<smartField:SmartField change="changeInMatterDetailsDD" value="{Zzbillmthddesc}" editable="{AmendmentViewMod>/isEditable}">
								<smartField:configuration>
					<smartField:Configuration controlType="dropDownList" displayBehaviour="idOnly"/>
				</smartField:configuration>
			</smartField:SmartField>
					<Label text="{i18n>detailBDLabelText7}" required="true"/>
					<smartField:SmartField change="changeInMatterDetails" value="{Zzmcurrdesc}" editable="{AmendmentViewMod>/isEditable}">
							<smartField:configuration>
      <smartField:Configuration preventInitialDataFetchInValueHelpDialog="false"/>
     </smartField:configuration>
					</smartField:SmartField>
					<core:Title text=""/>
					<Label text="{i18n>detailBDLabelText9}" tooltip="{i18n>detailBDLabelText9}"/>
					<smartField:SmartField change="changeInMatterDetails" value="{Zzfftcsetdesc}" editable="{AmendmentViewMod>/isEditable}"/>
					<Label text="{i18n>detailBDLabelText10}"/>
					<smartField:SmartField change="changeInMatterDetails" value="{Zztaskcodesetdesc}" editable="{AmendmentViewMod>/isEditable}"/>
					<!--<DatePicker change="changeInMatterDetails" id="ChgBDTCSVF" valueStateText="{i18n>detailBDValueStateText3}"  change="changeInMatterDetails"-->
					<!--	displayFormat="short"  value="{ path: 'ZztcsetValidfrom', formatter: '.formatter.myDate1' }"  editable="{AmendmentViewMod>/isEditable}"/>-->
					<smartField:SmartField value="{ZztcsetValidfrom}" id="ChgBDTCSVF" editable="{AmendmentViewMod>/isEditable}" change="ondatechange">
						<smartField:configuration>
							<smartField:Configuration controlType="datePicker"/>
						</smartField:configuration>
					</smartField:SmartField>
					<Label text="{i18n>detailBDLabelText12}"/>
					<smartField:SmartField change="changeInMatterDetails" value="{Zzactcodesetdesc}" editable="{AmendmentViewMod>/isEditable}"/>
					<smartField:SmartField value="{ZzacsetValidfrom}" id="ChgBDACSVF" editable="{AmendmentViewMod>/isEditable}" change="ondatechange">
						<smartField:configuration>
							<smartField:Configuration controlType="datePicker"/>
						</smartField:configuration>
					</smartField:SmartField>
					<!--<DatePicker change="changeInMatterDetails" id="ChgBDACSVF" valueStateText="{i18n>detailBDValueStateText3}" valueFormat="yyyy-MM-dd" change="changeInMatterDetails"-->
					<!--	displayFormat="short"  value="{ path: 'ZzacsetValidfrom', formatter: '.formatter.myDate1' }" placeholder="Valid From" editable="{AmendmentViewMod>/isEditable}"/>-->
					<Label text="{i18n>detailBDLabelText8}"/>
					<smartField:SmartField change="changeInMatterDetails" value="{Zzexpcodesetdesc}" editable="{AmendmentViewMod>/isEditable}"/>
					<Label text="{i18n>detailBDLabelText15}"/>
					<smartField:SmartField change="changeInMatterDetails" value="{Zzcapctrldesc}" editable="{AmendmentViewMod>/isEditable}"/>
					<Label text="{i18n>detailBDLabelText13}"/>
					<Input id="ChgBDMCA" value="{Zzcap}"  textAlign="Right" liveChange="changeMatterInCurrDetails" editable="{AmendmentViewMod>/isEditable}"/>
				</f:content>
			</f:SimpleForm>
		</l:content>
	</l:Grid>
</core:FragmentDefinition>