<core:FragmentDefinition xmlns:core="sap.ui.core" xmlns:f="sap.ui.layout.form" xmlns:smartField="sap.ui.comp.smartfield"
	xmlns:l="sap.ui.layout" xmlns="sap.m">
	<l:Grid defaultSpan="L12 M12 S12" width="auto" hSpacing="0" vSpacing="0">
		<l:content>
			<HBox justifyContent="SpaceBetween" class="sapUiTinyMarginTop">
				<HBox>
					<!--<Label text="Dunning Block:" class="sapUiTinyMarginTop sapUiSmallMarginBegin sapUiTinyMarginEnd"/>-->
					<!--<smartField:SmartField change="changeInMatterDetailsDD" value="{Zzmanspdesc}">-->
					<!--	<smartField:configuration>-->
					<!--		<smartField:Configuration controlType="dropDownList" displayBehaviour="idAndDescription"/>-->
					<!--	</smartField:configuration>-->
					<!--</smartField:SmartField>-->
				</HBox>
				<HBox>
					<Label text="Authorization for Collections:" class="sapUiTinyMarginTop sapUiTinyMarginBeginEnd"/>
					<Switch customTextOff="No" change="handleSwitchChange" customTextOn="Yes" id="ChgBFAC"
						state="{ path:'Zzcolco', formatter:'.formatter.myBooleanV' }"/>
				</HBox>
			</HBox>
			<Table id="FormChange354BF1" mode="{path:'AmendmentViewMod>/isEditable',formatter:'.formatter.showButton'}" delete="handleDeletePayer" >
				<headerToolbar>
					<Toolbar>
						<Title text="Multi Payer"/>
						<ToolbarSpacer/>
						<!--<Button icon="sap-icon://add" press="addAltPayer" enabled="{AmendmentViewMod>/isEditable}" tooltip="{i18n>detailBFLabelTooltip1}" type="Accept"/>-->
						<Button text="Add New Payer" press="addNewAltPayer" enabled="{AmendmentViewMod>/isEditable}" type="Accept" visible="false"/>
					</Toolbar>
				</headerToolbar>
			<columns>
					<Column width="14%">
						<Label text="{i18n>PartnerType}" design="Bold"/>
					</Column>
					<Column width="24%" hAlign="Center">
						<Label text="{i18n>detailBFLabelText6p}" required="true" design="Bold"/>
					</Column>
					<!--<Column>-->
					<!--	<Label text="{i18n>detailBFLabelText7}"/>-->
					<!--</Column>-->
					<Column>
						<Label text="{i18n>Address}"/>
					</Column>
					<Column>
						<Label text="{i18n>detailBFLabelText8}"  required="true" design="Bold"/>
					</Column>
					<Column hAlign="Right" width="5rem">
						<Label text=" "/>
					</Column>
					<Column hAlign="Left" width="7rem">
						<Label text=" "/>
					</Column>
				</columns>
			</Table>
		</l:content>
	</l:Grid>
</core:FragmentDefinition>