<core:FragmentDefinition xmlns="sap.m" xmlns:core="sap.ui.core">
	<Table id="FormChange354BP" mode="{path:'AmendmentViewMod>/isEditable',formatter:'.formatter.showButton'}" delete="handleDeleteBP">
		<!--<headerToolbar>-->
		<!--	<Toolbar>-->
		<!--		<ToolbarSpacer/>-->
		<!--<Button icon="sap-icon://add" press="onAddMatterBP" type="Accept" enabled="{AmendmentViewMod>/isEditable}" />-->
		<!--		<Button text="Add New BP" press="addNewBP" type="Accept" enabled="{AmendmentViewMod>/isEditable}"/>-->
		<!--	</Toolbar>-->
		<!--</headerToolbar>-->
		<columns>
			<Column>
				<Label text="{i18n>detailBPLabelText1}" required="true"/>
			</Column>
			<Column>
				<Label text="{i18n>LblOffice}" required="true"/>
			</Column>
			<Column>
				<Label text="{i18n>LblTerms}"/>
			</Column>
			<Column>
				<Label text="{i18n>detailBPPartner}" required="true"/>
			</Column>
			<Column visible="false">
				<Label text="{i18n>detailBPLabelText3}"/>
			</Column>
			<Column visible="false">
				<Label text="{i18n>detailBPLabelText4}"/>
			</Column>
			<Column visible="false">
				<Label text="{i18n>detailBPLabelText5}"/>
			</Column>
			<Column>
				<Label text="{i18n>allocPert}" required="true"/>
			</Column>
			<Column hAlign="Right" width="7rem">
				<Label text=" "/>
			</Column>
		</columns>
	</Table>
</core:FragmentDefinition>