<core:FragmentDefinition xmlns="sap.m" xmlns:l="sap.ui.layout" xmlns:f="sap.ui.layout.form" xmlns:core="sap.ui.core" xmlns:smartform="sap.ui.comp.smartform"  xmlns:smartField="sap.ui.comp.smartfield" >
		<smartform:SmartForm editable="{AmendmentViewMod>/isEditable}" expandable="false" expanded="true" entityType="Cmimatterdetails" id="cminewrequest.CmimatterClientData">
		<smartform:Group id="section_header_ClientData1">
			<smartform:GroupElement id="CDSubEntityInput_">
				<smartField:SmartField showValueHelp="false" showSuggestion="false" id="CDBSubEntity" value="{Zzclntsubentydesc}"
					change="changeInMatterDetails" textLabel="{i18n>detailCDLabelText2}"/>
			</smartform:GroupElement>
			
			<smartform:GroupElement id="CDBusinessunitInput_">
				<smartField:SmartField showValueHelp="false" showSuggestion="false" id="CDBUnit" value="{Zzclntbusareadesc}"
					change="changeInMatterDetails" textLabel="{i18n>detailCDLabelText1}"/>
			</smartform:GroupElement>
			
			<smartform:GroupElement id="CDAreaoflawInput_">
				<smartField:SmartField showValueHelp="false" showSuggestion="false" id="CDAreaoflaw" value="{Zzclntaoldesc}"
					change="changeInMatterDetails" textLabel="{i18n>detailCDLabelText3}"/>
			</smartform:GroupElement>
			
			<smartform:GroupElement id="CDServCategoryInput_">
				<smartField:SmartField showValueHelp="false" showSuggestion="false" id="CDServCategory" value="{Zzclntsrvcatdesc}"
					change="changeInMatterDetails" textLabel="{i18n>detailCDLabelText4}"/>
			</smartform:GroupElement>
				<smartform:GroupElement id="CDReferredTypeInput_">
				<smartField:SmartField showValueHelp="false" showSuggestion="false" id="CDReferredType" value="{Zziprefrtypecddesc}"
					change="changeInMatterDetails" textLabel="{i18n>detailIDLabelText5}"/>
			</smartform:GroupElement>
			</smartform:Group>
			<smartform:Group id="section_header_ClientData2">
			<smartform:GroupElement id="CDPONoInput_">
				<smartField:SmartField showValueHelp="false" showSuggestion="false" id="CDPONo" value="{Zzipponumdesc}"
					change="changeInMatterDetails" textLabel="{i18n>detailIDLabelText6}"/>
			</smartform:GroupElement>
			
			<smartform:GroupElement id="CDCourtNumInput_">
				<smartField:SmartField showValueHelp="false" showSuggestion="false" id="CDCourtNum" value="{Zzcourtnumdesc}"
					change="changeInMatterDetails" textLabel="{i18n>detailIDLabelText7}"/>
			</smartform:GroupElement>
			
			<smartform:GroupElement id="CDCostCentreInput_">
				<smartField:SmartField showValueHelp="false" showSuggestion="false" id="CDCostCentre" value="{Zzclntccenterdesc}"
					change="changeInMatterDetails" textLabel="{i18n>detailCDLabelText5}"/>
			</smartform:GroupElement>
			
			<smartform:GroupElement id="CDWorkTypeInput_">
				<smartField:SmartField showValueHelp="false" showSuggestion="false" id="CDWorkType" value="{Zzclntwrktypedesc}"
					change="changeInMatterDetails" textLabel="{i18n>detailCDLabelText6}"/>
			</smartform:GroupElement>
				<smartform:GroupElement id="CDStatusInput_">
				<smartField:SmartField showValueHelp="false" showSuggestion="false" id="CDStatus" value="{Zzclntstatusdesc}"
					change="changeInMatterDetails" textLabel="{i18n>detailCDLabelText7}"/>
			</smartform:GroupElement>
			<smartform:GroupElement id="CDJurisdictionInput_">
				<smartField:SmartField showValueHelp="false" showSuggestion="false" id="CDJurisdiction" value="{Txjcddesc}"
					change="changeInMatterDetails" textLabel="{i18n>detailCDLabelText8}"/>
			</smartform:GroupElement>
			</smartform:Group>
			</smartform:SmartForm>
</core:FragmentDefinition>