<core:FragmentDefinition xmlns="sap.m" xmlns:l="sap.ui.layout" xmlns:smartField="sap.ui.comp.smartfield" xmlns:f="sap.ui.layout.form"
	xmlns:core="sap.ui.core">
	<l:Grid defaultSpan="L12 M12 S12" width="auto">
		<l:content>
			<f:SimpleForm id="FormChange354ID" visible="true" minWidth="1024" maxContainerCols="2" editable="true" layout="ResponsiveGridLayout"
				labelSpanL="5" labelSpanM="5" emptySpanL="0" emptySpanM="0" columnsL="2" columnsM="2" class="editableForm">
				<f:content>
					<core:Title text=""/>
					<Label text="{i18n>detailIDLabelText1}"/>
					<smartField:SmartField change="changeInMatterDetails" value="{Zzipapplnum}" editable="{AmendmentViewMod>/isEditable}"/>
					<Label text="{i18n>detailIDLabelText2}"/>
					<smartField:SmartField value="{Zzipappldate}" id="ChgIDAD" editable="{AmendmentViewMod>/isEditable}" change="ondatechange">
						<smartField:configuration>
							<smartField:Configuration controlType="datePicker"/>
						</smartField:configuration>
					</smartField:SmartField>
					
					<Label text="{i18n>detailIDLabelText3}"/>
					<smartField:SmartField change="changeInMatterDetails" value="{Zzipregnum}" editable="{AmendmentViewMod>/isEditable}"/>
					<Label text="{i18n>detailIDLabelText4}"/>
					<smartField:SmartField value="{Zzipregdt}" id="ChgIDRD" editable="{AmendmentViewMod>/isEditable}" change="ondatechange">
						<smartField:configuration>
							<smartField:Configuration controlType="datePicker"/>
						</smartField:configuration>
					</smartField:SmartField>
					<!--<DatePicker change="changeInMatterDetails" id="ChgIDRD" valueFormat="yyyy-MM-dd" displayFormat="short" change="changeInMatterDetails"-->
					<!--	value="{ path: 'Zzipregdt', formatter: '.formatter.myDate1' }" editable="{AmendmentViewMod>/isEditable}"/>-->
					<core:Title text=""/>
					<Label text="{i18n>detailIDLabelText8}"/>
					<smartField:SmartField change="changeInMatterDetails" value="{Zzcasecatcddesc}" editable="{AmendmentViewMod>/isEditable}"/>
					<Label text="{i18n>detailIDLabelText9}"/>
					<smartField:SmartField change="changeInMatterDetails" value="{Zzipjurisdcddesc}" editable="{AmendmentViewMod>/isEditable}"/>
					<Label text="{i18n>detailIDLabelText10}"/>
					<smartField:SmartField change="changeInMatterDetails" value="{Zzipanuyear}" editable="{AmendmentViewMod>/isEditable}"/>
				</f:content>
			</f:SimpleForm>
		</l:content>
	</l:Grid>
</core:FragmentDefinition>