<core:FragmentDefinition xmlns="sap.m" xmlns:core="sap.ui.core">
	<Table id="FormChange354IP" mode="{path:'AmendmentViewMod>/isEditable',formatter:'.formatter.showButton'}" delete="handleDeleteIP" class="sapUiSmallMarginTop">
	<!--	<headerToolbar>
			<Toolbar>
				<ToolbarSpacer/>
				<Button text="{i18n>MatterDetails.BusinessPartner.INPartner}" enabled="{worklistView>/editScreen}" press="onAddMatterIP" type="Emphasized"/>
			</Toolbar>
		</headerToolbar>-->
	<columns>
			<Column>
					<Label text="{i18n>INTPartnerType}" design="Bold"  required="true"/>
				</Column>
                 	<Column>
					<Label text="{i18n>INTOffice}" design="Bold"  required="true"/>
				</Column>
			
				<Column width="18%" hAlign="Center">
					<Label text="{i18n>INTPartners}" design="Bold"  required="true"/>
				</Column>
				
				<!--<Column  hAlign="Left" width="4rem">-->
				<!--	<Label text="{i18n>INTPREFER}" design="Bold"/>-->
				<!--</Column>-->
				<Column>
					<Label text="{i18n>INTPhone}" design="Bold"  required="true"/>
				</Column>
				<Column>
					<Label text="{i18n>INTEmail}" design="Bold"  required="true"/>
				</Column>
					<Column>
					<Label text="{i18n>INTComments}" design="Bold"/>
				</Column>
				<Column width="5rem" hAlign="Right">
					<Label text="" design="Bold"/>
				</Column>
		</columns>
	</Table>
</core:FragmentDefinition>