<core:FragmentDefinition xmlns="sap.m" xmlns:smartField="sap.ui.comp.smartfield" xmlns:l="sap.ui.layout" xmlns:f="sap.ui.layout.form"
	xmlns:core="sap.ui.core">
	<l:Grid defaultSpan="L12 M12 S12" width="auto">
		<l:content>
			<f:SimpleForm id="FormChange354MI" visible="true" minWidth="1024" maxContainerCols="2" editable="true" layout="ResponsiveGridLayout"
				labelSpanL="5" labelSpanM="5" emptySpanL="0" emptySpanM="0" columnsL="2" columnsM="2" class="editableForm">
				<f:content>
					<core:Title text=""/>
					<Label text="{i18n>detailMILabelText1}" />
					<smartField:SmartField change="changeInMatterDetailsDD" value="{Zzmattertypedesc}" editable="{AmendmentViewMod>/isEditable}">
						<smartField:configuration>
					<smartField:Configuration controlType="dropDownList" displayBehaviour="idOnly"/>
				</smartField:configuration>
			</smartField:SmartField>
					<Label text="{i18n>detailBDLabelText1}" />
					<smartField:SmartField change="changeInMatterDetails" value="{Zzenttype}" editable="{AmendmentViewMod>/isEditable}"/>
					<Label text="{i18n>detailMILabelText2}" />
					<smartField:SmartField change="changeInMatterDetails" value="{Zzmattercatdesc}" editable="{AmendmentViewMod>/isEditable}">
							<smartField:configuration>
      <smartField:Configuration preventInitialDataFetchInValueHelpDialog="false"/>
     </smartField:configuration>
					</smartField:SmartField>
					<Label text="{i18n>detailBDLabelText14}" />
					<smartField:SmartField change="changeInMatterDetails" value="{Zztimeentryunit}" editable="{AmendmentViewMod>/isEditable}"/>
					<Label text="{i18n>detailMILabelText6}"/>
					<smartField:SmartField change="changeInMatterDetails" value="{Zzmprgrpdesc}" showSuggestion="false" showValueHelp="false" editable="{AmendmentViewMod>/isEditable}" />
					<Label text="{i18n>detailMILabelText14}"/>
					<smartField:SmartField change="changeInMatterDetails" value="{Zzmatrptgrpdesc}" showSuggestion="false" showValueHelp="false" editable="{AmendmentViewMod>/isEditable}"/>
					<Label text="{i18n>detailMILabelText3}"/>
					<smartField:SmartField change="changeInMatterDetails" value="{Zzgrpbilldesc}" showSuggestion="false" showValueHelp="false" editable="{AmendmentViewMod>/isEditable}"/>
					<Label text="{i18n>detailMILabelText18}" />
					<smartField:SmartField change="changeInMatterDetailsDD" value="{Zzpracticegroupdesc}" editable="{AmendmentViewMod>/isEditable}">
								<smartField:configuration>
					<smartField:Configuration controlType="dropDownList" displayBehaviour="idOnly"/>
				</smartField:configuration>
			</smartField:SmartField>
					<core:Title text=""/>
					<Label text="{i18n>detailMILabelText15}"/>
					<Input liveChange="changeMatterInCurrDetails" id="ChgMIEF" textAlign="Right" value="{Zzefees}" editable="{AmendmentViewMod>/isEditable}"></Input>
					<Label text="{i18n>detailMILabelText16}"/>
					<Input liveChange="changeMatterInCurrDetails" id="ChgMIEC" textAlign="Right" value="{Zzecost}" editable="{AmendmentViewMod>/isEditable}"></Input>
					<Label text="{i18n>detailMILabelText17}"/>
					<Input liveChange="changeMatterInCurrDetails" id="ChgMIET" textAlign="Right" value="{Zzetotal}" editable="{AmendmentViewMod>/isEditable}"></Input>
					<Label text="{i18n>detailMILabelText21}"/>
					<Input liveChange="liveMatterPercent" id="ChgMIPP" value="{Zzwipprovpercent}" maxLength="5" editable="{AmendmentViewMod>/isEditable}"></Input>
					<Label text="{i18n>detailMILabelText19}"/>
					<Switch id="ChgMISL" change="handleSwitchChange" state="{ path:'Zzsyndlomat', formatter:'.formatter.myBooleanV' }" customTextOn="{i18n>detailMILabelText8}"
						customTextOff="{i18n>detailMILabelText9}"/>
					<Label text="{i18n>detailMILabelText20}"/>
					<Switch id="ChgMIPT" change="handleSwitchChange" state="{ path:'Zzpassthru', formatter:'.formatter.myBooleanV' }" customTextOn="{i18n>detailMILabelText8}"
						customTextOff="{i18n>detailMILabelText9}"/>
					<Label text="{i18n>detailMILabelText13}"/>
					<Switch id="ChgMIP" change="handleSwitchChange" state="{ path:'Zzpriconf', formatter:'.formatter.myBooleanV' }" customTextOn="{i18n>detailMILabelText8}"
						customTextOff="{i18n>detailMILabelText9}"/>
				</f:content>
			</f:SimpleForm>
		</l:content>
	</l:Grid>
</core:FragmentDefinition>