<core:FragmentDefinition xmlns="sap.m" xmlns:l="sap.ui.layout" xmlns:smartField="sap.ui.comp.smartfield" xmlns:f="sap.ui.layout.form"
	xmlns:core="sap.ui.core">
	<l:Grid defaultSpan="L12 M12 S12" width="auto">
		<l:content>
			<f:SimpleForm id="FormChange354OD" visible="true" minWidth="1024" maxContainerCols="2" editable="true" layout="ResponsiveGridLayout"
				labelSpanL="5" labelSpanM="5" emptySpanL="0" emptySpanM="0" columnsL="2" columnsM="2" class="editableForm">
				<f:content>
					<core:Title text=""/>
					<Label text="{i18n>detailODLabelText1}"/>
					<smartField:SmartField change="changeInMatterDetails" value="{Zzbsprasdesc}" editable="{AmendmentViewMod>/isEditable}" >
							<smartField:configuration>
      <smartField:Configuration preventInitialDataFetchInValueHelpDialog="false"/>
     </smartField:configuration>
					</smartField:SmartField>
					<Label text="{i18n>detailODLabelText3}"/>
					<smartField:SmartField change="changeInMatterDetails" value="{Zzdrftformatdesc}" editable="{AmendmentViewMod>/isEditable}" >
							<smartField:configuration>
      <smartField:Configuration preventInitialDataFetchInValueHelpDialog="false"/>
     </smartField:configuration>
					</smartField:SmartField>
					<Label text="{i18n>detailODLabelText4}"/>
					<smartField:SmartField change="changeInMatterDetails" value="{Zzfnalformatdesc}" editable="{AmendmentViewMod>/isEditable}" >
							<smartField:configuration>
      <smartField:Configuration preventInitialDataFetchInValueHelpDialog="false"/>
     </smartField:configuration>
					</smartField:SmartField>
					<Label text="{i18n>detailODLabelText5}"/>
					<smartField:SmartField change="changeInMatterDetails" value="{Zztmdtldesc}" editable="{AmendmentViewMod>/isEditable}" >
							<smartField:configuration>
      <smartField:Configuration preventInitialDataFetchInValueHelpDialog="false"/>
     </smartField:configuration>
					</smartField:SmartField>
					<Label text="{i18n>detailODLabelText6}"/>
					<smartField:SmartField change="changeInMatterDetails" value="{Zztksumrydesc}" editable="{AmendmentViewMod>/isEditable}" >
							<smartField:configuration>
      <smartField:Configuration preventInitialDataFetchInValueHelpDialog="false"/>
     </smartField:configuration>
					</smartField:SmartField>
					<Label text="{i18n>detailODLabelText7}" tooltip="Cost Detail and Summary"/>
					<smartField:SmartField change="changeInMatterDetails" value="{Zzcstdtsumrydesc}" editable="{AmendmentViewMod>/isEditable}"/>
					<core:Title text=""/>
					<Label text="{i18n>detailODLabelText2}"/>
					<smartField:SmartField change="changeInMatterDetails" value="{Zzintverdesc}" editable="{AmendmentViewMod>/isEditable}"/>
					<Label text="{i18n>detailODLabelText8}" required="{ path:'Ebillcheck', formatter:'.formatter.myBooleanV' }"/>
					<smartField:SmartField change="changeInMatterDetails" value="{Zzclcasenbr}" editable="{AmendmentViewMod>/isEditable}"/>
					<Label text="{i18n>detailODLabelText9}"/>
					<smartField:SmartField change="changeInMatterDetails" value="{Zzclcasename}" editable="{AmendmentViewMod>/isEditable}"/>
					<Label text="{i18n>detailODLabelText15}"/>
					<Switch id="ChgODPN" change="handleSwitchChange" state="{ path:'Zzmatpageno', formatter:'.formatter.myBooleanV' }" customTextOn="{i18n>detailODLabelText18}"
						customTextOff="{i18n>detailODLabelText19}"/>
					<Label text="{i18n>detailODLabelText16}"/>
					<Switch id="ChgODRP" change="handleSwitchChange" state="{ path:'Zzmatremit', formatter:'.formatter.myBooleanV' }" customTextOn="{i18n>detailODLabelText18}"
						customTextOff="{i18n>detailODLabelText19}"/>
				</f:content>
			</f:SimpleForm>
		</l:content>
	</l:Grid>
</core:FragmentDefinition>