<core:FragmentDefinition xmlns="sap.m" xmlns:l="sap.ui.layout" xmlns:smartField="sap.ui.comp.smartfield" xmlns:f="sap.ui.layout.form"
	xmlns:core="sap.ui.core">
	<l:Grid defaultSpan="L12 M12 S12" width="auto">
		<l:content>
			<f:SimpleForm id="FormChange354TD" visible="true" minWidth="1024" maxContainerCols="2" editable="true" layout="ResponsiveGridLayout"
				labelSpanL="5" labelSpanM="5" emptySpanL="0" emptySpanM="0" columnsL="2" columnsM="2" class="editableForm">
				<f:content>
					<core:Title text=""/>
					<Label text="{i18n>detailTDLabelText1}"/>
					<smartField:SmartField change="changeInMatterDetails" value="{Zzsubindcodedesc}" editable="{AmendmentViewMod>/isEditable}"/>
					<Label text="{i18n>detailTDLabelText2}"/>
					<smartField:SmartField change="changeInMatterDetails" value="{Zztechareadesc}" editable="{AmendmentViewMod>/isEditable}"/>
					<core:Title text=""/>
					<Label text="{i18n>detailTDLabelText3}"/>
					<smartField:SmartField change="changeInMatterDetails" value="{Zznatureprocddesc}" editable="{AmendmentViewMod>/isEditable}"/>
					<Label text="{i18n>LBLSArea}" />
						<smartField:SmartField id="idService" value="{Servicearea}" change="changeInMatterDetails" editable="{AmendmentViewMod>/isEditable}">
								<smartField:configuration>
      <smartField:Configuration preventInitialDataFetchInValueHelpDialog="false"/>
     </smartField:configuration>
						</smartField:SmartField>
				</f:content>
			</f:SimpleForm>
		</l:content>
	</l:Grid>
</core:FragmentDefinition>