<core:FragmentDefinition xmlns="sap.m" xmlns:core="sap.ui.core">
	<Table id="FormDisplay354WO" mode="{path:'AmendmentViewMod>/isEditable',formatter:'.formatter.showButton'}" delete="handleDeleteWOPayer">
			<!--<headerToolbar>-->
			<!--		<Toolbar>-->
			<!--			<ToolbarSpacer/>-->
			<!--			<Button icon="sap-icon://add" press="addWOOffice"  type="Accept" enabled="{AmendmentViewMod>/isEditable}"/>-->
			<!--		</Toolbar>-->
			<!--	</headerToolbar>-->
		<columns>
			<Column>
				<Label text="{i18n>detailWOLabelText2}"/>
			</Column>
			<Column>
				<Label text="{i18n>detailWOLabelText3}"/>
			</Column>
			<!--<Column>-->
			<!--	<Label text="{i18n>detailWOLabelText3}"/>-->
			<!--</Column>-->
				<Column>
				<Label text="{i18n>detailWOLabelText4}"/>
			</Column>
				<Column width="6rem">
				<Label text=""/>
			</Column>
		</columns>
	</Table>
</core:FragmentDefinition>