<core:FragmentDefinition xmlns="sap.m" xmlns:l="sap.ui.layout" xmlns:core="sap.ui.core"
	xmlns:app="http://schemas.sap.com/sapui5/extension/sap.ui.core.CustomData/1" xmlns:smartField="sap.ui.comp.smartfield"
	xmlns:smartform="sap.ui.comp.smartform">
	<Dialog beforeClose="beforeCloseAddEditDialog" contentWidth="800px" showHeader="true" title="{i18n>CLIENTCONTACT_DIALOG_TITLE}"
		class="sapUiSizeCompact sapUiNoContentPadding">
		<content>
			<smartform:SmartForm editable="true" binding="Clients" expandable="false" expanded="true" entityType="Cmiclntcontact"
				id="cminewrequest.clientContact.form_" flexEnabled="true" checked="checkForm">
				<smartform:customData>
					<core:CustomData key="dateFormatSettings" value='\{"UTC":true,"style":"short"\}'/>
				</smartform:customData>
				<smartform:Group id="cminewrequestcminewrequest.clientContact.header1_">
					<smartform:GroupElement label="{i18n>CLIENTCONTACT_SMTFIELD_LBL_CONTACTTYPE}"
						id="cminewrequestcminewrequest.clientContact.contactType.input_">
						<!--<smartField:SmartField showLabel="true" value="{Contacttypedesc}">
							<smartField:configuration>
								<smartField:Configuration preventInitialDataFetchInValueHelpDialog="false"/>
							</smartField:configuration>
						</smartField:SmartField>-->
							<smartField:SmartField showLabel="true" change="smartDpDwnCahnge" value="{Contacttypedesc}" app:cFilterVal="CEC"
							app:inOutParams='"vList":["PARVW","PARVWDESC"],"local":["Contacttype","Contacttypedesc"]' innerControlsCreated="samrtDpDwnContactCreated"
							>
							<smartField:configuration>
								<smartField:Configuration preventInitialDataFetchInValueHelpDialog="false" controlType="dropDownList"/>
							</smartField:configuration>
						</smartField:SmartField>
					</smartform:GroupElement>
					<smartform:GroupElement label="{i18n>CLIENTCONTACT_SMTFIELD_LBL_FIRSTNAME}"
						id="cminewrequestcminewrequest.clientContact.contactFirstName.input_">
						<smartField:SmartField showLabel="true" value="{Firstname}"></smartField:SmartField>
					</smartform:GroupElement>
					<smartform:GroupElement label="{i18n>CLIENTCONTACT_SMTFIELD_LBL_LASTNAME}"
						id="cminewrequestcminewrequest.clientContact.contactLastName.input_">
						<smartField:SmartField showLabel="true" value="{Lastname}"></smartField:SmartField>
					</smartform:GroupElement>
				</smartform:Group>
				<smartform:Group id="cminewrequestcminewrequest.clientContact.header2_">
					<smartform:GroupElement label="{i18n>CLIENTCONTACT_SMTFIELD_LBL_JOB}" id="cminewrequestcminewrequest.clientContact.contactJob.input_">
						<smartField:SmartField showLabel="true" value="{Functiondesc}"></smartField:SmartField>
					</smartform:GroupElement>
					<smartform:GroupElement label="{i18n>CLIENTCONTACT_SMTFIELD_LBL_PHONE}" id="cminewrequestcminewrequest.clientContact.contactPhone.input_">
						<smartField:SmartField showLabel="true" change="handlePhoneValidation" value="{Phone}"></smartField:SmartField>
					</smartform:GroupElement>
					<smartform:GroupElement label="{i18n>CLIENTCONTACT_SMTFIELD_LBL_EMAIL}" id="cminewrequestcminewrequest.clientContact.contactEmail.input_">
						<smartField:SmartField showLabel="true" change="handleEmailValidation" value="{Email}"></smartField:SmartField>
					</smartform:GroupElement>
				</smartform:Group>
			</smartform:SmartForm>
		</content>
		<beginButton>
			<Button text="{i18n>BUTTON_TEXT_SUBMIT}" app:btnType="SUB" press="onPressSubmitContact" type="Emphasized"
				visible="{generalSettings>/bClientSubmitButton}"/>
		</beginButton>
		<endButton>
			<Button text="{i18n>BUTTON_TXT_CANCEL}" app:btnType="CNL" press="closeContact" type="Emphasized"/>
		</endButton>
	</Dialog>
</core:FragmentDefinition>