<core:FragmentDefinition xmlns:app="http://schemas.sap.com/sapui5/extension/sap.ui.core.CustomData/1" xmlns="sap.m" xmlns:l="sap.ui.layout"
	xmlns:core="sap.ui.core" xmlns:f="sap.ui.layout.form">
	<Table id="cminewrequest.idClientContact.table_" noDataText="No data" items="{Clientcontacts}" mode="{= ${generalSettings>/Edit} === '' ? 'None' : 'Delete'}"
		updateFinished="handleClientFinish" class="sapUiSmallMarginTop" delete="onPressDeleteConfirm">
		<headerToolbar>
			<Toolbar visible="{path:'generalSettings>/Edit',formatter:'.formatter.editRequestScreen'}">
				<ToolbarSpacer/>
				<Button icon="sap-icon://add-activity" text="{i18n>CONTACTSTABLE_BTN_TXT_ADDCONTACT}" type="Accept" press="onpressaddContact"/>
			</Toolbar>
		</headerToolbar>
		<columns>
			<Column >
				<Label text="{i18n>TAB_CLIENTCONTACT_HDR_CONTACTTYPE}" design="Bold" required="true"/>
			</Column>
			<Column>
				<Label text="{i18n>TAB_CLIENTCONTACT_HDR_CONTACTPERSON}" design="Bold" required="true"/>
			</Column>
			<Column >
				<Label text="{i18n>TAB_CLIENTCONTACT_HDR_JOBTITLE}" design="Bold" required="true"/>
			</Column>
			<Column >
				<Label text="{i18n>TAB_CLIENTCONTACT_HDR_PHONE}" design="Bold"/>
			</Column>
			<Column >
				<Label text="{i18n>TAB_CLIENTCONTACT_HDR_EMAIL}" design="Bold"/>
			</Column>
		</columns>
		<items>
			<ColumnListItem type="{= ${generalSettings>/Edit} === '' ? 'Inactive' : 'DetailAndActive'}" detailPress="onContactEdit">
				<cells>
					<Text text="{Contacttypedesc}"/>
					<Text text="{Firstname} {Lastname}"/>
					<Text text="{Functiondesc}"/>
					<Text text="{Phone}"/>
					<Text text="{Email}"/>
				</cells>
			</ColumnListItem>
		</items>
	</Table>
	<!--	</VBox>-->
</core:FragmentDefinition>