{
	"Cmino": "1000000103",
	"Requestuserk": "UGOUDARB01",
	"Requestuser": "Basavaraj Goudar",
	"Requesttime": "0",
	"Cmirequesttype": "MC",
	"Changedbyk": "UGOUDARB01",
	"Changedby": "Basavaraj Goudar",
	"Changedtime": "0",
	"Clients": [{
		"Cmino": "1000000103",
		"Clientk": "",
		"Client": "Pinterest",
		"Classificationk": "01",
		"Classification": "Individual",
		"Addr1": "4589 GreenPoint PM Estates",
		"Addr2": "",
		"City": "Schaumburg",
		"Statek": "IL",
		"State": "Illinois",
		"Zipcode": "600030",
		"Countryk": "US",
		"Country": "USA",
		"Bofficek": "NYC1",
		"Boffice": "New York",
		"Email": "adam@pinterest.com",
		"Nstandardterms": ""
	}],
	"Matters": [{
		"Cmino": "1000000103",
		"Mattername": "Yvonne",
		"Matter": "",
		"Serviceareak": "",
		"Servicearea": "Antit",
		"Mmak": "00100618",
		"Mma": "Austin Sharp",
		"Matterlongtext": "Matter for Yvonne.",
		"Practicegroupk": "PS",
		"Practicegroup": "Practice Services",
		"Mmofficek": "HOU1",
		"Mmoffice": "Houston",
		"Quote": "",
		"Estimatedfees": "10000.00",
		"Estimatedfeecurr": "USD"
	}],
	"Altpayers": [{
		"Altpayerphone": "26637388939",
		"Cmino": "1000000103",
		"Altpayerseq": "0001",
		"Alternatepayer": "Cornelius",
		"Altpayername": "",
		"Altpayeraddr1": "125 green point",
		"Altpayeraddr2": "",
		"Altpayercityk": "Schaumburg",
		"Altpayerstate": "Illinois",
		"Altpayerstatek": "IL",
		"Altpayerzip": "8606060",
		"Altpayercountryk": "US",
		"Altpayercountry": "USA"
	}],
	"Clientcontacts": [{
		"Cmino": "1000000103",
		"Contactseq": "0001",
		"Contacttype": "S",
		"Email": "sam@pinterest.com",
		"Name": "Sam Mills",
		"Phone": "849400002"
	}, {
		"Cmino": "1000000103",
		"Contactseq": "0002",
		"Contacttype": "P",
		"Email": "sam02@pinterest.com",
		"Name": "Sam Mills",
		"Phone": "789090039"
	}],
	"Leadpartners": [{
		"Office": "Kazakhstan",
		"Email": "ala@pinterest.com",
		"Phone": "904040490",
		"Leadpartner": "Amelia Mathis",
		"Cmino": "1000000103",
		"Leadpartnerk": "00100024",
		"Officek": "ALA1",
		"Rank": "0001"
	}],
	"Knownparties": [{
		"Cmino": "1000000103",
		"Designation": "Buyer",
		"Knownpartyseq": "0001",
		"Classification": "Individual",
		"Rolek": "2",
		"Designationk": "6",
		"Classificationk": "1",
		"Role": "Adverse Party",
		"Name": "Rachel Sanderson"
	}, {
		"Cmino": "1000000103",
		"Designation": "Child",
		"Knownpartyseq": "0002",
		"Classification": "Organisation",
		"Rolek": "4",
		"Designationk": "7",
		"Classificationk": "2",
		"Role": "Other Party",
		"Name": "Yvonne Manning"
	}, {
		"Cmino": "1000000103",
		"Designation": "Beneficiary",
		"Knownpartyseq": "0003",
		"Classification": "Collaboration",
		"Rolek": "01",
		"Designationk": "04",
		"Classificationk": "03",
		"Role": "Client",
		"Name": "Ascoli"
	}],
	"Ocgs": [{
		"Ostatusk": "",
		"Ostatus": "",
		"Cmino": "1000000103",
		"Cmiocgseq": "0001",
		"Filename": "2.pdf",
		"Filesize": "101383",
		"Uploadeddate": null,
		"Uploadedbyk": "UGOUDARB01",
		"Uploadedby": "basavaraja GOUDAR",
		"OcgTerms": [{
			"Termitem": "HOURLY RATE",
			"Terms": "PDFs do not retain paragraph, heading, etcinformation. Instead, a PDF encodes a renderedform of a document",
			"Cmiocgseq": "0001",
			"Cmino": "1000000103",
			"Termhdrk": "03",
			"Termhdr": "BILLING",
			"Termitemk": "01",
			"Status": ""
		}]
	}],
	"Comments": [{
		"Cmino": "1000000103",
		"CommentType": "MC",
		"Sequence": "0004",
		"UserComment": "Test Cmi App",
		"Addedby": "Basavaraj Goudar",
		"Addedbyk": "UGOUDARB01",
		"Addedon": "0"
	}],
	"Considerations": []
}

{
	"Cmino": "1000000040",
	"Requestuserk": "UGOUDARB01",
	"Requestuser": "Basavaraj Goudar",
	"Requesttime": "0",
	"Cmirequesttype": "MC",
	"Changedbyk": "UGOUDARB01",
	"Changedby": "Basavaraj Goudar",
	"Changedtime": "0",
	"Clients": [{
		"Cmino": "1000000040",
		"Clientk": "10000007",
		"Client": "FGT:Tom Garrett 1877–88",
		"Classificationk": "03",
		"Classification": "Collaboration",
		"Addr1": "Addr1",
		"Addr2": "Addr2",
		"City": "Aosta",
		"Statek": "AO",
		"State": "Aosta",
		"Zipcode": "Test",
		"Countryk": "IT",
		"Country": "Italy",
		"Bofficek": "ALA1",
		"Boffice": "Kazakhstan",
		"Email": "av@c.com",
		"Nstandardterms": ""
	}],
	"Matters": [{
		"Cmino": "1000000040",
		"Mattername": "MM- Matter From US11",
		"Matter": "1001400251",
		"Serviceareak": "",
		"Servicearea": "Corpo",
		"Mmak": "Test",
		"Mma": "",
		"Matterlongtext": "Test",
		"Practicegroupk": "BF",
		"Practicegroup": "Banking and Finance",
		"Mmofficek": "HOU1",
		"Mmoffice": "Houston",
		"Quote": "",
		"Estimatedfees": "2000.00",
		"Estimatedfeecurr": "BRL"
	}],
	"Altpayers": [{
		"Altpayerphone": "8383993030",
		"Cmino": "1000000040",
		"Altpayerseq": "0001",
		"Alternatepayer": "TYest",
		"Altpayername": "",
		"Altpayeraddr1": "Yest",
		"Altpayeraddr2": "Yest",
		"Altpayercityk": "Test",
		"Altpayerstate": "Ancona",
		"Altpayerstatek": "AN",
		"Altpayerzip": "37838383",
		"Altpayercountryk": "IT",
		"Altpayercountry": "Italy"
	}],
	"Clientcontacts": [{
		"Name": "Abc",
		"Email": "abc@c.com",
		"Phone": "488494940",
		"Contacttype": "S",
		"Contactseq": "0001",
		"Cmino": "1000000040"
	}, {
		"Name": "Abcd",
		"Email": "ad@c.com",
		"Phone": "738383939",
		"Contacttype": "P",
		"Contactseq": "0002",
		"Cmino": "1000000040"
	}],
	"Leadpartners": [{
		"Office": "Houston",
		"Email": "abc@c.com",
		"Phone": "37383893",
		"Leadpartner": "Rachel Sanderson",
		"Cmino": "1000000040",
		"Leadpartnerk": "00105043",
		"Officek": "HOU1",
		"Rank": "0001"
	}],
	"Knownparties": [{
		"Cmino": "1000000040",
		"Designation": "Assignee",
		"Knownpartyseq": "0001",
		"Classification": "Oraganization",
		"Rolek": "02",
		"Designationk": "03",
		"Classificationk": "02",
		"Role": "Adverse Party",
		"Name": "KP1"
	}, {
		"Cmino": "1000000040",
		"Designation": "Buyer",
		"Knownpartyseq": "0002",
		"Classification": "Individual",
		"Rolek": "2",
		"Designationk": "6",
		"Classificationk": "1",
		"Role": "Adverse Party",
		"Name": "KP2"
	}, {
		"Cmino": "1000000040",
		"Designation": "Child",
		"Knownpartyseq": "0003",
		"Classification": "Oraganization",
		"Rolek": "4",
		"Designationk": "7",
		"Classificationk": "2",
		"Role": "Other Party",
		"Name": "KP3"
	}],
	"Ocgs": [{
		"Cmino": "1000000040",
		"Cmiocgseq": "0001",
		"Ostatusk": "",
		"Ostatus": "",
		"Filename": "2.pdf",
		"Filesize": "101383",
		"Uploadeddate": null,
		"Uploadedbyk": "UGOUDARB01",
		"Uploadedby": "basavaraja GOUDAR",
		"OcgTerms": [{
			"Termitem": "MOST FAVORED",
			"Terms": "DFs do not retain paragraph, heading, etcinformation. Instead, a PDF encodes a renderedform of a document, \nrather like the individualcharacters that are rendered on\n a screen. A PDFfile can be thought of as containing a sequence ofpieces of information.  Each piece of text islocated at a particular (x,y,z) position, along withfont information",
			"Cmiocgseq": "0001",
			"Cmino": "1000000040",
			"Termhdrk": "03",
			"Termhdr": "BILLING",
			"Termitemk": "02",
			"Status": ""
		}, {
			"Termitem": "BUDGETING",
			"Terms": "We use a simple approach that may be helpfulwhen testing the textual contents of PDF files.However, minor formatting changes of a PDFmay lead to different paragraphs being extracted,so it needs to be used with some care",
			"Cmiocgseq": "0002",
			"Cmino": "1000000040",
			"Termhdrk": "03",
			"Termhdr": "BILLING",
			"Termitemk": "04",
			"Status": ""
		}, {
			"Termitem": "ADVERSITY",
			"Terms": "he spacing between lines in a paragraphand between paragraphs may varyconsiderably.2.A paragraph may flow from one columnto the next, or one page to the next3.Text may wrap around image",
			"Cmiocgseq": "0003",
			"Cmino": "1000000040",
			"Termhdrk": "04",
			"Termhdr": "CONFLICT",
			"Termitemk": "02",
			"Status": ""
		}]
	}, {
		"Cmino": "1000000040",
		"Cmiocgseq": "0002",
		"Ostatusk": "",
		"Ostatus": "",
		"Filename": "1.pdf",
		"Filesize": "58099",
		"Uploadeddate": null,
		"Uploadedbyk": "UGOUDARB01",
		"Uploadedby": "basavaraja GOUDAR",
		"OcgTerms": [{
			"Termitem": "HOURLY RATE",
			"Terms": "Developer•DeveloperConsultant\n•EnterpriseArchitect\n•SystemArchitec",
			"Cmiocgseq": "0001",
			"Cmino": "1000000040",
			"Termhdrk": "03",
			"Termhdr": "BILLING",
			"Termitemk": "01",
			"Status": ""
		}, {
			"Termitem": "EXPENSES",
			"Terms": "KnowledgeaboutiOS,-KnowledgeaboutXcode-KnowledgeaboutSwi",
			"Cmiocgseq": "0002",
			"Cmino": "1000000040",
			"Termhdrk": "03",
			"Termhdr": "BILLING",
			"Termitemk": "06",
			"Status": ""
		}]
	}],
	"Considerations": []
} {
	"ExistingInfo": [{
		"Details": "Client Details"
	}, {
		"Details": "Matter Details"
	}],
	"ClientInfo": [{
		"Name": "John Doe"
	}, {
		"Name": "Thrifty Supply CO"
	}, {
		"Name": "Natasha Ruiz, Jan Hunt"
	}, {
		"Name": "Mpeg La, L.L.C"
	}, {
		"Name": "Pinterest, Inc."
	}, {
		"Name": "Cornelius Curtis"
	}, {
		"Name": "Jan Hunt"
	}],
	"MatterInfo": [{
		"Details": "Marbury v. Madison"
	}, {
		"Details": "McCulloch v. Maryland"
	}, {
		"Details": "Gibbons v. Ogden"
	}, {
		"Details": "Dred Scott v. Sandford"
	}, {
		"Details": "Santa Clara County v. S Pacific RR"
	}, {
		"Details": "Plessy v. Ferguson"
	}],
	"AddTerms": [{
		"DocumentId": "Doc0001",
		"DocumentTitle": "Client Outside Counsel Guidelines II",
		"Status": "Submitted",
		"FileName": "Client OCGs.doc",
		"Date": "01/20/2017",
		"FileSize": "19.68 KB",
		"MimeType": "application/pdf",
		"url": "file:///C:/Users/FGT0036/Desktop/List%20of%20Holiday%20-%202017%20-%20Fulcrum.pdf"

	}, {
		"DocumentId": "Doc0002",
		"DocumentTitle": "Client Outside Counsel Guidelines II",
		"Status": "Submitted",
		"FileName": "Client OCGs.doc",
		"Date": "01/20/2017",
		"FileSize": "19.68 KB",
		"MimeType": "application/pdf",
		"url": "file:///C:/Users/FGT0036/Desktop/List%20of%20Holiday%20-%202017%20-%20Fulcrum.pdf"
	}, {
		"DocumentId": "Doc0003",
		"DocumentTitle": "Client Outside Counsel Guidelines II",
		"Status": "Submitted",
		"FileName": "Client OCGs.doc",
		"Date": "01/20/2017",
		"FileSize": "19.68 KB",
		"MimeType": "application/pdf",
		"url": "file:///C:/Users/FGT0036/Desktop/List%20of%20Holiday%20-%202017%20-%20Fulcrum.pdf"
	}, {
		"DocumentId": "Doc0004",
		"DocumentTitle": "Client Outside Counsel Guidelines II",
		"Status": "Submitted",
		"FileName": "Client OCGs.doc",
		"Date": "01/20/2017",
		"FileSize": "19.68 KB",
		"MimeType": "application/pdf",
		"url": "file:///C:/Users/FGT0036/Desktop/List%20of%20Holiday%20-%202017%20-%20Fulcrum.pdf"
	}, {
		"DocumentId": "Doc0005",
		"DocumentTitle": "Client Outside Counsel Guidelines II",
		"Status": "Submitted",
		"FileName": "Client OCGs.doc",
		"Date": "01/20/2017",
		"FileSize": "19.68 KB",
		"MimeType": "application/pdf",
		"url": "file:///C:/Users/FGT0036/Desktop/List%20of%20Holiday%20-%202017%20-%20Fulcrum.pdf"
	}],
	"LeadPartners": [{
		"rank": "1",
		"office": "CHI1",
		"LeadPartner": "Jane Don",
		"Phone": "312-212-8499",
		"Email": "abc@emailsddress.com"
	}, {
		"rank": "2",
		"office": "CHI1",
		"LeadPartner": "Jane Don",
		"Phone": "312-212-8499",
		"Email": "abc@emailsddress.com"
	}, {
		"rank": "3",
		"office": "CHI1",
		"LeadPartner": "Jane Don",
		"Phone": "312-212-8499",
		"Email": "abc@emailsddress.com"
	}],
	"ClientDetails": [{
		"ClientID": "0001",
		"Name": "John Doe",
		"Classification": "Individual",
		"Role": "Client",
		"Designation": "Clients Other Business",
		"CommentsDisp": false,
		"Address": "2820 Greenspoint Pkwy Hoffman Estates, IL 60169",
		"Address1": "2820 Greenspoint Pkwy",
		"Address2": "Hoffman Estates",
		"Address3": "IL 60169",
		"City": "Hoffmen Estate",
		"State": "Illinois",
		"ZipCode": "60196",
		"Country": "USA",
		"PriContactName": "Adam Smith",
		"PriContactPhone": "312-212-8499",
		"PriContactMail": "asmith@emailaddress.com",
		"BillingOffice": "Chicago, IL",
		"PrimaryContacts": [],
		"LeadPartners": [{
			"rank": "1",
			"office": "CHI1",
			"LeadPartner": "Jane Don",
			"Phone": "312-212-8499",
			"Email": "abc@emailsddress.com"
		}, {
			"rank": "2",
			"office": "CHI1",
			"LeadPartner": "Adam Smith",
			"Phone": "312-212-8499",
			"Email": "Adam@emailsddress.com"
		}, {
			"rank": "3",
			"office": "CHI1",
			"LeadPartner": "Thrifty",
			"Phone": "312-212-8499",
			"Email": "Thrifty@emailsddress.com"
		}]
	}, {
		"ClientID": "0002",
		"Name": "Mpeg La, L.L.C",
		"Classification": "Organization",
		"Role": "Other Party",
		"Designation": "Clients Other Business",
		"CommentsDisp": false,
		"Address": "4589 GreenPoint PM Estates, IL 698940",
		"Address1": "4589 GreenPoint",
		"Address2": "PM Estates",
		"Address3": "IL 698940",
		"City": "Hoffmen Estate",
		"State": "Illinois",
		"ZipCode": "60196",
		"Country": "USA",
		"PriContactName": "Natasha",
		"PriContactPhone": "212-220-4899",
		"PriContactMail": "Natasha@emailaddress.com",
		"BillingOffice": "Chicago, IL",
		"PrimaryContacts": [{
			"PrimaryContact": "Adam Smith",
			"Email": "smith @emailaddress.com",
			"Phone": "812-234-4445"
		}, {
			"PrimaryContact": "John",
			"Email": "John@emailaddress.com",
			"Phone": "812-234-4445"
		}],
		"LeadPartners": [{
			"rank": "1",
			"office": "CHI1",
			"LeadPartner": "Don",
			"Phone": "312-212-8499",
			"Email": "Don@emailsddress.com"
		}, {
			"rank": "2",
			"office": "CHI1",
			"LeadPartner": "Smith",
			"Phone": "312-212-8499",
			"Email": "Smith@emailsddress.com"
		}, {
			"rank": "3",
			"office": "CHI1",
			"LeadPartner": "Jane Don",
			"Phone": "312-212-8499",
			"Email": "abc@emailsddress.com"
		}]
	}, {
		"ClientID": "0003",
		"Name": "Pinterest, Inc.",
		"Classification": "Organization",
		"Role": "Adverse Party",
		"Designation": "Clients Other Business",
		"CommentsDisp": false,
		"Address": "7859 Endpoint AM Vilas, IL 694678",
		"Address1": "7859 Endpoint",
		"Address2": "AM Vilas",
		"Address3": "IL 694678",
		"City": "Hoffmen Estate",
		"State": "Illinois",
		"ZipCode": "60196",
		"Country": "USA",
		"PriContactName": "Cornelius",
		"PriContactPhone": "212-310-4959",
		"PriContactMail": "Cornelius@emailaddress.com",
		"BillingOffice": "Chicago, IL",
		"PrimaryContacts": [{
			"PrimaryContact": "Pinterest",
			"Email": "Pinterest@emailaddress.com",
			"Phone": "812-234-4445"
		}],
		"LeadPartners": [{
			"rank": "1",
			"office": "CHI1",
			"LeadPartner": "Pinterest",
			"Phone": "312-212-8499",
			"Email": "Pinterest@emailsddress.com"
		}]
	}, {
		"ClientID": "004",
		"Name": "Cornelius Curtis",
		"Classification": "Individual",
		"Role": "Other Party",
		"Designation": "Clients Other Business",
		"CommentsDisp": false,
		"Address": "5566 NorthPoint EX Valley, IL 699000",
		"Address1": "5566 NorthPoint",
		"Address2": "EX Valley",
		"Address3": "IL 699000",
		"City": "Hoffmen Estate",
		"State": "Illinois",
		"ZipCode": "60196",
		"Country": "USA",
		"PriContactName": "Jan",
		"PriContactPhone": "212-951-3249",
		"PriContactMail": "Jan@emailaddress.com",
		"BillingOffice": "Chicago, IL",
		"PrimaryContacts": [],
		"LeadPartners": []
	}, {
		"ClientID": "0005",
		"Name": "Jan Hunt",
		"Classification": "Individual",
		"Role": "Related Party",
		"Designation": "Clients Other Business",
		"CommentsDisp": false,
		"Address": "9009 Expresspoint GM Estates, IL 694899",
		"Address1": "9009 Expresspoint",
		"Address2": "GM Estates",
		"Address3": "IL 694899",
		"City": "Hoffmen Estate",
		"State": "Illinois",
		"ZipCode": "60196",
		"Country": "USA",
		"PriContactName": "Pinterest",
		"PriContactPhone": "212-560-7839",
		"PriContactMail": "Pinterest@emailaddress.com",
		"BillingOffice": "Chicago, IL",
		"PrimaryContacts": [{
			"PrimaryContact": "Adam Smith",
			"Email": "smith @emailaddress.com",
			"Phone": "812-234-4445"
		}, {
			"PrimaryContact": "John",
			"Email": "John@emailaddress.com",
			"Phone": "812-234-4445"
		}],
		"LeadPartners": [{
			"rank": "1",
			"office": "CHI1",
			"LeadPartner": "Jane Don",
			"Phone": "312-212-8499",
			"Email": "abc@emailsddress.com"
		}, {
			"rank": "2",
			"office": "CHI1",
			"LeadPartner": "Jane Don",
			"Phone": "312-212-8499",
			"Email": "abc@emailsddress.com"
		}, {
			"rank": "3",
			"office": "CHI1",
			"LeadPartner": "Jane Don",
			"Phone": "312-212-8499",
			"Email": "abc@emailsddress.com"
		}]
	}, {
		"ClientID": "0006",
		"Name": "Adam Alexander",
		"Classification": "Collaboration",
		"Role": "Client",
		"Designation": "Clients Other Business",
		"CommentsDisp": false,
		"Address": "1688 Redpoint PM Estates, IL 690380",
		"Address1": "1688 Redpoint",
		"Address2": "PM Estates",
		"Address3": "IL 690380",
		"City": "Hoffmen Estate",
		"State": "Illinois",
		"ZipCode": "60196",
		"Country": "USA",
		"PriContactName": "Mpeg La, L.L.C",
		"PriContactPhone": "212-110-4459",
		"PriContactMail": "alexander@emailaddress.com",
		"BillingOffice": "Chicago, IL",
		"PrimaryContacts": [{
			"PrimaryContact": "Ruiz",
			"Email": "Ruiz@emailaddress.com",
			"Phone": "812-234-4445"
		}, {
			"PrimaryContact": "Natasha",
			"Email": "Natasha@emailaddress.com",
			"Phone": "812-234-4445"
		}],
		"LeadPartners": [{
			"rank": "1",
			"office": "CHI1",
			"LeadPartner": "Ruiz",
			"Phone": "312-212-8499",
			"Email": "Ruiz@emailsddress.com"
		}, {
			"rank": "2",
			"office": "CHI1",
			"LeadPartner": "Natasha",
			"Phone": "312-212-8499",
			"Email": "Natasha@emailsddress.com"
		}, {
			"rank": "3",
			"office": "CHI1",
			"LeadPartner": "Jane Don",
			"Phone": "312-212-8499",
			"Email": "abc@emailsddress.com"
		}]
	}, {
		"ClientID": "0007",
		"Name": "Thrifty Supply CO",
		"Classification": "Organization",
		"Role": "Related Party",
		"Designation": "Clients Other Business",
		"CommentsDisp": false,
		"Address": "1789 Redpoint PM Estates, IL 690380",
		"Address1": "1789 Redpoint",
		"Address2": "PM Estates",
		"Address3": "IL 690380",
		"City": "Hoffmen Estate",
		"State": "Illinois",
		"ZipCode": "60196",
		"Country": "USA",
		"PriContactName": "John Doe",
		"PriContactPhone": "212-211-8499",
		"PriContactMail": "john@emailaddress.com",
		"BillingOffice": "Chicago, IL",
		"PrimaryContacts": [{
			"PrimaryContact": "Thrifty",
			"Email": "Thrifty @emailaddress.com",
			"Phone": "812-234-4445"
		}, {
			"PrimaryContact": "John",
			"Email": "John@emailaddress.com",
			"Phone": "812-234-4445"
		}],
		"LeadPartners": [{
			"rank": "1",
			"office": "CHI1",
			"LeadPartner": "Jane Don",
			"Phone": "312-212-8499",
			"Email": "abc@emailsddress.com"
		}, {
			"rank": "2",
			"office": "CHI1",
			"LeadPartner": "Smith",
			"Phone": "312-212-8499",
			"Email": "Smith@emailsddress.com"
		}, {
			"rank": "3",
			"office": "CHI1",
			"LeadPartner": "Ruiz",
			"Phone": "312-212-8499",
			"Email": "Ruiz@emailsddress.com"
		}]
	}],
	"ClientContacts": [{
		"PrimaryContact": "Adam Smith",
		"Email": "smith @emailaddress.com",
		"Phone": "812-234-4445"
	}, {
		"PrimaryContact": "John",
		"Email": "John@emailaddress.com",
		"Phone": "812-234-4445"
	}],
	"Classification": [{
		"Key": "Individual",
		"Name": "Individual"
	}, {
		"Key": "Dependent",
		"Name": "Dependent"
	}, {
		"Key": "Organisation",
		"Name": "Organisation"
	}],
	"BillingOffice": [{
		"Key": "Chicago",
		"BillingOffice": "Chicago"
	}, {
		"Key": "Hoffman Estates",
		"BillingOffice": "Hoffman Estates"
	}, {
		"Key": "Hoffman Estates",
		"BillingOffice": "Hoffman Estates"
	}],

	"CategoriesCollection": [{
		"CategoryName": "Billing",
		"Name": "Hourly Rate"
	}, {
		"CategoryName": "Billing",
		"Name": "Most Favored"
	}, {
		"CategoryName": "Billing",
		"Name": "Required Fees"
	}, {
		"CategoryName": "Billing",
		"Name": "Budgeting"
	}, {
		"CategoryName": "Conflicts",
		"Name": "Waivers"
	}, {
		"CategoryName": "Conflicts",
		"Name": "Adversity"
	}],
	"RouteToCollection": [{

	}, {
		"Name": "Curties Powel"
	}, {
		"Name": "Cornelius Curties"
	}, {
		"Name": "Jan Hunt"
	}, {
		"Name": "Adam Alexander"
	}],

	"KnownParties": [{
			"Name": "John Doe",
			"Classification": "Individual",
			"Role": "Client",
			"Designation": "Clients Other Business",
			"CommentsDisp": false
		}, {
			"Name": "Thrifty Supply CO",
			"Classification": "Organization",
			"Role": "Client",
			"Designation": "Clients Other Business",
			"CommentsDisp": false
		}, {
			"Name": "Natasha Ruiz, Jan Hunt",
			"Classification": "Collaboration",
			"Role": "Client",
			"Designation": "Clients Other Business",
			"CommentsDisp": false
		}, {
			"Name": "Mpeg La, L.L.C",
			"Classification": "Organization",
			"Role": "Client",
			"Designation": "Clients Other Business",
			"CommentsDisp": false
		}, {
			"Name": "Pinterest, Inc.",
			"Classification": "Organization",
			"Role": "Client",
			"Designation": "Clients Other Business",
			"CommentsDisp": false
		}, {
			"Name": "Cornelius Curtis",
			"Classification": "Individual",
			"Role": "Client",
			"Designation": "Clients Other Business",
			"CommentsDisp": false
		}, {
			"Name": "Jan Hunt",
			"Classification": "Individual",
			"Role": "Client",
			"Designation": "Clients Other Business",
			"CommentsDisp": false
		}

	],
	"MatterDetails": [{
		"MatterId": "01",
		"MtrName": "Marbury v. Madison",
		"ServiceArea": "Commercial Litigation",
		"PracticeGroup ": "Intellectual Property",
		"MatterMgmtPartner": "Natasha Ruiz",
		"MatterMgmtOffice": "",
		"EstimatedFees": "50,000",
		"MatterDescription": "Lorem ipsum dolor sit amet, consectetur adipisicing elit.",
		"PayorName": "John Doe",
		"PayorAddress1": "2820 Greenspoint Pkwy",
		"PayorAddress2": "2820 Greenspoint Pkwy",
		"PayorCity": "Hoffman Estates",
		"PayorState": "Illinois",
		"PayorZip": "60169",
		"PayorCountry": "United States",
		"PayorPhone": "312-212-8499"
	}, {
		"MatterId": "02",
		"MtrName": "Gibbons v. Ogden",
		"ServiceArea": "Commercial Litigation",
		"PracticeGroup ": "Intellectual Property",
		"MatterMgmtPartner": "Natasha Ruiz",
		"MatterMgmtOffice": "",
		"EstimatedFees": "50,000",
		"MatterDescription": "Lorem ipsum dolor sit amet, consectetur adipisicing elit.",
		"PayorName": "John Doe",
		"PayorAddress1": "2820 Greenspoint Pkwy",
		"PayorAddress2": "2820 Greenspoint Pkwy",
		"PayorCity": "Hoffman Estates",
		"PayorState": "Illinois",
		"PayorZip": "60169",
		"PayorCountry": "United States",
		"PayorPhone": "312-212-8499"
	}, {
		"MatterId": "03",
		"MtrName": "Plessy v. Ferguson",
		"ServiceArea": "Commercial Litigation",
		"PracticeGroup ": "Intellectual Property",
		"MatterMgmtPartner": "Natasha Ruiz",
		"MatterMgmtOffice": "",
		"EstimatedFees": "50,000",
		"MatterDescription": "Lorem ipsum dolor sit amet, consectetur adipisicing elit.",
		"PayorName": "John Doe",
		"PayorAddress1": "2820 Greenspoint Pkwy",
		"PayorAddress2": "2820 Greenspoint Pkwy",
		"PayorCity": "Hoffman Estates",
		"PayorState": "Illinois",
		"PayorZip": "60169",
		"PayorCountry": "United States",
		"PayorPhone": "312-212-8499"
	}],
	"MatterMgmtPartner": [{
		"MtrName": "Curtis Powell"
	}, {
		"MtrName": "Jan Hunt"
	}, {
		"MtrName": "Adem Alexander"
	}, {
		"MtrName": "Angie Vega"
	}, {
		"MtrName": "Patric Simon"
	}, {
		"MtrName": "Marion Stephens"
	}],
	"ServiceArea": [{
		"ServiceArea": "Acquistion Finace"
	}, {
		"ServiceArea": "Administrative Law"
	}, {
		"ServiceArea": "Aircraft Finance"
	}, {
		"ServiceArea": "Asset Finace"
	}, {
		"ServiceArea": "Banking & Finace"
	}, {
		"ServiceArea": "Banking & Finace Litigation"
	}, {
		"ServiceArea": "Bankruptcy"
	}, {
		"ServiceArea": "Brand Enforcement"
	}, {
		"ServiceArea": "Brand Management"
	}, {
		"ServiceArea": "Broker Dealer"
	}, {
		"ServiceArea": "Business Change and Restructuring"
	}, {
		"ServiceArea": "Capital Markets"
	}, {
		"ServiceArea": "Climate Law & Finance"
	}, {
		"ServiceArea": "Commercial Litigation"
	}, {
		"ServiceArea": "Communication & Mobility"
	}, {
		"ServiceArea": "Construction"
	}, {
		"ServiceArea": "Copyright"
	}, {
		"ServiceArea": "Corporate Compliance & Governance"
	}, {
		"ServiceArea": "Corporate Reorganizations"
	}, {
		"ServiceArea": "Acquistion Finace"
	}],
	"PracticeGroup": [{
		"PracticeGroup": "3MLST-Phase"
	}, {
		"PracticeGroup": "AntiTrust-Comp"
	}, {
		"PracticeGroup": "Banking & Finance"
	}, {
		"PracticeGroup": "Capital Markets"
	}, {
		"PracticeGroup": "Compliance"
	}, {
		"PracticeGroup": "Employment"
	}],
	"MatterMgmtOffice": [{
		"MatterMgmtOffice": "Global"
	}, {
		"MatterMgmtOffice": "Abu DHabi"
	}, {
		"MatterMgmtOffice": "Australia"
	}, {
		"MatterMgmtOffice": "Bankok"
	}, {
		"MatterMgmtOffice": "Canada"
	}, {
		"MatterMgmtOffice": "Germany"
	}],
	"StateSet": [{
		"State": "Illinois"
	}],
	"CountrySet": [{
		"Country": "USA"
	}]

}