{

	"LeadPartner": [{
		"rank": "1",
		"office": "CHI1",
		"LeadPartner": "Jane Don",
		"Phone": "312-212-8499",
		"email": "abc@emailsddress.com"
	}, {
		"rank": "2",
		"office": "CHI1",
		"LeadPartner": "Jane Don",
		"Phone": "312-212-8499",
		"email": "abc@emailsddress.com"
	}, {
		"rank": "3",
		"office": "CHI1",
		"LeadPartner": "Jane Don",
		"Phone": "312-212-8499",
		"email": "abc@emailsddress.com"
	}],
	"ClientContacts": [{
		"PrimaryContact": "Adam Smith",
		"Email": "smith @emailaddress.com",
		"Phone": "812-234-4445"
	}, {
		"PrimaryContact": "John",
		"Email": "John@emailaddress.com",
		"Phone": "812-234-4445"
	}],

	"BillingOfc": [{
		"Key": "Chicago IL",
		"Name": "Chicago IL"
	}, {
		"Key": "Hoffman Estates",
		"Name": "Hoffman Estates"
	}, {
		"Key": "Hoffman Estates",
		"Name": "Hoffman Estates"
	}],

	"RoleItems": [{
		"Role": "Client"
	}, {
		"Role": "Client"
	}, {
		"Role": "Client"
	}, {
		"Role": "Client"
	}, {
		"Role": "Client"
	}, {
		"Role": "Client"
	}, {
		"Role": "Client"
	}],
	"Clients": [{
		"ClientID": "0001",
		"Name": "John Doe",
		"Classification": "Individual",
		"Role": "Client",
		"Designation": "Clients Other Business",
		"CommentsDisp": false,
		"Address": "2820 Greenspoint Pkwy Hoffman Estates, IL 60169",
		"PriContactName": "Adam Smith",
		"PriContactPhone": "312-212-8499",
		"PriContactMail": "asmith@emailaddress.com",
		"BillingOffice": "Chicago, IL"
	}, {
		"ClientID": "0002",
		"Name": "Mpeg La, L.L.C",
		"Classification": "Organization",
		"Role": "Other Party",
		"Designation": "Clients Other Business",
		"CommentsDisp": false,
		"Address": "4589 GreenPoint PM Estates, IL 698940",
		"PriContactName": "Natasha",
		"PriContactPhone": "212-220-4899",
		"PriContactMail": "Natasha@emailaddress.com",
		"BillingOffice": "Chicago, IL"
	}, {
		"ClientID": "0003",
		"Name": "Pinterest, Inc.",
		"Classification": "Organization",
		"Role": "Adverse Party",
		"Designation": "Clients Other Business",
		"CommentsDisp": false,
		"Address": "7859 Endpoint AM Vilas, IL 694678",
		"PriContactName": "Cornelius",
		"PriContactPhone": "212-310-4959",
		"PriContactMail": "Cornelius@emailaddress.com",
		"BillingOffice": "Chicago, IL"
	}, {
		"ClientID": "0004",
		"Name": "Cornelius Curtis",
		"Classification": "Individual",
		"Role": "Other Party",
		"Designation": "Clients Other Business",
		"CommentsDisp": false,
		"Address": "5566 NorthPoint EX Valley, IL 699000",
		"PriContactName": "Jan",
		"PriContactPhone": "212-951-3249",
		"PriContactMail": "Jan@emailaddress.com",
		"BillingOffice": "Chicago, IL"
	}, {
		"ClientID": "0005",
		"Name": "Jan Hunt",
		"Classification": "Individual",
		"Role": "Related Party",
		"Designation": "Clients Other Business",
		"CommentsDisp": false,
		"Address": "9009 Expresspoint GM Estates, IL 694899",
		"PriContactName": "Pinterest",
		"PriContactPhone": "212-560-7839",
		"PriContactMail": "Pinterest@emailaddress.com",
		"BillingOffice": "Chicago, IL"
	}, {
		"ClientID": "0006",
		"Name": "Adam Alexander",
		"Classification": "Collaboration",
		"Role": "Client",
		"Designation": "Clients Other Business",
		"CommentsDisp": false,
		"Address": "1688 Redpoint PM Estates, IL 690380",
		"PriContactName": "Mpeg La, L.L.C",
		"PriContactPhone": "212-110-4459",
		"PriContactMail": "alexander@emailaddress.com",
		"BillingOffice": "Chicago, IL"
	}, {
		"ClientID": "0007",
		"Name": "Thrifty Supply CO",
		"Classification": "Organization",
		"Role": "Related Party",
		"Designation": "Clients Other Business",
		"CommentsDisp": false,
		"Address": "1789 Redpoint PM Estates, IL 690380",
		"PriContactName": "John Doe",
		"PriContactPhone": "212-211-8499",
		"PriContactMail": "john@emailaddress.com",
		"BillingOffice": "Chicago, IL"
	}],
	"PracticeGroup": [{
		"PGroup": "3MLST-Phase"
	}, {
		"PGroup": "AntiTrust-Comp"
	}, {
		"PGroup": "Banking & Finance"
	}, {
		"PGroup": "Capital Markets"
	}, {
		"PGroup": "Compliance"
	}, {
		"PGroup": "Employment"
	}],
	"ServiceArea": [{
		"SArea": "Acquistion Finace"
	}, {
		"SArea": "Administrative Law"
	}, {
		"SArea": "Aircraft Finance"
	}, {
		"SArea": "Asset Finace"
	}, {
		"SArea": "Banking & Finace"
	}, {
		"SArea": "Banking & Finace Litigation"
	}, {
		"SArea": "Bankruptcy"
	}, {
		"SArea": "Brand Enforcement"
	}, {
		"SArea": "Brand Management"
	}, {
		"SArea": "Broker Dealer"
	}, {
		"SArea": "Business Change and Restructuring"
	}, {
		"SArea": "Capital Markets"
	}, {
		"SArea": "Climate Law & Finance"
	}, {
		"SArea": "Commercial Litigation"
	}, {
		"SArea": "Communication & Mobility"
	}, {
		"SArea": "Construction"
	}, {
		"SArea": "Copyright"
	}, {
		"SArea": "Corporate Compliance & Governance"
	}, {
		"SArea": "Corporate Reorganizations"
	}, {
		"SArea": "Acquistion Finace"
	}],
	"MatterMgmtOffice": [{
		"MMOffice": "Global"
	}, {
		"MMOffice": "Abu DHabi"
	}, {
		"MMOffice": "Australia"
	}, {
		"MMOffice": "Bankok"
	}, {
		"MMOffice": "Canada"
	}, {
		"MMOffice": "Germany"
	}],
	"MatterMgmtPartner": [{
		"MMPartner": "Curtis Powell"
	}, {
		"MMPartner": "Jan Hunt"
	}, {
		"MMPartner": "Adem Alexander"
	}, {
		"MMPartner": "Angie Vega"
	}, {
		"MMPartner": "Patric Simon"
	}, {
		"MMPartner": "Marion Stephens"
	}],
	"DesignationItems": [{
		"Designation": "Clients Other Business"
	}, {
		"Designation": "Clients Other Business"
	}, {
		"Designation": "Clients Other Business"
	}, {
		"Designation": "Clients Other Business"
	}, {
		"Designation": "Clients Other Business"
	}, {
		"Designation": "Clients Other Business"
	}, {
		"Designation": "Clients Other Business"
	}],
	"Classification": [{
		"Key": "Individual",
		"Name": "Individual"
	}, {
		"Key": "Dependent",
		"Name": "Dependent"
	}, {
		"Key": "Organisation",
		"Name": "Organisation"
	}],
	"KnownParties": [{
			"Name": "John Doe",
			"Classification": "Individual",
			"Role": "Client",
			"Designation": "Clients Other Business",
			"CommentsDisp": false,
			"ConflictDisp": true
		}, {
			"Name": "Thrifty Supply CO",
			"Classification": "Organization",
			"Role": "Client",
			"Designation": "Clients Other Business",
			"CommentsDisp": false,
			"ConflictDisp": true
		}, {
			"Name": "Natasha Ruiz, Jan Hunt",
			"Classification": "Collaboration",
			"Role": "Client",
			"Designation": "Clients Other Business",
			"CommentsDisp": false,
			"ConflictDisp": true
		}, {
			"Name": "Mpeg La, L.L.C",
			"Classification": "Organization",
			"Role": "Client",
			"Designation": "Clients Other Business",
			"CommentsDisp": false,
			"ConflictDisp": false
		}, {
			"Name": "Pinterest, Inc.",
			"Classification": "Organization",
			"Role": "Client",
			"Designation": "Clients Other Business",
			"CommentsDisp": false,
			"ConflictDisp": false
		}, {
			"Name": "Cornelius Curtis",
			"Classification": "Individual",
			"Role": "Client",
			"Designation": "Clients Other Business",
			"CommentsDisp": false,
			"ConflictDisp": false
		}, {
			"Name": "Jan Hunt",
			"Classification": "Individual",
			"Role": "Client",
			"Designation": "Clients Other Business",
			"CommentsDisp": false,
			"ConflictDisp": false
		}

	],
	"VAConflicts": [{
		"ID": 1,
		"PartyName": "John Doe",
		"Classification": "Individual",
		"Role": "Client",
		"Designation": "Clients Other Business"
	}, {
		"ID": 2,
		"PartyName": "Mpeg La, L.L.C.",
		"Classification": "Organization",
		"Role": "Client",
		"Designation": "Clients Other Business"
	}, {
		"ID": 3,
		"PartyName": "Pinterest, Inc.",
		"Classification": "Organization",
		"Role": "Client",
		"Designation": "Clients Other Business"
	}, {
		"ID": 4,
		"PartyName": "Cornelius Curtis",
		"Classification": "Individual",
		"Role": "Client",
		"Designation": "Clients Other Business"
	}, {
		"ID": 5,
		"PartyName": "Jan Hunt",
		"Classification": "Individual",
		"Role": "Client",
		"Designation": "Clients Other Business"
	}, {
		"ID": 6,
		"PartyName": "Adam Alexander",
		"Classification": "Individual",
		"Role": "Client",
		"Designation": "Clients Other Business"
	}, {
		"ID": 7,
		"PartyName": "Certified Clam Corp.",
		"Classification": "Organization",
		"Role": "Client",
		"Designation": "Clients Other Business"
	}, {
		"ID": 8,
		"PartyName": "Thrifty Supply Corp",
		"Classification": "Organization",
		"Role": "Client",
		"Designation": "Clients Other Business"
	}, {
		"ID": 9,
		"PartyName": "Natasha Ruiz",
		"Classification": "Individual",
		"Role": "Client",
		"Designation": "Clients Other Business"
	}, {
		"ID": 10,
		"PartyName": "Apple Inc.",
		"Classification": "Organization",
		"Role": "Client",
		"Designation": "Clients Other Business"
	}],
	"Conflicts": [{
		"ClientID": 1,
		"Client": "Apple Inc.",
		"Date": "01/20/2017",
		"MatterName": "Marbury v. Madison",
		"MatterStatus": "Pending",
		"PartyName": "John Doe",
		"Role": "Client",
		"Designation": "Clients Other Business",
		"ResponsiblePartner": "Adam Smith"
	}, {
		"ClientID": 1,
		"Client": "Sephora",
		"Date": "01/20/2017",
		"MatterName": "Santa Clar County v. S Pacific RR",
		"MatterStatus": "Approved",
		"PartyName": "John Doe",
		"Role": "Related Party",
		"Designation": "Broker",
		"ResponsiblePartner": "Curtis Powell"
	}, {
		"ClientID": 1,
		"Client": "Mpeg La, L.L.C.",
		"Date": "01/20/2017",
		"MatterName": "McCulloch v. Maryland",
		"MatterStatus": "Active",
		"PartyName": "John Doe",
		"Role": "Related Party",
		"Designation": "Broker",
		"ResponsiblePartner": "Cornelius Curtis"
	}, {
		"ClientID": 1,
		"Client": "Pinterest Inc.",
		"Date": "01/20/2017",
		"MatterName": "Plessy v. Ferguson",
		"MatterStatus": "Complete",
		"PartyName": "John Doe",
		"Role": "Related Party",
		"Designation": "Broker",
		"ResponsiblePartner": "Jan Hunt"
	}, {
		"ClientID": 1,
		"Client": "Intel Corporation",
		"Date": "01/20/2017",
		"MatterName": "Lochner v. NY",
		"MatterStatus": "Incomplete",
		"PartyName": "John Doe",
		"Role": "Related Party",
		"Designation": "Broker",
		"ResponsiblePartner": "Adam Smith"
	}, {
		"ClientID": 2,
		"Client": "Rivell Enterprises",
		"Date": "01/20/2017",
		"MatterName": "Standard Oil Co. of NJ v. US",
		"MatterStatus": "Approved",
		"PartyName": "John Doe",
		"Role": "Related Party",
		"Designation": "Broker",
		"ResponsiblePartner": "Marion Stephens"
	}, {
		"ClientID": 2,
		"Client": "Certified Clam Corp",
		"Date": "01/20/2017",
		"MatterName": "Schecter Poultry Corp v. US",
		"MatterStatus": "Active",
		"PartyName": "John Doe",
		"Role": "Related Party",
		"Designation": "Broker",
		"ResponsiblePartner": "Patrick Simon"
	}, {
		"ClientID": 2,
		"Client": "Apple Inc.",
		"Date": "01/20/2017",
		"MatterName": "Marbury v. Madison",
		"MatterStatus": "Pending",
		"PartyName": "John Doe",
		"Role": "Client",
		"Designation": "Clients Other Business",
		"ResponsiblePartner": "Curtis Powell"
	}, {
		"ClientID": 2,
		"Client": "Sephora",
		"Date": "01/20/2017",
		"MatterName": "Santa Clar County v. S Pacific RR",
		"MatterStatus": "Approved",
		"PartyName": "John Doe",
		"Role": "Related Party",
		"Designation": "Broker",
		"ResponsiblePartner": "April Burton"
	}, {
		"ClientID": 2,
		"Client": "Mpeg La, L.L.C.",
		"Date": "01/20/2017",
		"MatterName": "McCulloch v. Maryland",
		"MatterStatus": "Active",
		"PartyName": "John Doe",
		"Role": "Related Party",
		"Designation": "Broker",
		"ResponsiblePartner": "Ismael Phillips"
	}, {
		"ClientID": 3,
		"Client": "Pinterest Inc.",
		"Date": "01/20/2017",
		"MatterName": "Plessy v. Ferguson",
		"MatterStatus": "Complete",
		"PartyName": "John Doe",
		"Role": "Related Party",
		"Designation": "Broker",
		"ResponsiblePartner": "Natasha Ruiz"
	}, {
		"ClientID": 3,
		"Client": "Intel Corporation",
		"Date": "01/20/2017",
		"MatterName": "Lochner v. NY",
		"MatterStatus": "Incomplete",
		"PartyName": "John Doe",
		"Role": "Related Party",
		"Designation": "Broker",
		"ResponsiblePartner": "Adam Alexander"
	}, {
		"ClientID": 3,
		"Client": "Rivell Enterprises",
		"Date": "01/20/2017",
		"MatterName": "Standard Oil Co. of NJ v. US",
		"MatterStatus": "Approved",
		"PartyName": "John Doe",
		"Role": "Related Party",
		"Designation": "Broker",
		"ResponsiblePartner": "Jan Hunt"
	}, {
		"ClientID": 3,
		"Client": "Intel Corporation",
		"Date": "01/20/2017",
		"MatterName": "Lochner v. NY",
		"MatterStatus": "Incomplete",
		"PartyName": "Pinterest, Inc",
		"Role": "Related Party",
		"Designation": "Broker",
		"ResponsiblePartner": "Adam Smith"
	}, {
		"ClientID": 3,
		"Client": "Rivell Enterprises",
		"Date": "01/20/2017",
		"MatterName": "Standard Oil Co. of NJ v. US",
		"MatterStatus": "Approved",
		"PartyName": "Pinterest, Inc",
		"Role": "Related Party",
		"Designation": "Broker",
		"ResponsiblePartner": "Marion Stephens"
	}, {
		"ClientID": 4,
		"Client": "Certified Clam Corp",
		"Date": "01/20/2017",
		"MatterName": "Schecter Poultry Corp v. US",
		"MatterStatus": "Active",
		"PartyName": "Pinterest, Inc",
		"Role": "Related Party",
		"Designation": "Broker",
		"ResponsiblePartner": "Patrick Simon"
	}, {
		"ClientID": 4,
		"Client": "Apple Inc.",
		"Date": "01/20/2017",
		"MatterName": "Marbury v. Madison",
		"MatterStatus": "Pending",
		"PartyName": "Pinterest, Inc",
		"Role": "Client",
		"Designation": "Clients Other Business",
		"ResponsiblePartner": "Curtis Powell"
	}, {
		"ClientID": 4,
		"Client": "Sephora",
		"Date": "01/20/2017",
		"MatterName": "Santa Clar County v. S Pacific RR",
		"MatterStatus": "Approved",
		"PartyName": "Pinterest, Inc",
		"Role": "Related Party",
		"Designation": "Broker",
		"ResponsiblePartner": "April Burton"
	}],

	"AddTerms": [{
		"DocumentId": "Doc0001",
		"DocumentTitle": "Client Outside Counsel Guidelines II",
		"Status": "Submitted",
		"FileName": "Client OCGs.doc",
		"Date": "01/20/2017",
		"FileSize": "19.68 KB",
		"MimeType": "application/pdf",
		"url": "file:///C:/Users/FGT0036/Desktop/List%20of%20Holiday%20-%202017%20-%20Fulcrum.pdf"

	}, {
		"DocumentId": "Doc0002",
		"DocumentTitle": "Client Outside Counsel Guidelines II",
		"Status": "Submitted",
		"FileName": "Client OCGs.doc",
		"Date": "01/20/2017",
		"FileSize": "19.68 KB",
		"MimeType": "application/pdf",
		"url": "file:///C:/Users/FGT0036/Desktop/List%20of%20Holiday%20-%202017%20-%20Fulcrum.pdf"
	}, {
		"DocumentId": "Doc0003",
		"DocumentTitle": "Client Outside Counsel Guidelines II",
		"Status": "Submitted",
		"FileName": "Client OCGs.doc",
		"Date": "01/20/2017",
		"FileSize": "19.68 KB",
		"MimeType": "application/pdf",
		"url": "file:///C:/Users/FGT0036/Desktop/List%20of%20Holiday%20-%202017%20-%20Fulcrum.pdf"
	}, {
		"DocumentId": "Doc0004",
		"DocumentTitle": "Client Outside Counsel Guidelines II",
		"Status": "Submitted",
		"FileName": "Client OCGs.doc",
		"Date": "01/20/2017",
		"FileSize": "19.68 KB",
		"MimeType": "application/pdf",
		"url": "file:///C:/Users/FGT0036/Desktop/List%20of%20Holiday%20-%202017%20-%20Fulcrum.pdf"
	}, {
		"DocumentId": "Doc0005",
		"DocumentTitle": "Client Outside Counsel Guidelines II",
		"Status": "Submitted",
		"FileName": "Client OCGs.doc",
		"Date": "01/20/2017",
		"FileSize": "19.68 KB",
		"MimeType": "application/pdf",
		"url": "file:///C:/Users/FGT0036/Desktop/List%20of%20Holiday%20-%202017%20-%20Fulcrum.pdf"
	}]

}