<!--<core:FragmentDefinition
	xmlns="sap.m"
	xmlns:core="sap.ui.core">
	<ResponsivePopover
		title="{Name}"
		class="sapUiPopupWithPadding"
		placement="Bottom" >
		<endButton>
			<Button text="Add" press="handleCommentAdd" />
		</endButton>
		<content>
			<TextArea value="{worklistView>/Comments}" cols="30" rows="4" />
		</content>
	</ResponsivePopover>
</core:FragmentDefinition>-->

<core:FragmentDefinition
	xmlns="sap.m"
	xmlns:custom="http://schemas.sap.com/sapui5/extension/sap.ui.core.CustomData/1"
	xmlns:core="sap.ui.core">
	<Popover
		title="{i18n>AddComment}"
		class="sapUiContentPadding"
		placement="Right"
			initialFocus="email">
		<footer>
			<Toolbar>
				<ToolbarSpacer/>
				<Button
					id="AddComment"
					text="{i18n>AddComment}"
					custom:ActionCode="SAVE"
					press="handleCommentAdd" />
			</Toolbar>
		</footer>
		<TextArea value="{masterView>/NewComments}" cols="30" rows="4" />
	</Popover>
</core:FragmentDefinition>