<core:FragmentDefinition xmlns="sap.m" xmlns:core="sap.ui.core"
	xmlns:custom="http://schemas.sap.com/sapui5/extension/sap.ui.core.CustomData/1">
	<ViewSettingsDialog confirm="applyFilter" resetFilters="handleResetFilters">
		<sortItems>
			<ViewSettingsItem text="{i18n>DraftBill}" key="Vbeln" selected="true"/>
			<ViewSettingsItem text="{i18n>Matter}" key="Pspid"/>
			<ViewSettingsItem text="{i18n>BillingPartner}" key="BillingPartner"/>
			<ViewSettingsItem text="{i18n>Softcost}" key="ScValue"/>
			<ViewSettingsItem text="{i18n>Fee}" key="FeeValue"/>
			<ViewSettingsItem text="{i18n>Hardcost}" key="HcValue"/>
			<ViewSettingsItem text="{i18n>NetAmount}" key="NetValue"/>
			<ViewSettingsItem text="{i18n>Currency}" key="Waers"/>
		</sortItems>
		<!--	<groupItems>
			<ViewSettingsItem text="{i18n>Matter}" key="Pspid"/>
			<ViewSettingsItem text="{i18n>BillingPartner}" key="BillingPartner"/>
				<ViewSettingsItem text="{i18n>BillOffice}" key="Boffice"/>
		</groupItems>-->
		<filterItems>
			<ViewSettingsCustomItem id="idCustomFilterItem" text="{i18n>DraftBill}" key="Vbeln">
				<customControl>
					<List items="{ path: '/WorklistItemsSet'}" mode="MultiSelect" selectionChange="filterListChange" custom:index="0"><StandardListItem title="{Vbeln}"/>
					</List>
				</customControl>
			</ViewSettingsCustomItem>
			<ViewSettingsCustomItem text="{i18n>NetAmount}" key="NetValue" custom:Type="Edm.Int">
				<customControl>
					<List items="{ path: '/WorklistItemsSet'}" mode="MultiSelect" selectionChange="filterListChange"  custom:index="1"><StandardListItem title="{NetValue}"/>
					</List>
				</customControl>
			</ViewSettingsCustomItem>
			<ViewSettingsFilterItem text="{i18n>Priority}" key="Priority" multiSelect="false">
				<items>
					<ViewSettingsItem text="H" key="Priority"/>
					<ViewSettingsItem text="M" key="Priority"/>
					<ViewSettingsItem text="L" key="Priority"/>
				</items>
			</ViewSettingsFilterItem>
			<ViewSettingsCustomItem text="{i18n>Status}" key="StatusCode">
				<customControl>
					<List items="{ path: '/WorklistItemsSet'}" mode="MultiSelect" selectionChange="filterListChange" custom:index="3">
						<StandardListItem title="{StatusCode}" description="{Status}"/>
					</List>
				</customControl>
			</ViewSettingsCustomItem>
			<ViewSettingsCustomItem text="{i18n>MatterName}" key="Post1">
				<customControl>
					<List items="{ path: '/WorklistItemsSet'}" mode="MultiSelect" selectionChange="filterListChange" custom:index="4"><StandardListItem title="{Post1}"/>
					</List>
				</customControl>
			</ViewSettingsCustomItem>
		</filterItems>
	</ViewSettingsDialog>
</core:FragmentDefinition>