<core:FragmentDefinition xmlns="sap.m" xmlns:core="sap.ui.core">
	<!--<Popover title="{i18n>commentTittleF}" class="sapUiContentPadding" placement="Left" initialFocus="email">-->
	<!--	<footer>-->
	<!--		<Toolbar>-->
	<!--			<ToolbarSpacer/>-->
	<!--			<Button id="AddComment" text="{i18n>commentTittleF}" press="handleCommentAdd" enabled="{JsonKey>/addBtnIsEnable}"/>-->
	<!--		</Toolbar>-->
	<!--	</footer>-->
	<!--	<TextArea value="{JsonKey>/NewComments}" cols="30" rows="4" liveChange="onMultiComment"/>-->
	<!--</Popover>-->
	<Dialog title="{i18n>commentTittleF}" contentWidth="20%" contentHeight="30%" resizable="true">
		<buttons>
			<Button id="btnInFragment" text="Ok" press="handleRejectpress" enabled="{JsonKey>/addBtnIsEnable}"/>
			<Button text="Cancle" press="onCancelPress"/>
		</buttons>
		<content>
			<TextArea value="{JsonKey>/NewComments}" cols="30" rows="6" liveChange="onMultiComment" width="100%" height="100%"/>
		</content>
	</Dialog>
</core:FragmentDefinition>