<core:FragmentDefinition xmlns="sap.m" xmlns:mvc="sap.ui.core.mvc" xmlns:core="sap.ui.core" xmlns:ui="sap.ui.table" xmlns:u="sap.ui.unified"
	xmlns:footerbar="sap.ushell.ui.footerbar" xmlns:smartTable="sap.ui.comp.smarttable" xmlns:smartFilterBar="sap.ui.comp.smartfilterbar"
	xmlns:viz="sap.viz.ui5.controls" xmlns:viz.feeds="sap.viz.ui5.controls.common.feeds" xmlns:sc="sap.suite.ui.commons"
	xmlns:viz.data="sap.viz.ui5.data" xmlns:vizc="sap.viz.ui5.controls" xmlns:f="sap.ui.layout.form" xmlns:l="sap.ui.layout"
	xmlns:app="http://schemas.sap.com/sapui5/extension/sap.ui.core.CustomData/1" class="sapUiNoContentPadding">
	<!--<Panel class="sapUiNoContentPadding">-->
	<!--<l:Grid defaultSpan="L12 M12 S12" class="sapUiNoContentPadding">-->
	<!--	<l:content>-->
	<!--<VBox>-->
	<!--	<layoutData>-->
	<!--		<l:GridData span="L6 M6 S12"/>-->
	<!--	</layoutData>-->
	<!--	<viz:Popover id="idPopOver11"/>-->
	<!--	<viz:VizFrame id="idVizFrame11" uiConfig="{applicationSet:'fiori'}" height="20rem" width="100%" vizType='column' legendVisible="false"-->
	<!--		vizProperties="{title:{text:'Total Legal Spend'}, valueAxis:{title:{visible:'false'}}, categoryAxis:{title:{visible:'false'}}, plotArea:{dataLabel:{visible:'true'}, drawingEffect:'glossy'}}">-->
	<!--		<viz:dataset>-->
	<!--			<viz.data:FlattenedDataset data="{/InvHeaderSet}">-->
	<!--				<viz.data:dimensions>-->
	<!--					<viz.data:DimensionDefinition name="BillingOfficeName" value="{ZzbillingOfficeName}"/>-->
	<!--				</viz.data:dimensions>-->
	<!--				<viz.data:measures>-->
	<!--					<viz.data:MeasureDefinition name="invoiceTotal" value="{ZzinvoiceTotal}"/>-->
	<!--				</viz.data:measures>-->
	<!--			</viz.data:FlattenedDataset>-->
	<!--		</viz:dataset>-->
	<!--		<viz:feeds>-->
	<!--			<viz.feeds:FeedItem id='valueAxisFeed11' uid="valueAxis" type="Measure" values="invoiceTotal"/>-->
	<!--			<viz.feeds:FeedItem id='categoryAxisFeed11' uid="categoryAxis" type="Dimension" values="BillingOfficeName"/>-->
	<!--		</viz:feeds>-->
	<!--	</viz:VizFrame>-->
	<!--</VBox>-->
	<!--<VBox>-->
	<!--	<layoutData>-->
	<!--		<l:GridData span="L6 M6 S12" class="sapUiTinyMarginTop sapUiNoContentPadding"/>-->
	<!--	</layoutData>-->
	<!--	<viz:Popover id="idPopOver21"/>-->
	<!--	<viz:VizFrame id="idVizFrame21" uiConfig="{applicationSet:'fiori'}" height="20rem" width="100%" vizType='donut'-->
	<!--		vizProperties="{title:{text:'Invoice Total Vs Status'}, plotArea:{dataLabel:{visible:'true'}, drawingEffect:'glossy'}}">-->
	<!--		<viz:dataset>-->
	<!--			<viz.data:FlattenedDataset data="{/InvHeaderSet}">-->
	<!--				<viz.data:dimensions>-->
	<!--					<viz.data:DimensionDefinition name="Name" value="{path:'ZzinvStatus',formatter : '.formatter.statusTextChange'}"/>-->
	<!--				</viz.data:dimensions>-->
	<!--				<viz.data:measures>-->
	<!--					<viz.data:MeasureDefinition name="InvoiceTotal" value="{ZzinvoiceTotal}"/>-->
	<!--				</viz.data:measures>-->
	<!--			</viz.data:FlattenedDataset>-->
	<!--		</viz:dataset>-->
	<!--		<viz:feeds>-->
	<!--			<viz.feeds:FeedItem id='valueAxisFeed21' uid="size" type="Measure" values="InvoiceTotal"/>-->
	<!--			<viz.feeds:FeedItem id='categoryAxisFeed21' uid="color" type="Dimension" values="Name"/>-->
	<!--		</viz:feeds>-->
	<!--	</viz:VizFrame>-->
	<!--</VBox>-->
	<!--	</l:content>-->
	<!--</l:Grid>-->
	<l:Grid defaultSpan="L12 M12 S12" hSpacing="0.5" vSpacing="0.5" class="sapUiTinyMarginTop">
		<l:content>
			<IconTabBar id="idIconTabBarNoIconsLSM" selectedKey="01" select="onSelectIconTabBarMyWB" class="sapUiNoContentPadding">
				<items>
					<IconTabFilter text="{i18n>IconTabPending}" id="iTabFMyInv" key="01" count="{JModelButton>/Pending}"></IconTabFilter>
					<IconTabFilter text="{i18n>IconTabApproved}" key="02" count="{JModelButton>/Approved}"/>
					<IconTabFilter text="{i18n>IconTabRejected}" key="03" count="{JModelButton>/Rejected}"/>
					<IconTabFilter text="{i18n>IconTabInProcess}" key="04" count="{JModelButton>/InProcess}"/>
					<IconTabFilter text="{i18n>IconTabHoldBudget}" key="05" count="{JModelButton>/HoldBudget}"/>
					<IconTabSeparator/>
					<IconTabFilter text="{i18n>IconTabPaid}" count="{JModelButton>/Paid}" key="my01"/>
					<IconTabFilter text="{i18n>IconTabProcessed}" count="{JModelButton>/Processed}" key="my02"/>
					<IconTabFilter text="{i18n>IconTabApprovedPPayment}" count="{JModelButton>/ApprovedPayment}" key="my03"/>
					<IconTabFilter text="{i18n>IconTabFaild}" count="{JModelButton>/Faild}" key="my04"/>
				</items>
				<content>
					<smartTable:SmartTable id="MyWorkBenchSTable" smartFilterId="sfbbillingWrkItems" useExportToExcel="true" showRowCount="true"
						editTogglable="false" useTablePersonalisation="true" useVariantManagement="false" persistencyKey="smBillingOfficeTabKey"
						entitySet="InvHeaderSet" enableAutoBinding="true" tableType="Table" app:useSmartField="true" beforeRebindTable="onBeforeRebindTable"
						dataReceived="handleDataReceived" requestAtLeastFields="ZzpymtDoc">
						<smartTable:customToolbar>
							<Toolbar>
								<ToolbarSpacer/>
								<SearchField width="auto" search="onSearch"/>
								<u:FileUploader iconOnly="true" tooltip="upload" icon="sap-icon://upload" name="AttachUpload" uploadComplete="handleUploadAttach"
									buttonOnly="true"/>
							</Toolbar>
						</smartTable:customToolbar>
						<Table id="idwbTable" mode="MultiSelect">
							<columns>
								<Column>
									<customData>
										<core:CustomData key="p13nData"
											value='\{"columnKey": "ZzlawFirmMatterId" ,"columnIndex":"1" ,"maxLength": "10", "leadingProperty": "ZzlawFirmMatterId"}'/>
									</customData>
									<Label design="Bold" text="{i18n>lableMatterNumber}"/>
								</Column>
								<Column visible="{JsonKey>/ZzpymtDoc}">
									<customData>
										<core:CustomData key="p13nData" value='\{"columnKey": "ZzpymtDoc ","columnIndex":"2" ,"leadingProperty": "ZzpymtDoc "}'/>
									</customData>
									<Label design="Bold" text="Payment Reference" wrapping="true"/>
								</Column>
								<Column >
									<customData>
										<core:CustomData key="p13nData" value='\{"columnKey": "ZzinvStatus" ,"columnIndex":"3" ,"maxLength": "6", "leadingProperty": "ZzinvStatus"}'/>
									</customData>
									<Label design="Bold" text="{i18n>lblStatus}"/>
								</Column>
								<!--<Column visible="{JModelButton>/payStatus}">-->
								<!--	<customData>-->
								<!--		<core:CustomData key="p13nData"-->
								<!--			value='\{"columnKey": "ZzpaystatMes" ,"columnIndex":"4" ,"maxLength": "6", "leadingProperty": "ZzpaystatMes"}'/>-->
								<!--	</customData>-->
								<!--	<Label design="Bold" text="{i18n>lblStatus}"/>-->
								<!--</Column>-->
								<Column >
									<customData>
										<core:CustomData key="p13nData" value='\{"columnKey": "ZzvendorName","columnIndex":"5" ,"leadingProperty": "ZzvendorName"}'/>
									</customData>
									<Label design="Bold" text="{i18n>lblVendor}"/>
								</Column>
								<Column >
									<customData>
										<core:CustomData key="p13nData" value='\{"columnKey": "ZzinvoiceNumber","columnIndex":"6" ,"leadingProperty": "ZzinvoiceNumber"}'/>
									</customData>
									<Label design="Bold" text="{i18n>lblInvNumber}" wrapping="true"/>
								</Column>
								<Column >
									<customData>
										<core:CustomData key="p13nData" value='\{"columnKey": "ZzclientId","columnIndex":"7" ,"leadingProperty": "ZzclientId"}'/>
									</customData>
									<Label design="Bold" text="{i18n>lblclint}"/>
								</Column>
								<Column >
									<customData>
										<core:CustomData key="p13nData" value='\{"columnKey": "ZzlawFirmTaxid","columnIndex":"8" ,"leadingProperty": "ZzlawFirmTaxid"}'/>
									</customData>
									<Label design="Bold" text="{i18n>lblVendorTaxId}"/>
								</Column>
								<Column>
									<customData>
										<core:CustomData key="p13nData" value='\{"columnKey": "ZzinvoiceTotal","columnIndex":"9" ,"leadingProperty": "ZzinvoiceTotal"}'/>
									</customData>
									<Label design="Bold" text="Invoice Amount" wrapping="true"/>
								</Column>
								<Column>
									<customData>
										<core:CustomData key="p13nData" value='\{"columnKey": "ZzinvCurrency","columnIndex":"10" ,"leadingProperty": "ZzinvCurrency"}'/>
									</customData>
									<Label design="Bold" text="Currency" wrapping="true"/>
								</Column>
								<Column >
									<customData>
										<core:CustomData key="p13nData" value='\{"columnKey": "ZzbillingOfficeName","columnIndex":"11" ,"leadingProperty": "ZzbillingOfficeName"}'/>
									</customData>
									<Label design="Bold" text="{i18n>lblbillingOfficeName}" wrapping="true"/>
								</Column>
								<Column>
									<customData>
										<core:CustomData key="p13nData" value='\{"columnKey": "ZzinvoiceDate","columnIndex":"12" ,"leadingProperty": "ZzinvoiceDate"}'/>
									</customData>
									<Label design="Bold" text="Invoice Due Date" wrapping="true"/>
								</Column>
								<Column>
									<customData>
										<core:CustomData key="p13nData" value='\{"columnKey": "ZzrejComments","columnIndex":"13" ,"leadingProperty": "ZzrejComments"}'/>
									</customData>
									<Label design="Bold" text="{i18n>LblComment}"/>
								</Column>
								<!---->
								<Column visible="{JsonKey>/Sequence}">
									<customData>
										<core:CustomData key="p13nData" value='\{"columnKey": "Zzseqnr","columnIndex":"14" ,"leadingProperty": "Zzseqnr"}'/>
									</customData>
									<Label design="Bold" text="Sequence"/>
								</Column>
								<Column visible="{JsonKey>/FileTypeC}">
									<customData>
										<core:CustomData key="p13nData" value='\{"columnKey": "Zzfiletype","columnIndex":"15" ,"leadingProperty": "Zzfiletype"}'/>
									</customData>
									<Label design="Bold" text="FileType"/>
								</Column>
							</columns>
							<items>
								<ColumnListItem type="Navigation" press="pressDetailWorkBench" vAlign="Middle">
									<cells>
										<Text text="{ZzlawFirmMatterId}"/>
										<Text text="{ZzpymtDoc} "/>
										<ObjectStatus text="{path:'ZzinvStatus',formatter : '.formatter.statusTextChange'}"
											state="{path:'ZzinvStatus',formatter : '.formatter.statusColorChange'}"/>
										<!--<ObjectStatus text="{ZzpaystatMes}" state="{path:'ZzpayStatus',formatter : '.formatter.statusColorChangePay'}"/>-->
										<Text text="{ZzvendorName}"/>
										<Text text="{ZzinvoiceNumber}"/>
										<Text text="{ZzclientId}"/>
										<Text text="{ZzlawFirmTaxid}"/>
										<Text text="{ZzinvoiceTotal}"/>
										<Text text="{ZzinvCurrency}"/>
										<!--<u:Currency stringValue="{ZzinvoiceTotal}" currency="{ZzinvCurrency}" maxPrecision="2" useSymbol="false"/>-->
										<Text text="{ZzbillingOfficeName}"/>
										<Text text="{ path: 'ZzinvoiceDate', type: 'sap.ui.model.type.Date', formatOptions: { style: 'medium' } }"/>
										<Text text="{ZzrejComments}"/>
										<Text text="{Zzseqnr}"/>
										<Text text="{Zzfiletype}"/>
									</cells>
								</ColumnListItem>
							</items>
						</Table>
					</smartTable:SmartTable>
				</content>
			</IconTabBar>
		</l:content>
	</l:Grid>
	<!--</Panel>-->
</core:FragmentDefinition>