<core:FragmentDefinition xmlns="sap.m" xmlns:core="sap.ui.core">
	<Popover title="Matter to Matter Transfer" placement="Left" contentWidth="26rem" contentHeight="20rem">
		<List mode="None" showSeparators="Inner" items="{worklistView>/ErrorList}" >
			<CustomListItem>
				<HBox>
					<core:Icon src="sap-icon://error" class="sapUiTinyMarginBegin sapUiTinyMarginEnd" color="red"/>
					<Text text="{worklistView>message}"/>
				</HBox>
			</CustomListItem> 
		</List>
	</Popover>
</core:FragmentDefinition>