<core:FragmentDefinition xmlns:m="sap.m" xmlns:core="sap.ui.core" xmlns:l="sap.ui.layout" xmlns:f="sap.ui.layout.form"
	xmlns:smartField="sap.ui.comp.smartfield">
	<m:Dialog id="idMassTransfer" title="Trust Reversal" contentWidth="35%" class="sapUiSizeCompact sapUiContentPadding">
		<m:content>
			<f:Form class="editableForm" editable="true">
				<f:layout>
					<f:ResponsiveGridLayout/> 
				</f:layout>
				<f:FormContainer>
					<f:FormElement> 
						<f:label>
							<!--<smartField:SmartLabel labelFor="idCompanyCode"/>-->
							<m:Label text="{i18n>CompCode}" design="Bold"></m:Label>
						</f:label>
						<smartField:SmartField name="{CompCode}" value="{BukrsT}" id="idCompanyCode" width="50%" change="handleChangeCompanyCode"/>
					</f:FormElement>
					<f:FormElement>
						<f:label>
							<!--<smartField:SmartLabel labelFor="idFiscalYear"/>-->
							<m:Label text="{i18n>FiscalYear}" design="Bold"></m:Label>
						</f:label>
						<smartField:SmartField value="{FiscalYear}" id="idFiscalYear" width="16%" change="handleChangeFields"/>
					</f:FormElement>
					<f:FormElement>
						<f:label>
							<!--<smartField:SmartLabel labelFor="idFiscalYear"/>-->
							<m:Label text="{i18n>ReversalDate}" design="Bold"></m:Label>
						</f:label>
						<m:DatePicker value="{ReversalDate}" id="idReversalDate" valueFormat="yyyy-MM-ddTHH:mm:ss" displayFormat="short" width="40%"
							change="handleChangeFields"/>
					</f:FormElement>
					<f:FormElement>
						<f:label>
							<!--<smartField:SmartLabel labelFor="idSourceMatter"/>-->
							<m:Label text="{i18n>Matter}" design="Bold"></m:Label>
						</f:label>
						<smartField:SmartField id="idSourceMatter" name="{SourceMatter}" value="{MatterTxt}" width="80%" change="handleChangeFields"/>
					</f:FormElement>
					<f:FormElement>
						<f:label>
							<!--<smartField:SmartLabel labelFor="idDocumentNumber"/>-->
							<m:Label text="{i18n>DocumentNumber}" design="Bold"></m:Label>
						</f:label>
						<smartField:SmartField id="idDocumentNumber" value="{DocNumber}" width="30%" change="handleChangeFields"/>
					</f:FormElement>
					<f:FormElement>
						<f:label>
							<!--<smartField:SmartLabel labelFor="idReasonRev"/>-->
							<m:Label text="{i18n>ReasonRev}" design="Bold"></m:Label>
						</f:label>
						<smartField:SmartField value="{ReversalText}" id="idReasonRev" width="100%" maxlength="50" change="handleChangeFields"/>
					</f:FormElement>
				</f:FormContainer>
			</f:Form>
		</m:content>
		<m:beginButton>
			<m:Button text="{i18n>BTnResOk}" type="Accept" press="onReverselSave" id="isSaveMatter"/>
		</m:beginButton>
		<m:endButton>
			<m:Button id="idcancel" text="{i18n>BTnResCancel}" press="onCancelDialog"/>
		</m:endButton>
	</m:Dialog>
</core:FragmentDefinition>