<core:FragmentDefinition controllerName="trustworkbench.controller.TrustWB" xmlns="sap.m" xmlns:mvc="sap.ui.core.mvc"
	xmlns:layout="sap.ui.layout" xmlns:f="sap.ui.layout.form" xmlns:smartFilterBar="sap.ui.comp.smartfilterbar"
	xmlns:html="http://www.w3.org/1999/xhtml" xmlns:app="http://schemas.sap.com/sapui5/extension/sap.ui.core.CustomData/1"
	xmlns:footerbar="sap.ushell.ui.footerbar" xmlns:smartTable="sap.ui.comp.smarttable" xmlns:core="sap.ui.core"
	xmlns:smartField="sap.ui.comp.smartfield" class="sapUiSizeCompact" xmlns:ui="sap.ui.table">
	<Page class="sapUiSizeCompact" enableScrolling="false" showHeader="true" title="{i18n>appTitle}">
		<content>
			<smartFilterBar:SmartFilterBar id="Trustworkbench" entitySet="Trustdocs" persistencyKey="Trustworkbench"
				app:dateFormatSettings='\{"UTC":true\}' class="sapUiSizeCompact" enableBasicSearch="false" search="onSearchFilter">
				<smartFilterBar:controlConfiguration>
					<smartFilterBar:ControlConfiguration key="BukrsT" index="1" visibleInAdvancedArea="true" label="{i18n>CompCode}" filterType="single"
						modelContextChange="onChangeBukrs"/>
					<smartFilterBar:ControlConfiguration key="OfficeT" index="2" visibleInAdvancedArea="true" label="{i18n>LBLOfficeCode}" filterType="single"/>
					<smartFilterBar:ControlConfiguration key="MatterT" index="3" visibleInAdvancedArea="true" label="{i18n>SrcMatter}" filterType="single"/>
					<smartFilterBar:ControlConfiguration key="Gjahr" label="{i18n>FiscalYear}" index="4" visibleInAdvancedArea="true" hasValueHelpDialog="false"
						filterType="single"/>
					<smartFilterBar:ControlConfiguration key="Cpudt" label="{i18n>LBLDocumentDate}" visibleInAdvancedArea="true" index="5" controlType="date"
						filterType="interval"/>
					<smartFilterBar:ControlConfiguration key="Office" visibleInAdvancedArea="false" label="{i18n>LBLOfficeCode}" visible="false"
						filterType="single"/>
					<smartFilterBar:ControlConfiguration key="Bukrs" visible="false" visibleInAdvancedArea="false" label="{i18n>CompCode}" filterType="single"/>
					<smartFilterBar:ControlConfiguration key="Matter" visible="false" visibleInAdvancedArea="false" label="{/#Trustdoc/Matter/@sap:label}"
						filterType="single"/>
				</smartFilterBar:controlConfiguration>
			</smartFilterBar:SmartFilterBar>
			<smartTable:SmartTable id="TworkbenchId" smartFilterId="Trustworkbench" useExportToExcel="true" header="Line Items"
				useTablePersonalisation="true" persistencyKey="PKeyResponsiveExample1" entitySet="Trustdocs" enableAutoBinding="false" tableType="Table"
				useVariantManagement="true" showVariantManagement="false" beforeRebindTable="onBeforeRebindTable">
				<ui:Table selectionMode="Single" fixedColumnCount="3" visibleRowCountMode="Auto" class="tableclass">
					<ui:columns>
						<ui:Column width="8rem" sortProperty="Bukrs" showSortMenuEntry="true">
							<ui:customData>
								<core:CustomData key="p13nData" value='\{"columnKey": "Bukrs" ,"columnIndex":"0" ,"maxLength": "6", "leadingProperty": "Bukrs"}'/>
							</ui:customData>
							<ui:label>
								<Label text="{i18n>CompCode}" design="Bold"/>
							</ui:label>
							<ui:template>
								<Text text="{Bukrs}"/>
							</ui:template>
						</ui:Column>
						<ui:Column width="10rem" sortProperty="BukrsT" showSortMenuEntry="true">
							<ui:customData>
								<core:CustomData key="p13nData" value='\{"columnKey": "BukrsT" ,"columnIndex":"1" ,"maxLength": "6", "leadingProperty": "BukrsT"}'/>
							</ui:customData>
							<ui:label>
								<Label text="{i18n>LBLBukrsT}" design="Bold"/>
							</ui:label>
							<ui:template>
								<Text text="{BukrsT}"/>
							</ui:template>
						</ui:Column>
						<!--<ui:Column width="10rem" sortProperty="Office" showSortMenuEntry="true">-->
						<!--	<ui:customData>-->
						<!--		<core:CustomData key="p13nData" value='\{"columnKey": "Office" ,"columnIndex":"2" ,"maxLength": "6", "leadingProperty": "Office"}'/>-->
						<!--	</ui:customData>-->
						<!--	<ui:label>-->
						<!--		<Label text="{i18n>LBLOfficeCode}" design="Bold"/>-->
						<!--	</ui:label>-->
						<!--	<ui:template>-->
						<!--		<Text text="{Office}"/>-->
						<!--	</ui:template>-->
						<!--</ui:Column>-->
						<ui:Column width="14rem" sortProperty="OfficeT" showSortMenuEntry="true">
							<ui:customData>
								<core:CustomData key="p13nData" value='\{"columnKey": "OfficeT" ,"columnIndex":"3" ,"maxLength": "6", "leadingProperty": "OfficeT"}'/>
							</ui:customData>
							<ui:label>
								<Label text="{i18n>LBLOfficeText}" design="Bold"/>
							</ui:label>
							<ui:template>
								<Text text="{OfficeT}"/>
							</ui:template>
						</ui:Column>
						<ui:Column width="10rem" sortProperty="Belnr" showSortMenuEntry="true">
							<ui:customData>
								<core:CustomData key="p13nData" value='\{"columnKey": "Belnr" ,"columnIndex":"4" ,"maxLength": "6", "leadingProperty": "Belnr"}'/>
							</ui:customData>
							<ui:label>
								<Label text="{i18n>LBLBelnr}" design="Bold"/>
							</ui:label>
							<ui:template>
								<!--<Text text="{Belnr}"/>-->
								<Link text="{Belnr}" press="onDocumentPress"></Link>
							</ui:template>
						</ui:Column>
						<ui:Column width="10rem" sortProperty="RevDoc" showSortMenuEntry="true">
							<ui:customData>
								<core:CustomData key="p13nData" value='\{"columnKey": "RevDoc" ,"columnIndex":"5" ,"maxLength": "6", "leadingProperty": "RevDoc"}'/>
							</ui:customData>
							<ui:label>
								<Label text="{i18n>LBLRevDoc}" design="Bold"/>
							</ui:label>
							<ui:template>
								<Text text="{RevDoc}"/>
							</ui:template>
						</ui:Column>
						<ui:Column width="9rem">
							<ui:customData>
								<core:CustomData key="p13nData" value='\{"columnKey": "Xref1Hd" ,"columnIndex":"6" ,"maxLength": "6", "leadingProperty": "Xref1Hd"}'/>
							</ui:customData>
							<ui:label>
								<Label text="{i18n>LBLSystemNumber}" design="Bold"/>
							</ui:label>
							<ui:template>
								<Text text="{Xref1Hd}"/>
							</ui:template>
						</ui:Column>
						<ui:Column width="13rem">
							<ui:customData>
								<core:CustomData key="p13nData" value='\{"columnKey": "DocTxt" ,"columnIndex":"7" ,"maxLength": "6", "leadingProperty": "DocTxt"}'/>
							</ui:customData>
							<ui:label>
								<Label text="{i18n>LBLDocTxt}" design="Bold"/>
							</ui:label>
							<ui:template>
								<Text text="{DocTxt}"/>
							</ui:template>
						</ui:Column>
						<ui:Column width="8rem" sortProperty="Gjahr" showSortMenuEntry="true">
							<ui:customData>
								<core:CustomData key="p13nData" value='\{"columnKey": "Gjahr" ,"columnIndex":"8" ,"maxLength": "4", "leadingProperty": "Gjahr"}'/>
							</ui:customData>
							<ui:label>
								<Label text="{i18n>LBLFiscalYear}" design="Bold"/>
							</ui:label>
							<ui:template>
								<Text text="{Gjahr}"/>
							</ui:template>
						</ui:Column>
						<ui:Column width="10rem" sortProperty="Matter" showSortMenuEntry="true">
							<ui:customData>
								<core:CustomData key="p13nData" value='\{"columnKey": "Matter" ,"columnIndex":"9" ,"maxLength": "6", "leadingProperty": "Matter"}'/>
							</ui:customData>
							<ui:label>
								<Label text="Matter" design="Bold"/>
							</ui:label>
							<ui:template>
								<Text text="{Matter}"/>
							</ui:template>
						</ui:Column>
						<ui:Column width="18rem" sortProperty="MatterT" showSortMenuEntry="true">
							<ui:customData>
								<core:CustomData key="p13nData" value='\{"columnKey": "MatterT" ,"columnIndex":"10" ,"maxLength": "40", "leadingProperty": "MatterT"}'/>
							</ui:customData>
							<ui:label>
								<Label text="{i18n>LBLMatterDes}" design="Bold"/>
							</ui:label>
							<ui:template>
								<Text text="{MatterT}"/>
							</ui:template>
						</ui:Column>
						<ui:Column width="9rem">
							<ui:customData>
								<core:CustomData key="p13nData" value='\{"columnKey": "Bldat" ,"columnIndex":"11" ,"maxLength": "6", "leadingProperty": "Bldat"}'/>
							</ui:customData>
							<ui:label>
								<Label text="{i18n>LBLDocDate}" design="Bold"/>
							</ui:label>
							<ui:template>
								<Text text="{path: 'Bldat', type: 'sap.ui.model.type.Date', formatOptions: { style: 'medium' }}"/>
							</ui:template>
						</ui:Column>
						<ui:Column width="9rem">
							<ui:customData>
								<core:CustomData key="p13nData" value='\{"columnKey": "Cpudt" ,"columnIndex":"12" ,"maxLength": "6", "leadingProperty": "Cpudt"}'/>
							</ui:customData>
							<ui:label>
								<Label text="{i18n>LBLenteron}" design="Bold"/>
							</ui:label>
							<ui:template>
								<Text text="{path: 'Cpudt', type: 'sap.ui.model.type.Date', formatOptions: { style: 'medium' }}"/>
							</ui:template>
						</ui:Column>
						<ui:Column width="9rem">
							<ui:customData>
								<core:CustomData key="p13nData" value='\{"columnKey": "Valut" ,"columnIndex":"13" ,"maxLength": "6", "leadingProperty": "Valut"}'/>
							</ui:customData>
							<ui:label>
								<Label text="{i18n>LBLRecDate}" design="Bold"/>
							</ui:label>
							<ui:template>
								<Text text="{path: 'Valut', type: 'sap.ui.model.type.Date', formatOptions: { style: 'medium' }}"/>
							</ui:template>
						</ui:Column>
						<ui:Column width="10rem" hAlign="Right">
							<ui:customData>
								<core:CustomData key="p13nData" value='\{"columnKey": "Dmbtr" ,"columnIndex":"14" ,"maxLength": "18", "leadingProperty": "Dmbtr"}'/>
							</ui:customData>
							<ui:label>
								<Label text="{i18n>LBLAmount}" design="Bold"/>
							</ui:label>
							<ui:template>
								<Text text="{Dmbtr}" textAlign="Right"/>
							</ui:template>
						</ui:Column>
						<ui:Column width="6rem">
							<ui:customData>
								<core:CustomData key="p13nData" value='\{"columnKey": "Waers" ,"columnIndex":"15" ,"maxLength": "6", "leadingProperty": "Waers"}'/>
							</ui:customData>
							<ui:label>
								<Label text="{i18n>LBLCurrency}" design="Bold"/>
							</ui:label>
							<ui:template>
								<Text text="{Waers}"/>
							</ui:template>
						</ui:Column>
						<ui:Column width="14rem">
							<ui:customData>
								<core:CustomData key="p13nData" value='\{"columnKey": "UserName" ,"columnIndex":"16" ,"maxLength": "6", "leadingProperty": "UserName"}'/>
							</ui:customData>
							<ui:label>
								<Label text="{i18n>LBLUsnam}" design="Bold"/>
							</ui:label>
							<ui:template>
								<Text text="{UserName}"/>
							</ui:template>
						</ui:Column>
						<ui:Column width="12rem">
							<ui:customData>
								<core:CustomData key="p13nData" value='\{"columnKey": "Xref2Hd" ,"columnIndex":"17" ,"maxLength": "6", "leadingProperty": "Xref2Hd"}'/>
							</ui:customData>
							<ui:label>
								<Label text="{i18n>LBLRECTrtype}" design="Bold"/>
							</ui:label>
							<ui:template>
								<Text text="{Xref2Hd}"/>
							</ui:template>
						</ui:Column>
						<ui:Column width="16rem">
							<ui:customData>
								<core:CustomData key="p13nData" value='\{"columnKey": "Sgtxt" ,"columnIndex":"18" ,"maxLength": "6", "leadingProperty": "Sgtxt"}'/>
							</ui:customData>
							<ui:label>
								<Label text="{i18n>LBLReason}" design="Bold"/>
							</ui:label>
							<ui:template>
								<Text text="{Sgtxt}"/>
							</ui:template>
						</ui:Column>
						<ui:Column width="10rem">
							<ui:customData>
								<core:CustomData key="p13nData" value='\{"columnKey": "Hktid" ,"columnIndex":"19" ,"maxLength": "13", "leadingProperty": "Hktid"}'/>
							</ui:customData>
							<ui:label>
								<Label text="{i18n>LBLAccountID}" design="Bold"/>
							</ui:label>
							<ui:template>
								<Text text="{Hktid}"/>
							</ui:template>
						</ui:Column>
						<ui:Column width="10rem">
							<ui:customData>
								<core:CustomData key="p13nData" value='\{"columnKey": "Xreversal" ,"columnIndex":"20" ,"maxLength": "13", "leadingProperty": "Xreversal"}'/>
							</ui:customData>
							<ui:label>
								<Label text="{i18n>LBLReversalInd}" design="Bold"/>
							</ui:label>
							<ui:template>
								<Text text="{Xreversal}"/>
							</ui:template>
						</ui:Column>
					</ui:columns>
				</ui:Table>
			</smartTable:SmartTable>
		</content>
		<footer>
			<Toolbar>
				<ToolbarSpacer/>
				<!--Trust Reversal-->
				<Button text="{i18n>BTReverse}" type="Default" press="onReverselTrust"/>
				<!--Matter to accounting-->
				<Button text="{i18n>BTAccountMapping}" type="Default" press="ontrsuAccountNav"/>
				<!--TRUST RECEIPT(Multiple)-->
				<Button text="{i18n>BTTrustReceipt}" type="Default" press="TrustReceiptNav"/>
				<!--Matter to Matter-->
				<Button text="{i18n>BTMatterTMatter}" type="Default" press="MTMAppNav"/>
				<!--Bank to bank transfer-->
				<Button text="{i18n>BTBankTBank}" type="Default" press="onBTBNavApp"/>
				<!--Trust Payment(multiple)-->
				<Button text="{i18n>BTPayments}" type="Default" press="ontrustPaymentNav"/>
				<!--Trust funds to Client Bill-->
				<Button text="{i18n>BTClientBill}" type="Default" press="onATCBAppNav"/>
			</Toolbar>
		</footer>
	</Page>
</core:FragmentDefinition>