<core:FragmentDefinition xmlns:core="sap.ui.core" xmlns:smartForm="sap.ui.comp.smartform" xmlns:smartField="sap.ui.comp.smartfield"
	xmlns="sap.m" xmlns:custom="http://schemas.sap.com/sapui5/extension/sap.ui.core.CustomData/1" xmlns:smartTable="sap.ui.comp.smarttable">
	<VBox width="100%" class="sapUiResponsiveContentPadding">
		<smartTable:SmartTable id="swbClaimsTable" tableBindingPath="" tableType="ResponsiveTable" useExportToExcel="true"
			entitySet="zops_i_site_claims" requestAtLeastFields="site_num" showFullScreenButton="false" header="Claims" showRowCount="false" enableAutoBinding="true"
			exportType="UI5Client" beforeExport="onBeforeExport" beforeRebindTable="onBeforeRebindTableClaims" custom:useSmartField="true"
			useVariantManagement="true" useTablePersonalisation="false" demandPopin="false" persistencyKey="siteworkbench.E2111_EWB.SmartTable2112">
			<smartTable:customToolbar>
				<OverflowToolbar design="Transparent">
					<ToolbarSpacer/>
					<Button tooltip="Add Row" icon="sap-icon://add" press="handleAddclaimTbl" visible="{LocalModel>/visAddDelete}"/>
					<Button tooltip="Delete Row" icon="sap-icon://delete" press="handleDeleteButtonPressed" visible="{LocalModel>/visAddDelete}"/>
				</OverflowToolbar>
			</smartTable:customToolbar>
			<Table inset="false" mode="MultiSelect" updateFinished="onUpdateClamisTbl">
				<columns>
					<Column visible="false" width="8em">
						<customData>
							<core:CustomData key="p13nData" value='\{"columnKey": "site_num", "leadingProperty": "site_num"}'/>
						</customData>
						<Text text="Claim Number"/>
					</Column>
					<Column width="8em">
						<customData>
							<core:CustomData key="p13nData" value='\{"columnKey": "claim_num", "leadingProperty": "claim_num"}'/>
						</customData>
						<Text text="Claim Number"/>
					</Column>
					<Column minScreenWidth="Tablet" demandPopin="true" width="8rem">
						<customData>
							<core:CustomData key="p13nData" value='\{"columnKey": "claim_type", "leadingProperty": "claim_type"}'/>
						</customData>
						<Text text="Claim Type"/>
					</Column>
					<Column minScreenWidth="Desktop" demandPopin="true" hAlign="End">
						<customData>
							<core:CustomData key="p13nData" value='\{"columnKey": "claim_name", "leadingProperty": "claim_name"}'/>
						</customData>
						<Text text="Claim Name"/>
					</Column>
					<Column minScreenWidth="Desktop" demandPopin="true" hAlign="Center">
						<customData>
							<core:CustomData key="p13nData" value='\{"columnKey": "claim_status", "leadingProperty": "claim_status"}'/>
						</customData>
						<Text text="Claim Status"/>
					</Column>
					<Column minScreenWidth="Desktop" demandPopin="true" hAlign="Center">
						<customData>
							<core:CustomData key="p13nData" value='\{"columnKey": "claim_outcome", "leadingProperty": "claim_outcome"}'/>
						</customData>
						<Text text="Current Status/Outcome"/>
					</Column>
					<Column minScreenWidth="Desktop" demandPopin="true" hAlign="Center">
						<customData>
							<core:CustomData key="p13nData" value='\{"columnKey": "claim_out_date", "leadingProperty": "claim_out_date"}'/>
						</customData>
						<Text text="Status/Outcome Date"/>
					</Column>
					<Column minScreenWidth="Desktop" demandPopin="true" hAlign="Center">
						<customData>
							<core:CustomData key="p13nData" value='\{"columnKey": "claim_ini_date", "leadingProperty": "claim_ini_date"}'/>
						</customData>
						<Text text="Initiated Date"/>
					</Column>
					<Column minScreenWidth="Desktop" demandPopin="true" hAlign="Center">
						<customData>
							<core:CustomData key="p13nData" value='\{"columnKey": "claim_cls_date", "leadingProperty": "claim_cls_date"}'/>
						</customData>
						<Text text="Closure Date"/>
					</Column>
				</columns>
				<items>
					<ColumnListItem vAlign="Middle" type="Navigation" press="onPressCliamNo">
						<cells>
							<smartField:SmartField value="{site_num}" editable="true" contextEditable="{LocalModel>/oFieldEdit}"
								contextEditableChanged="onControlContxChanges"/>
							<smartField:SmartField value="{claim_num}" editable="true" contextEditable="{LocalModel>/oFieldEdit}"
								contextEditableChanged="onControlContxChanges"/>
							<smartField:SmartField value="{claim_type}" editable="true" contextEditable="{LocalModel>/oFieldEdit}"
								contextEditableChanged="onControlContxChanges"/>
							<smartField:SmartField value="{claim_name}" editable="true" contextEditable="{LocalModel>/oFieldEdit}"
								contextEditableChanged="onControlContxChanges"/>
							<smartField:SmartField value="{claim_status}" editable="true" contextEditable="{LocalModel>/oFieldEdit}"
								contextEditableChanged="onControlContxChanges"/>
							<smartField:SmartField value="{claim_outcome}" editable="true" contextEditable="{LocalModel>/oFieldEdit}"
								contextEditableChanged="onControlContxChanges"/>
							<smartField:SmartField value="{claim_out_date}" editable="true" contextEditable="{LocalModel>/oFieldEdit}"
								contextEditableChanged="onControlContxChanges"/>
							<smartField:SmartField value="{claim_ini_date}" editable="true" contextEditable="{LocalModel>/oFieldEdit}"
								contextEditableChanged="onControlContxChanges"/>
							<smartField:SmartField value="{claim_cls_date}" editable="true" contextEditable="{LocalModel>/oFieldEdit}"
								contextEditableChanged="onControlContxChanges"/>
						</cells>
					</ColumnListItem>
				</items>
			</Table>
		</smartTable:SmartTable>
		<smartForm:SmartForm id="idSmartFormClaimsInfo" title="Contact Information" editTogglable="false" entityType="zops_i_site_claimsType"
			class="sapUiResponsiveContentPadding" editable="{LocalModel>/oFieldEdit}">
			<smartForm:customData>
				<core:CustomData key="dateFormatSettings" value='\{"UTC":true,"style":"long"\}'/>
			</smartForm:customData>
			<smartForm:Group>
				<smartForm:GroupElement label="Claims Manager">
					<smartField:SmartField value="{claim_manager}" editable="{LocalModel>/oFieldEdit}"/>
				</smartForm:GroupElement>
				<smartForm:GroupElement label="Negotiator">
					<smartField:SmartField value="{claim_negotiator}" editable="{LocalModel>/oFieldEdit}"/>
				</smartForm:GroupElement>
				<smartForm:GroupElement label="Secondary Contact">
					<smartField:SmartField value="{claim_2nd_cntct}" editable="{LocalModel>/oFieldEdit}"/>
				</smartForm:GroupElement>
				<smartForm:GroupElement label="Claim Attorney">
					<smartField:SmartField value="{claim_attorney}" editable="{LocalModel>/oFieldEdit}"/>
				</smartForm:GroupElement>
				<smartForm:GroupElement label="Contractor">
					<smartField:SmartField value="{claim_contractor}"/>
				</smartForm:GroupElement>
				<smartForm:GroupElement label="Claim Agreement">
					<smartField:SmartField value="{claim_agreement}" editable="{LocalModel>/oFieldEdit}"/>
				</smartForm:GroupElement>
				<smartForm:GroupElement label="issue">
					<smartField:SmartField value="{claim_issue}" editable="{LocalModel>/oFieldEdit}"/>
				</smartForm:GroupElement>
				<smartForm:GroupElement label="History">
					<smartField:SmartField value="{claim_history}" editable="{LocalModel>/oFieldEdit}"/>
				</smartForm:GroupElement>
			</smartForm:Group>
			<smartForm:Group>
				<smartForm:GroupElement label="Claimant Name">
					<smartField:SmartField value="{claim_name}" editable="{LocalModel>/oFieldEdit}"/>
				</smartForm:GroupElement>
				<smartForm:GroupElement label="Claimant Email">
					<smartField:SmartField value="{claim_email}" editable="{LocalModel>/oFieldEdit}"/>
				</smartForm:GroupElement>
				<smartForm:GroupElement label="Claimant Phone">
					<smartField:SmartField value="{claim_phone}" editable="{LocalModel>/oFieldEdit}"/>
				</smartForm:GroupElement>
				<smartForm:GroupElement label="Claimant Address">
					<smartField:SmartField value="{claim_address}" editable="{LocalModel>/oFieldEdit}"/>
				</smartForm:GroupElement>
				<smartForm:GroupElement label="Claim Basis">
					<smartField:SmartField value="{claim_basis}" editable="{LocalModel>/oFieldEdit}"/>
				</smartForm:GroupElement>
				<smartForm:GroupElement label="Strategy">
					<smartField:SmartField value="{claim_strategy}" editable="{LocalModel>/oFieldEdit}"/>
				</smartForm:GroupElement>
			</smartForm:Group>
		</smartForm:SmartForm>
	</VBox>
</core:FragmentDefinition>