<core:FragmentDefinition xmlns:core="sap.ui.core" xmlns:smartForm="sap.ui.comp.smartform" xmlns:smartField="sap.ui.comp.smartfield"
	xmlns="sap.m" xmlns:custom="http://schemas.sap.com/sapui5/extension/sap.ui.core.CustomData/1" xmlns:smartTable="sap.ui.comp.smarttable">
	<VBox width="100%" class="sapUiResponsiveContentPadding">
		<smartTable:SmartTable id="swbConsultContcTable" tableBindingPath="" tableType="ResponsiveTable" useExportToExcel="true"
			entitySet="zops_i_site_conscont" requestAtLeastFields="site_num,cntct_num" showFullScreenButton="false" header="Delineation Receptors" showRowCount="false" enableAutoBinding="true"
			exportType="UI5Client" beforeExport="onBeforeExport" beforeRebindTable="onBeforeRebindTableConsultTbl" custom:useSmartField="true"
			useVariantManagement="true" useTablePersonalisation="false" demandPopin="false" persistencyKey="siteworkbench.E2113_EWB.SmartTable">
			<smartTable:customToolbar>
				<OverflowToolbar design="Transparent">
					<ToolbarSpacer/>
					<Button tooltip="Add Row" icon="sap-icon://add" press="handleAddConsVtblPress" visible="{LocalModel>/visAddDelete}"/>
					<Button tooltip="Delete Row" icon="sap-icon://delete" press="handleDeleteButtonPressed" visible="{LocalModel>/visAddDelete}"/>
				</OverflowToolbar>
			</smartTable:customToolbar>
			<Table inset="false" mode="MultiSelect">
				<columns>
					<Column visible="false" width="12em">
						<customData>
							<core:CustomData key="p13nData" value='\{"columnKey": "site_num", "leadingProperty": "site_num"}'/>
						</customData>
						<Text text="Site Num"/>
					</Column>
					<Column visible="false" width="12em">
						<customData>
							<core:CustomData key="p13nData" value='\{"columnKey": "cntct_num", "leadingProperty": "cntct_num"}'/>
						</customData>
						<Text text="Cont Num"/>
					</Column>
					<Column width="12em">
						<customData>
							<core:CustomData key="p13nData" value='\{"columnKey": "role", "leadingProperty": "role"}'/>
						</customData>
						<Text text="Role"/>
					</Column>
					<Column minScreenWidth="Tablet" demandPopin="true">
						<customData>
							<core:CustomData key="p13nData" value='\{"columnKey": "company", "leadingProperty": "company"}'/>
						</customData>
						<Text text="Company"/>
					</Column>
					<Column minScreenWidth="Desktop" demandPopin="true" hAlign="End">
						<customData>
							<core:CustomData key="p13nData" value='\{"columnKey": "name", "leadingProperty": "name"}'/>
						</customData>
						<Text text="Name"/>
					</Column>
					<Column minScreenWidth="Desktop" demandPopin="true" hAlign="Center">
						<customData>
							<core:CustomData key="p13nData" value='\{"columnKey": "phone", "leadingProperty": "phone"}'/>
						</customData>
						<Text text="Phone"/>
					</Column>
					<Column minScreenWidth="Desktop" demandPopin="true" hAlign="Center">
						<customData>
							<core:CustomData key="p13nData" value='\{"columnKey": "email", "leadingProperty": "email"}'/>
						</customData>
						<Text text="Email"/>
					</Column>
					<Column minScreenWidth="Desktop" demandPopin="true" hAlign="Center">
						<customData>
							<core:CustomData key="p13nData" value='\{"columnKey": "vendor_level", "leadingProperty": "vendor_level"}'/>
						</customData>
						<Text text="Vendor level"/>
					</Column>
				</columns>
				<items>
					<ColumnListItem>
						<cells>
							<smartField:SmartField value="{site_num}" editable="true" contextEditable="{LocalModel>/oFieldEdit}"
								contextEditableChanged="onControlContxChanges"/>
								<smartField:SmartField value="{cntct_num}" editable="true" contextEditable="{LocalModel>/oFieldEdit}"
								contextEditableChanged="onControlContxChanges"/>
							<smartField:SmartField value="{role}" editable="true" contextEditable="{LocalModel>/oFieldEdit}"
								contextEditableChanged="onControlContxChanges"/>
							<smartField:SmartField value="{company}" editable="true" contextEditable="{LocalModel>/oFieldEdit}"
								contextEditableChanged="onControlContxChanges"/>
							<smartField:SmartField value="{name}" editable="true" contextEditable="{LocalModel>/oFieldEdit}"
								contextEditableChanged="onControlContxChanges"/>
							<smartField:SmartField value="{phone}" editable="true" contextEditable="{LocalModel>/oFieldEdit}"
								contextEditableChanged="onControlContxChanges"/>
							<smartField:SmartField value="{email}" editable="true" contextEditable="{LocalModel>/oFieldEdit}"
								contextEditableChanged="onControlContxChanges"/>
							<smartField:SmartField value="{vendor_level}" editable="true" contextEditable="{LocalModel>/oFieldEdit}"
								contextEditableChanged="onControlContxChanges"/>
						</cells>
					</ColumnListItem>
				</items>
			</Table>
		</smartTable:SmartTable>
	</VBox>
</core:FragmentDefinition>