<core:FragmentDefinition xmlns:core="sap.ui.core" xmlns:smartForm="sap.ui.comp.smartform" xmlns:smartField="sap.ui.comp.smartfield"
	xmlns="sap.m" xmlns:custom="http://schemas.sap.com/sapui5/extension/sap.ui.core.CustomData/1" xmlns:smartTable="sap.ui.comp.smarttable">
	<VBox width="100%" class="sapUiResponsiveContentPadding">
		<smartForm:SmartForm id="idSmartFormDelineation" title="Delineation" editTogglable="false" entityType="zops_c_site_workbenchType"
			class="sapUiResponsiveContentPadding" editable="true">
			<smartForm:customData>
				<core:CustomData key="dateFormatSettings" value='\{"UTC":true,"style":"long"\}'/>
			</smartForm:customData>
			<smartForm:Group >
				<smartForm:GroupElement label="Receptor Description">
					<smartField:SmartField value="{rcpt_desc}" editable="true" contextEditable="{LocalModel>/oFieldEdit}"
						contextEditableChanged="onControlContxChanges"/>
				</smartForm:GroupElement>
				<smartForm:GroupElement label="Soil Impact Offsite">
					<smartField:SmartField value="{soil_impact_offsite}" editable="true" contextEditable="{LocalModel>/oFieldEdit}"
						contextEditableChanged="onControlContxChanges"/>
				</smartForm:GroupElement>
			</smartForm:Group>
			<smartForm:Group >
				<smartForm:GroupElement label="Soil Delineated">
					<smartField:SmartField value="{soil_delineated}" editable="true" contextEditable="{LocalModel>/oFieldEdit}"
						contextEditableChanged="onControlContxChanges"/>
				</smartForm:GroupElement>
				<smartForm:GroupElement label="Sensitive Receptor">
					<smartField:SmartField value="{sensitive_rcpt}" editable="true" contextEditable="{LocalModel>/oFieldEdit}"
						contextEditableChanged="onControlContxChanges"/>
				</smartForm:GroupElement>
			</smartForm:Group>
		</smartForm:SmartForm>
		<smartTable:SmartTable id="swbDelineationRecTable" tableBindingPath="" tableType="ResponsiveTable" useExportToExcel="true"
			entitySet="zops_i_site_delrecpt" requestAtLeastFields="site_num,rcpt_num" showFullScreenButton="false" header="Delineation Receptors" showRowCount="false" enableAutoBinding="true"
			exportType="UI5Client" beforeExport="onBeforeExport" beforeRebindTable="onBeforeRebindTableDelRec" custom:useSmartField="true"
			useVariantManagement="true" useTablePersonalisation="false" demandPopin="false" persistencyKey="siteworkbench.E2113_EWB.SmartTable">
			<smartTable:customToolbar>
				<OverflowToolbar design="Transparent">
					<ToolbarSpacer/>
					<Button tooltip="Add Row" icon="sap-icon://add" press="handleAddDelinRecpot" visible="{LocalModel>/visAddDelete}"/>
					<Button tooltip="Delete Row" icon="sap-icon://delete" press="handleDeleteButtonPressed" visible="{LocalModel>/visAddDelete}"/>
				</OverflowToolbar>
			</smartTable:customToolbar>
			<Table inset="false" mode="MultiSelect">
				<columns>
					<Column visible="false" width="12em">
						<customData>
							<core:CustomData key="p13nData" value='\{"columnKey": "site_num", "leadingProperty": "site_num"}'/>
						</customData>
						<Text text="Site Num"/>
					</Column>
					<Column visible="false" width="12em">
						<customData>
							<core:CustomData key="p13nData" value='\{"columnKey": "rcpt_num", "leadingProperty": "rcpt_num"}'/>
						</customData>
						<Text text="Recep Num"/>
					</Column>
					<Column width="12em">
						<customData>
							<core:CustomData key="p13nData" value='\{"columnKey": "sensitive_rcpt_survey", "leadingProperty": "sensitive_rcpt_survey"}'/>
						</customData>
						<Text text="Survey"/>
					</Column>
					<Column minScreenWidth="Tablet" demandPopin="true">
						<customData>
							<core:CustomData key="p13nData" value='\{"columnKey": "sensitive_rcpt_survey_dist", "leadingProperty": "sensitive_rcpt_survey_dist"}'/>
						</customData>
						<Text text="Sensitive Receptor Survey Distance"/>
					</Column>
					<Column minScreenWidth="Desktop" demandPopin="true" hAlign="End">
						<customData>
							<core:CustomData key="p13nData" value='\{"columnKey": "sensitive_rcpt_survey_dir", "leadingProperty": "sensitive_rcpt_survey_dir"}'/>
						</customData>
						<Text text="Sensitive Receptor Survey Direction"/>
					</Column>
					<Column minScreenWidth="Desktop" demandPopin="true" hAlign="Center">
						<customData>
							<core:CustomData key="p13nData" value='\{"columnKey": "sensitive_rcpt_survey_depth", "leadingProperty": "sensitive_rcpt_survey_depth"}'/>
						</customData>
						<Text text="Sensitive Receptor Survey Depth"/>
					</Column>
				</columns>
				<items>
					<ColumnListItem>
						<cells>
							<smartField:SmartField value="{site_num}" editable="true" contextEditable="{LocalModel>/oFieldEdit}"
								contextEditableChanged="onControlContxChanges"/>
								<smartField:SmartField value="{rcpt_num}" editable="true" contextEditable="{LocalModel>/oFieldEdit}"
								contextEditableChanged="onControlContxChanges"/>
							<smartField:SmartField value="{sensitive_rcpt_survey}" editable="true" contextEditable="{LocalModel>/oFieldEdit}"
								contextEditableChanged="onControlContxChanges"/>
							<smartField:SmartField value="{sensitive_rcpt_survey_dist}" editable="true" contextEditable="{LocalModel>/oFieldEdit}"
								contextEditableChanged="onControlContxChanges"/>
							<smartField:SmartField value="{sensitive_rcpt_survey_dir}" editable="true" contextEditable="{LocalModel>/oFieldEdit}"
								contextEditableChanged="onControlContxChanges"/>
							<smartField:SmartField value="{sensitive_rcpt_survey_depth}" editable="true" contextEditable="{LocalModel>/oFieldEdit}"
								contextEditableChanged="onControlContxChanges"/>
						</cells>
					</ColumnListItem>
				</items>
			</Table>
		</smartTable:SmartTable>
		<smartForm:SmartForm id="idSmartFormDel1" editTogglable="false" entityType="zops_c_site_workbenchType"
			class="sapUiResponsiveContentPadding" editable="true">
			<smartForm:Group >
				<smartForm:GroupElement label="Receptor Survey Notes">
					<smartField:SmartField value="{sensitive_rcpt_survey_notes}" custom:multiLineSettings="{cols: 50, rows: 4}" editable="true"
						contextEditable="{LocalModel>/oFieldEdit}" contextEditableChanged="onControlContxChanges"/>
				</smartForm:GroupElement>
			</smartForm:Group>
		</smartForm:SmartForm>
	</VBox>
</core:FragmentDefinition>