<core:FragmentDefinition xmlns:core="sap.ui.core" xmlns:smartForm="sap.ui.comp.smartform" xmlns:smartField="sap.ui.comp.smartfield"
	xmlns="sap.m" xmlns:custom="http://schemas.sap.com/sapui5/extension/sap.ui.core.CustomData/1" xmlns:smartTable="sap.ui.comp.smarttable">
	<VBox width="100%" class="sapUiResponsiveContentPadding">
		<smartForm:SmartForm id="idSmartFormFinance" title="Finance" editTogglable="false" entityType="zops_c_site_workbenchType"
			class="sapUiResponsiveContentPadding" editable="true">
			<smartForm:customData>
				<core:CustomData key="dateFormatSettings" value='\{"UTC":true,"style":"long"\}'/>
			</smartForm:customData>
			<smartForm:Group >
				<smartForm:GroupElement label="US Portfolio">
					<smartField:SmartField value="{fi_us_portfolio}" editable="true" contextEditable="{LocalModel>/oFieldEdit}"
						contextEditableChanged="onControlContxChanges"/>
				</smartForm:GroupElement>
				<smartForm:GroupElement label="Env Liability Transferred Date">
					<smartField:SmartField value="{fi_env_liab_transferred_date}" editable="true" contextEditable="{LocalModel>/oFieldEdit}"
						contextEditableChanged="onControlContxChanges"/>
				</smartForm:GroupElement>
				<smartForm:GroupElement label="Env Liability Transferred To">
					<smartField:SmartField value="{fi_env_liab_transferred_to}" editable="true" contextEditable="{LocalModel>/oFieldEdit}"
						contextEditableChanged="onControlContxChanges"/>
				</smartForm:GroupElement>
				<smartForm:GroupElement label="Rent Expense">
					<smartField:SmartField value="{fi_rent_expense}" editable="true" contextEditable="{LocalModel>/oFieldEdit}"
						contextEditableChanged="onControlContxChanges"/>
				</smartForm:GroupElement>
				<smartForm:GroupElement label="Utilities">
					<smartField:SmartField value="{fi_utilities}" editable="true" contextEditable="{LocalModel>/oFieldEdit}"
						contextEditableChanged="onControlContxChanges"/>
				</smartForm:GroupElement>
				<smartForm:GroupElement label="Property Tax">
					<smartField:SmartField value="{fi_prop_tax}" editable="true" contextEditable="{LocalModel>/oFieldEdit}"
						contextEditableChanged="onControlContxChanges"/>
				</smartForm:GroupElement>
			</smartForm:Group>
			<smartForm:Group >
				<smartForm:GroupElement label="Payment Company Code">
					<smartField:SmartField value="{bukrs_payment}" editable="{LocalModel>/oFieldEdit}"/>
				</smartForm:GroupElement>
				<smartForm:GroupElement label="Liability Company Code">
					<smartField:SmartField value="{bukrs_liability}" editable="true" contextEditable="{LocalModel>/oFieldEdit}"
						contextEditableChanged="onControlContxChanges"/>
				</smartForm:GroupElement>
				<smartForm:GroupElement label="Liability Cost Center">
					<smartField:SmartField value="{kostl_liability}" editable="true" contextEditable="{LocalModel>/oFieldEdit}"
						contextEditableChanged="onControlContxChanges"/>
				</smartForm:GroupElement>
				<smartForm:GroupElement label="Expense Company Code">
					<smartField:SmartField value="{bukrs_expense}" editable="true" contextEditable="{LocalModel>/oFieldEdit}"
						contextEditableChanged="onControlContxChanges"/>
				</smartForm:GroupElement>
				<smartForm:GroupElement label="Expense Cost Center">
					<smartField:SmartField value="{kostl_expense}" editable="true" contextEditable="{LocalModel>/oFieldEdit}"
						contextEditableChanged="onControlContxChanges"/>
				</smartForm:GroupElement>
				<smartForm:GroupElement label="Currency">
					<smartField:SmartField value="{curr}" editable="true" contextEditable="{LocalModel>/oFieldEdit}"
						contextEditableChanged="onControlContxChanges" initialise="onIntialSiteCurrency"/>
				</smartForm:GroupElement>
			</smartForm:Group>
		</smartForm:SmartForm>
		<smartForm:SmartForm id="idSmartFormFinance1" editTogglable="false" entityType="zops_c_site_workbenchType"
			class="sapUiResponsiveContentPadding" editable="true">
			<smartForm:Group >
				<smartForm:GroupElement label="Reimbusments Comments">
					<smartField:SmartField value="{fi_reimbursement_comment}" custom:multiLineSettings="{cols: 50, rows: 4}" editable="true"
						contextEditable="{LocalModel>/oFieldEdit}" contextEditableChanged="onControlContxChanges"/>
				</smartForm:GroupElement>
			</smartForm:Group>
		</smartForm:SmartForm>
		<smartTable:SmartTable id="swbFinProjTable" tableBindingPath="" tableType="ResponsiveTable" useExportToExcel="true"
			entitySet="zops_i_site_projects" requestAtLeastFields="site_num" header="Site Projects" showRowCount="false" enableAutoBinding="true"
			exportType="UI5Client" beforeExport="onBeforeExport" beforeRebindTable="onBeforeRebindTableFinance" custom:useSmartField="true"
			useVariantManagement="true" useTablePersonalisation="false" demandPopin="false" persistencyKey="siteworkbench.E2114_ESmartTable"
			initiallyVisibleFields="">
			<smartTable:customToolbar>
				<OverflowToolbar design="Transparent">
					<ToolbarSpacer/>
					<Button tooltip="Add Row" icon="sap-icon://add" press="handleAddFinancePress" visible="{LocalModel>/visAddDelete}"/>
					<Button tooltip="Delete Row" icon="sap-icon://delete" press="handleDeleteButtonPressed" visible="{LocalModel>/visAddDelete}"/>
				</OverflowToolbar>
			</smartTable:customToolbar>
			<Table inset="false" mode="MultiSelect">
				<columns>
					<Column visible="false" width="12em">
						<customData>
							<core:CustomData key="p13nData" value='\{"columnKey": "site_num", "leadingProperty": "site_num"}'/>
						</customData>
						<Text text="Site Number"/>
					</Column>
					<Column width="12em">
						<customData>
							<core:CustomData key="p13nData" value='\{"columnKey": "pspid", "leadingProperty": "pspid"}'/>
						</customData>
						<Text text="Project number"/>
					</Column>
					<Column minScreenWidth="Tablet" demandPopin="true">
						<customData>
							<core:CustomData key="p13nData" value='\{"columnKey": "post1", "leadingProperty": "post1"}'/>
						</customData>
						<Text text="Project description"/>
					</Column>
					<Column minScreenWidth="Desktop" demandPopin="true" hAlign="End">
						<customData>
							<core:CustomData key="p13nData" value='\{"columnKey": "accr_proj", "leadingProperty": "accr_proj"}'/>
						</customData>
						<Text text="Accrual project"/>
					</Column>
					<Column minScreenWidth="Desktop" demandPopin="true" hAlign="Center">
						<customData>
							<core:CustomData key="p13nData" value='\{"columnKey": "non_env", "leadingProperty": "non_env"}'/>
						</customData>
						<Text text="Non-environmental project"/>
					</Column>
					<Column minScreenWidth="Desktop" demandPopin="true" hAlign="End">
						<customData>
							<core:CustomData key="p13nData" value='\{"columnKey": "ovhd_est", "leadingProperty": "ovhd_est"}'/>
						</customData>
						<Text text="Overhead estimate on AFE"/>
					</Column>
				</columns>
				<items>
					<ColumnListItem>
						<cells>
							<smartField:SmartField value="{site_num}" editable="true" contextEditable="{LocalModel>/oFieldEdit}"
								contextEditableChanged="onControlContxChanges"/>
							<smartField:SmartField value="{pspid}" editable="true" contextEditable="{LocalModel>/oFieldEdit}"
								contextEditableChanged="onControlContxChanges"/>
							<smartField:SmartField value="{post1}" editable="true" contextEditable="{LocalModel>/oFieldEdit}"
								contextEditableChanged="onControlContxChanges"/>
							<smartField:SmartField value="{accr_proj}" editable="true" contextEditable="{LocalModel>/oFieldEdit}"
								contextEditableChanged="onControlContxChanges"/>
							<smartField:SmartField value="{non_env}" editable="true" contextEditable="{LocalModel>/oFieldEdit}"
								contextEditableChanged="onControlContxChanges"/>
							<smartField:SmartField value="{ovhd_est}" editable="true" contextEditable="{LocalModel>/oFieldEdit}"
								contextEditableChanged="onControlContxChanges"/>
							<!--<smartField:SmartField value="{curr}" editable="true" contextEditable="{LocalModel>/oFieldEdit}"-->
							<!--	contextEditableChanged="onControlContxChanges"/>-->
						</cells>
					</ColumnListItem>
				</items>
			</Table>
		</smartTable:SmartTable>
	</VBox>
</core:FragmentDefinition>