<core:FragmentDefinition xmlns:core="sap.ui.core" xmlns:smartForm="sap.ui.comp.smartform" xmlns:smartField="sap.ui.comp.smartfield"
	xmlns="sap.m" xmlns:app="http://schemas.sap.com/sapui5/extension/sap.ui.core.CustomData/1">
	<VBox width="100%" class="sapUiResponsiveContentPadding">
		<smartForm:SmartForm id="idSmartForm" title="General Site Info" editTogglable="false" entityType="zops_c_site_workbenchType"
			class="sapUiResponsiveContentPadding" editable="true">
			<smartForm:customData>
				<core:CustomData key="dateFormatSettings" value='\{"UTC":true,"style":"long"\}'/>
			</smartForm:customData>
			<smartForm:Group >
				<smartForm:GroupElement label="Site Number">
					<smartField:SmartField value="{site_num}" editable="{LocalModel>/oFieldEdit}" contextEditable="{LocalModel>/oFieldEdit}"
						contextEditableChanged="onControlContxChangesEdit" valueState="{LocalModel>/oVSSiteNo}" mandatory="true"/>
				</smartForm:GroupElement>
				<smartForm:GroupElement label="Address">
					<smartField:SmartField value="{addr}" editable="true" contextEditable="{LocalModel>/oFieldEdit}"
						contextEditableChanged="onControlContxChanges"/>
				</smartForm:GroupElement>
				<smartForm:GroupElement label="Business Unit">
					<smartField:SmartField value="{bus_unit}" editable="true" contextEditable="{LocalModel>/oFieldEdit}"
						contextEditableChanged="onControlContxChanges">
						<smartField:configuration>
							<smartField:Configuration controlType="dropDownList" displayBehaviour="descriptionAndId"/>
						</smartField:configuration>
					</smartField:SmartField>
				</smartForm:GroupElement>
				<smartForm:GroupElement label="WBS">
					<smartField:SmartField value="{wbs_element}" editable="true" contextEditable="{LocalModel>/oFieldEdit}"
						contextEditableChanged="onControlContxChanges"/>
				</smartForm:GroupElement>
			</smartForm:Group>
			<smartForm:Group >
				<smartForm:GroupElement label="Project Name">
					<smartField:SmartField value="{project_name}" editable="true" mandatory="true" contextEditable="{LocalModel>/oFieldEdit}"
						contextEditableChanged="onControlContxChanges" valueState="{LocalModel>/oVSProjectName}" change="onChangeProjectName">
						<smartField:configuration>
							<smartField:Configuration controlType="input"/>
						</smartField:configuration>
					</smartField:SmartField>
				</smartForm:GroupElement>
				<smartForm:GroupElement label="City">
					<smartField:SmartField value="{city}" editable="true" contextEditable="{LocalModel>/oFieldEdit}"
						contextEditableChanged="onControlContxChanges"/>
				</smartForm:GroupElement>
				<smartForm:GroupElement label="Alignment">
					<smartField:SmartField value="{pm_alignment}" editable="true" contextEditable="{LocalModel>/oFieldEdit}"
						contextEditableChanged="onControlContxChanges">
						<smartField:configuration>
							<smartField:Configuration controlType="dropDownList" displayBehaviour="descriptionAndId"/>
						</smartField:configuration>
					</smartField:SmartField>
				</smartForm:GroupElement>
				<smartForm:GroupElement label="Site Manager">
					<smartField:SmartField id="a" value="{site_mgr_uname}" change="onSelectUname" editable="true" contextEditable="{LocalModel>/oFieldEdit}"
						contextEditableChanged="onControlContxChanges">
						<smartField:configuration>
							<smartField:Configuration controlType="dropDownList" displayBehaviour="descriptionAndId"/>
						</smartField:configuration>
					</smartField:SmartField>
				</smartForm:GroupElement>
			</smartForm:Group>
			<smartForm:Group >
				<smartForm:GroupElement label="Site Status">
					<smartField:SmartField value="{site_status}" editable="true" contextEditable="{LocalModel>/oFieldEdit}"
						contextEditableChanged="onControlContxChanges" initialise="onIntialSitestatus">
						<smartField:configuration>
							<smartField:Configuration controlType="dropDownList" displayBehaviour="descriptionAndId"/>
						</smartField:configuration>
					</smartField:SmartField>
				</smartForm:GroupElement>
				<smartForm:GroupElement label="Site Type">
					<smartField:SmartField value="{site_type}" editable="true" contextEditable="{LocalModel>/oFieldEdit}"
						contextEditableChanged="onControlContxChanges" initialise="onIntialSiteType">
						<smartField:configuration>
							<smartField:Configuration controlType="dropDownList" displayBehaviour="descriptionAndId"/>
						</smartField:configuration>
					</smartField:SmartField>
				</smartForm:GroupElement>
				<smartForm:GroupElement label="State/Province ">
					<smartField:SmartField value="{state}" editable="true" contextEditable="{LocalModel>/oFieldEdit}"
						contextEditableChanged="onControlContxChanges"/>
				</smartForm:GroupElement>
				<smartForm:GroupElement label="Sub Alignment">
					<smartField:SmartField value="{pm_sub_alignment}" editable="true" contextEditable="{LocalModel>/oFieldEdit}"
						contextEditableChanged="onControlContxChanges">
						<smartField:configuration>
							<smartField:Configuration controlType="dropDownList" displayBehaviour="descriptionAndId"/>
						</smartField:configuration>
					</smartField:SmartField>
				</smartForm:GroupElement>
				<smartForm:GroupElement label="Region Manager">
					<smartField:SmartField value="{region_mgr_uname}" editable="false"></smartField:SmartField>
				</smartForm:GroupElement>
			</smartForm:Group>
		</smartForm:SmartForm>
	</VBox>
</core:FragmentDefinition>