<core:FragmentDefinition xmlns:core="sap.ui.core" xmlns:smartForm="sap.ui.comp.smartform" xmlns:smartField="sap.ui.comp.smartfield"
	xmlns="sap.m" xmlns:app="http://schemas.sap.com/sapui5/extension/sap.ui.core.CustomData/1">
	<VBox width="100%" class="sapUiResponsiveContentPadding">
		<smartForm:SmartForm id="idSmartFormMasterData" title="EMS Master Data" editTogglable="false" entityType="zops_c_site_workbenchType"
			editable="true">
			<smartForm:customData>
				<core:CustomData key="dateFormatSettings" value='\{"UTC":true,"style":"long"\}'/>
			</smartForm:customData>
			<smartForm:Group>
				<smartForm:GroupElement label="Request Status">
					<smartField:SmartField value="{status}" editable="true" contextEditable="{LocalModel>/oFieldEdit}"
						contextEditableChanged="onControlContxChanges"/>
				</smartForm:GroupElement>
				<smartForm:GroupElement label="BU Site Number">
					<smartField:SmartField value="{site_num_bu}" editable="true" contextEditable="{LocalModel>/oFieldEdit}"
						contextEditableChanged="onControlContxChanges"/>
				</smartForm:GroupElement>
				<smartForm:GroupElement label="Alternate Reference Site Number">
					<smartField:SmartField value="{site_num_ref}" editable="true" contextEditable="{LocalModel>/oFieldEdit}"
						contextEditableChanged="onControlContxChanges"/>
				</smartForm:GroupElement>
				<smartForm:GroupElement label="Site Phase">
					<smartField:SmartField value="{site_phase}" editable="true" contextEditable="{LocalModel>/oFieldEdit}"
						contextEditableChanged="onControlContxChanges" initialise="onIntialSitePhase"/>
				</smartForm:GroupElement>
				<smartForm:GroupElement label="Site Sub-Phase">
					<smartField:SmartField value="{site_subphase}" editable="true" contextEditable="{LocalModel>/oFieldEdit}"
						contextEditableChanged="onControlContxChanges"/>
				</smartForm:GroupElement>
				<smartForm:GroupElement label="Site GPS Latitude ">
					<smartField:SmartField value="{gps_lat}" editable="true" contextEditable="{LocalModel>/oFieldEdit}"
						contextEditableChanged="onControlContxChanges"/>
				</smartForm:GroupElement>
				<smartForm:GroupElement label="Site GPS Longitude">
					<smartField:SmartField value="{gps_long}" editable="true" contextEditable="{LocalModel>/oFieldEdit}"
						contextEditableChanged="onControlContxChanges"/>
				</smartForm:GroupElement>
				<smartForm:GroupElement label="Site County">
					<smartField:SmartField value="{county}" editable="true" contextEditable="{LocalModel>/oFieldEdit}"
						contextEditableChanged="onControlContxChanges"/>
				</smartForm:GroupElement>
				<smartForm:GroupElement label="Country Key">
					<smartField:SmartField value="{land1}" editable="true" contextEditable="{LocalModel>/oFieldEdit}"
						contextEditableChanged="onControlContxChanges"/>
				</smartForm:GroupElement>
				<smartForm:GroupElement label="Postal Code">
					<smartField:SmartField value="{pstlz}" editable="true" contextEditable="{LocalModel>/oFieldEdit}"
						contextEditableChanged="onControlContxChanges"/>
				</smartForm:GroupElement>
				<smartForm:GroupElement label="Restructure Company">
					<smartField:SmartField value="{restruct_company}" editable="true" contextEditable="{LocalModel>/oFieldEdit}"
						contextEditableChanged="onControlContxChanges"/>
				</smartForm:GroupElement>
				<smartForm:GroupElement label="Site Operator">
					<smartField:SmartField value="{operator}" editable="true" contextEditable="{LocalModel>/oFieldEdit}"
						contextEditableChanged="onControlContxChanges"/>
				</smartForm:GroupElement>
				<smartForm:GroupElement label="Site Planned?">
					<smartField:SmartField value="{site_planned}" editable="true" contextEditable="{LocalModel>/oFieldEdit}"
						contextEditableChanged="onControlContxChanges"/>
				</smartForm:GroupElement>
				<smartForm:GroupElement label="Reason for Site/Project">
					<smartField:SmartField value="{reason}" editable="true" contextEditable="{LocalModel>/oFieldEdit}"
						contextEditableChanged="onControlContxChanges"/>
				</smartForm:GroupElement>
				<smartForm:GroupElement label="Ownership">
					<smartField:SmartField value="{ownership}" editable="true" contextEditable="{LocalModel>/oFieldEdit}"
						contextEditableChanged="onControlContxChanges"/>
				</smartForm:GroupElement>
			</smartForm:Group>
			<smartForm:Group >
				<smartForm:GroupElement label="Property Class">
					<smartField:SmartField value="{prop_class}" editable="true" contextEditable="{LocalModel>/oFieldEdit}"
						contextEditableChanged="onControlContxChanges"/>
				</smartForm:GroupElement>
				<smartForm:GroupElement label="Heritage Company">
					<smartField:SmartField value="{heritage_company}" editable="true" contextEditable="{LocalModel>/oFieldEdit}"
						contextEditableChanged="onControlContxChanges"/>
				</smartForm:GroupElement>
				<smartForm:GroupElement label="Site Manager Personnel Number">
					<smartField:SmartField id="b" value="{site_mgr_pernr}" editable="true" contextEditable="{LocalModel>/oFieldEdit}"
						contextEditableChanged="onControlContxChanges"/>
				</smartForm:GroupElement>
				<smartForm:GroupElement label="Regional Manager User Name">
					<smartField:SmartField value="{region_mgr_uname}" editable="true" contextEditable="{LocalModel>/oFieldEdit}"
						contextEditableChanged="onControlContxChanges"/>
				</smartForm:GroupElement>
				<smartForm:GroupElement label="Remediation Organization">
					<smartField:SmartField value="{rem_org}" editable="true" contextEditable="{LocalModel>/oFieldEdit}"
						contextEditableChanged="onControlContxChanges"/>
				</smartForm:GroupElement>
				<smartForm:GroupElement label="Cost Sharing Agreement">
					<smartField:SmartField value="{cost_share}" editable="true" contextEditable="{LocalModel>/oFieldEdit}"
						contextEditableChanged="onControlContxChanges"/>
				</smartForm:GroupElement>
				<smartForm:GroupElement label="Cost Sharing Account">
					<smartField:SmartField value="{cost_share_acct}" editable="true" contextEditable="{LocalModel>/oFieldEdit}"
						contextEditableChanged="onControlContxChanges"/>
				</smartForm:GroupElement>
				<smartForm:GroupElement label="P66 interest %">
					<smartField:SmartField value="{p66_interest}" editable="true" contextEditable="{LocalModel>/oFieldEdit}"
						contextEditableChanged="onControlContxChanges"/>
				</smartForm:GroupElement>
				<smartForm:GroupElement label="Intended Scope">
					<smartField:SmartField value="{scope}" editable="true" contextEditable="{LocalModel>/oFieldEdit}"
						contextEditableChanged="onControlContxChanges"/>
				</smartForm:GroupElement>
				<smartForm:GroupElement label="Assessment Level">
					<smartField:SmartField value="{assessment_level}" editable="true" contextEditable="{LocalModel>/oFieldEdit}"
						contextEditableChanged="onControlContxChanges"/>
				</smartForm:GroupElement>
				<smartForm:GroupElement label="Corrective Action Plan">
					<smartField:SmartField value="{action_plan}" editable="true" contextEditable="{LocalModel>/oFieldEdit}"
						contextEditableChanged="onControlContxChanges"/>
				</smartForm:GroupElement>
			</smartForm:Group>
			<smartForm:Group>
				<smartForm:GroupElement label="PPA/Material Site?">
					<smartField:SmartField value="{mat_ppa_site}" editable="true" contextEditable="{LocalModel>/oFieldEdit}"
						contextEditableChanged="onControlContxChanges"/>
				</smartForm:GroupElement>
				<smartForm:GroupElement label="Uncertainly">
					<smartField:SmartField value="{site_planned}" editable="true" contextEditable="{LocalModel>/oFieldEdit}"
						contextEditableChanged="onControlContxChanges"/>
				</smartForm:GroupElement>
				<smartForm:GroupElement label="Lifecycle?">
					<smartField:SmartField value="{site_planned}" editable="true" contextEditable="{LocalModel>/oFieldEdit}"
						contextEditableChanged="onControlContxChanges"/>
				</smartForm:GroupElement>
				<smartForm:GroupElement label="Lifecycle Date">
					<smartField:SmartField value="{lifecycle_date}" editable="true" contextEditable="{LocalModel>/oFieldEdit}"
						contextEditableChanged="onControlContxChanges"/>
				</smartForm:GroupElement>
				<smartForm:GroupElement label="Indemnity/Guarantee?">
					<smartField:SmartField value="{site_planned}" editable="true" contextEditable="{LocalModel>/oFieldEdit}"
						contextEditableChanged="onControlContxChanges"/>
				</smartForm:GroupElement>
				<smartForm:GroupElement label="Indemnity/Guarantee Date">
					<smartField:SmartField value="{indem_guar_date}" editable="true" contextEditable="{LocalModel>/oFieldEdit}"
						contextEditableChanged="onControlContxChanges"/>
				</smartForm:GroupElement>
				<smartForm:GroupElement label="Amortize?">
					<smartField:SmartField value="{site_planned}" editable="true" contextEditable="{LocalModel>/oFieldEdit}"
						contextEditableChanged="onControlContxChanges"/>
				</smartForm:GroupElement>
				<smartForm:GroupElement label="Amortize Through Date ">
					<smartField:SmartField value="{amortize_date}" editable="true" contextEditable="{LocalModel>/oFieldEdit}"
						contextEditableChanged="onControlContxChanges"/>
				</smartForm:GroupElement>
				<smartForm:GroupElement label="Reimburse">
					<smartField:SmartField value="{reimburse}" editable="true" contextEditable="{LocalModel>/oFieldEdit}"
						contextEditableChanged="onControlContxChanges"/>
				</smartForm:GroupElement>
				<smartForm:GroupElement label="NFA Date">
					<smartField:SmartField value="{nfa_date}" editable="true" contextEditable="{LocalModel>/oFieldEdit}"
						contextEditableChanged="onControlContxChanges"/>
				</smartForm:GroupElement>
				<smartForm:GroupElement label="Date Sold">
					<smartField:SmartField value="{sold_date}" editable="true" contextEditable="{LocalModel>/oFieldEdit}"
						contextEditableChanged="onControlContxChanges"/>
				</smartForm:GroupElement>
				<smartForm:GroupElement label="Created On">
					<smartField:SmartField value="{created_on}" editable="true" contextEditable="{LocalModel>/oFieldEdit}"
						contextEditableChanged="onControlContxChanges"/>
				</smartForm:GroupElement>
				<smartForm:GroupElement label="Created By">
					<smartField:SmartField value="{created_by}" editable="true" contextEditable="{LocalModel>/oFieldEdit}"
						contextEditableChanged="onControlContxChanges"/>
				</smartForm:GroupElement>
				<smartForm:GroupElement label="Modified on">
					<smartField:SmartField value="{modified_on}" editable="true" contextEditable="{LocalModel>/oFieldEdit}"
						contextEditableChanged="onControlContxChanges"/>
				</smartForm:GroupElement>
				<smartForm:GroupElement label="Modified By">
					<smartField:SmartField value="{modified_by}" editable="true" contextEditable="{LocalModel>/oFieldEdit}"
						contextEditableChanged="onControlContxChanges"/>
				</smartForm:GroupElement>
			</smartForm:Group>
		</smartForm:SmartForm>
		<smartForm:SmartForm id="idSmartFormPMMasterData" title="PM Master Data" editTogglable="false" entityType="zops_c_site_workbenchType"
			editable="true">
			<smartForm:customData>
				<core:CustomData key="dateFormatSettings" value='\{"UTC":true,"style":"long"\}'/>
			</smartForm:customData>
			<smartForm:Group>
				<smartForm:GroupElement label="Alignment">
					<smartField:SmartField value="{pm_alignment}" editable="true" contextEditable="{LocalModel>/oFieldEdit}"
						contextEditableChanged="onControlContxChanges"/>
				</smartForm:GroupElement>
				<smartForm:GroupElement label="Cross Street">
					<smartField:SmartField value="{pm_cross_street}" editable="true" contextEditable="{LocalModel>/oFieldEdit}"
						contextEditableChanged="onControlContxChanges"/>
				</smartForm:GroupElement>
			</smartForm:Group>
			<smartForm:Group >
				<smartForm:GroupElement label="Sub-alignment">
					<smartField:SmartField value="{pm_sub_alignment}" editable="true" contextEditable="{LocalModel>/oFieldEdit}"
						contextEditableChanged="onControlContxChanges"/>
				</smartForm:GroupElement>
			</smartForm:Group>
			<smartForm:Group>
				<smartForm:GroupElement label="Initial Date">
					<smartField:SmartField value="{pm_initial_date}" editable="true" contextEditable="{LocalModel>/oFieldEdit}"
						contextEditableChanged="onControlContxChanges"/>
				</smartForm:GroupElement>
				<smartForm:GroupElement label="Final Closure Date">
					<smartField:SmartField value="{final_close_date}" editable="true" contextEditable="{LocalModel>/oFieldEdit}"
						contextEditableChanged="onControlContxChanges"/>
				</smartForm:GroupElement>
			</smartForm:Group>
			<smartForm:Group>
				<smartForm:GroupElement label="PM Comments">
					<smartField:SmartField value="{pm_comments}" width="35rem" editable="true" contextEditable="{LocalModel>/oFieldEdit}"
						contextEditableChanged="onControlContxChanges"/>
				</smartForm:GroupElement>
			</smartForm:Group>
		</smartForm:SmartForm>
	</VBox>
</core:FragmentDefinition>