<core:FragmentDefinition xmlns:core="sap.ui.core" xmlns:smartForm="sap.ui.comp.smartform" xmlns:smartField="sap.ui.comp.smartfield"
	xmlns="sap.m" xmlns:smartTable="sap.ui.comp.smarttable" xmlns:custom="http://schemas.sap.com/sapui5/extension/sap.ui.core.CustomData/1">
	<VBox width="100%" class="sapUiResponsiveContentPadding">
		<smartForm:SmartForm id="idSmartFormRegu" title="Regulatory Permits" editTogglable="false" entityType="zops_c_site_workbenchType"
			class="sapUiResponsiveContentPadding" editable="true">
			<smartForm:customData>
				<core:CustomData key="dateFormatSettings" value='\{"UTC":true,"style":"long"\}'/>
			</smartForm:customData>
			<smartForm:Group >
				<smartForm:GroupElement label="Lead Agency Name">
					<smartField:SmartField value="{lead_agency}" editable="true" contextEditable="{LocalModel>/oFieldEdit}"
						contextEditableChanged="onControlContxChanges"/>
				</smartForm:GroupElement>
				<smartForm:GroupElement label="Access Agreement">
					<smartField:SmartField value="{access_agree}" editable="true" contextEditable="{LocalModel>/oFieldEdit}"
						contextEditableChanged="onControlContxChanges"/>
				</smartForm:GroupElement>
			</smartForm:Group>
			<smartForm:Group >
				<smartForm:GroupElement label="Incident Reference">
					<smartField:SmartField value="{inc_reference}" editable="true" contextEditable="{LocalModel>/oFieldEdit}"
						contextEditableChanged="onControlContxChanges"/>
				</smartForm:GroupElement>
			</smartForm:Group>
		</smartForm:SmartForm>
		<smartTable:SmartTable id="swbReglatoryTableID" tableBindingPath="" tableType="ResponsiveTable" useExportToExcel="true"
			entitySet="zops_i_site_regperm" requestAtLeastFields="site_num,prmt_num" showFullScreenButton="false" header="Regulatory Permits" showRowCount="false" enableAutoBinding="true"
			exportType="UI5Client" beforeExport="onBeforeExport" beforeRebindTable="onBeforeRebindTableRelatoryPermits" custom:useSmartField="true"
			useVariantManagement="true" useTablePersonalisation="false" demandPopin="false" persistencyKey="zops_i_site_regpermType.SmartTable">
			<smartTable:customToolbar>
				<OverflowToolbar design="Transparent">
					<ToolbarSpacer/>
					<Button tooltip="Add Row" icon="sap-icon://add" press="handleAddReglTbl" visible="{LocalModel>/visAddDelete}"/>
					<Button tooltip="Delete Row" icon="sap-icon://delete" press="handleDeleteButtonPressed" visible="{LocalModel>/visAddDelete}"/>
				</OverflowToolbar>
			</smartTable:customToolbar>
			<Table inset="false" mode="MultiSelect">
				<columns>
					<Column visible="false" width="12em">
						<customData>
							<core:CustomData key="p13nData" value='\{"columnKey": "site_num", "leadingProperty": "site_num"}'/>
						</customData>
						<Text text="Site Num"/>
					</Column>
					<Column visible="false" width="12em">
						<customData>
							<core:CustomData key="p13nData" value='\{"columnKey": "prmt_num", "leadingProperty": "prmt_num"}'/>
						</customData>
						<Text text="Perm Num"/>
					</Column>
					<Column width="12em">
						<customData>
							<core:CustomData key="p13nData" value='\{"columnKey": "permit_number", "leadingProperty": "permit_number"}'/>
						</customData>
						<Text text="Permit number"/>
					</Column>
					<Column minScreenWidth="Tablet" demandPopin="true">
						<customData>
							<core:CustomData key="p13nData" value='\{"columnKey": "permit_type", "leadingProperty": "permit_type"}'/>
						</customData>
						<Text text="Permit Type"/>
					</Column>
					<Column minScreenWidth="Desktop" demandPopin="true" hAlign="End">
						<customData>
							<core:CustomData key="p13nData" value='\{"columnKey": "permit_exists", "leadingProperty": "permit_exists"}'/>
						</customData>
						<Text text="Permit Exists"/>
					</Column>
					<Column minScreenWidth="Desktop" demandPopin="true" hAlign="Center">
						<customData>
							<core:CustomData key="p13nData" value='\{"columnKey": "start_date", "leadingProperty": "start_date"}'/>
						</customData>
						<Text text="Start Date"/>
					</Column>
					<Column minScreenWidth="Desktop" demandPopin="true" hAlign="End">
						<customData>
							<core:CustomData key="p13nData" value='\{"columnKey": "exp_date", "leadingProperty": "exp_date"}'/>
						</customData>
						<Text text="Exp Dates"/>
					</Column>
					<Column minScreenWidth="Desktop" demandPopin="true" hAlign="Center">
						<customData>
							<core:CustomData key="p13nData" value='\{"columnKey": "renewal_date", "leadingProperty": "renewal_date"}'/>
						</customData>
						<Text text="Renewal Date"/>
					</Column>
					<Column minScreenWidth="Desktop" demandPopin="true" hAlign="Center">
						<customData>
							<core:CustomData key="p13nData" value='\{"columnKey": "link", "leadingProperty": "link"}'/>
						</customData>
						<Text text="Permit Link"/>
					</Column>
				</columns>
				<items>
					<ColumnListItem>
						<cells>
							<smartField:SmartField value="{site_num}" editable="true" contextEditable="{LocalModel>/oFieldEdit}"
								contextEditableChanged="onControlContxChanges"/>
								<smartField:SmartField value="{prmt_num}" editable="true" contextEditable="{LocalModel>/oFieldEdit}"
								contextEditableChanged="onControlContxChanges"/>
							<smartField:SmartField value="{permit_number}" editable="true" contextEditable="{LocalModel>/oFieldEdit}"
								contextEditableChanged="onControlContxChanges"/>
							<smartField:SmartField value="{permit_type}" editable="true" contextEditable="{LocalModel>/oFieldEdit}"
								contextEditableChanged="onControlContxChanges"/>
							<smartField:SmartField value="{permit_exists}" editable="true" contextEditable="{LocalModel>/oFieldEdit}"
								contextEditableChanged="onControlContxChanges"/>
							<smartField:SmartField value="{start_date}" editable="true" contextEditable="{LocalModel>/oFieldEdit}"
								contextEditableChanged="onControlContxChanges"/>
							<smartField:SmartField value="{exp_date}" editable="true" contextEditable="{LocalModel>/oFieldEdit}"
								contextEditableChanged="onControlContxChanges"/>
							<smartField:SmartField value="{renewal_date}" editable="true" contextEditable="{LocalModel>/oFieldEdit}"
								contextEditableChanged="onControlContxChanges"/>
							<smartField:SmartField value="{link}" editable="true" contextEditable="{LocalModel>/oFieldEdit}"
								contextEditableChanged="onControlContxChanges"/>
						</cells>
					</ColumnListItem>
				</items>
			</Table>
		</smartTable:SmartTable>
	</VBox>
</core:FragmentDefinition>