<core:FragmentDefinition xmlns:core="sap.ui.core" xmlns:smartForm="sap.ui.comp.smartform" xmlns:smartField="sap.ui.comp.smartfield"
	xmlns="sap.m" xmlns:custom="http://schemas.sap.com/sapui5/extension/sap.ui.core.CustomData/1" xmlns:smartTable="sap.ui.comp.smarttable">
	<VBox width="100%" class="sapUiResponsiveContentPadding">
		<smartForm:SmartForm id="idSmartFormStraregy" title="" editTogglable="false" entityType="zops_c_site_workbenchType"
			class="sapUiResponsiveContentPadding" editable="true">
			<smartForm:customData>
				<core:CustomData key="dateFormatSettings" value='\{"UTC":true,"style":"long"\}'/>
			</smartForm:customData>
			<smartForm:Group>
				<smartForm:GroupElement label="Strategy review date">
					<smartField:SmartField value="{strat_review_date}" editable="true" contextEditable="{LocalModel>/oFieldEdit}"
						contextEditableChanged="onControlContxChanges" width="40%"/>
				</smartForm:GroupElement>
				<smartForm:GroupElement label="System Type">
					<smartField:SmartField value="{sys_type}" editable="true" contextEditable="{LocalModel>/oFieldEdit}"
						contextEditableChanged="onControlContxChanges"  width="40%"/>
				</smartForm:GroupElement>
				<smartForm:GroupElement label="Remediation System">
					<smartField:SmartField value="{rem_system}" editable="true" contextEditable="{LocalModel>/oFieldEdit}"
						contextEditableChanged="onControlContxChanges"/>
				</smartForm:GroupElement>
			</smartForm:Group>
		</smartForm:SmartForm>
		<smartTable:SmartTable id="swbStrategyTable" tableBindingPath="" tableType="ResponsiveTable" useExportToExcel="true"
			entitySet="zops_i_site_strgplan" showFullScreenButton="false" header="Strategy Plans" showRowCount="false" enableAutoBinding="true"
			exportType="UI5Client" beforeExport="onBeforeExport" beforeRebindTable="onBeforeRebindTableStgPlans" custom:useSmartField="true"
			useVariantManagement="true" requestAtLeastFields="site_num,strat_num" useTablePersonalisation="false" demandPopin="false" persistencyKey="siteworkbench.E2113_EWB.SmartTablestpn">
			<smartTable:customToolbar>
				<OverflowToolbar design="Transparent">
					<ToolbarSpacer/>
					<Button tooltip="Add Row" icon="sap-icon://add" press="handleAddStgtblpress" visible="{LocalModel>/visAddDelete}"/>
					<Button tooltip="Delete Row" icon="sap-icon://delete" press="handleDeleteButtonPressed" visible="{LocalModel>/visAddDelete}"/>
				</OverflowToolbar>
			</smartTable:customToolbar>
			<Table inset="false" mode="MultiSelect">
				<columns>
					<Column visible="false" width="12em">
						<customData>
							<core:CustomData key="p13nData" value='\{"columnKey": "site_num", "leadingProperty": "site_num"}'/>
						</customData>
						<Text text="Site Number"/>
					</Column>
					<Column visible="false" width="12em">
						<customData>
							<core:CustomData key="p13nData" value='\{"columnKey": "strat_num", "leadingProperty": "strat_num"}'/>
						</customData>
						<Text text="Strat Number"/>
					</Column>
					<Column width="12em">
						<customData>
							<core:CustomData key="p13nData" value='\{"columnKey": "strat_created_on", "leadingProperty": "strat_created_on"}'/>
						</customData>
						<Text text="Created On"/>
					</Column>
					<Column minScreenWidth="Tablet" demandPopin="true">
						<customData>
							<core:CustomData key="p13nData" value='\{"columnKey": "type", "leadingProperty": "type"}'/>
						</customData>
						<Text text="Type"/>
					</Column>
					<Column minScreenWidth="Desktop" demandPopin="true" hAlign="End">
						<customData>
							<core:CustomData key="p13nData" value='\{"columnKey": "status", "leadingProperty": "status"}'/>
						</customData>
						<Text text="Plan Status"/>
					</Column>
					<Column minScreenWidth="Desktop" demandPopin="true" hAlign="Center">
						<customData>
							<core:CustomData key="p13nData" value='\{"columnKey": "contact", "leadingProperty": "contact"}'/>
						</customData>
						<Text text="Contacts"/>
					</Column>
					<Column minScreenWidth="Desktop" demandPopin="true" hAlign="Center">
						<customData>
							<core:CustomData key="p13nData" value='\{"columnKey": "zcomment", "leadingProperty": "zcomment"}'/>
						</customData>
						<Text text="Comments"/>
					</Column>
				</columns>
				<items>
					<ColumnListItem>
						<cells>
							<smartField:SmartField value="{site_num}" editable="true" contextEditable="{LocalModel>/oFieldEdit}"
								contextEditableChanged="onControlContxChanges"/>
								<smartField:SmartField value="{strat_num}" editable="true" contextEditable="{LocalModel>/oFieldEdit}"
								contextEditableChanged="onControlContxChanges"/>
							<smartField:SmartField value="{strat_created_on}" editable="true" contextEditable="{LocalModel>/oFieldEdit}"
								contextEditableChanged="onControlContxChanges"/>
							<smartField:SmartField value="{type}" editable="true" contextEditable="{LocalModel>/oFieldEdit}"
								contextEditableChanged="onControlContxChanges"/>
							<smartField:SmartField value="{status}" editable="true" contextEditable="{LocalModel>/oFieldEdit}"
								contextEditableChanged="onControlContxChanges" valueState="{LocalModel>/oVSPlanStatus}" mandatory="true"/>
							<smartField:SmartField value="{contact}" editable="true" contextEditable="{LocalModel>/oFieldEdit}"
								contextEditableChanged="onControlContxChanges"/>
							<smartField:SmartField value="{zcomment}" editable="true" contextEditable="{LocalModel>/oFieldEdit}"
								contextEditableChanged="onControlContxChanges"/>
						</cells>
					</ColumnListItem>
				</items>
			</Table>
		</smartTable:SmartTable>
	</VBox>
</core:FragmentDefinition>