<core:FragmentDefinition xmlns="sap.m" xmlns:l="sap.ui.layout" xmlns:f="sap.ui.layout.form" xmlns:core="sap.ui.core"
	xmlns:smartform="sap.ui.comp.smartform" xmlns:smartField="sap.ui.comp.smartfield">
	<smartform:SmartForm binding="{Matterdetails}" editable="{path:'generalSettings>/Edit',formatter:'.formatter.editRequestScreen'}" expandable="false" expanded="true" entityType="Cmimatterdetails"
		id="cminewrequest.matter.CmimatterClientData">
		
		<smartform:Group id="cminewrequest.matter.section_header_ClientData1">
			<smartform:GroupElement id="cminewrequest.matter.CDSubEntityInput_">
				<smartField:SmartField showValueHelp="false" showSuggestion="false" id="cminewrequest.matter.CDBSubEntity" value="{Zzclntsubentydesc}"
					  textLabel="{i18n>CLNTDATA_SMTFIELD_LBL_BUSISUBENT}"/>
			</smartform:GroupElement>
			<smartform:GroupElement id="cminewrequest.matter.CDBusinessunitInput_">
				<smartField:SmartField showValueHelp="false" showSuggestion="false" id="cminewrequest.matter.CDBUnit" value="{Zzclntbusareadesc}"
					  textLabel="{i18n>CLNTDATA_SMTFIELD_LBL_BUSIUNIT}"/>
			</smartform:GroupElement>
			<smartform:GroupElement id="cminewrequest.matter.CDAreaoflawInput_">
				<smartField:SmartField showValueHelp="false" showSuggestion="false" id="cminewrequest.matter.CDAreaoflaw" value="{Zzclntaoldesc}"
					  textLabel="{i18n>CLNTDATA_SMTFIELD_LBL_AREALAW}"/>
			</smartform:GroupElement>
			<smartform:GroupElement id="cminewrequest.matter.CDServCategoryInput_">
				<smartField:SmartField showValueHelp="false" showSuggestion="false" id="cminewrequest.matter.CDServCategory" value="{Zzclntsrvcatdesc}"
					  textLabel="{i18n>CLNTDATA_SMTFIELD_LBL_SERVCAT}"/>
			</smartform:GroupElement>
			<smartform:GroupElement id="cminewrequest.matter.CDReferredTypeInput_">
				<smartField:SmartField showValueHelp="false" showSuggestion="false" id="cminewrequest.matter.CDReferredType" value="{Zziprefrtypecddesc}"
					  textLabel="{i18n>CLNTDATA_SMTFIELD_LBL_REFERTYPE}"/>
			</smartform:GroupElement>
		</smartform:Group>
		
		<smartform:Group id="cminewrequest.matter.section_header_ClientData2">
			<smartform:GroupElement id="cminewrequest.matter.PONoInput_">
				<smartField:SmartField showValueHelp="false" showSuggestion="false" id="cminewrequest.matter.CDPONo" value="{Zzipponumdesc}"
					  textLabel="{i18n>CLNTDATA_SMTFIELD_LBL_PONO}"/>
			</smartform:GroupElement>
			<smartform:GroupElement id="cminewrequest.matter.CourtNumInput_">
				<smartField:SmartField showValueHelp="false" showSuggestion="false" id="cminewrequest.matter.CDCourtNum" value="{Zzcourtnumdesc}"
					  textLabel="{i18n>CLNTDATA_SMTFIELD_LBL_COURTNO}"/>
			</smartform:GroupElement>
			<smartform:GroupElement id="cminewrequest.matter.CostCentreInput_">
				<smartField:SmartField showValueHelp="false" showSuggestion="false" id="cminewrequest.matter.CDCostCentre" value="{Zzclntccenterdesc}"
					  textLabel="{i18n>CLNTDATA_SMTFIELD_LBL_COSTCENTER}"/>
			</smartform:GroupElement>
			<smartform:GroupElement id="cminewrequest.matter.WorkTypeInput_">
				<smartField:SmartField showValueHelp="false" showSuggestion="false" id="cminewrequest.matter.CDWorkType" value="{Zzclntwrktypedesc}"
					  textLabel="{i18n>CLNTDATA_SMTFIELD_LBL_WORKTYPE}"/>
			</smartform:GroupElement>
			<smartform:GroupElement id="cminewrequest.matter.CDStatusInput_">
				<smartField:SmartField showValueHelp="false" showSuggestion="false" id="cminewrequest.matter.CDStatus" value="{Zzclntstatusdesc}"
					  textLabel="{i18n>CLNTDATA_SMTFIELD_LBL_STATUS}"/>
			</smartform:GroupElement>
			<smartform:GroupElement id="cminewrequest.matter.CDJurisdictionInput_">
				<smartField:SmartField showValueHelp="false" showSuggestion="false" id="cminewrequest.matter.CDJurisdiction" value="{Txjcddesc}"
					  textLabel="{i18n>CLNTDATA_SMTFIELD_LBL_JURISDICTION}"/>
			</smartform:GroupElement>
		</smartform:Group>
		
	</smartform:SmartForm>
</core:FragmentDefinition>