<core:FragmentDefinition xmlns="sap.m" xmlns:mvc="sap.ui.core.mvc" xmlns:ux="sap.uxap" xmlns:l="sap.ui.layout" xmlns:f="sap.ui.layout.form"
	xmlns:core="sap.ui.core" xmlns:smartField="sap.ui.comp.smartfield" xmlns:smartform="sap.ui.comp.smartform" xmlns:app="http://schemas.sap.com/sapui5/extension/sap.ui.core.CustomData/1">
	<smartform:SmartForm editable="{path:'generalSettings>/Edit',formatter:'.formatter.editRequestScreen'}" expandable="false" expanded="true" entityType="Cmimatter" binding="{Matters}"
		id="cminewrequest.matter.matterDetails.general">
		<smartform:customData>
			<core:CustomData key="dateFormatSettings" value='\{"UTC":true,"style":"medium"\}'/>
		</smartform:customData>
		<smartform:Group id="cminewrequest.matter.section_header_gen1">
			<smartform:GroupElement id="cminewrequest.matter.matterQuoteInput_">
				<smartField:SmartField value="{Quote}" mandatory="false" change="changeMatterDetails" id="cminewrequest.matter.matterQuoteInput"
					textLabel="{i18n>generalQuote}" app:dependentField="cminewrequest.matter.leadPartnerInput" valueListChanged="valueListChangedMatterQuote">
					<smartField:configuration>
						<smartField:Configuration preventInitialDataFetchInValueHelpDialog="false"/>
					</smartField:configuration>
				</smartField:SmartField>
			</smartform:GroupElement>
			<smartform:GroupElement id="cminewrequest.matter.matterOpenDateInput_">
				<smartField:SmartField value="{Zzplfaz}"   id="cminewrequest.matter.matterOpenDateInput" textLabel="{i18n>generalOpenDate}"
					mandatory="true">
					<smartField:configuration>
						<smartField:Configuration controlType="datePicker"/>
					</smartField:configuration>
				</smartField:SmartField>
			</smartform:GroupElement>
			<smartform:GroupElement id="cminewrequest.matter.matterCloseDateInput_">
				<smartField:SmartField value="{Zzplsez}"   mandatory="false" id="cminewrequest.matter.matterCloseDateInput"
					textLabel="{i18n>generalCloseDate}">
					<smartField:configuration>
						<smartField:Configuration controlType="datePicker"/>
					</smartField:configuration>
				</smartField:SmartField>
			</smartform:GroupElement>
			<smartform:GroupElement id="cminewrequest.matter.matterNameInput_">
				<smartField:SmartField showValueHelp="false" showSuggestion="false" id="cminewrequest.matter.matterNameInput" value="{Mattername}"
					textLabel="{i18n>generalMatterName}" change="changeMatterDetails"/>
			</smartform:GroupElement>
		</smartform:Group>
		<smartform:Group id="cminewrequest.matter.section_header_gen2">
			<smartform:GroupElement id="cminewrequest.matter.leadPartnerInput_">
				<smartField:SmartField value="{Mma}" textLabel="{i18n>generalLeadPartner}" change="changeMatterDetails" id="cminewrequest.matter.leadPartnerInput"
					valueListChanged="valueListChangedMatterLeadPartner" app:tableId='\{"0":"cminewrequest.matter.internalContact.table_","1":"cminewrequest.matter.matterPartner.table_"\}'>
					<smartField:configuration>
						<smartField:Configuration preventInitialDataFetchInValueHelpDialog="false"/>
					</smartField:configuration>
				</smartField:SmartField>
			</smartform:GroupElement>
						<smartform:GroupElement id="cminewrequest.general.matter.practiceGroupInput_">
						<smartField:SmartField id="cminewrequest.general.matter.practiceGroup" value="{Practicegroup}" editable="false"
							textLabel="{i18n>MI_SMTFIELD_LBL_PRACGRP}">
						<!--	<smartField:configuration>
								<smartField:Configuration controlType="dropDownList" displayBehaviour="idOnly"/>
							</smartField:configuration>-->
						</smartField:SmartField>
					</smartform:GroupElement>
			<smartform:GroupElement id="cminewrequest.matter.officeNameInput_">
				<smartField:SmartField showValueHelp="false" editable="false"  textLabel="{i18n>generalOffice}" showSuggestion="false" id="cminewrequest.matter.officeNameInput"
					value="{Mmoffice}" change="changeMatterDetails"/>
			</smartform:GroupElement>
			<smartform:GroupElement id="cminewrequest.matter.matterDescInput_">
				<smartField:SmartField id="cminewrequest.matter.matterDescInput" textLabel="{i18n>generalMatterDesc}" value="{Matterlongtext}" mandatory="true"
					width="100%" change="changeMatterDetails"/>
			</smartform:GroupElement>
		</smartform:Group>
	</smartform:SmartForm>
</core:FragmentDefinition>