<core:FragmentDefinition xmlns:core="sap.ui.core" xmlns="sap.m" xmlns:uxap="sap.uxap" xmlns:t="sap.ui.table" xmlns:ui="sap.ui.table"
	xmlns:l="sap.ui.layout" xmlns:f="sap.ui.layout.form" xmlns:rte="sap.ui.richtexteditor"
	xmlns:app="http://schemas.sap.com/sapui5/extension/sap.ui.core.CustomData/1">
	<Page navButtonPress="onNavBack" showNavButton="{device>/system/phone}" title="{i18n>detailTitleCMI}">
		<content>
			<uxap:ObjectPageLayout enableLazyLoading="true" useIconTabBar="true" showTitleInHeaderContent="false" navigate="onPressNavigate">
				<uxap:headerTitle>
					<uxap:ObjectPageHeader class="customCssObjHeader" objectTitle="{oCMIService>Client}"/>
				</uxap:headerTitle>
				<uxap:headerContent>
					<VBox backgroundDesign="Solid" width="97%">
						<l:Grid defaultSpan="L4 M4 S12" width="auto" hSpacing="1" vSpacing="0" class="sapUiTinyMarginTop">
							<VBox>
								<HBox>
									<Label design="Bold" text="{i18n>lblRequestNo} :"/>
									<Text text="{oCMIService>Cmino}"/>
								</HBox>
								<HBox>
									<Label design="Bold" text="{i18n>lblRequestType} :"/>
									<Text text="{oCMIService>Cmidetail/Requesttype}"/>
								</HBox>
								<HBox>
									<Label design="Bold" text="{i18n>lblRequestStatus} :"/>
									<Link text="{oCMIService>Status}" press="onPressLinkStatus"/>
								</HBox>
								<HBox>
									<Label design="Bold" text="{i18n>lblRequestByName} :"/>
									<Text text="{oCMIService>Cmidetail/Requestedby}"/>
								</HBox>
								<HBox>
									<Label design="Bold" text="{i18n>lblRequestedDate} :"/>
									<Text text="{path:'oCMIService>Cmidetail/Requestdate', type: 'sap.ui.model.type.Date', formatOptions: { style: 'medium',UTC: true } }"/>
								</HBox>
							</VBox>
							<VBox>
								<HBox>
									<Label design="Bold" text="{i18n>lblClientNo} :"/>
									<Text text="{oCMIService>Clientk} - {oCMIService>Client}"/>
								</HBox>
								<HBox>
									<Label design="Bold" text="{i18n>lblClassification} :"/>
									<Text text="{oCMIService>Classification}"/>
								</HBox>
								<HBox>
									<Label design="Bold" text="{i18n>lblAddress} :"/>
									<Text text="{oCMIService>Cmidetail/Addr1}, {oCMIService>Cmidetail/Addr2}"/>
								</HBox>
								<HBox>
									<Label design="Bold" text="{i18n>lblCityState} :"/>
									<Text text="{oCMIService>Cmidetail/City} / {oCMIService>Cmidetail/State}"/>
								</HBox>
								<HBox>
									<Label design="Bold" text="{i18n>lblCountry} :"/>
									<Text text="{oCMIService>Cmidetail/Country}"/>
								</HBox>
								<HBox>
									<Label design="Bold" text="{i18n>lblZipCode} :"/>
									<Text text="{oCMIService>Cmidetail/Zipcode}"/>
								</HBox>
							</VBox>
							<VBox>
								<HBox>
									<Label design="Bold" text="{i18n>lblMatterNo} :"/>
									<Text text="{oCMIService>Cmidetail/Matterk} - {oCMIService>Cmidetail/Matter}"/>
								</HBox>
								<HBox>
									<Label design="Bold" text="{i18n>lblMatterType} :"/>
									<Text text="{oCMIService>Cmidetail/Mattertype}"/>
								</HBox>
								<HBox>
									<Label design="Bold" text="{i18n>lblMatterCategory} :"/>
									<Text text="{oCMIService>Cmidetail/Mattercat}"/>
								</HBox>
								<HBox>
									<Label design="Bold" text="{i18n>lblStatus} :"/>
									<Text text="{oCMIService>Cmidetail/Matterstatus}"/>
								</HBox>
								<HBox>
									<Label design="Bold" text="{i18n>lblPacticeGroup} :"/>
									<Text text="{oCMIService>Cmidetail/Practicegroup}"/>
								</HBox>
								<HBox>
									<Label design="Bold" text="{i18n>lblEstimatedFee} :"/>
									<Text text="{oCMIService>Cmidetail/Estimatedfees}"/>
								</HBox>
								<HBox>
									<Label design="Bold" text="{i18n>lblBillingOffice} :"/>
									<Text text="{oCMIService>Boffice}"/>
								</HBox>
							</VBox>
						</l:Grid>
					</VBox>
				</uxap:headerContent>
				<uxap:sections>
					<uxap:ObjectPageSection title="{i18n>objPageSecReview}" visible="{cmiTab>/reviewVisible}">
						<uxap:subSections>
							<uxap:ObjectPageSubSection app:subSection="review" title="{i18n>objPageSecReview}">
								<uxap:blocks>
									<l:Grid defaultSpan="L12 M6 S12">
										<Text id="txtIdWiid" text="{oCMIService>Review/Wiid}" visible="false"/>
										<FeedInput post="onPostComment" icon="sap-icon://person-placeholder" class="sapUiSizeCompact" placeholder="{i18n>placeHolderText}"/>
										<List showSeparators="Inner" items="{oCMIService>Comments}" noDataText="{i18n>lblNoComments}" class="sapUiSizeCompact">
											<FeedListItem class="sapUiSizeCompact" sender="{oCMIService>Addedby}" icon="sap-icon://person-placeholder" iconDensityAware="false"
												timestamp="{path: 'oCMIService>Addedon', type: 'sap.ui.model.type.DateTime', formatOptions: { style: 'medium',UTC: true }}"
												text="{oCMIService>UserComment}"/>
										</List>
									</l:Grid>
								</uxap:blocks>
							</uxap:ObjectPageSubSection>
						</uxap:subSections>
					</uxap:ObjectPageSection>
					<uxap:ObjectPageSection title="{i18n>objPageSecTerms}" visible="{cmiTab>/termsVisible}">
						<uxap:subSections>
							<uxap:ObjectPageSubSection app:subSection="terms" title="{i18n>objPageSecTerms}">
								<uxap:blocks>
									<l:Grid defaultSpan="L12 M12 S12">
										<t:Table id="idTermsTable" rows="{oCMIService>Terms}" selectionMode="MultiToggle">
											<t:toolbar>
												<OverflowToolbar>
													<Title text="Line Items ({cmiTab>/TermsTableRowCount})"/>
													<ToolbarSpacer/>
													<Button icon="sap-icon://action-settings" press="onTermsPersoButtonPressed">
														<layoutData>
															<OverflowToolbarLayoutData priority="NeverOverflow"/>
														</layoutData>
													</Button>
													<Button icon="sap-icon://excel-attachment" press="onTermsExcelDownloadPress">
														<layoutData>
															<OverflowToolbarLayoutData priority="NeverOverflow"/>
														</layoutData>
													</Button>
												</OverflowToolbar>
											</t:toolbar>
											<t:columns>
												<t:Column width="15rem">
													<Label design="Bold" text="{i18n>tblColTermsHeader}"/>
													<t:template>
														<Text text="{oCMIService>Termsheader} - {oCMIService>Termsitem}"/>
													</t:template>
												</t:Column>
												<t:Column>
													<Label design="Bold" text="{i18n>tblColContent}"/>
													<t:template>
														<rte:RichTextEditor editorType="TinyMCE4" editable="false" width="100%" height="150px" customToolbar="false" showGroupFont="false"
															showGroupStructure="false" showGroupFontStyle="false" showGroupClipboard="false" showGroupTextAlign="false" value="{oCMIService>Terms}"/>
														<!--<Text text="{ path:'oCMIService>Terms', formatter:'.formatter.removeTags'}"/>-->
													</t:template>
												</t:Column>
											</t:columns>
										</t:Table>
										<FeedInput post="onPostComment" icon="sap-icon://person-placeholder" class="sapUiSizeCompact sapUiSmallMarginTop"
											placeholder="{i18n>placeHolderText}"/>
										<List showSeparators="Inner" items="{oCMIService>Comments}" noDataText="{i18n>lblNoComments}" class="sapUiSizeCompact">
											<FeedListItem class="sapUiSizeCompact" sender="{oCMIService>Addedby}" icon="sap-icon://person-placeholder" iconDensityAware="false"
												timestamp="{path: 'oCMIService>Addedon', type: 'sap.ui.model.type.DateTime', formatOptions: { style: 'medium',UTC: true }}"
												text="{oCMIService>UserComment}"/>
										</List>
									</l:Grid>
								</uxap:blocks>
							</uxap:ObjectPageSubSection>
						</uxap:subSections>
					</uxap:ObjectPageSection>
					<uxap:ObjectPageSection title="{i18n>objPageSecConflicts}" visible="{cmiTab>/conflictsVisible}">
						<uxap:subSections>
							<uxap:ObjectPageSubSection app:subSection="conflicts" title="{i18n>objPageSecConflicts}">
								<uxap:blocks>
									<l:Grid defaultSpan="L12 M6 S12">
										<t:Table id="idConflictsCMITable" rows="{oCMIService>Conflicts}" selectionMode="MultiToggle">
											<t:toolbar>
												<OverflowToolbar>
													<Title text="Line Items ({cmiTab>/ConflictsTableRowCount})"/>
													<ToolbarSpacer/>
													<Button icon="sap-icon://action-settings" press="onConflictsCMIPersoButtonPressed">
														<layoutData>
															<OverflowToolbarLayoutData priority="NeverOverflow"/>
														</layoutData>
													</Button>
													<Button icon="sap-icon://excel-attachment" press="onConflictsCMIExcelDownloadPress">
														<layoutData>
															<OverflowToolbarLayoutData priority="NeverOverflow"/>
														</layoutData>
													</Button>
												</OverflowToolbar>
											</t:toolbar>
											<t:columns>
												<t:Column>
													<Label design="Bold" text="{i18n>tblColClient}"/>
													<t:template>
														<Text text="{oCMIService>Client}"/>
													</t:template>
												</t:Column>
												<t:Column>
													<Label design="Bold" text="{i18n>tblColMatterName}"/>
													<t:template>
														<Text text="{oCMIService>Matter}"/>
													</t:template>
												</t:Column>
												<t:Column>
													<Label design="Bold" text="{i18n>tblColMatterStatus}"/>
													<t:template>
														<Text text="{oCMIService>Matterstatus}"/>
													</t:template>
												</t:Column>
												<t:Column>
													<Label design="Bold" text="{i18n>lblLeadPartnerName}"/>
													<t:template>
														<Text text="{oCMIService>Leadpartner}"/>
													</t:template>
												</t:Column>
												<t:Column>
													<Label design="Bold" text="{i18n>tblColPartyName}"/>
													<t:template>
														<Text text="{oCMIService>PartyName}"/>
													</t:template>
												</t:Column>
												<t:Column>
													<Label design="Bold" text="{i18n>tblColRole}"/>
													<t:template>
														<Text text="{oCMIService>Role}"/>
													</t:template>
												</t:Column>
												<t:Column>
													<Label design="Bold" text="{i18n>lblPracticeGroup}"/>
													<t:template>
														<Text text="{oCMIService>Practicegroup}"/>
													</t:template>
												</t:Column>
											</t:columns>
										</t:Table>
										<FeedInput post="onPostComment" icon="sap-icon://person-placeholder" class="sapUiSizeCompact sapUiSmallMarginTop"
											placeholder="{i18n>placeHolderText}"/>
										<List showSeparators="Inner" items="{oCMIService>Comments}" noDataText="{i18n>lblNoComments}" class="sapUiSizeCompact">
											<FeedListItem class="sapUiSizeCompact" sender="{oCMIService>Addedby}" icon="sap-icon://person-placeholder" iconDensityAware="false"
												timestamp="{path: 'oCMIService>Addedon', type: 'sap.ui.model.type.DateTime', formatOptions: { style: 'medium',UTC: true }}"
												text="{oCMIService>UserComment}"/>
										</List>
									</l:Grid>
								</uxap:blocks>
							</uxap:ObjectPageSubSection>
						</uxap:subSections>
					</uxap:ObjectPageSection>
				</uxap:sections>
			</uxap:ObjectPageLayout>
		</content>
		<footer>
			<Toolbar>
				<ToolbarSpacer/>
				<Button id="idBtnApprove" text="{i18n>btnApprove}" press="onPressApprove"/>
				<Button id="idBtnReject" text="{i18n>btnReject}" press="onPressReject"/>
				<Button text="{i18n>btnReview}" press="onPressReview"/>
			</Toolbar>
		</footer>
	</Page>
</core:FragmentDefinition>