<core:FragmentDefinition xmlns:core="sap.ui.core" xmlns="sap.m" xmlns:uxap="sap.uxap" xmlns:t="sap.ui.table" xmlns:l="sap.ui.layout"
	xmlns:f="sap.ui.layout.form" xmlns:smartTable="sap.ui.comp.smarttable">
	<Page navButtonPress="onNavBack" showNavButton="{device>/system/phone}" title="{i18n>detailTitleConflicts}">
		<content>
			<uxap:ObjectPageLayout enableLazyLoading="true" useIconTabBar="true" showTitleInHeaderContent="false">
				<uxap:headerTitle>
					<uxap:ObjectPageHeader class="customCssObjHeader" objectTitle="{oConflictsService>Searchname}"/>
				</uxap:headerTitle>
				<uxap:headerContent>
					<!--<l:Grid defaultSpan="L12 M6 S12">
						<Label design="Bold" text="{i18n>lblSearchTerm}">
							<layoutData>
								<l:GridData span="L2 M2 S12"/>
							</layoutData>
						</Label>
						<Text class="sapUiSmallMarginBegin" text="{path : 'oConflictsService>Searchstring', formatter : '.formatter.formatSearchString'}">
							<layoutData>
								<l:GridData span="L10 M10 S12"/>
							</layoutData>
						</Text>
					</l:Grid>-->
					<f:SimpleForm editable="false" class="customCssSimpleForm" layout="ResponsiveGridLayout" maxContainerCols="1" labelSpanXL="2" labelSpanL="2"
						labelSpanM="2" labelSpanS="2" adjustLabelSpan="false" backgroundDesign="Solid">
						<Label design="Bold" text="{i18n>lblSearchTerm}"/>
						<Text text="{path : 'oConflictsService>Searchstring', formatter : '.formatter.formatSearchString'}"/>
					</f:SimpleForm>
				</uxap:headerContent>
				<uxap:sections>
					<uxap:ObjectPageSection>
						<uxap:subSections>
							<uxap:ObjectPageSubSection>
								<uxap:blocks>
									<t:Table id="idConflictsTable" rows="{oConflictsService>Results}" selectionMode="None" visibleRowCount="6">
										<t:toolbar>
											<OverflowToolbar>
												<Title text="Line Items ({cmiTab>/CSTableRowCount})"/>
												<ToolbarSpacer/>
												<Button icon="sap-icon://action-settings" press="onConflictsPersoButtonPressed">
													<layoutData>
														<OverflowToolbarLayoutData priority="NeverOverflow"/>
													</layoutData>
												</Button>
												<Button icon="sap-icon://excel-attachment" press="onConflictsExcelDownloadPress">
													<layoutData>
														<OverflowToolbarLayoutData priority="NeverOverflow"/>
													</layoutData>
												</Button>
											</OverflowToolbar>
										</t:toolbar>
										<t:columns>
											<t:Column>
												<Label design="Bold" text="{i18n>lblClient}"/>
												<t:template>
													<Text text="{oConflictsService>Client}"/>
												</t:template>
											</t:Column>
											<!--<t:Column id="matterkId">
												<Label design="Bold" text="{i18n>lblMatterk}"/>
												<t:template>
													<Text text="{oConflictsService>Matterk}"/>
												</t:template>
											</t:Column>-->
											<t:Column id="matterId">
												<Label design="Bold" text="{i18n>lblMatter}"/>
												<t:template>
													<Text text="{oConflictsService>Matter}"/>
												</t:template>
											</t:Column>
											<t:Column>
												<Label design="Bold" text="{i18n>lblMatteStatus}"/>
												<t:template>
													<Text text="{oConflictsService>Matterstatus}"/>
												</t:template>
											</t:Column>
											<!--<t:Column>
												<Label design="Bold" text="{i18n>lblLeadPartner}"/>
												<t:template>
													<Text text="{oConflictsService>Leadpartnerk}"/>
												</t:template>
											</t:Column>-->
											<t:Column>
												<Label design="Bold" text="{i18n>lblLeadPartnerName}"/>
												<t:template>
													<Text text="{oConflictsService>Leadpartner}"/>
												</t:template>
											</t:Column>
											<t:Column>
												<Label design="Bold" text="{i18n>lblPartyName}"/>
												<t:template>
													<Text text="{oConflictsService>Name}"/>
												</t:template>
											</t:Column>
											<t:Column>
												<Label design="Bold" text="{i18n>lblRole}"/>
												<t:template>
													<Text text="{oConflictsService>Role}"/>
												</t:template>
											</t:Column>
											<t:Column>
												<Label design="Bold" text="{i18n>lblPracticeGroup}"/>
												<t:template>
													<Text text="{oConflictsService>Practicegroup}"/>
												</t:template>
											</t:Column>
										</t:columns>
									</t:Table>
								</uxap:blocks>
							</uxap:ObjectPageSubSection>
						</uxap:subSections>
					</uxap:ObjectPageSection>
				</uxap:sections>
			</uxap:ObjectPageLayout>
		</content>
		<footer>
			<Toolbar>
				<ToolbarSpacer/>
				<Button text="{i18n>btnGoToConflicts}" press="onPressConflicts"/>
			</Toolbar>
		</footer>
	</Page>
</core:FragmentDefinition>