<core:FragmentDefinition xmlns:core="sap.ui.core" xmlns="sap.m" xmlns:uxap="sap.uxap" xmlns:t="sap.ui.table" xmlns:l="sap.ui.layout"
	xmlns:f="sap.ui.layout.form">
	<Page navButtonPress="onNavBack" showNavButton="{device>/system/phone}" title="{i18n>detailTitleCMI}">
		<content>
			<uxap:ObjectPageLayout enableLazyLoading="true" useIconTabBar="true" showTitleInHeaderContent="false">
				<uxap:headerTitle>
					<uxap:ObjectPageHeader class="customCssObjHeader" objectTitle="{oCMIService>Client}"/>
				</uxap:headerTitle>
				<uxap:headerContent>
					<VBox backgroundDesign="Solid" width="97%">
						<l:Grid defaultSpan="L4 M4 S12" width="auto" hSpacing="1" vSpacing="0" class="sapUiTinyMarginTop">
							<VBox>
								<HBox>
									<Label design="Bold" text="{i18n>lblRequestNo} :"/>
									<Text text="{oCMIService>Cmino}"/>
								</HBox>
								<HBox>
									<Label design="Bold" text="{i18n>lblRequestType} :"/>
									<Text text="{oCMIService>Cmidetail/Requesttype}"/>
								</HBox>
								<HBox>
									<Label design="Bold" text="{i18n>lblRequestStatus} :"/>
									<Link text="{oCMIService>Status}" press="onPressLinkStatus"/>
								</HBox>
								<HBox>
									<Label design="Bold" text="{i18n>lblRequestByName} :"/>
									<Text text="{oCMIService>Cmidetail/Requestedby}"/>
								</HBox>
								<HBox>
									<Label design="Bold" text="{i18n>lblRequestedDate} :"/>
									<Text text="{path:'oCMIService>Cmidetail/Requestdate', type: 'sap.ui.model.type.Date', formatOptions: { style: 'medium',UTC: true } }"/>
								</HBox>
							</VBox>
							<VBox>
								<HBox>
									<Label design="Bold" text="{i18n>lblClientNo} :"/>
									<Text text="{oCMIService>Clientk} - {oCMIService>Client}"/>
								</HBox>
								<HBox>
									<Label design="Bold" text="{i18n>lblClassification} :"/>
									<Text text="{oCMIService>Classification}"/>
								</HBox>
								<HBox>
									<Label design="Bold" text="{i18n>lblAddress} :"/>
									<Text text="{oCMIService>Cmidetail/Addr1}, {oCMIService>Cmidetail/Addr2}"/>
								</HBox>
								<HBox>
									<Label design="Bold" text="{i18n>lblCityState} :"/>
									<Text text="{oCMIService>Cmidetail/City} / {oCMIService>Cmidetail/State}"/>
								</HBox>
								<HBox>
									<Label design="Bold" text="{i18n>lblCountry} :"/>
									<Text text="{oCMIService>Cmidetail/Country}"/>
								</HBox>
								<HBox>
									<Label design="Bold" text="{i18n>lblZipCode} :"/>
									<Text text="{oCMIService>Cmidetail/Zipcode}"/>
								</HBox>
							</VBox>
							<VBox>
								<HBox>
									<Label design="Bold" text="{i18n>lblMatterNo} :"/>
									<Text text="{oCMIService>Cmidetail/Matterk} - {oCMIService>Cmidetail/Matter}"/>
								</HBox>
								<HBox>
									<Label design="Bold" text="{i18n>lblMatterType} :"/>
									<Text text="{oCMIService>Cmidetail/Mattertype}"/>
								</HBox>
								<HBox>
									<Label design="Bold" text="{i18n>lblMatterCategory} :"/>
									<Text text="{oCMIService>Cmidetail/Mattercat}"/>
								</HBox>
								<HBox>
									<Label design="Bold" text="{i18n>lblStatus} :"/>
									<Text text="{oCMIService>Cmidetail/Matterstatus}"/>
								</HBox>
								<HBox>
									<Label design="Bold" text="{i18n>lblPacticeGroup} :"/>
									<Text text="{oCMIService>Cmidetail/Practicegroup}"/>
								</HBox>
								<HBox>
									<Label design="Bold" text="{i18n>lblEstimatedFee} :"/>
									<Text text="{oCMIService>Cmidetail/Estimatedfees}"/>
								</HBox>
								<HBox>
									<Label design="Bold" text="{i18n>lblBillingOffice} :"/>
									<Text text="{oCMIService>Boffice}"/>
								</HBox>
							</VBox>
						</l:Grid>
					</VBox>
				</uxap:headerContent>
				<uxap:sections>
					<uxap:ObjectPageSection>
						<uxap:subSections>
							<uxap:ObjectPageSubSection>
								<uxap:blocks>
									<l:Grid defaultSpan="L12 M12 S12">
										<List showSeparators="Inner" items="{oCMIService>Comments}" noDataText="{i18n>lblNoComments}" class="sapUiSizeCompact">
											<FeedListItem class="sapUiSizeCompact" sender="{oCMIService>Addedby}" icon="sap-icon://person-placeholder" iconDensityAware="false"
												timestamp="{path: 'oCMIService>Addedon', type: 'sap.ui.model.type.DateTime', formatOptions: { style: 'medium',UTC: true }}"
												text="{oCMIService>UserComment}"/>
										</List>
									</l:Grid>
								</uxap:blocks>
							</uxap:ObjectPageSubSection>
						</uxap:subSections>
					</uxap:ObjectPageSection>
				</uxap:sections>
			</uxap:ObjectPageLayout>
		</content>
		<footer>
			<Toolbar>
				<ToolbarSpacer/>
				<Button text="{i18n>btnGoToRequest}" press="onPressRequest"/>
			</Toolbar>
		</footer>
	</Page>
</core:FragmentDefinition>