<core:FragmentDefinition xmlns:core="sap.ui.core" xmlns:mvc="sap.ui.core.mvc" xmlns:m="sap.m" xmlns="sap.suite.ui.commons">
	<m:Popover showHeader="false" title="{/nodes/0/Cmino}" class="sapUiNoContentPadding" placement="Right" contentWidth="50%">
		<ProcessFlow class="hideHeader" id="processflow" scrollable="false" nodePress="onNodePress" nodeTitlePress="onNodeTitlePress"
			nodes="{/nodes}" lanes="{/lanes}">
			<nodes>
				<ProcessFlowNode laneId="{lane}" nodeId="{id}" title="{title}" titleAbbreviation="{title}" scrollable="false" children="{children}"
					state="{state}" stateText="{stateText}" texts="{texts}" focused="{focused}"/>
			</nodes>
			<lanes>
				<ProcessFlowLaneHeader laneId="{id}" iconSrc="{icon}" text="{label}" position="{position}"/>
			</lanes>
		</ProcessFlow>
	</m:Popover>
</core:FragmentDefinition>