<core:FragmentDefinition xmlns="sap.m" xmlns:core="sap.ui.core">
	<ViewSettingsDialog confirm="handleConfirm">
		<sortItems>
			<ViewSettingsItem text="CMI" key="Cmino" selected="true" />
			<ViewSettingsItem text="Cient" key="Clientk" />
		</sortItems>
		<filterItems>
			<ViewSettingsFilterItem text="Status" key="Status" multiSelect="true">
				<items>
					<ViewSettingsItem text="Submitted" key="Statusk|01"/>
					<ViewSettingsItem text="Approved" key="Statusk|02"/>
					<ViewSettingsItem text="Rejected" key="Statusk|03"/>
					<ViewSettingsItem text="Under Review" key="Statusk|04"/>
					<ViewSettingsItem text="In Progress" key="Statusk|05"/>
				</items>
			</ViewSettingsFilterItem>
			<ViewSettingsFilterItem text="Request Type" key="RequestType" multiSelect="true">
				<items>
					<ViewSettingsItem text="New Client New Matter" key="Cmirequesttype|NCNM"/>
					<ViewSettingsItem text="Existing Client New Matter" key="Cmirequesttype|ECNM"/>
					<ViewSettingsItem text="Client Amendment" key="Cmirequesttype|CA"/>
					<ViewSettingsItem text="Matter Amendment" key="Cmirequesttype|MA"/>
				</items>
			</ViewSettingsFilterItem>
		</filterItems>
	</ViewSettingsDialog>
</core:FragmentDefinition>