<core:FragmentDefinition xmlns="sap.m" xmlns:l="sap.ui.layout" xmlns:core="sap.ui.core">
	<Dialog title="{i18n>DialogTitleAttachments}" class="sapUiContentPadding" contentWidth="40%" showHeader="false">
		<content>
			<UploadCollection class="attachName" multiple="false" showSeparators="All" change="onChangeDocuments" fileDeleted="onFileDeleted"
				uploadComplete="onUploadComplete" items="{oAttachModel>/}" mode="SingleSelectMaster" id="idAttachment">
				<items>
					<UploadCollectionItem documentId="{oAttachModel>DocId}" fileName="{oAttachModel>Slug}" enableEdit="false" enableDelete="true"
					uploadedDate="{oAttachModel>CreatDate}"	visibleDelete="true" visibleEdit="false" url="/sap/opu/odata/sap/ZPRS_DOCUMENT_DISPLAY_SRV/DownloadAttS(DocId='{oAttachModel>DocId}')/$value"></UploadCollectionItem>
				</items>
			</UploadCollection>
		</content>
		<endButton>
			<Button text="OK" press="onPressAttachmentCancel"/>
		</endButton>
	</Dialog>
</core:FragmentDefinition>