<core:FragmentDefinition xmlns:m="sap.m" xmlns:mvc="sap.ui.core.mvc" xmlns="sap.ui.table" xmlns:smartFilterBar="sap.ui.comp.smartfilterbar"
	xmlns:smartTable="sap.ui.comp.smarttable" xmlns:core="sap.ui.core" xmlns:l="sap.ui.layout" xmlns:html="http://www.w3.org/1999/xhtml"
	xmlns:app="http://schemas.sap.com/sapui5/extension/sap.ui.core.CustomData/1">
	<smartTable:SmartTable id="idAccrualsTable" entitySet="MatterAccrualListSet" smartFilterId="smartFilterBar1" tableType="Table"
		useExportToExcel="true" useVariantManagement="true" useTablePersonalisation="true" header="Accruals" showRowCount="true"
		persistencyKey="SmartTableAnalytical_Explored" enableAutoBinding="true" app:useSmartField="true">
		<smartTable:customToolbar>
			<m:Toolbar>
				<m:ToolbarSpacer/>
				<m:SearchField width="auto" search="onSearch"/>
				<m:Button tooltip="{i18n>BtnUploadInvoice}" icon="sap-icon://upload"/>
			</m:Toolbar>
		</smartTable:customToolbar>
		<Table selectionMode="MultiToggle"  visibleRowCountMode="Auto" fixedColumnCount="3">
			<columns>
				<Column width="5rem">
					<customData>
						<core:CustomData key="p13nData" value='\{"columnKey": "InvoiceDate","columnIndex":"0" , "leadingProperty": "InvoiceDate"}'/>
					</customData>
					<label>
						<m:Label design="Bold" text="{i18n>LabelInfo}"/>
					</label>
					<template>
						<m:Text text=""/>
					</template>
				</Column>
				<Column width="10rem">
					<customData>
						<core:CustomData key="p13nData" value='\{"columnKey": "InvoiceDate","columnIndex":"1" , "leadingProperty": "InvoiceDate"}'/>
					</customData>
					<label>
						<m:Label design="Bold" text="{i18n>LabelWorkDate}"/>
					</label>
					<template>
						<m:Text text="{path: 'InvoiceDate', formatter : '.formatter.formatDate'}"/>
					</template>
				</Column>
				<Column width="12rem">
					<customData>
						<core:CustomData key="p13nData" value='\{"columnKey": "MatterName","columnIndex":"2" , "leadingProperty": "MatterName"}'/>
					</customData>
					<label>
						<m:Label design="Bold" text="{i18n>LabelMatterName}"/>
					</label>
					<template>
						<m:Text text="{MatterName}-{LawFirmMatterId}"/>
					</template>
				</Column>
				<Column width="10rem">
					<customData>
						<core:CustomData key="p13nData" value='\{"columnKey": "TimekeeperId","columnIndex":"3" , "leadingProperty": "TimekeeperId"}'/>
					</customData>
					<label>
						<m:Label design="Bold" text="{i18n>LabelTimeKeeperID}"/>
					</label>
					<template>
						<m:Text text="{TimekeeperId}"/>
					</template>
				</Column>
				<Column width="10rem">
					<customData>
						<core:CustomData key="p13nData" value='\{"columnKey": "TransactionType","columnIndex":"4" , "leadingProperty": "TransactionType"}'/>
					</customData>
					<label>
						<m:Label design="Bold" text="{i18n>LabelTransType}"/>
					</label>
					<template>
						<m:Text text="{TransactionType}"/>
					</template>
				</Column>
				<Column width="5rem">
					<customData>
						<core:CustomData key="p13nData"
							value='\{"columnKey": "LineItemNumberOfUnits","columnIndex":"5" , "leadingProperty": "LineItemNumberOfUnits"}'/>
					</customData>
					<label>
						<m:Label design="Bold" text="{i18n>LabelHours}"/>
					</label>
					<template>
						<m:Text text="{path:'LineItemNumberOfUnits',type:'sap.ui.model.odata.type.Decimal', formatOptions: { decimals: 2}}"/>
					</template>
				</Column>
				<Column width="8rem">
					<customData>
						<core:CustomData key="p13nData" value='\{"columnKey": "LineItemUnitCost","columnIndex":"6" , "leadingProperty": "LineItemUnitCost"}'/>
					</customData>
					<label>
						<m:Label design="Bold" text="{i18n>LabelRate}"/>
					</label>
					<template>
						<m:Text text="{path:'LineItemUnitCost',type:'sap.ui.model.odata.type.Decimal', formatOptions: { decimals: 2}}"/>
					</template>
				</Column>
				<Column width="8rem">
					<customData>
						<core:CustomData key="p13nData" value='\{"columnKey": "LineItemTotal","columnIndex":"7" , "leadingProperty": "LineItemTotal"}'/>
					</customData>
					<label>
						<m:Label design="Bold" text="{i18n>LabelTotal}"/>
					</label>
					<template>
						<m:Text text="{path :'LineItemTotal',type:'sap.ui.model.odata.type.Decimal', formatOptions: { decimals: 2}}"/>
					</template>
				</Column>
				<Column width="8rem">
					<customData>
						<core:CustomData key="p13nData" value='\{"columnKey": "ClientId","columnIndex":"8" , "leadingProperty": "ClientId"}'/>
					</customData>
					<label>
						<m:Label design="Bold" text="{i18n>LabelClient}"/>
					</label>
					<template>
						<m:Text text="{ClientId}"/>
					</template>
				</Column>
				<Column width="8rem">
					<customData>
						<core:CustomData key="p13nData" value='\{"columnKey": "InvoiceNumber","columnIndex":"9" , "leadingProperty": "InvoiceNumber"}'/>
					</customData>
					<label>
						<m:Label design="Bold" text="{i18n>LabelInvoiceNumber}"/>
					</label>
					<template>
						<m:Text text="{InvoiceNumber}"/>
					</template>
				</Column>
				<Column width="8rem">
					<customData>
						<core:CustomData key="p13nData" value='\{"columnKey": "LawFirmMatterId","columnIndex":"10" , "leadingProperty": "LawFirmMatterId"}'/>
					</customData>
					<label>
						<m:Label design="Bold" text="{i18n>LabelMatter}"/>
					</label>
					<template>
						<m:Text text="{LawFirmMatterId}"/>
					</template>
				</Column>
				<Column width="8rem">
					<customData>
						<core:CustomData key="p13nData" value='\{"columnKey": "LineItemNumber","columnIndex":"11" , "leadingProperty": "LineItemNumber"}'/>
					</customData>
					<label>
						<m:Label design="Bold" text="{i18n>LabelLineItems}"/>
					</label>
					<template>
						<m:Text text="{LineItemNumber}"/>
					</template>
				</Column>
				<Column width="12rem">
					<customData>
						<core:CustomData key="p13nData" value='\{"columnKey": "TimekeeperName","columnIndex":"12" , "leadingProperty": "TimekeeperName"}'/>
					</customData>
					<label>
						<m:Label design="Bold" text="{i18n>LabelTimeKeeperName}"/>
					</label>
					<template>
						<m:Text text="{TimekeeperName}"/>
					</template>
				</Column>
				<Column width="20rem">
					<customData>
						<core:CustomData key="p13nData" value='\{"columnKey": "LineItemDescription","columnIndex":"13" , "leadingProperty": "LineItemDescription"}'/>
					</customData>
					<label>
						<m:Label design="Bold" text="{i18n>LabelLineItemDesp}"/>
					</label>
					<template>
						<m:Text text="{LineItemDescription}"/>
					</template>
				</Column>
			</columns>
		</Table>
	</smartTable:SmartTable>
</core:FragmentDefinition>