<core:FragmentDefinition xmlns:m="sap.m" xmlns:mvc="sap.ui.core.mvc" xmlns="sap.ui.table" xmlns:smartFilterBar="sap.ui.comp.smartfilterbar"
	xmlns:smartTable="sap.ui.comp.smarttable" xmlns:core="sap.ui.core" xmlns:l="sap.ui.layout" xmlns:html="http://www.w3.org/1999/xhtml"
	xmlns:app="http://schemas.sap.com/sapui5/extension/sap.ui.core.CustomData/1">
<smartTable:SmartTable id="idExRateTable" entitySet="GetExRatesSet" smartFilterId="smartFilterBar2" tableType="Table" useExportToExcel="true"
							useVariantManagement="true" useTablePersonalisation="true" header="Exchange Rate" showRowCount="true"
							persistencyKey="SmartTableAnalytical_Explored" enableAutoBinding="true" app:useSmartField="true">
							
							<smartTable:customToolbar>
								<m:Toolbar>
									<m:ToolbarSpacer/>
									<m:SearchField width="auto"/>
									
								</m:Toolbar>
							</smartTable:customToolbar>
							<Table visibleRowCountMode="Auto" width="100%" selectionMode="None">
								<columns>
									<Column width="20rem">
										<customData>
											<core:CustomData key="p13nData" value='\{"columnKey": "Kurst","columnIndex":"0" , "leadingProperty": "Kurst"}'/>
										</customData>
										<label>
											<m:Label design="Bold" text="{i18n>LabelRateType}"/>
										</label>
										<template>
											<m:Text text="{Kurst}"/>
										</template>
									</Column>
						<Column width="20rem">
										<customData>
											<core:CustomData key="p13nData" value='\{"columnKey": "Fcurr","columnIndex":"1" , "leadingProperty": "Fcurr"}'/>
										</customData>
										<label>
											<m:Label design="Bold" text="{i18n>LabelFromCurrency}"/>
										</label>
										<template>
											<m:Text text="{Fcurr}"/>
										</template>
									</Column>
									<Column width="15rem">
										<customData>
											<core:CustomData key="p13nData" value='\{"columnKey": "Tcurr","columnIndex":"2" , "leadingProperty": "Tcurr"}'/>
										</customData>
										<label>
											<m:Label design="Bold" text="{i18n>LabelToCurrency}"/>
										</label>
										<template>
										<m:Text text="{Tcurr}"/>
										</template>
									</Column>
									<Column width="10rem">
										<customData>
											<core:CustomData key="p13nData" value='\{"columnKey": "Gdatu","columnIndex":"3" , "leadingProperty": "Gdatu"}'/>
										</customData>
										<label>
											<m:Label design="Bold" text="{i18n>LabelDate}"/>
										</label>
										<template>
									<m:Text text="{path:'Gdatu', formatter : '.formatter.formatDate'}"/>
										</template>
									</Column>
									<Column width="10rem">
										<customData>
											<core:CustomData key="p13nData" value='\{"columnKey": "Ukurs","columnIndex":"4" , "leadingProperty": "Ukurs"}'/>
										</customData>
										<label>
										<m:Label design="Bold" text="{i18n>LabelExchangeRate}"/>
										</label>
										<template>
									<m:Text text="{Ukurs}"/>
										</template>
									</Column>
								</columns>
							</Table>
						</smartTable:SmartTable>
</core:FragmentDefinition>