<core:FragmentDefinition xmlns:m="sap.m" xmlns:app="http://schemas.sap.com/sapui5/extension/sap.ui.core.CustomData/1" xmlns="sap.m"
	xmlns:core="sap.ui.core" xmlns:smartTable="sap.ui.comp.smarttable" xmlns:u="sap.ui.unified">

		<m:VBox>
	<IconTabBar id="idIconTabBarNoIcons" selectedKey="04" expanded="{device>/isNoPhone}" class="sapUiSizeCompact" select="onselectList">
		<items>
			<IconTabFilter  text="{i18n>TabPending}" key="01" icon="sap-icon://pending" tooltip="{i18n>TabPending}"></IconTabFilter>
			<IconTabFilter text="{i18n>TabInProcess}" tooltip="{i18n>TabInProcess}" key="04" icon="sap-icon://process"></IconTabFilter>
			<IconTabFilter text="{i18n>TabApproved}" tooltip="{i18n>TabApproved}" key="02" icon="sap-icon://accept"></IconTabFilter>
			<IconTabFilter text="{i18n>TabRejected}" tooltip="{i18n>TabRejected}" key="03" icon="sap-icon://cancel"></IconTabFilter>
			<IconTabFilter text="{i18n>TabHoldBudget}" tooltip="{i18n>TabHoldBudget}" key="05" icon="sap-icon://badge"></IconTabFilter>
			<IconTabSeparator icon="sap-icon://vertical-grip"/>
			<IconTabFilter text="{i18n>TabPaid}" tooltip="{i18n>TabPaid}" key="06" icon="sap-icon://paid-leave"></IconTabFilter>
			<IconTabFilter text="{i18n>TabApprovePay}" tooltip="{i18n>TabApprovePay}" key="07" icon="sap-icon://approvals"></IconTabFilter>
		</items>
	</IconTabBar>

	<smartTable:SmartTable id="smartTable" useExportToExcel="true" showRowCount="true" editTogglable="false" useTablePersonalisation="true"
			beforeRebindTable="onBeforeRebindTable" useVariantManagement="false" persistencyKey="InvHeaderSetKey" entitySet="InvHeaderSet"
			smartFilterId="smartFilterBar" enableAutoBinding="true" tableType="ResponsiveTable" app:useSmartField="true" class="sapUiSizeCompact"
			dataReceived="handleDataReceived">
			<smartTable:customToolbar>
				<m:Toolbar>
					<m:ToolbarSpacer/>
					<m:SearchField width="auto" search="onSearch"/>
					<m:Button icon="sap-icon://download" tooltip="{i18n>BtnDownload}"/>
					<!--<m:Button tooltip="{i18n>BtnUploadInvoice}" icon="sap-icon://add-product"/>-->
					<u:FileUploader  iconOnly="true" tooltip="{i18n>BtnUploadAttachment}" icon="sap-icon://upload" name="AttachUpload"  uploadComplete="handleUploadAttach" buttonOnly="true"/>
					<!--<m:Button tooltip="{i18n>BtnUploadAttachment}" icon="sap-icon://upload"  />-->
					<u:FileUploader iconOnly="true" tooltip="{i18n>BtnUploadInvoice}" icon="sap-icon://add-product"  name="InvoiceUpload" change="handleUploadInvoice" uploadComplete="handleUploadInvoice" uploadStart="onuploadStart" uploadProgress="onuploadProgress" buttonOnly="true"/>
				</m:Toolbar>
			</smartTable:customToolbar>
			<Table class="sapUiSizeCompact" width="100%" mode="MultiSelect">
				<columns>
					<Column width="5rem">
						<customData>
							<core:CustomData key="p13nData" value='\{"columnKey": "ZzmatterName","columnIndex":"0" ,leadingProperty": "ZzmatterName"}'/>
						</customData>
						<m:Label design="Bold" text="{i18n>LabelMatter}"/>
					</Column>
					<Column width="7rem">
						<customData>
							<core:CustomData key="p13nData" value='\{"columnKey": "Zzebeln","columnIndex":"1" ,"leadingProperty": "Zzebeln"}'/>
						</customData>
						<m:Label design="Bold" text="{i18n>LabelPurchaseOrder}"/>
					</Column>
					<Column width="6rem">
						<customData>
							<core:CustomData key="p13nData" value='\{"columnKey": "ZzinvStatus","columnIndex":"2" ,"leadingProperty": "ZzinvStatus"}'/>
						</customData>
						<m:Label design="Bold" text="{i18n>LabelStatusText}"/>
					</Column>
					<Column width="8rem">
						<customData>
							<core:CustomData key="p13nData" value='\{"columnKey": "ZzvendorName","columnIndex":"3" ,"leadingProperty": "ZzvendorName"}'/>
						</customData>
						<m:Label design="Bold" text="{i18n>LabelVendor}"/>
					</Column>
					<Column width="8rem">
						<customData>
							<core:CustomData key="p13nData" value='\{"columnKey": "ZzinvoiceNumber","columnIndex":"4" ,"leadingProperty": "ZzinvoiceNumber"}'/>
						</customData>
						<m:Label design="Bold" text="{i18n>LabelInvoiceNumber}"/>
					</Column>
					<Column width="6rem">
						<customData>
							<core:CustomData key="p13nData" value='\{"columnKey": "ZzclientId","columnIndex":"5" ,"leadingProperty": "ZzclientId"}'/>
						</customData>
						<m:Label design="Bold" text="{i18n>LabelClient}"/>
					</Column>
					<Column width="7rem">
						<customData>
							<core:CustomData key="p13nData" value='\{"columnKey": "ZzlawFirmTaxid","columnIndex":"6" ,"leadingProperty": "ZzlawFirmTaxid"}'/>
						</customData>
						<m:Label design="Bold" text="{i18n>LabelVendorTaxId}"/>
					</Column>
					<Column width="10rem">
						<customData>
							<core:CustomData key="p13nData" value='\{"columnKey": "ZzbillingOfficeName","columnIndex":"7" ,"leadingProperty": "ZzbillingOfficeName"}'/>
						</customData>
						<m:Label design="Bold" text="{i18n>LabelBillingOfcName}"/>
					</Column>
					<Column visible="{oButtonMod>/TableVisibleFields}">
						<customData>
							<core:CustomData key="p13nData" value='\{"columnKey": "Zzfiletype","columnIndex":"8" ,"leadingProperty": "Zzfiletype"}'/>
						</customData>
						<m:Label design="Bold" text="{i18n>LabelType}"/>
					</Column>
					<Column visible="{oButtonMod>/TableVisibleFields}">
						<customData>
							<core:CustomData key="p13nData" value='\{"columnKey": "Zzseqnr","columnIndex":"9" ,"leadingProperty": "Zzseqnr"}'/>
						</customData>
						<m:Label design="Bold" text="{i18n>LabelLineItem}"/>
					</Column>
				</columns>
				<items>
					<ColumnListItem type="Navigation" press="onItemPress" vAlign="Middle">
						<cells>
							<m:Text text="{ZzmatterName}"/>
							<m:Text text="{Zzebeln}"/>
							<m:ObjectStatus text="{path:'ZzinvStatus',formatter : '.formatter.statusTextChange'}"
								state="{path:'ZzinvStatus',formatter : '.formatter.statusColorChange'}"/>
							<!--<m:Text text="{ZzinvStatus}"/>-->
							<m:Text text="{ZzvendorName}"/>
							<m:Text text="{ZzinvoiceNumber}"/>
							<m:Text text="{ZzclientId}"/>
							<m:Text text="{ZzlawFirmTaxid}"/>
							<m:Text text="{ZzbillingOfficeName}"/>
							<m:Text text="{Zzfiletype}"/>
							<m:Text text="{Zzseqnr}"/>
						</cells>
					</ColumnListItem>
				</items>
			</Table>
		</smartTable:SmartTable>
	</m:VBox>

	<!--</m:content>-->
	<!--</m:Page>-->
</core:FragmentDefinition>