<core:FragmentDefinition xmlns:m="sap.m" xmlns:mvc="sap.ui.core.mvc" xmlns="sap.ui.table" xmlns:smartFilterBar="sap.ui.comp.smartfilterbar"
	xmlns:smartTable="sap.ui.comp.smarttable" xmlns:core="sap.ui.core" xmlns:l="sap.ui.layout" xmlns:html="http://www.w3.org/1999/xhtml"
	xmlns:app="http://schemas.sap.com/sapui5/extension/sap.ui.core.CustomData/1" xmlns:u="sap.ui.unified">
	<Page showHeader="false">
		<smartTable:SmartTable id="idManageBudgetTable" entitySet="BudgetDetailSet" smartFilterId="smartFilterBar" tableType="Table"
			useExportToExcel="true" useVariantManagement="true" useTablePersonalisation="true" header="Budget Manage" showRowCount="true"
			persistencyKey="SmartTableAnalytical_Explored" enableAutoBinding="true" app:useSmartField="true" height="440px">
			<smartTable:customToolbar>
				<m:Toolbar>
					<m:ToolbarSpacer/>
					<m:SearchField width="auto" search="onSearch"/>
					<!--<m:Button icon="sap-icon://download" tooltip="{i18n>BtnDownload}"/>-->
					<!--<m:Button tooltip="{i18n>BtnUpload}" icon="sap-icon://upload"  />-->
					<u:FileUploader iconOnly="true" tooltip="{i18n>BtnUpload}" icon="sap-icon://upload" name="IUpload" uploadComplete="handleUploadFile"
						buttonOnly="true"/>
				</m:Toolbar>
			</smartTable:customToolbar>
			<Table selectionMode="MultiToggle" rowSelectionChange="onPress" visibleRowCountMode="Auto" fixedColumnCount="3">
				<columns>
					<Column width="5rem">
						<customData>
							<core:CustomData key="p13nData" value='\{"columnKey": "Bukrs","columnIndex":"0" ,leadingProperty": "Bukrs"}'/>
						</customData>
						<label>
							<m:Label design="Bold" text="{i18n>LabelInfo}"/>
						</label>
						<template>
							<m:Text text="{Bukrs}"/>
						</template>
					</Column>
					<Column width="10rem">
						<customData>
							<core:CustomData key="p13nData" value='\{"columnKey": "Name1","columnIndex":"1" , "leadingProperty": "Name1"}'/>
						</customData>
						<label>
							<m:Label design="Bold" text="{i18n>LabelVendor}"/>
						</label>
						<template>
							<m:Text text="{Name1}"/>
						</template>
					</Column>
					<Column width="10rem">
						<customData>
							<core:CustomData key="p13nData" value='\{"columnKey": "Post1","columnIndex":"2" , "leadingProperty": "Post1"}'/>
						</customData>
						<label>
							<m:Label design="Bold" text="{i18n>LabelMatterName}"/>
						</label>
						<template>
							<m:Text text="{Post1}"/>
						</template>
					</Column>
					<Column width="10rem">
						<customData>
							<core:CustomData key="p13nData" value='\{"columnKey": "StatusText","columnIndex":"3" , "leadingProperty": "StatusText"}'/>
						</customData>
						<label>
							<m:Label design="Bold" text="{i18n>LabelStatusText}"/>
						</label>
						<template>
							<!--<m:Text text="{StatusText}" />-->
							<m:ObjectStatus text="{StatusText}" state="{path:'Status',formatter : '.formatter.statusColorChange'}"/>
						</template>
					</Column>
					<Column width="5rem">
						<customData>
							<core:CustomData key="p13nData" value='\{"columnKey": "Amount","columnIndex":"4" , "leadingProperty": "Amount"}'/>
						</customData>
						<label>
							<m:Label design="Bold" text="{i18n>LabelAmount}"/>
						</label>
						<template>
							<m:Text text="{Amount}"/>
						</template>
					</Column>
					<Column width="5rem">
						<customData>
							<core:CustomData key="p13nData" value='\{"columnKey": "Currency","columnIndex":"5" , "leadingProperty": "Currency"}'/>
						</customData>
						<label>
							<m:Label design="Bold" text="{i18n>LabelCurrency}"/>
						</label>
						<template>
							<m:Text text="{Currency}"/>
						</template>
					</Column>
					<Column width="10rem">
						<customData>
							<core:CustomData key="p13nData" value='\{"columnKey": "Werks","columnIndex":"6" , "leadingProperty": "Werks"}'/>
						</customData>
						<label>
							<m:Label design="Bold" text="{i18n>LabelBillingOfcName}"/>
						</label>
						<template>
							<m:Text text="{Werks}"/>
						</template>
					</Column>
					<Column width="8rem">
						<customData>
							<core:CustomData key="p13nData" value='\{"columnKey": "Pspid","columnIndex":"7" , "leadingProperty": "Pspid"}'/>
						</customData>
						<label>
							<m:Label design="Bold" text="{i18n>LabelMatter}"/>
						</label>
						<template>
							<m:Text text="{Pspid}"/>
						</template>
					</Column>
					<Column width="8rem">
						<customData>
							<core:CustomData key="p13nData" value='\{"columnKey": "Status","columnIndex":"8" , "leadingProperty": "Status"}'/>
						</customData>
						<label>
							<m:Label design="Bold" text="{i18n>LabelStatusText}"/>
						</label>
						<template>
							<m:Text text="{Status}"/>
						</template>
					</Column>
					<Column width="8rem">
						<customData>
							<core:CustomData key="p13nData" value='\{"columnKey": "Vendor","columnIndex":"8" , "leadingProperty": "Vendor"}'/>
						</customData>
						<label>
							<m:Label design="Bold" text="{i18n>LabelVendor}"/>
						</label>
						<template>
							<m:Text text="{Vendor}"/>
						</template>
					</Column>
					<Column width="8rem">
						<customData>
							<core:CustomData key="p13nData" value='\{"columnKey": "Hkont","columnIndex":"9" , "leadingProperty": "Hkont"}'/>
						</customData>
						<label>
							<m:Label design="Bold" text="Hkont"/>
						</label>
						<template>
							<m:Text text="{Hkont}"/>
						</template>
					</Column>
					<Column width="8rem">
						<customData>
							<core:CustomData key="p13nData" value='\{"columnKey": "Gjahr","columnIndex":"10" , "leadingProperty": "Gjahr"}'/>
						</customData>
						<label>
							<m:Label design="Bold" text="Gjahr"/>
						</label>
						<template>
							<m:Text text="{Gjahr}"/>
						</template>
					</Column>
					<Column width="8rem">
						<customData>
							<core:CustomData key="p13nData" value='\{"columnKey": "Posid","columnIndex":"11" , "leadingProperty": "Posid"}'/>
						</customData>
						<label>
							<m:Label design="Bold" text="Posid"/>
						</label>
						<template>
							<m:Text text="{Posid}"/>
						</template>
					</Column>
					<Column width="8rem">
						<customData>
							<core:CustomData key="p13nData" value='\{"columnKey": "RecordType","columnIndex":"11" , "leadingProperty": "RecordType"}'/>
						</customData>
						<label>
							<m:Label design="Bold" text="RecordType"/>
						</label>
						<template>
							<m:Text text="{RecordType}"/>
						</template>
					</Column>
				</columns>
			</Table>
		</smartTable:SmartTable>
	</Page>
</core:FragmentDefinition>