<core:FragmentDefinition xmlns="sap.m" xmlns:mvc="sap.ui.core.mvc" xmlns:core="sap.ui.core"
	xmlns:custom="http://schemas.sap.com/sapui5/extension/sap.ui.core.CustomData/1">
	<Page>
		<content>
	<SplitContainer id="SplitContDemo" initialDetail="detail" initialMaster="master">
		<masterPages>
			<!--<Page id="master" title="Master 2" icon="sap-icon://action" >-->
			<!--	<content>-->
					<List>
						<items>
							<StandardListItem title="To Detail 1" type="Active" />
							<StandardListItem title="To Detail 2" type="Active" />
							<StandardListItem title="To Detail 3" type="Active" />
						</items>
					</List>
			<!--	</content>-->
			<!--</Page>-->
		</masterPages>
		<detailPages>
			<!--<Page id="detail" title="Detail 3 Page">-->
			<!--	<content>-->
					<Label text="This is Detail Page3"/>
					<Input/>
					<Label text="Label 2"/>
					<Input/>
					<Label text="Label 3"/>
					<Input/>
					<Label text="Label 4"/>
					<Input/>
					<Label text="Label 5"/>
					<Input/>
			<!--	</content>-->
			<!--</Page>-->
		</detailPages>
	</SplitContainer>
	</content>
	</Page>
</core:FragmentDefinition>