<edmx:Edmx xmlns:edmx="http://docs.oasis-open.org/odata/ns/edmx" Version="4.0">
	<edmx:Reference xmlns:edmx="http://docs.oasis-open.org/odata/ns/edmx"
		Uri="http://localhost:8484/webidedispatcher/destinations/FS6/sap/opu/odata/sap/ZPRS_CMI_SRV/$metadata">
		<edmx:Include xmlns:edmx="http://docs.oasis-open.org/odata/ns/edmx" Namespace="ZPRS_CMI_SRV"/>
	</edmx:Reference>
	<edmx:Reference Uri="http://docs.oasis-open.org/odata/odata-data-aggregation-ext/v4.0/cs02/vocabularies/Org.OData.Aggregation.V1.xml">
		<edmx:Include Alias="Aggregation" Namespace="Org.OData.Aggregation.V1"/>
	</edmx:Reference>
	<edmx:Reference Uri="http://docs.oasis-open.org/odata/odata/v4.0/errata03/os/complete/vocabularies/Org.OData.Capabilities.V1.xml">
		<edmx:Include Alias="Capabilities" Namespace="Org.OData.Capabilities.V1"/>
	</edmx:Reference>
	<edmx:Reference Uri="https://wiki.scn.sap.com/wiki/download/attachments/448470974/Common.xml?api=v2">
		<edmx:Include Alias="Common" Namespace="com.sap.vocabularies.Common.v1"/>
	</edmx:Reference>
	<edmx:Reference Uri="https://wiki.scn.sap.com/wiki/download/attachments/448470971/Communication.xml?api=v2">
		<edmx:Include Alias="vCard" Namespace="com.sap.vocabularies.Communication.v1"/>
	</edmx:Reference>
	<edmx:Reference Uri="http://docs.oasis-open.org/odata/odata/v4.0/errata03/os/complete/vocabularies/Org.OData.Core.V1.xml">
		<edmx:Include Alias="Core" Namespace="Org.OData.Core.V1"/>
	</edmx:Reference>
	<edmx:Reference Uri="http://docs.oasis-open.org/odata/odata/v4.0/errata03/os/complete/vocabularies/Org.OData.Measures.V1.xml">
		<edmx:Include Alias="CQP" Namespace="Org.OData.Measures.V1"/>
	</edmx:Reference>
	<edmx:Reference Uri="https://wiki.scn.sap.com/wiki/download/attachments/448470968/UI.xml?api=v2">
		<edmx:Include Alias="UI" Namespace="com.sap.vocabularies.UI.v1"/>
	</edmx:Reference>
	<edmx:DataServices>
		<Schema xmlns="http://docs.oasis-open.org/odata/ns/edm">
			<Annotations Target="ZPRS_CMI_SRV.VL_SH_Z_SH_CMI_PARTNER_TYPES/PARVW">
				<Annotation Term="Common.Label" String="Partner Function"/>
			</Annotations>
			<Annotations Target="ZPRS_CMI_SRV.VL_SH_Z_SH_CMI_PARTNER_TYPES/PARVWDESC">
				<Annotation Term="Common.Label" String="Partner Function Description"/>
			</Annotations>
			<Annotations Target="ZPRS_CMI_SRV.Cmimatterdetails/Zzmanspdesc">
				<Annotation Term="Common.ValueList">
					<Record Type="Common.ValueListType">
						<PropertyValue Property="Parameters">
							<Collection>
								<Record Type="Common.ValueListParameterOut">
									<PropertyValue Property="LocalDataProperty" PropertyPath="Zzmansp"/>
									<PropertyValue Property="ValueListProperty" String="MANSP"/>
								</Record>
								<Record Type="Common.ValueListParameterOut">
									<PropertyValue Property="LocalDataProperty" PropertyPath="Zzmanspdesc"/>
									<PropertyValue Property="ValueListProperty" String="TEXT1"/>
								</Record>
							</Collection>
						</PropertyValue>
						<PropertyValue Property="CollectionPath" String="VL_SH_H_T040S"/>
						<PropertyValue Property="SearchSupported" Bool="true"/>
					</Record>
				</Annotation>
			</Annotations>
			<Annotations Target="ZPRS_CMI_SRV.Cmimatter/Matterlongtext">
				<Annotation Term="UI.MultiLineText">
					<Annotation Term="UI.Importance" EnumMember="UI.ImportanceType/High"/>
				</Annotation>
			</Annotations>
			<Annotations Target="ZPRS_CMI_SRV.VL_SH_ZPRS_CMI_SH_DEBIA_F/ADDR1">
				<Annotation Term="UI.HiddenFilter"/>
			</Annotations>
			<Annotations Target="ZPRS_CMI_SRV.VL_SH_ZPRS_CMI_SH_DEBIA_F/ADDR2">
				<Annotation Term="UI.HiddenFilter"/>
			</Annotations>
			<Annotations Target="ZPRS_CMI_SRV.VL_SH_ZPRS_CMI_SH_DEBIA_F/CLASSIFICATION">
				<Annotation Term="UI.HiddenFilter"/>
			</Annotations>
			<Annotations Target="ZPRS_CMI_SRV.VL_SH_ZPRS_CMI_SH_DEBIA_F/CLASSIFICATIONK">
				<Annotation Term="UI.HiddenFilter"/>
			</Annotations>
			<Annotations Target="ZPRS_CMI_SRV.VL_SH_ZPRS_CMI_SH_DEBIA_F/CITY">
				<Annotation Term="UI.HiddenFilter"/>
			</Annotations>
			<Annotations Target="ZPRS_CMI_SRV.VL_SH_ZPRS_CMI_SH_DEBIA_F/ZIPCODE">
				<Annotation Term="UI.HiddenFilter"/>
			</Annotations>
			<Annotations Target="ZPRS_CMI_SRV.VL_SH_ZPRS_CMI_SH_DEBIA_F/STATEK">
				<Annotation Term="UI.HiddenFilter"/>
			</Annotations>
			<Annotations Target="ZPRS_CMI_SRV.VL_SH_ZPRS_CMI_SH_DEBIA_F/STATE">
				<Annotation Term="UI.HiddenFilter"/>
			</Annotations>
			<Annotations Target="ZPRS_CMI_SRV.VL_SH_ZPRS_CMI_SH_DEBIA_F/EMAIL">
				<Annotation Term="UI.HiddenFilter"/>
			</Annotations>
			<Annotations Target="ZPRS_CMI_SRV.VL_SH_ZPRS_CMI_SH_DEBIA_F/COUNTRY">
				<Annotation Term="UI.HiddenFilter"/>
			</Annotations>
			<Annotations Target="ZPRS_CMI_SRV.VL_SH_ZPRS_CMI_SH_DEBIA_F/COUNTRYK">
				<Annotation Term="UI.HiddenFilter"/>
			</Annotations>
			<Annotations Target="ZPRS_CMI_SRV.VL_SH_ZPRS_CMI_SH_DEBIA_F/BOFFICE">
				<Annotation Term="UI.HiddenFilter"/>
			</Annotations>
			<Annotations Target="ZPRS_CMI_SRV.VL_SH_ZPRS_CMI_SH_DEBIA_F/BOFFICEK">
				<Annotation Term="UI.HiddenFilter"/>
			</Annotations>
			<Annotations Target="ZPRS_CMI_SRV.VL_SH_ZPRS_CMI_SH_LEADPARTNER_F/CURRENCY">
				<Annotation Term="UI.HiddenFilter"/>
			</Annotations>
			<Annotations Target="ZPRS_CMI_SRV.VL_SH_ZPRS_CMI_SH_LEADPARTNER_F/CURRENCYNAME">
				<Annotation Term="UI.HiddenFilter"/>
			</Annotations>
			<Annotations Target="ZPRS_CMI_SRV.VL_SH_ZPRS_CMI_SH_LEADPARTNER_F/PRACTICEGROUP">
				<Annotation Term="UI.HiddenFilter"/>
			</Annotations>
			<Annotations Target="ZPRS_CMI_SRV.VL_SH_ZPRS_CMI_SH_LEADPARTNER_F/PRACTICEGROUPDESC">
				<Annotation Term="UI.HiddenFilter"/>
			</Annotations>
			<Annotations Target="ZPRS_CMI_SRV.VL_SH_ZPRS_CMI_SH_LEADPARTNER_F/EMAIL">
				<Annotation Term="UI.HiddenFilter"/>
			</Annotations>
			<Annotations xmlns="http://docs.oasis-open.org/odata/ns/edm" Target="ZPRS_CMI_SRV.Cmiclntcontact/Contacttypedesc">
				<Annotation Term="Common.ValueList">
					<Record Type="Common.ValueListType">
						<PropertyValue Property="Parameters">
							<Collection>
									<Record Type="Common.ValueListParameterOut">
									<PropertyValue Property="LocalDataProperty" PropertyPath="Contacttypedesc"/>
									<PropertyValue Property="ValueListProperty" String="PARVWDESC"/>
								</Record>
								<Record Type="Common.ValueListParameterOut">
									<PropertyValue Property="LocalDataProperty" PropertyPath="Contacttype"/>
									<PropertyValue Property="ValueListProperty" String="PARVW"/>
								</Record>
							
								<Record Type="Common.ValueListParameterIn">
									<PropertyValue Property="LocalDataProperty" PropertyPath="Partnertype"/>
									<PropertyValue Property="ValueListProperty" String="PARTNERTYPE"/>
								</Record>
							</Collection>
						</PropertyValue>
						<PropertyValue Property="CollectionPath" String="VL_SH_Z_SH_CMI_PARTNER_TYPES"/>
					</Record>
				</Annotation>
			</Annotations>
			<Annotations xmlns="http://docs.oasis-open.org/odata/ns/edm" Target="ZPRS_CMI_SRV.Cmileadpartner/Parvwdesc">
				<Annotation Term="com.sap.vocabularies.Common.v1.ValueList">
					<Record>
						<PropertyValue Property="Label" String="CMI - Partner Types"/>
						<PropertyValue Property="CollectionPath" String="VL_SH_Z_SH_CMI_PARTNER_TYPES"/>
						<PropertyValue Property="SearchSupported" Bool="true"/>
						<PropertyValue Property="Parameters">
							<Collection>
								<Record Type="com.sap.vocabularies.Common.v1.ValueListParameterIn">
									<PropertyValue Property="LocalDataProperty" PropertyPath="Partnertype"/>
									<PropertyValue Property="ValueListProperty" String="PARTNERTYPE"/>
								</Record>
								<Record Type="com.sap.vocabularies.Common.v1.ValueListParameterOut">
									<PropertyValue Property="LocalDataProperty" PropertyPath="Parvwdesc"/>
									<PropertyValue Property="ValueListProperty" String="PARVWDESC"/>
								</Record>
								<Record Type="com.sap.vocabularies.Common.v1.ValueListParameterOut">
									<PropertyValue Property="LocalDataProperty" PropertyPath="Parvw"/>
									<PropertyValue Property="ValueListProperty" String="PARVW"/>
								</Record>
							</Collection>
						</PropertyValue>
					</Record>
				</Annotation>
			</Annotations>
			<Annotations xmlns="http://docs.oasis-open.org/odata/ns/edm" Target="ZPRS_CMI_SRV.Cmialtpayer/Parvwdesc">
				<Annotation Term="com.sap.vocabularies.Common.v1.ValueList">
					<Record>
						<PropertyValue Property="Label" String="CMI - Partner Types"/>
						<PropertyValue Property="CollectionPath" String="VL_SH_Z_SH_CMI_PARTNER_TYPES"/>
						<PropertyValue Property="SearchSupported" Bool="true"/>
						<PropertyValue Property="Parameters">
							<Collection>
								<Record Type="com.sap.vocabularies.Common.v1.ValueListParameterOut">
									<PropertyValue Property="LocalDataProperty" PropertyPath="Parvwdesc"/>
									<PropertyValue Property="ValueListProperty" String="PARVWDESC"/>
								</Record>
								<Record Type="com.sap.vocabularies.Common.v1.ValueListParameterOut">
									<PropertyValue Property="LocalDataProperty" PropertyPath="Parvw"/>
									<PropertyValue Property="ValueListProperty" String="PARVW"/>
								</Record>
								<Record Type="com.sap.vocabularies.Common.v1.ValueListParameterIn">
									<PropertyValue Property="LocalDataProperty" PropertyPath="Partnertype"/>
									<PropertyValue Property="ValueListProperty" String="PARTNERTYPE"/>
								</Record>
							</Collection>
						</PropertyValue>
					</Record>
				</Annotation>
			</Annotations>
			<Annotations Target="ZPRS_CMI_SRV.VL_SH_Z_SH_CMI_PARTNER_TYPES/PARTNERTYPE">
				<Annotation Term="UI.HiddenFilter"/>
			</Annotations>
			<Annotations Target="ZPRS_CMI_SRV.VL_SH_ZPRS_CMI_SH_SERVAREA_F/ZZSADESC">
				<Annotation Term="Common.Label" String="Service Area Description">
					<Annotation Term="UI.Importance" EnumMember="UI.ImportanceType/High"/>
				</Annotation>
			</Annotations>
			<Annotations Target="ZPRS_CMI_SRV.VL_SH_ZPRS_CMI_SH_SERVAREA_F/ZZSERVAREA">
				<Annotation Term="Common.Label" String="Service Area">
					<Annotation Term="UI.Importance" EnumMember="UI.ImportanceType/Medium"/>
				</Annotation>
			</Annotations>
			<Annotations Target="ZPRS_CMI_SRV.Cmimatter/Servicearea">
				<Annotation Term="Common.ValueList">
					<Record Type="Common.ValueListType">
						<PropertyValue Property="Parameters">
							<Collection>
								<Record Type="Common.ValueListParameterOut">
									<PropertyValue Property="LocalDataProperty" PropertyPath="Servicearea"/>
									<PropertyValue Property="ValueListProperty" String="ZZSADESC"/>
								</Record>
								<Record Type="Common.ValueListParameterOut">
									<PropertyValue Property="LocalDataProperty" PropertyPath="Serviceareak"/>
									<PropertyValue Property="ValueListProperty" String="ZZSERVAREA"/>
								</Record>
							</Collection>
						</PropertyValue>
						<PropertyValue Property="CollectionPath" String="VL_SH_ZPRS_CMI_SH_SERVAREA_F"/>
						<PropertyValue Property="SearchSupported" Bool="true"/>
					</Record>
				</Annotation>
			</Annotations>
		</Schema>
	</edmx:DataServices>
</edmx:Edmx>