{
    "resources": [
        {
            "name": "fragments/Attachment.fragment.xml"
        },
        {
            "name": "fragments/F4BankAccNumber.fragment.xml"
        },
        {
            "name": "fragments/ErrorList.fragment.xml"
        },
        {
            "name": "fragments/MTrustReceiptDisplay.fragment.xml"
        },
        {
            "name": "fragments/MTrustReceipt.fragment.xml"
        },
        {
            "name": ".user.project.json"
        },
        {
            "name": "resources.json",
            "merged": true
        },
        {
            "name": "index.html"
        },
        {
            "name": "localService/metadata.xml"
        },
        {
            "name": "localService/mockserver.js"
        },
        {
            "name": "localService/annotation.xml"
        },
        {
            "name": "Component-preload.js",
            "merged": true
        },
        {
            "name": "model/models.js"
        },
        {
            "name": "model/formatter.js"
        },
        {
            "name": "controller/NotFound.controller.js"
        },
        {
            "name": "controller/BaseController.js"
        },
        {
            "name": "controller/Object.controller.js"
        },
        {
            "name": "controller/App.controller.js"
        },
        {
            "name": "controller/ErrorHandler.js"
        },
        {
            "name": "controller/TrustReceipt.controller.js"
        },
        {
            "name": "i18n/i18n.properties",
            "raw": "i18n/i18n.properties"
        },
        {
            "name": "neo-app.json"
        },
        {
            "name": ".project.json"
        },
        {
            "name": "Component.js"
        },
        {
            "name": "manifest.json"
        },
        {
            "name": "view/App.view.xml"
        },
        {
            "name": "view/Object.view.xml"
        },
        {
            "name": "view/ObjectNotFound.view.xml"
        },
        {
            "name": "view/TrustReceipt.view.xml"
        },
        {
            "name": "view/NotFound.view.xml"
        }
    ]
}