<core:FragmentDefinition  xmlns:core="sap.ui.core" xmlns:m="sap.m" xmlns:l="sap.ui.layout" >
		<m:Panel  class="sapUiResponsiveMargin" visible="{IconTab>/isBillSummary}">
				<m:content>
					<l:HorizontalLayout>
						<l:BlockLayout id="BlockLayout">
	<l:BlockLayoutRow>
	<l:BlockLayoutCell>
							<m:List width="100%" id="billHeaderList">
									<!--<m:CustomListItem>-->
									<!--	<m:HBox>-->
									<!--	<m:Label text="Draft Bill:  "/>-->
									<!--<m:Text text="{Vbeln}"/>-->
									<!--</m:HBox>-->
									<!--</m:CustomListItem>-->
									
									<m:DisplayListItem
										label="Draft Bill"
										value="{Vbeln}" />
									<m:DisplayListItem
										label="Matter"
										value="{Pspid} {Post1}" />
									<m:DisplayListItem
										label="Currency"
										value="{Waers}"/>
									<m:DisplayListItem
										label="Billing Office"
										value="{Werks}" />
										<m:DisplayListItem
										label="Client No/Name"
										value="{ClientName}" />
										<m:DisplayListItem
										label="Payer No/Address"
										value="{Kunrg}" />
											<m:DisplayListItem
										label="Matter Discription"
										value="{Post1}" />
										<m:DisplayListItem
										label="Billing Partner"
										value="{BaName}" />
										<m:DisplayListItem
										label="Final Bill"
										value="{VbelnVf}" />
										<m:DisplayListItem
										label="Credit Amount Description"
										value="{ZzcreditamtDesc}" />
								</m:List>
	</l:BlockLayoutCell>
	<l:BlockLayoutCell>
			<m:Table id="idsmartTableBS" items="{
							path: 'PriceByMatnrModel>/results',
							filters:[{path: 'Isstatistical',operator: 'EQ',value1: ''}]}" class="billsmryClsTbl">
								<m:columns>
									<m:Column width="10rem">
										<m:header>
											<m:Label text="Trans Type"/>
										</m:header>
									</m:Column>
									<m:Column width="5rem">
										<m:header>
											<m:Label text="%Val"/>
										</m:header>
									</m:Column>
									<m:Column width="5rem">
										<m:header>
											<m:Label text="Fee"/>
										</m:header>
									</m:Column>
									<m:Column width="5rem">
										<m:header>
											<m:Label text="Hard Cost"/>
										</m:header>
									</m:Column>
									<m:Column width="5rem">
										<m:header>
											<m:Label text="Soft Cost"/>
										</m:header>
									</m:Column>
									<m:Column width="5rem">
										<m:header>
											<m:Label text="Total"/>
										</m:header>
									</m:Column>
								</m:columns>
								<m:items>
									<m:ColumnListItem>
										<m:cells>
											<m:Text text="{PriceByMatnrModel>Vtext}"/>
											<m:Text text="{PriceByMatnrModel>PercentValue}"/>
											<m:Text text="{PriceByMatnrModel>FeeValue}"/>
											<m:Text text="{PriceByMatnrModel>HcValue}"/>
											<m:Text text="{PriceByMatnrModel>ScValue}"/>
											<m:Text text="{PriceByMatnrModel>Total}"/>
										</m:cells>
									</m:ColumnListItem>
								</m:items>
							</m:Table>
							<m:List width="100%" id="billSmAmountList">
									<m:DisplayListItem
										label="Trust Amount"
										value="{Zztrustamt}" />
									<m:DisplayListItem
										label="Credited Amount"
										value="{Zzcreditamt}" />
										<m:DisplayListItem
										label="Total Due"
										value="{NetAmount}" />
									
								</m:List>
	</l:BlockLayoutCell>
	</l:BlockLayoutRow>
	</l:BlockLayout>
	</l:HorizontalLayout>
	
					<m:Table id="BillSummaryDiscountId" items="{
							path: 'PriceByMatnrModel>/results',
							filters:[{path: 'Isstatistical',operator: 'EQ',value1: 'D'}]}" class="billsmryClsTbl">
						<m:headerToolbar>
							<m:Toolbar>
								<m:Title text="Discount/Surcharge Breakdown" level="H2"/>
							</m:Toolbar>
						</m:headerToolbar>
								<m:columns>
									<m:Column width="10rem">
										<m:header>
											<m:Label text="Trans Type"/>
										</m:header>
									</m:Column>
									<m:Column width="5rem">
										<m:header>
											<m:Label text="%Val"/>
										</m:header>
									</m:Column>
									<m:Column width="5rem">
										<m:header>
											<m:Label text="Fee"/>
										</m:header>
									</m:Column>
									<m:Column width="5rem">
										<m:header>
											<m:Label text="Hard Cost"/>
										</m:header>
									</m:Column>
									<m:Column width="5rem">
										<m:header>
											<m:Label text="Soft Cost"/>
										</m:header>
									</m:Column>
									<m:Column width="5rem">
										<m:header>
											<m:Label text="Total"/>
										</m:header>
									</m:Column>
								</m:columns>
								<m:items>
									<m:ColumnListItem>
										<m:cells>
											<m:Text text="{PriceByMatnrModel>Vtext}"/>
											<m:Text text="{PriceByMatnrModel>PercentValue}"/>
											<m:Text text="{PriceByMatnrModel>FeeValue}"/>
											<m:Text text="{PriceByMatnrModel>HcValue}"/>
											<m:Text text="{PriceByMatnrModel>ScValue}"/>
											<m:Text text="{PriceByMatnrModel>Total}"/>
										</m:cells>
									</m:ColumnListItem>
								</m:items>
							</m:Table>
					<m:Table id="BillSummaryStatisticId" items="{
							path: 'PriceByMatnrModel>/results',
							filters:[{path: 'Isstatistical',operator: 'EQ',value1: 'S'}]}" class="billsmryClsTbl">
						<m:headerToolbar>
							<m:Toolbar>
								<m:Title text="Statistical Value" level="H2"/>
							</m:Toolbar>
						</m:headerToolbar>
								<m:columns>
									<m:Column width="10rem">
										<m:header>
											<m:Label text="Trans Type"/>
										</m:header>
									</m:Column>
									<m:Column width="5rem">
										<m:header>
											<m:Label text="%Val"/>
										</m:header>
									</m:Column>
									<m:Column width="5rem">
										<m:header>
											<m:Label text="Fee"/>
										</m:header>
									</m:Column>
									<m:Column width="5rem">
										<m:header>
											<m:Label text="Hard Cost"/>
										</m:header>
									</m:Column>
									<m:Column width="5rem">
										<m:header>
											<m:Label text="Soft Cost"/>
										</m:header>
									</m:Column>
									<m:Column width="5rem">
										<m:header>
											<m:Label text="Total"/>
										</m:header>
									</m:Column>
								</m:columns>
								<m:items>
									<m:ColumnListItem>
										<m:cells>
											<m:Text text="{PriceByMatnrModel>Vtext}"/>
											<m:Text text="{PriceByMatnrModel>PercentValue}"/>
											<m:Text text="{PriceByMatnrModel>FeeValue}"/>
											<m:Text text="{PriceByMatnrModel>HcValue}"/>
											<m:Text text="{PriceByMatnrModel>ScValue}"/>
											<m:Text text="{PriceByMatnrModel>Total}"/>
										</m:cells>
									</m:ColumnListItem>
								</m:items>
							</m:Table>
					<m:Table id="BillSummaryTKId" items="{HeaderToGroupInfoModel>/results}" class="billsmryClsTbl">
						<m:columns>
							<m:Column>
								<m:header>
									<m:Label text="TimeKeeper No"/>
								</m:header>
							</m:Column>
							<m:Column>
								<m:header>
									<m:Label text="TimeKeeper"/>
								</m:header>
							</m:Column>
							<m:Column>
								<m:header>
									<m:Label text="Description"/>
								</m:header>
							</m:Column>
							<m:Column>
								<m:header>
									<m:Label text="Activity Type"/>
								</m:header>
							</m:Column>
							<m:Column>
								<m:header>
									<m:Label text="Base Rate"/>
								</m:header>
							</m:Column>
							<m:Column>
								<m:header>
									<m:Label text="Worked Qty"/>
								</m:header>
							</m:Column>
							<m:Column>
								<m:header>
									<m:Label text="Base Amount"/>
								</m:header>
							</m:Column>
							<m:Column>
								<m:header>
									<m:Label text="Bill Rate"/>
								</m:header>
							</m:Column>
							<m:Column>
								<m:header>
									<m:Label text="Bill Qty"/>
								</m:header>
							</m:Column>
							<m:Column>
								<m:header>
									<m:Label text="Bill Amount"/>
								</m:header>
							</m:Column>
						</m:columns>
						<m:items>
							<m:ColumnListItem>
								<m:cells>
									<m:Text text="{HeaderToGroupInfoModel>Pernr}"/>
									<m:Text text="{HeaderToGroupInfoModel>Sname}"/>
									<m:Text text="{HeaderToGroupInfoModel>ZzactKltxt}"/>
									<m:Text text="{HeaderToGroupInfoModel>Persk}"/>
									<m:Text text="{HeaderToGroupInfoModel>ActualRate}"/>
									<m:Text text="{HeaderToGroupInfoModel>ActualQty}"/>
									<m:Text text="{HeaderToGroupInfoModel>BaseAmount}"/>
									<m:Text text="{HeaderToGroupInfoModel>BaseRate}"/>
									<m:Text text="{HeaderToGroupInfoModel>BaseQty}"/>
									<m:Text text="{HeaderToGroupInfoModel>ActualAmount}"/>
								</m:cells>
							</m:ColumnListItem>
						</m:items>
					</m:Table>
				</m:content>
			</m:Panel>
</core:FragmentDefinition>