<core:FragmentDefinition
	xmlns="sap.m"
	xmlns:core="sap.ui.core">
	<Popover
		title="Line Item Reprice"
		class="sapUiContentPadding"
		placement="Left"
			initialFocus="email">
	
	<List id="onLineItemReprice" items = "{path: '/PriceTypeItmSet'}"  noDataText="No Status Available" >
		<ActionListItem  text="{Knprs} {Text}" press="onLineItemRepricePress"/>
	</List>
		<footer>
			<Toolbar>
				<ToolbarSpacer/>
				<Button
					text="close"
					press="onhandleRepriceClose" />
			</Toolbar>
		</footer>
	</Popover>

</core:FragmentDefinition>