<core:FragmentDefinition  xmlns:core="sap.ui.core" xmlns="sap.m" xmlns:l="sap.ui.layout" >
	<Dialog title="Print Final Bill">
	<l:Grid defaultSpan="L6 M6 S6" class="sapUiSmallMarginTop gridclass" >
	<l:content>
	
			<Label text="Draft Bill Type"/>
			<!--<ComboBox id="idDBillType" class="panelClassSelect" >-->
			<!--	<core:Item key="ZDR1" text="Draft Bill-Standard"/>-->
			<!--</ComboBox>	-->
			<ComboBox id="idDBillType1" class="panelClassSelect" items="{path: '/FbOutputTypeSet'}" >
									<core:Item key="{Kschl}" text="{Vtext}"/>
			</ComboBox>
	</l:content>
	</l:Grid>
	<Toolbar>
			
	<ToolbarSpacer/>
	<Button text="GO" type="Accept" press="oClickDBillPrint"/>
	<Button text="Cancel" type="Emphasized" press="onFinalBillclose"/>
	</Toolbar>
	</Dialog>
</core:FragmentDefinition>