<core:FragmentDefinition xmlns:core="sap.ui.core" xmlns:l="sap.ui.layout" xmlns:m="sap.m">
	<m:Dialog title="rate Override">
		<l:Grid defaultSpan="L3 M4 S6" class="sapUiSmallMarginTop gridclass">
			<l:content>
				<m:Label text="Bill Rate"/>
				<m:Input type="Text" id="rateoverrideid" value="{oValueModel>/RateInputAmount}"/>
				
			</l:content>
		</l:Grid>
		<m:Table id="idRateOverride">
			<m:columns>
				<m:Column>
					<m:Label text="Info"/>
				</m:Column>
				<m:Column>
					<m:Label text="Timekeeper"/>
				</m:Column>
				<m:Column>
					<m:Label text="Base Rate"/>
				</m:Column>
				<m:Column>
					<m:Label text="Worked Qty"/>
				</m:Column>
				<m:Column>
					<m:Label text="Base Value"/>
				</m:Column>
				<m:Column>
					<m:Label text="Bill Rate"/>
				</m:Column>
				<m:Column>
					<m:Label text="Bill Qty"/>
				</m:Column>
				<m:Column>
					<m:Label text="Bill Value"/>
				</m:Column>
			</m:columns>
			<m:items>
				<m:ColumnListItem>
					<m:cells>
						<core:Icon src="{path : 'IsError', formatter : '.formatter.SeTRateIsErrorIcon'}"
							color="{path : 'IsError', formatter : '.formatter.SeTRateIconColor'}" tooltip="{path : 'Message'}"/>
						<m:Text text="{Sname}"/>
						<m:Text text="{BaseRate}"/>
						<m:Text text="{BaseQty}"/>
						<m:Text text="{BaseValue}"/>
						<m:Text text="{ActualRate}"/>
						<m:Text text="{ActualQty}"/>
						<m:Text text="{ActualValue}"/>
					</m:cells>
				</m:ColumnListItem>
			</m:items>
		</m:Table>
	
		<m:beginButton>
			<m:Button text="Submit" press="onRateOverrideClick" type="Emphasized" visible="{IconTab>/ToRateOverRideButton}"/>
		</m:beginButton>
		<m:endButton>
			<m:Button text="Cancel" press="onRateOverrideClose" type="Emphasized"/>
		</m:endButton>
	</m:Dialog>
</core:FragmentDefinition>