<edmx:Edmx xmlns:edmx="http://docs.oasis-open.org/odata/ns/edmx" Version="4.0">
	<edmx:Reference xmlns:edmx="http://docs.oasis-open.org/odata/ns/edmx"
		Uri="http://localhost:9080/webidedispatcher/destinations/FS7/sap/opu/odata/sap/ZPRS_LSM_DB_SRV/$metadata">
		<edmx:Include xmlns:edmx="http://docs.oasis-open.org/odata/ns/edmx" Namespace="ZPRS_LSM_DB_SRV"/>
	</edmx:Reference>
	<edmx:Reference Uri="http://docs.oasis-open.org/odata/odata-data-aggregation-ext/v4.0/cs02/vocabularies/Org.OData.Aggregation.V1.xml">
		<edmx:Include Alias="Aggregation" Namespace="Org.OData.Aggregation.V1"/>
	</edmx:Reference>
	<edmx:Reference Uri="http://docs.oasis-open.org/odata/odata/v4.0/errata03/os/complete/vocabularies/Org.OData.Capabilities.V1.xml">
		<edmx:Include Alias="Capabilities" Namespace="Org.OData.Capabilities.V1"/>
	</edmx:Reference>
	<edmx:Reference Uri="https://wiki.scn.sap.com/wiki/download/attachments/448470974/Common.xml?api=v2">
		<edmx:Include Alias="Common" Namespace="com.sap.vocabularies.Common.v1"/>
	</edmx:Reference>
	<edmx:Reference Uri="https://wiki.scn.sap.com/wiki/download/attachments/448470971/Communication.xml?api=v2">
		<edmx:Include Alias="vCard" Namespace="com.sap.vocabularies.Communication.v1"/>
	</edmx:Reference>
	<edmx:Reference Uri="http://docs.oasis-open.org/odata/odata/v4.0/errata03/os/complete/vocabularies/Org.OData.Core.V1.xml">
		<edmx:Include Alias="Core" Namespace="Org.OData.Core.V1"/>
	</edmx:Reference>
	<edmx:Reference Uri="http://docs.oasis-open.org/odata/odata/v4.0/errata03/os/complete/vocabularies/Org.OData.Measures.V1.xml">
		<edmx:Include Alias="CQP" Namespace="Org.OData.Measures.V1"/>
	</edmx:Reference>
	<edmx:Reference Uri="https://wiki.scn.sap.com/wiki/download/attachments/448470968/UI.xml?api=v2">
		<edmx:Include Alias="UI" Namespace="com.sap.vocabularies.UI.v1"/>
	</edmx:Reference>
	<edmx:DataServices>
		<Schema xmlns="http://docs.oasis-open.org/odata/ns/edm">
			<Annotations Target="ZPRS_LSM_DB_SRV.Riskmatter">
				<Annotation Term="UI.LineItem">
					<Collection>
						<Record Type="UI.DataField">
							<PropertyValue Property="Label" String="Matter Name"/>
							<PropertyValue Property="Value" Path="Matter"/>
						</Record>
						<Record Type="UI.DataField">
							<PropertyValue Property="Label" String="Vendor Name"/>
							<PropertyValue Property="Value" Path="Lifnr"/>
						</Record>
						<Record Type="UI.DataFieldForAnnotation">
							<PropertyValue Property="Label" String="%"/>
							<PropertyValue Property="Target" AnnotationPath="@UI.DataPoint#BudgetUtilization"/>
						</Record>
						<Record Type="UI.DataFieldForAnnotation">
							<PropertyValue Property="Target" AnnotationPath="@UI.DataPoint#Actual"/>
						</Record>
						<Record Type="UI.DataFieldForAnnotation">
							<PropertyValue Property="Target" AnnotationPath="@UI.DataPoint#Budget"/>
						</Record>
						<Record Type="UI.DataFieldForIntentBasedNavigation">
							<PropertyValue Property="SemanticObject" String="LSMVendorOverview"/>
							<PropertyValue Property="Action" String="display"/>
						</Record>
					</Collection>
				</Annotation>
				<Annotation Term="UI.DataPoint" Qualifier="Actual">
					<Record Type="UI.DataPointType">
						<PropertyValue Property="Title" String="Fees Actual"/>
						<PropertyValue Property="Value" Path="Actual"/>
						<PropertyValue Property="Criticality" EnumMember="UI.CriticalityType/Negative"/>
					</Record>
				</Annotation>
				<Annotation Term="UI.DataPoint" Qualifier="Budget">
					<Record Type="UI.DataPointType">
						<PropertyValue Property="Title" String="Budget"/>
						<PropertyValue Property="Value" Path="Budget"/>
						<PropertyValue Property="Criticality" EnumMember="UI.CriticalityType/Positive"/>
					</Record>
				</Annotation>
				<Annotation Term="UI.DataPoint" Qualifier="BudgetUtilization">
					<Record Type="UI.DataPointType">
						<PropertyValue Property="Title" String="Budget"/>
						<PropertyValue Property="Value" Path="Percent"/>
						<PropertyValue Property="CriticalityCalculation">
							<Record Type="UI.CriticalityCalculationType">
								<PropertyValue Property="ImprovementDirection" EnumMember="UI.ImprovementDirectionType/Maximize"/>
								<PropertyValue Property="ToleranceRangeLowValue" Decimal="100"/>
								<PropertyValue Property="DeviationRangeLowValue" Decimal="100"/>
								<PropertyValue Property="AcceptanceRangeLowValue" Decimal="100"/>
							</Record>
						</PropertyValue>
					</Record>
				</Annotation>
				<Annotation Term="UI.Identification">
					<Collection>
						<Record Type="UI.DataFieldForIntentBasedNavigation">
							<PropertyValue Property="SemanticObject" String="LSMVendorOverview"/>
							<PropertyValue Property="Action" String="display"/>
						</Record>
					</Collection>
				</Annotation>
			</Annotations>
			<Annotations Target="ZPRS_LSM_DB_SRV.Riskmatter/Percent">
				<Annotation Term="Org.OData.Measures.V1.Unit" String="%"/>
			</Annotations>
			<Annotations Target="ZPRS_LSM_DB_SRV.Totalfee">
				<Annotation Term="UI.PresentationVariant" Qualifier="CHFeeBill">
					<Record>
						<PropertyValue Property="MaxItems" Int32="5" Int="5"/>
						<PropertyValue Property="Visualizations">
							<Collection>
								<AnnotationPath>@UI.Chart#CHFeeBill</AnnotationPath>
							</Collection>
						</PropertyValue>
					</Record>
				</Annotation>
				<Annotation Term="UI.Chart" Qualifier="CHFeeBill">
					<Record Type="UI.ChartDefinitionType">
						<PropertyValue Property="MeasureAttributes">
							<Collection>
								<Record Type="UI.ChartMeasureAttributeType">
									<PropertyValue Property="Measure" PropertyPath="Percent"/>
									<PropertyValue Property="Role" EnumMember="UI.ChartMeasureRoleType/Axis1"/>
								</Record>
							</Collection>
						</PropertyValue>
						<PropertyValue Property="DimensionAttributes">
							<Collection>
								<Record Type="UI.ChartDimensionAttributeType">
									<PropertyValue Property="Dimension" PropertyPath="Quarter"/>
									<PropertyValue Property="Role" EnumMember="UI.ChartDimensionRoleType/Category"/>
								</Record>
							</Collection>
						</PropertyValue>
						<PropertyValue Property="Actions"/>
						<PropertyValue Property="ChartType" EnumMember="UI.ChartType/Line"/>
						<PropertyValue Property="Title" String=" "/>
						<PropertyValue Property="Dimensions">
							<Collection>
								<PropertyPath>Quarter</PropertyPath>
							</Collection>
						</PropertyValue>
						<PropertyValue Property="Measures">
							<Collection>
								<PropertyPath>Percent</PropertyPath>
							</Collection>
						</PropertyValue>
					</Record>
				</Annotation>
				<Annotation Term="UI.DataPoint">
					<Record Type="UI.DataPointType">
						<PropertyValue Property="Title" String="Total"/>
						<PropertyValue Property="Value" Path="Budget"/>
						<PropertyValue Property="Criticality" EnumMember="UI.CriticalityType/Positive"/>
					</Record>
				</Annotation>
			</Annotations>
			<Annotations Target="ZPRS_LSM_DB_SRV.Newmatter">
				<Annotation Term="UI.LineItem">
					<Collection>
						<Record Type="UI.DataField">
							<PropertyValue Property="Label" String="Matter Name"/>
							<PropertyValue Property="Value" Path="Mattername"/>
						</Record>
						<Record Type="UI.DataField">
							<PropertyValue Property="Label" String="Matter Number"/>
							<PropertyValue Property="Value" Path="Matter"/>
						</Record>
						<Record Type="UI.DataFieldForAnnotation">
							<PropertyValue Property="Target" AnnotationPath="@UI.DataPoint"/>
						</Record>
					</Collection>
				</Annotation>
				<Annotation Term="UI.DataPoint">
					<Record Type="UI.DataPointType">
						<PropertyValue Property="Title" String="{@i18n&gt;BUDGET}"/>
						<PropertyValue Property="Value" Path="Budget"/>
						<PropertyValue Property="Criticality" EnumMember="UI.CriticalityType/Critical"/>
					</Record>
				</Annotation>
			</Annotations>
			<Annotations Target="ZPRS_LSM_DB_SRV.InvoiceByStatus">
				<Annotation Term="UI.PresentationVariant" Qualifier="CHInvoice">
					<Record>
						<PropertyValue Property="MaxItems" Int32="5" Int="5"/>
						<PropertyValue Property="Visualizations">
							<Collection>
								<AnnotationPath>@UI.Chart#CHInvoice</AnnotationPath>
							</Collection>
						</PropertyValue>
					</Record>
				</Annotation>
				<Annotation Term="UI.Chart" Qualifier="CHInvoice">
					<Record Type="UI.ChartDefinitionType">
						<PropertyValue Property="MeasureAttributes">
							<Collection>
								<Record Type="UI.ChartMeasureAttributeType">
									<PropertyValue Property="Measure" PropertyPath="Feeamount"/>
									<PropertyValue Property="Role" EnumMember="UI.ChartMeasureRoleType/Axis1"/>
								</Record>
							</Collection>
						</PropertyValue>
						<PropertyValue Property="DimensionAttributes">
							<Collection>
								<Record Type="UI.ChartDimensionAttributeType">
									<PropertyValue Property="Dimension" PropertyPath="Text"/>
									<PropertyValue Property="Role" EnumMember="UI.ChartDimensionRoleType/Category"/>
								</Record>
							</Collection>
						</PropertyValue>
						<PropertyValue Property="Actions"/>
						<PropertyValue Property="ChartType" EnumMember="UI.ChartType/Donut"/>
						<PropertyValue Property="Title" String=" "/>
					</Record>
				</Annotation>
				<Annotation Term="UI.Identification">
					<Collection>
						<Record Type="UI.DataFieldForIntentBasedNavigation">
							<PropertyValue Property="SemanticObject" String="LSMInvoiceNewApp"/>
							<PropertyValue Property="Action" String="display"/>
						</Record>
					</Collection>
				</Annotation>
			</Annotations>
			<Annotations Target="ZPRS_LSM_DB_SRV.Totalfee/Percent">
				<Annotation Term="CQP.Unit" String="%">
					<Annotation Term="UI.Importance" EnumMember="UI.ImportanceType/Medium"/>
				</Annotation>
			</Annotations>
		</Schema>
	</edmx:DataServices>
</edmx:Edmx>