{
  "mockpreview": {
    "mockUri": "/sap/opu/odata/sap/ZPRS_CMI_SRV/",
    "metadataFilePath": "localService/metadata.xml",
    "loadJSONFiles": false,
    "loadCustomRequests": false,
    "mockRequestsFilePath": ""
  },
  "deploy": {
    "destination": "FS6",
    "name": "ZPRS_CMI_NEWREQ"
  },
  "projectType": [
    "sap.watt.uitools.ide.fiori",
    "com.watt.common.builder.sapui5clientbuild"
  ],
  "build": {
    "buildRequired": false,
    "targetFolder": "dist",
    "lastBuildDateTime": "Fri, 11 May 2018 15:50:59 GMT"
  },
  "generation": [
    {
      "templateId": "servicecatalog.connectivityComponent",
      "templateVersion": "0.0.0",
      "dateTimeStamp": "Thu, 29 Mar 2018 18:48:52 GMT"
    }
  ]
}