{
    "resources": [
        {
            "name": "Component-preload.js",
            "merged": true
        },
        {
            "name": "resources.json",
            "merged": true
        },
        {
            "name": ".project.json"
        },
        {
            "name": "manifest.json"
        },
        {
            "name": "neo-app.json"
        },
        {
            "name": ".user.project.json"
        },
        {
            "name": "view/NotFound.view.xml"
        },
        {
            "name": "view/NewMatter.view.xml"
        },
        {
            "name": "view/NewClientNewMatter.view.xml"
        },
        {
            "name": "view/App.view.xml"
        },
        {
            "name": "view/ObjectNotFound.view.xml"
        },
        {
            "name": "Component.js"
        },
        {
            "name": "model/formatters/formatter.js"
        },
        {
            "name": "model/minimal.js"
        },
        {
            "name": "model/new.json"
        },
        {
            "name": "model/NewRequest.json"
        },
        {
            "name": "model/formatter.js"
        },
        {
            "name": "model/models.js"
        },
        {
            "name": "model/Amendment.json"
        },
        {
            "name": "model/textlayerbuilder.js"
        },
        {
            "name": "model/LeadPartner.json"
        },
        {
            "name": "model/pdf.js"
        },
        {
            "name": "readme.txt"
        },
        {
            "name": "controller/NewClientNewMatter.controller.js"
        },
        {
            "name": "controller/ErrorHandler.js"
        },
        {
            "name": "controller/NewMatter.controller.js"
        },
        {
            "name": "controller/BaseController.js"
        },
        {
            "name": "controller/NotFound.controller.js"
        },
        {
            "name": "controller/App.controller.js"
        },
        {
            "name": "util/jszip.js"
        },
        {
            "name": "util/PersoService.js"
        },
        {
            "name": "util/xlsx.js"
        },
        {
            "name": "util/xmlToJSON.js"
        },
        {
            "name": "css/style.css"
        },
        {
            "name": "localService/annotation0.xml"
        },
        {
            "name": "localService/metadata.xml"
        },
        {
            "name": "localService/ZPRS_CMI_SRV/metadata.xml"
        },
        {
            "name": "localService/mockserver.js"
        },
        {
            "name": "localService/data/metadata.xml"
        },
        {
            "name": "localService/ZPRS_CMI_ADMIN_TABS_SRV/metadata.xml"
        },
        {
            "name": "fragments/ViewConflicts.fragment.xml"
        },
        {
            "name": "fragments/AddTerms.fragment.xml"
        },
        {
            "name": "fragments/ClientDetailsNew.fragment.xml"
        },
        {
            "name": "fragments/ClientContacts.fragment.xml"
        },
        {
            "name": "fragments/LeadPartners.fragment.xml"
        },
        {
            "name": "fragments/NMConflictReqest.fragment.xml"
        },
        {
            "name": "fragments/NMRMatterDetails.fragment.xml"
        },
        {
            "name": "fragments/BusinessConsd.fragment.xml"
        },
        {
            "name": "fragments/ClientDetails.fragment.xml"
        },
        {
            "name": "fragments/NCNMRComments.fragment.xml"
        },
        {
            "name": "fragments/AltPayer.fragment.xml"
        },
        {
            "name": "fragments/MatterInDetails.fragment.xml"
        },
        {
            "name": "fragments/KPUpload.fragment.xml"
        },
        {
            "name": "fragments/CMIAttachment.fragment.xml"
        },
        {
            "name": "fragments/ConfilctReport.fragment.xml"
        },
        {
            "name": "fragments/fileupload.fragment.xml"
        },
        {
            "name": "fragments/MDetailsAttachment.fragment.xml"
        },
        {
            "name": "fragments/NewKnownParties.fragment.xml"
        },
        {
            "name": "fragments/TextArea.fragment.xml"
        },
        {
            "name": "fragments/MatterDetails.fragment.xml"
        },
        {
            "name": "fragments/KPNotes.fragment.xml"
        },
        {
            "name": "fragments/NMReqestNew.fragment.xml"
        },
        {
            "name": "fragments/Matters/BP.fragment.xml"
        },
        {
            "name": "fragments/Matters/ID.fragment.xml"
        },
        {
            "name": "fragments/Matters/ALH.fragment.xml"
        },
        {
            "name": "fragments/Matters/BD.fragment.xml"
        },
        {
            "name": "fragments/Matters/BF.fragment.xml"
        },
        {
            "name": "fragments/Matters/TD.fragment.xml"
        },
        {
            "name": "fragments/Matters/WO.fragment.xml"
        },
        {
            "name": "fragments/Matters/OD.fragment.xml"
        },
        {
            "name": "fragments/Matters/MI.fragment.xml"
        },
        {
            "name": "fragments/Matters/BI.fragment.xml"
        },
        {
            "name": "fragments/NMReqest.fragment.xml"
        },
        {
            "name": "fragments/CategoriesList.fragment.xml"
        },
        {
            "name": "fragments/NMRClientDetailsNew.fragment.xml"
        },
        {
            "name": "fragments/ClientGeneral.fragment.xml"
        },
        {
            "name": "fragments/NMRClientDetails.fragment.xml"
        },
        {
            "name": "fragments/NMRClientDetailsPopover.fragment.xml"
        },
        {
            "name": "fragments/CommentsForSteps.fragment.xml"
        },
        {
            "name": "fragments/KnownParties.fragment.xml"
        },
        {
            "name": "fragments/TermReviews.fragment.xml"
        },
        {
            "name": "fragments/Clients/LE.fragment.xml"
        },
        {
            "name": "fragments/Clients/BD.fragment.xml"
        },
        {
            "name": "fragments/Clients/LE/CD.fragment.xml"
        },
        {
            "name": "fragments/Clients/LE/CP.fragment.xml"
        },
        {
            "name": "fragments/Clients/LE/PD.fragment.xml"
        },
        {
            "name": "fragments/Clients/LE/WD.fragment.xml"
        },
        {
            "name": "fragments/Clients/OD.fragment.xml"
        },
        {
            "name": "fragments/Clients/GD.fragment.xml"
        },
        {
            "name": "fragments/Clients/CA.fragment.xml"
        },
        {
            "name": "fragments/Clients/BC.fragment.xml"
        },
        {
            "name": "fragments/Clients/CS.fragment.xml"
        },
        {
            "name": "fragments/ContactComment.fragment.xml"
        },
        {
            "name": "flpSandboxMockServer.html"
        },
        {
            "name": "i18n/i18n.properties",
            "raw": "i18n/i18n.properties"
        }
    ]
}