{
	"groupVisible": true,
	"PractMgrVisible": false,

	"AddChoice": [{
		"Choice": "Enter an answer choice",
		"Answer": ""
	}, {
		"Choice": "Enter an answer choice",
		"Answer": ""
	}, {
		"Choice": "Enter an answer choice",
		"Answer": ""
	}],

	"AddRow": [{
		"Choice": "Enter a row label",
		"Answer": ""
	}, {
		"Choice": "Enter a row label",
		"Answer": ""
	}, {
		"Choice": "Enter a row label",
		"Answer": ""
	}],

	"AddDateTime": [{
		"Choice": "Label 1",
		"Answer": ""
	}]
}